ISO-10303-21;
HEADER;
/* Generated by software containing ST-Developer
 * from STEP Tools, Inc. (www.steptools.com) 
 */
/* OPTION: using custom renumber hook */

FILE_DESCRIPTION(
/* description */ ('STEP AP242',
'CAx-IF Rec.Pracs.---Representation and Presentation of Product Manufa
cturing Information (PMI)---4.0---2014-10-13',
'CAx-IF Rec.Pracs.---3D Tessellated Geometry---0.4---2014-09-14','2;1'),

/* implementation_level */ '2;1');

FILE_NAME(
/* name */ '68d2aa99d3c569778d65eddd',
/* time_stamp */ '2025-09-23T14:11:38Z',
/* author */ (''),
/* organization */ (''),
/* preprocessor_version */ 'ST-DEVELOPER v20',
/* originating_system */ 'ONSHAPE BY PTC INC, 1.204',
/* authorisation */ '  ');

FILE_SCHEMA (('AP242_MANAGED_MODEL_BASED_3D_ENGINEERING_MIM_LF { 1 0 10303 442 1 1 4 }'));
ENDSEC;

DATA;
#10=CONTEXT_DEPENDENT_SHAPE_REPRESENTATION(#2088,#10113);
#11=CONTEXT_DEPENDENT_SHAPE_REPRESENTATION(#2089,#10114);
#12=CONTEXT_DEPENDENT_SHAPE_REPRESENTATION(#2090,#10115);
#13=CONTEXT_DEPENDENT_SHAPE_REPRESENTATION(#2091,#10116);
#14=CONTEXT_DEPENDENT_SHAPE_REPRESENTATION(#2092,#10117);
#15=CONTEXT_DEPENDENT_SHAPE_REPRESENTATION(#2093,#10119);
#16=CONTEXT_DEPENDENT_SHAPE_REPRESENTATION(#2094,#10120);
#17=CONTEXT_DEPENDENT_SHAPE_REPRESENTATION(#2095,#10121);
#18=CONTEXT_DEPENDENT_SHAPE_REPRESENTATION(#2096,#10122);
#19=CONTEXT_DEPENDENT_SHAPE_REPRESENTATION(#2097,#10123);
#20=CONTEXT_DEPENDENT_SHAPE_REPRESENTATION(#2098,#10124);
#21=CONTEXT_DEPENDENT_SHAPE_REPRESENTATION(#2099,#10125);
#22=CONTEXT_DEPENDENT_SHAPE_REPRESENTATION(#2100,#10126);
#23=CONTEXT_DEPENDENT_SHAPE_REPRESENTATION(#2101,#10127);
#24=CONTEXT_DEPENDENT_SHAPE_REPRESENTATION(#2102,#10128);
#25=CONTEXT_DEPENDENT_SHAPE_REPRESENTATION(#2103,#10129);
#26=CONTEXT_DEPENDENT_SHAPE_REPRESENTATION(#2104,#10130);
#27=CONTEXT_DEPENDENT_SHAPE_REPRESENTATION(#2105,#10131);
#28=CONTEXT_DEPENDENT_SHAPE_REPRESENTATION(#2106,#10132);
#29=CONTEXT_DEPENDENT_SHAPE_REPRESENTATION(#2107,#10133);
#30=CONTEXT_DEPENDENT_SHAPE_REPRESENTATION(#2108,#10134);
#31=CONTEXT_DEPENDENT_SHAPE_REPRESENTATION(#2109,#10135);
#32=CONTEXT_DEPENDENT_SHAPE_REPRESENTATION(#2110,#10137);
#33=CONTEXT_DEPENDENT_SHAPE_REPRESENTATION(#2111,#10138);
#34=CONTEXT_DEPENDENT_SHAPE_REPRESENTATION(#2112,#10139);
#35=CONTEXT_DEPENDENT_SHAPE_REPRESENTATION(#2113,#10140);
#36=CONTEXT_DEPENDENT_SHAPE_REPRESENTATION(#2114,#10141);
#37=CONTEXT_DEPENDENT_SHAPE_REPRESENTATION(#2115,#10142);
#38=CONTEXT_DEPENDENT_SHAPE_REPRESENTATION(#2116,#10143);
#39=CONTEXT_DEPENDENT_SHAPE_REPRESENTATION(#2117,#10144);
#40=CONTEXT_DEPENDENT_SHAPE_REPRESENTATION(#2118,#10145);
#41=CONTEXT_DEPENDENT_SHAPE_REPRESENTATION(#2119,#10146);
#42=CONTEXT_DEPENDENT_SHAPE_REPRESENTATION(#2120,#10147);
#43=CONTEXT_DEPENDENT_SHAPE_REPRESENTATION(#2121,#10149);
#44=CONTEXT_DEPENDENT_SHAPE_REPRESENTATION(#2122,#10150);
#45=CONTEXT_DEPENDENT_SHAPE_REPRESENTATION(#2123,#10151);
#46=CONTEXT_DEPENDENT_SHAPE_REPRESENTATION(#2124,#10152);
#47=CONTEXT_DEPENDENT_SHAPE_REPRESENTATION(#2125,#10153);
#48=CONTEXT_DEPENDENT_SHAPE_REPRESENTATION(#2126,#10154);
#49=CONTEXT_DEPENDENT_SHAPE_REPRESENTATION(#2127,#10155);
#50=CONTEXT_DEPENDENT_SHAPE_REPRESENTATION(#2128,#10156);
#51=CONTEXT_DEPENDENT_SHAPE_REPRESENTATION(#2129,#10157);
#52=CONTEXT_DEPENDENT_SHAPE_REPRESENTATION(#2130,#10158);
#53=CONTEXT_DEPENDENT_SHAPE_REPRESENTATION(#2131,#10159);
#54=CONTEXT_DEPENDENT_SHAPE_REPRESENTATION(#2132,#10160);
#55=CONTEXT_DEPENDENT_SHAPE_REPRESENTATION(#2133,#10161);
#56=CONTEXT_DEPENDENT_SHAPE_REPRESENTATION(#2134,#10163);
#57=CONTEXT_DEPENDENT_SHAPE_REPRESENTATION(#2135,#10164);
#58=CONTEXT_DEPENDENT_SHAPE_REPRESENTATION(#2136,#10165);
#59=CONTEXT_DEPENDENT_SHAPE_REPRESENTATION(#2137,#10166);
#60=CONTEXT_DEPENDENT_SHAPE_REPRESENTATION(#2138,#10167);
#61=CONTEXT_DEPENDENT_SHAPE_REPRESENTATION(#2139,#10168);
#62=CONTEXT_DEPENDENT_SHAPE_REPRESENTATION(#2140,#10169);
#63=CONTEXT_DEPENDENT_SHAPE_REPRESENTATION(#2141,#10170);
#64=CONTEXT_DEPENDENT_SHAPE_REPRESENTATION(#2142,#10171);
#65=CONTEXT_DEPENDENT_SHAPE_REPRESENTATION(#2143,#10172);
#66=CONTEXT_DEPENDENT_SHAPE_REPRESENTATION(#2144,#10173);
#67=CONTEXT_DEPENDENT_SHAPE_REPRESENTATION(#2145,#10174);
#68=CONTEXT_DEPENDENT_SHAPE_REPRESENTATION(#2146,#10175);
#69=CONTEXT_DEPENDENT_SHAPE_REPRESENTATION(#2147,#10176);
#70=CONTEXT_DEPENDENT_SHAPE_REPRESENTATION(#2148,#10178);
#71=CONTEXT_DEPENDENT_SHAPE_REPRESENTATION(#2149,#10180);
#72=CONTEXT_DEPENDENT_SHAPE_REPRESENTATION(#2150,#10182);
#73=CONTEXT_DEPENDENT_SHAPE_REPRESENTATION(#2151,#10183);
#74=CONTEXT_DEPENDENT_SHAPE_REPRESENTATION(#2152,#10184);
#75=CONTEXT_DEPENDENT_SHAPE_REPRESENTATION(#2153,#10185);
#76=CONTEXT_DEPENDENT_SHAPE_REPRESENTATION(#2154,#10186);
#77=CONTEXT_DEPENDENT_SHAPE_REPRESENTATION(#2155,#10187);
#78=CONTEXT_DEPENDENT_SHAPE_REPRESENTATION(#2156,#10188);
#79=CONTEXT_DEPENDENT_SHAPE_REPRESENTATION(#2157,#10189);
#80=CONTEXT_DEPENDENT_SHAPE_REPRESENTATION(#2158,#10190);
#81=CONTEXT_DEPENDENT_SHAPE_REPRESENTATION(#2159,#10191);
#82=CONTEXT_DEPENDENT_SHAPE_REPRESENTATION(#2160,#10192);
#83=CONTEXT_DEPENDENT_SHAPE_REPRESENTATION(#2161,#10193);
#84=CONTEXT_DEPENDENT_SHAPE_REPRESENTATION(#2162,#10194);
#85=CONTEXT_DEPENDENT_SHAPE_REPRESENTATION(#2163,#10195);
#86=CONTEXT_DEPENDENT_SHAPE_REPRESENTATION(#2164,#10196);
#87=CONTEXT_DEPENDENT_SHAPE_REPRESENTATION(#2165,#10197);
#88=CONTEXT_DEPENDENT_SHAPE_REPRESENTATION(#2166,#10198);
#89=CONTEXT_DEPENDENT_SHAPE_REPRESENTATION(#2167,#10199);
#90=CONTEXT_DEPENDENT_SHAPE_REPRESENTATION(#2168,#10200);
#91=CONTEXT_DEPENDENT_SHAPE_REPRESENTATION(#2169,#10201);
#92=CONTEXT_DEPENDENT_SHAPE_REPRESENTATION(#2170,#10202);
#93=CONTEXT_DEPENDENT_SHAPE_REPRESENTATION(#2171,#10203);
#94=CONTEXT_DEPENDENT_SHAPE_REPRESENTATION(#2172,#10204);
#95=CONTEXT_DEPENDENT_SHAPE_REPRESENTATION(#2173,#10205);
#96=CONTEXT_DEPENDENT_SHAPE_REPRESENTATION(#2174,#10206);
#97=CONTEXT_DEPENDENT_SHAPE_REPRESENTATION(#2175,#10207);
#98=CONTEXT_DEPENDENT_SHAPE_REPRESENTATION(#2176,#10208);
#99=CONTEXT_DEPENDENT_SHAPE_REPRESENTATION(#2177,#10209);
#100=CONTEXT_DEPENDENT_SHAPE_REPRESENTATION(#2178,#10210);
#101=CONTEXT_DEPENDENT_SHAPE_REPRESENTATION(#2179,#10211);
#102=CONTEXT_DEPENDENT_SHAPE_REPRESENTATION(#2180,#10212);
#103=CONTEXT_DEPENDENT_SHAPE_REPRESENTATION(#2181,#10213);
#104=CONTEXT_DEPENDENT_SHAPE_REPRESENTATION(#2182,#10214);
#105=CONTEXT_DEPENDENT_SHAPE_REPRESENTATION(#2183,#10215);
#106=CONTEXT_DEPENDENT_SHAPE_REPRESENTATION(#2184,#10216);
#107=CONTEXT_DEPENDENT_SHAPE_REPRESENTATION(#2185,#10217);
#108=CONTEXT_DEPENDENT_SHAPE_REPRESENTATION(#2186,#10218);
#109=CONTEXT_DEPENDENT_SHAPE_REPRESENTATION(#2187,#10219);
#110=CONTEXT_DEPENDENT_SHAPE_REPRESENTATION(#2188,#10220);
#111=CONTEXT_DEPENDENT_SHAPE_REPRESENTATION(#2189,#10221);
#112=CONTEXT_DEPENDENT_SHAPE_REPRESENTATION(#2190,#10222);
#113=CONTEXT_DEPENDENT_SHAPE_REPRESENTATION(#2191,#10223);
#114=CONTEXT_DEPENDENT_SHAPE_REPRESENTATION(#2192,#10224);
#115=CONTEXT_DEPENDENT_SHAPE_REPRESENTATION(#2193,#10225);
#116=CONTEXT_DEPENDENT_SHAPE_REPRESENTATION(#2194,#10226);
#117=CONTEXT_DEPENDENT_SHAPE_REPRESENTATION(#2195,#10227);
#118=CONTEXT_DEPENDENT_SHAPE_REPRESENTATION(#2196,#10229);
#119=CONTEXT_DEPENDENT_SHAPE_REPRESENTATION(#2197,#10230);
#120=CONTEXT_DEPENDENT_SHAPE_REPRESENTATION(#2198,#10231);
#121=CONTEXT_DEPENDENT_SHAPE_REPRESENTATION(#2199,#10232);
#122=CONTEXT_DEPENDENT_SHAPE_REPRESENTATION(#2200,#10233);
#123=CONTEXT_DEPENDENT_SHAPE_REPRESENTATION(#2201,#10234);
#124=CONTEXT_DEPENDENT_SHAPE_REPRESENTATION(#2202,#10235);
#125=CONTEXT_DEPENDENT_SHAPE_REPRESENTATION(#2203,#10236);
#126=CONTEXT_DEPENDENT_SHAPE_REPRESENTATION(#2204,#10237);
#127=CONTEXT_DEPENDENT_SHAPE_REPRESENTATION(#2205,#10238);
#128=CONTEXT_DEPENDENT_SHAPE_REPRESENTATION(#2206,#10239);
#129=CONTEXT_DEPENDENT_SHAPE_REPRESENTATION(#2207,#10240);
#130=CONTEXT_DEPENDENT_SHAPE_REPRESENTATION(#2208,#10241);
#131=CONTEXT_DEPENDENT_SHAPE_REPRESENTATION(#2209,#10242);
#132=CONTEXT_DEPENDENT_SHAPE_REPRESENTATION(#2210,#10243);
#133=CONTEXT_DEPENDENT_SHAPE_REPRESENTATION(#2211,#10244);
#134=CONTEXT_DEPENDENT_SHAPE_REPRESENTATION(#2212,#10245);
#135=CONTEXT_DEPENDENT_SHAPE_REPRESENTATION(#2213,#10246);
#136=CONTEXT_DEPENDENT_SHAPE_REPRESENTATION(#2214,#10247);
#137=CONTEXT_DEPENDENT_SHAPE_REPRESENTATION(#2215,#10248);
#138=CONTEXT_DEPENDENT_SHAPE_REPRESENTATION(#2216,#10249);
#139=CONTEXT_DEPENDENT_SHAPE_REPRESENTATION(#2217,#10250);
#140=CONTEXT_DEPENDENT_SHAPE_REPRESENTATION(#2218,#10251);
#141=CONTEXT_DEPENDENT_SHAPE_REPRESENTATION(#2219,#10252);
#142=CONTEXT_DEPENDENT_SHAPE_REPRESENTATION(#2220,#10253);
#143=CONTEXT_DEPENDENT_SHAPE_REPRESENTATION(#2221,#10254);
#144=CONTEXT_DEPENDENT_SHAPE_REPRESENTATION(#2222,#10255);
#145=CONTEXT_DEPENDENT_SHAPE_REPRESENTATION(#2223,#10256);
#146=CONTEXT_DEPENDENT_SHAPE_REPRESENTATION(#2224,#10257);
#147=CONTEXT_DEPENDENT_SHAPE_REPRESENTATION(#2225,#10258);
#148=CONTEXT_DEPENDENT_SHAPE_REPRESENTATION(#2226,#10259);
#149=CONTEXT_DEPENDENT_SHAPE_REPRESENTATION(#2227,#10260);
#150=CONTEXT_DEPENDENT_SHAPE_REPRESENTATION(#2228,#10261);
#151=CONTEXT_DEPENDENT_SHAPE_REPRESENTATION(#2229,#10262);
#152=CONTEXT_DEPENDENT_SHAPE_REPRESENTATION(#2230,#10263);
#153=CONTEXT_DEPENDENT_SHAPE_REPRESENTATION(#2231,#10264);
#154=CONTEXT_DEPENDENT_SHAPE_REPRESENTATION(#2232,#10265);
#155=CONTEXT_DEPENDENT_SHAPE_REPRESENTATION(#2233,#10266);
#156=CONTEXT_DEPENDENT_SHAPE_REPRESENTATION(#2234,#10267);
#157=CONTEXT_DEPENDENT_SHAPE_REPRESENTATION(#2235,#10268);
#158=CONTEXT_DEPENDENT_SHAPE_REPRESENTATION(#2236,#10269);
#159=CONTEXT_DEPENDENT_SHAPE_REPRESENTATION(#2237,#10270);
#160=CONTEXT_DEPENDENT_SHAPE_REPRESENTATION(#2238,#10271);
#161=CONTEXT_DEPENDENT_SHAPE_REPRESENTATION(#2239,#10272);
#162=CONTEXT_DEPENDENT_SHAPE_REPRESENTATION(#2240,#10273);
#163=CONTEXT_DEPENDENT_SHAPE_REPRESENTATION(#2241,#10274);
#164=CONTEXT_DEPENDENT_SHAPE_REPRESENTATION(#2242,#10275);
#165=CONTEXT_DEPENDENT_SHAPE_REPRESENTATION(#2243,#10276);
#166=CONTEXT_DEPENDENT_SHAPE_REPRESENTATION(#2244,#10277);
#167=CONTEXT_DEPENDENT_SHAPE_REPRESENTATION(#2245,#10278);
#168=CONTEXT_DEPENDENT_SHAPE_REPRESENTATION(#2246,#10279);
#169=CONTEXT_DEPENDENT_SHAPE_REPRESENTATION(#2247,#10280);
#170=CONTEXT_DEPENDENT_SHAPE_REPRESENTATION(#2248,#10281);
#171=CONTEXT_DEPENDENT_SHAPE_REPRESENTATION(#2249,#10282);
#172=CONTEXT_DEPENDENT_SHAPE_REPRESENTATION(#2250,#10283);
#173=CONTEXT_DEPENDENT_SHAPE_REPRESENTATION(#2251,#10284);
#174=CONTEXT_DEPENDENT_SHAPE_REPRESENTATION(#2252,#10285);
#175=CONTEXT_DEPENDENT_SHAPE_REPRESENTATION(#2253,#10286);
#176=CONTEXT_DEPENDENT_SHAPE_REPRESENTATION(#2254,#10287);
#177=CONTEXT_DEPENDENT_SHAPE_REPRESENTATION(#2255,#10288);
#178=CONTEXT_DEPENDENT_SHAPE_REPRESENTATION(#2256,#10289);
#179=CONTEXT_DEPENDENT_SHAPE_REPRESENTATION(#2257,#10290);
#180=CONTEXT_DEPENDENT_SHAPE_REPRESENTATION(#2258,#10291);
#181=CONTEXT_DEPENDENT_SHAPE_REPRESENTATION(#2259,#10292);
#182=CONTEXT_DEPENDENT_SHAPE_REPRESENTATION(#2260,#10293);
#183=CONTEXT_DEPENDENT_SHAPE_REPRESENTATION(#2261,#10294);
#184=CONTEXT_DEPENDENT_SHAPE_REPRESENTATION(#2262,#10295);
#185=CONTEXT_DEPENDENT_SHAPE_REPRESENTATION(#2263,#10296);
#186=CONTEXT_DEPENDENT_SHAPE_REPRESENTATION(#2264,#10297);
#187=CONTEXT_DEPENDENT_SHAPE_REPRESENTATION(#2265,#10298);
#188=CONTEXT_DEPENDENT_SHAPE_REPRESENTATION(#2266,#10299);
#189=CONTEXT_DEPENDENT_SHAPE_REPRESENTATION(#2267,#10300);
#190=CONTEXT_DEPENDENT_SHAPE_REPRESENTATION(#2268,#10301);
#191=CONTEXT_DEPENDENT_SHAPE_REPRESENTATION(#2269,#10302);
#192=CONTEXT_DEPENDENT_SHAPE_REPRESENTATION(#2270,#10303);
#193=CONTEXT_DEPENDENT_SHAPE_REPRESENTATION(#2271,#10304);
#194=CONTEXT_DEPENDENT_SHAPE_REPRESENTATION(#2272,#10305);
#195=CONTEXT_DEPENDENT_SHAPE_REPRESENTATION(#2273,#10306);
#196=CONTEXT_DEPENDENT_SHAPE_REPRESENTATION(#2274,#10307);
#197=CONTEXT_DEPENDENT_SHAPE_REPRESENTATION(#2275,#10308);
#198=CONTEXT_DEPENDENT_SHAPE_REPRESENTATION(#2276,#10309);
#199=CONTEXT_DEPENDENT_SHAPE_REPRESENTATION(#2277,#10310);
#200=CONTEXT_DEPENDENT_SHAPE_REPRESENTATION(#2278,#10311);
#201=CONTEXT_DEPENDENT_SHAPE_REPRESENTATION(#2279,#10312);
#202=CONTEXT_DEPENDENT_SHAPE_REPRESENTATION(#2280,#10313);
#203=CONTEXT_DEPENDENT_SHAPE_REPRESENTATION(#2281,#10314);
#204=CONTEXT_DEPENDENT_SHAPE_REPRESENTATION(#2282,#10315);
#205=CONTEXT_DEPENDENT_SHAPE_REPRESENTATION(#2283,#10316);
#206=CONTEXT_DEPENDENT_SHAPE_REPRESENTATION(#2284,#10317);
#207=CONTEXT_DEPENDENT_SHAPE_REPRESENTATION(#2285,#10318);
#208=CONTEXT_DEPENDENT_SHAPE_REPRESENTATION(#2286,#10319);
#209=CONTEXT_DEPENDENT_SHAPE_REPRESENTATION(#2287,#10320);
#210=CONTEXT_DEPENDENT_SHAPE_REPRESENTATION(#2288,#10321);
#211=CONTEXT_DEPENDENT_SHAPE_REPRESENTATION(#2289,#10322);
#212=CONTEXT_DEPENDENT_SHAPE_REPRESENTATION(#2290,#10323);
#213=CONTEXT_DEPENDENT_SHAPE_REPRESENTATION(#2291,#10324);
#214=CONTEXT_DEPENDENT_SHAPE_REPRESENTATION(#2292,#10325);
#215=CONTEXT_DEPENDENT_SHAPE_REPRESENTATION(#2293,#10326);
#216=CONTEXT_DEPENDENT_SHAPE_REPRESENTATION(#2294,#10327);
#217=CONTEXT_DEPENDENT_SHAPE_REPRESENTATION(#2295,#10328);
#218=CONTEXT_DEPENDENT_SHAPE_REPRESENTATION(#2296,#10329);
#219=CONTEXT_DEPENDENT_SHAPE_REPRESENTATION(#2297,#10330);
#220=CONTEXT_DEPENDENT_SHAPE_REPRESENTATION(#2298,#10331);
#221=CONTEXT_DEPENDENT_SHAPE_REPRESENTATION(#2299,#10332);
#222=CONTEXT_DEPENDENT_SHAPE_REPRESENTATION(#2300,#10333);
#223=CONTEXT_DEPENDENT_SHAPE_REPRESENTATION(#2301,#10334);
#224=CONTEXT_DEPENDENT_SHAPE_REPRESENTATION(#2302,#10335);
#225=CONTEXT_DEPENDENT_SHAPE_REPRESENTATION(#2303,#10336);
#226=CONTEXT_DEPENDENT_SHAPE_REPRESENTATION(#2304,#10337);
#227=CONTEXT_DEPENDENT_SHAPE_REPRESENTATION(#2305,#10338);
#228=CONTEXT_DEPENDENT_SHAPE_REPRESENTATION(#2306,#10339);
#229=CONTEXT_DEPENDENT_SHAPE_REPRESENTATION(#2307,#10340);
#230=CONTEXT_DEPENDENT_SHAPE_REPRESENTATION(#2308,#10341);
#231=CONTEXT_DEPENDENT_SHAPE_REPRESENTATION(#2309,#10342);
#232=CONTEXT_DEPENDENT_SHAPE_REPRESENTATION(#2310,#10343);
#233=CONTEXT_DEPENDENT_SHAPE_REPRESENTATION(#2311,#10344);
#234=CONTEXT_DEPENDENT_SHAPE_REPRESENTATION(#2312,#10345);
#235=CONTEXT_DEPENDENT_SHAPE_REPRESENTATION(#2313,#10346);
#236=CONTEXT_DEPENDENT_SHAPE_REPRESENTATION(#2314,#10347);
#237=CONTEXT_DEPENDENT_SHAPE_REPRESENTATION(#2315,#10348);
#238=CONTEXT_DEPENDENT_SHAPE_REPRESENTATION(#2316,#10349);
#239=CONTEXT_DEPENDENT_SHAPE_REPRESENTATION(#2317,#10350);
#240=CONTEXT_DEPENDENT_SHAPE_REPRESENTATION(#2318,#10351);
#241=CONTEXT_DEPENDENT_SHAPE_REPRESENTATION(#2319,#10352);
#242=CONTEXT_DEPENDENT_SHAPE_REPRESENTATION(#2320,#10353);
#243=CONTEXT_DEPENDENT_SHAPE_REPRESENTATION(#2321,#10354);
#244=CONTEXT_DEPENDENT_SHAPE_REPRESENTATION(#2322,#10355);
#245=CONTEXT_DEPENDENT_SHAPE_REPRESENTATION(#2323,#10356);
#246=CONTEXT_DEPENDENT_SHAPE_REPRESENTATION(#2324,#10357);
#247=CONTEXT_DEPENDENT_SHAPE_REPRESENTATION(#2325,#10358);
#248=CONTEXT_DEPENDENT_SHAPE_REPRESENTATION(#2326,#10359);
#249=CONTEXT_DEPENDENT_SHAPE_REPRESENTATION(#2327,#10360);
#250=CONTEXT_DEPENDENT_SHAPE_REPRESENTATION(#2328,#10361);
#251=CONTEXT_DEPENDENT_SHAPE_REPRESENTATION(#2329,#10362);
#252=CONTEXT_DEPENDENT_SHAPE_REPRESENTATION(#2330,#10363);
#253=CONTEXT_DEPENDENT_SHAPE_REPRESENTATION(#2331,#10364);
#254=CONTEXT_DEPENDENT_SHAPE_REPRESENTATION(#2332,#10365);
#255=CONTEXT_DEPENDENT_SHAPE_REPRESENTATION(#2333,#10366);
#256=CONTEXT_DEPENDENT_SHAPE_REPRESENTATION(#2334,#10367);
#257=CONTEXT_DEPENDENT_SHAPE_REPRESENTATION(#2335,#10368);
#258=CONTEXT_DEPENDENT_SHAPE_REPRESENTATION(#2336,#10369);
#259=CONTEXT_DEPENDENT_SHAPE_REPRESENTATION(#2337,#10370);
#260=CONTEXT_DEPENDENT_SHAPE_REPRESENTATION(#2338,#10371);
#261=CONTEXT_DEPENDENT_SHAPE_REPRESENTATION(#2339,#10372);
#262=CONTEXT_DEPENDENT_SHAPE_REPRESENTATION(#2340,#10373);
#263=CONTEXT_DEPENDENT_SHAPE_REPRESENTATION(#2341,#10374);
#264=CONTEXT_DEPENDENT_SHAPE_REPRESENTATION(#2342,#10375);
#265=CONTEXT_DEPENDENT_SHAPE_REPRESENTATION(#2343,#10376);
#266=CONTEXT_DEPENDENT_SHAPE_REPRESENTATION(#2344,#10377);
#267=CONTEXT_DEPENDENT_SHAPE_REPRESENTATION(#2345,#10378);
#268=CONTEXT_DEPENDENT_SHAPE_REPRESENTATION(#2346,#10379);
#269=CONTEXT_DEPENDENT_SHAPE_REPRESENTATION(#2347,#10380);
#270=CONTEXT_DEPENDENT_SHAPE_REPRESENTATION(#2348,#10381);
#271=CONTEXT_DEPENDENT_SHAPE_REPRESENTATION(#2349,#10382);
#272=CONTEXT_DEPENDENT_SHAPE_REPRESENTATION(#2350,#10383);
#273=CONTEXT_DEPENDENT_SHAPE_REPRESENTATION(#2351,#10384);
#274=CONTEXT_DEPENDENT_SHAPE_REPRESENTATION(#2352,#10385);
#275=CONTEXT_DEPENDENT_SHAPE_REPRESENTATION(#2353,#10386);
#276=CONTEXT_DEPENDENT_SHAPE_REPRESENTATION(#2354,#10387);
#277=CONTEXT_DEPENDENT_SHAPE_REPRESENTATION(#2355,#10388);
#278=CONTEXT_DEPENDENT_SHAPE_REPRESENTATION(#2356,#10389);
#279=CONTEXT_DEPENDENT_SHAPE_REPRESENTATION(#2357,#10390);
#280=CONTEXT_DEPENDENT_SHAPE_REPRESENTATION(#2358,#10391);
#281=CONTEXT_DEPENDENT_SHAPE_REPRESENTATION(#2359,#10392);
#282=CONTEXT_DEPENDENT_SHAPE_REPRESENTATION(#2360,#10393);
#283=CONTEXT_DEPENDENT_SHAPE_REPRESENTATION(#2361,#10394);
#284=CONTEXT_DEPENDENT_SHAPE_REPRESENTATION(#2362,#10395);
#285=CONTEXT_DEPENDENT_SHAPE_REPRESENTATION(#2363,#10396);
#286=CONTEXT_DEPENDENT_SHAPE_REPRESENTATION(#2364,#10397);
#287=CONTEXT_DEPENDENT_SHAPE_REPRESENTATION(#2365,#10398);
#288=CONTEXT_DEPENDENT_SHAPE_REPRESENTATION(#2366,#10399);
#289=CONTEXT_DEPENDENT_SHAPE_REPRESENTATION(#2367,#10400);
#290=CONTEXT_DEPENDENT_SHAPE_REPRESENTATION(#2368,#10401);
#291=CONTEXT_DEPENDENT_SHAPE_REPRESENTATION(#2369,#10402);
#292=CONTEXT_DEPENDENT_SHAPE_REPRESENTATION(#2370,#10403);
#293=CONTEXT_DEPENDENT_SHAPE_REPRESENTATION(#2371,#10404);
#294=CONTEXT_DEPENDENT_SHAPE_REPRESENTATION(#2372,#10405);
#295=CONTEXT_DEPENDENT_SHAPE_REPRESENTATION(#2373,#10406);
#296=CONTEXT_DEPENDENT_SHAPE_REPRESENTATION(#2374,#10407);
#297=CONTEXT_DEPENDENT_SHAPE_REPRESENTATION(#2375,#10408);
#298=CONTEXT_DEPENDENT_SHAPE_REPRESENTATION(#2376,#10409);
#299=CONTEXT_DEPENDENT_SHAPE_REPRESENTATION(#2377,#10410);
#300=CONTEXT_DEPENDENT_SHAPE_REPRESENTATION(#2378,#10411);
#301=CONTEXT_DEPENDENT_SHAPE_REPRESENTATION(#2379,#10412);
#302=CONTEXT_DEPENDENT_SHAPE_REPRESENTATION(#2380,#10413);
#303=CONTEXT_DEPENDENT_SHAPE_REPRESENTATION(#2381,#10414);
#304=CONTEXT_DEPENDENT_SHAPE_REPRESENTATION(#2382,#10415);
#305=CONTEXT_DEPENDENT_SHAPE_REPRESENTATION(#2383,#10416);
#306=CONTEXT_DEPENDENT_SHAPE_REPRESENTATION(#2384,#10417);
#307=CONTEXT_DEPENDENT_SHAPE_REPRESENTATION(#2385,#10418);
#308=CONTEXT_DEPENDENT_SHAPE_REPRESENTATION(#2386,#10419);
#309=CONTEXT_DEPENDENT_SHAPE_REPRESENTATION(#2387,#10420);
#310=CONTEXT_DEPENDENT_SHAPE_REPRESENTATION(#2388,#10421);
#311=CONTEXT_DEPENDENT_SHAPE_REPRESENTATION(#2389,#10422);
#312=CONTEXT_DEPENDENT_SHAPE_REPRESENTATION(#2390,#10423);
#313=CONTEXT_DEPENDENT_SHAPE_REPRESENTATION(#2391,#10424);
#314=CONTEXT_DEPENDENT_SHAPE_REPRESENTATION(#2392,#10425);
#315=CONTEXT_DEPENDENT_SHAPE_REPRESENTATION(#2393,#10426);
#316=CONTEXT_DEPENDENT_SHAPE_REPRESENTATION(#2394,#10427);
#317=CONTEXT_DEPENDENT_SHAPE_REPRESENTATION(#2395,#10428);
#318=CONTEXT_DEPENDENT_SHAPE_REPRESENTATION(#2396,#10429);
#319=CONTEXT_DEPENDENT_SHAPE_REPRESENTATION(#2397,#10430);
#320=CONTEXT_DEPENDENT_SHAPE_REPRESENTATION(#2398,#10431);
#321=CONTEXT_DEPENDENT_SHAPE_REPRESENTATION(#2399,#10432);
#322=CONTEXT_DEPENDENT_SHAPE_REPRESENTATION(#2400,#10433);
#323=CONTEXT_DEPENDENT_SHAPE_REPRESENTATION(#2401,#10434);
#324=CONTEXT_DEPENDENT_SHAPE_REPRESENTATION(#2402,#10435);
#325=CONTEXT_DEPENDENT_SHAPE_REPRESENTATION(#2403,#10436);
#326=CONTEXT_DEPENDENT_SHAPE_REPRESENTATION(#2404,#10437);
#327=CONTEXT_DEPENDENT_SHAPE_REPRESENTATION(#2405,#10438);
#328=CONTEXT_DEPENDENT_SHAPE_REPRESENTATION(#2406,#10439);
#329=CONTEXT_DEPENDENT_SHAPE_REPRESENTATION(#2407,#10440);
#330=CONTEXT_DEPENDENT_SHAPE_REPRESENTATION(#2408,#10441);
#331=CONTEXT_DEPENDENT_SHAPE_REPRESENTATION(#2409,#10442);
#332=CONTEXT_DEPENDENT_SHAPE_REPRESENTATION(#2410,#10443);
#333=CONTEXT_DEPENDENT_SHAPE_REPRESENTATION(#2411,#10444);
#334=CONTEXT_DEPENDENT_SHAPE_REPRESENTATION(#2412,#10445);
#335=CONTEXT_DEPENDENT_SHAPE_REPRESENTATION(#2413,#10446);
#336=CONTEXT_DEPENDENT_SHAPE_REPRESENTATION(#2414,#10447);
#337=CONTEXT_DEPENDENT_SHAPE_REPRESENTATION(#2415,#10448);
#338=CONTEXT_DEPENDENT_SHAPE_REPRESENTATION(#2416,#10449);
#339=CONTEXT_DEPENDENT_SHAPE_REPRESENTATION(#2417,#10450);
#340=CONTEXT_DEPENDENT_SHAPE_REPRESENTATION(#2418,#10451);
#341=CONTEXT_DEPENDENT_SHAPE_REPRESENTATION(#2419,#10452);
#342=CONTEXT_DEPENDENT_SHAPE_REPRESENTATION(#2420,#10453);
#343=CONTEXT_DEPENDENT_SHAPE_REPRESENTATION(#2421,#10454);
#344=CONTEXT_DEPENDENT_SHAPE_REPRESENTATION(#2422,#10455);
#345=CONTEXT_DEPENDENT_SHAPE_REPRESENTATION(#2423,#10456);
#346=CONTEXT_DEPENDENT_SHAPE_REPRESENTATION(#2424,#10457);
#347=CONTEXT_DEPENDENT_SHAPE_REPRESENTATION(#2425,#10458);
#348=CONTEXT_DEPENDENT_SHAPE_REPRESENTATION(#2426,#10459);
#349=CONTEXT_DEPENDENT_SHAPE_REPRESENTATION(#2427,#10460);
#350=CONTEXT_DEPENDENT_SHAPE_REPRESENTATION(#2428,#10461);
#351=CONTEXT_DEPENDENT_SHAPE_REPRESENTATION(#2429,#10462);
#352=CONTEXT_DEPENDENT_SHAPE_REPRESENTATION(#2430,#10463);
#353=CONTEXT_DEPENDENT_SHAPE_REPRESENTATION(#2431,#10464);
#354=CONTEXT_DEPENDENT_SHAPE_REPRESENTATION(#2432,#10465);
#355=CONTEXT_DEPENDENT_SHAPE_REPRESENTATION(#2433,#10466);
#356=CONTEXT_DEPENDENT_SHAPE_REPRESENTATION(#2434,#10467);
#357=CONTEXT_DEPENDENT_SHAPE_REPRESENTATION(#2435,#10468);
#358=CONTEXT_DEPENDENT_SHAPE_REPRESENTATION(#2436,#10469);
#359=CONTEXT_DEPENDENT_SHAPE_REPRESENTATION(#2437,#10470);
#360=CONTEXT_DEPENDENT_SHAPE_REPRESENTATION(#2438,#10471);
#361=CONTEXT_DEPENDENT_SHAPE_REPRESENTATION(#2439,#10472);
#362=CONTEXT_DEPENDENT_SHAPE_REPRESENTATION(#2440,#10473);
#363=CONTEXT_DEPENDENT_SHAPE_REPRESENTATION(#2441,#10474);
#364=CONTEXT_DEPENDENT_SHAPE_REPRESENTATION(#2442,#10475);
#365=CONTEXT_DEPENDENT_SHAPE_REPRESENTATION(#2443,#10476);
#366=CONTEXT_DEPENDENT_SHAPE_REPRESENTATION(#2444,#10477);
#367=CONTEXT_DEPENDENT_SHAPE_REPRESENTATION(#2445,#10478);
#368=CONTEXT_DEPENDENT_SHAPE_REPRESENTATION(#2446,#10479);
#369=CONTEXT_DEPENDENT_SHAPE_REPRESENTATION(#2447,#10480);
#370=CONTEXT_DEPENDENT_SHAPE_REPRESENTATION(#2448,#10481);
#371=CONTEXT_DEPENDENT_SHAPE_REPRESENTATION(#2449,#10482);
#372=CONTEXT_DEPENDENT_SHAPE_REPRESENTATION(#2450,#10483);
#373=CONTEXT_DEPENDENT_SHAPE_REPRESENTATION(#2451,#10484);
#374=CONTEXT_DEPENDENT_SHAPE_REPRESENTATION(#2452,#10485);
#375=CONTEXT_DEPENDENT_SHAPE_REPRESENTATION(#2453,#10486);
#376=CONTEXT_DEPENDENT_SHAPE_REPRESENTATION(#2454,#10487);
#377=CONTEXT_DEPENDENT_SHAPE_REPRESENTATION(#2455,#10488);
#378=CONTEXT_DEPENDENT_SHAPE_REPRESENTATION(#2456,#10489);
#379=CONTEXT_DEPENDENT_SHAPE_REPRESENTATION(#2457,#10490);
#380=CONTEXT_DEPENDENT_SHAPE_REPRESENTATION(#2458,#10491);
#381=CONTEXT_DEPENDENT_SHAPE_REPRESENTATION(#2459,#10492);
#382=CONTEXT_DEPENDENT_SHAPE_REPRESENTATION(#2460,#10493);
#383=CONTEXT_DEPENDENT_SHAPE_REPRESENTATION(#2461,#10494);
#384=CONTEXT_DEPENDENT_SHAPE_REPRESENTATION(#2462,#10495);
#385=CONTEXT_DEPENDENT_SHAPE_REPRESENTATION(#2463,#10496);
#386=CONTEXT_DEPENDENT_SHAPE_REPRESENTATION(#2464,#10497);
#387=CONTEXT_DEPENDENT_SHAPE_REPRESENTATION(#2465,#10498);
#388=CONTEXT_DEPENDENT_SHAPE_REPRESENTATION(#2466,#10499);
#389=CONTEXT_DEPENDENT_SHAPE_REPRESENTATION(#2467,#10500);
#390=CONTEXT_DEPENDENT_SHAPE_REPRESENTATION(#2468,#10501);
#391=CONTEXT_DEPENDENT_SHAPE_REPRESENTATION(#2469,#10502);
#392=CONTEXT_DEPENDENT_SHAPE_REPRESENTATION(#2470,#10503);
#393=CONTEXT_DEPENDENT_SHAPE_REPRESENTATION(#2471,#10504);
#394=CONTEXT_DEPENDENT_SHAPE_REPRESENTATION(#2472,#10505);
#395=CONTEXT_DEPENDENT_SHAPE_REPRESENTATION(#2473,#10506);
#396=CONTEXT_DEPENDENT_SHAPE_REPRESENTATION(#2474,#10507);
#397=CONTEXT_DEPENDENT_SHAPE_REPRESENTATION(#2475,#10508);
#398=CONTEXT_DEPENDENT_SHAPE_REPRESENTATION(#2476,#10509);
#399=CONTEXT_DEPENDENT_SHAPE_REPRESENTATION(#2477,#10510);
#400=CONTEXT_DEPENDENT_SHAPE_REPRESENTATION(#2478,#10511);
#401=CONTEXT_DEPENDENT_SHAPE_REPRESENTATION(#2479,#10512);
#402=CONTEXT_DEPENDENT_SHAPE_REPRESENTATION(#2480,#10513);
#403=CONTEXT_DEPENDENT_SHAPE_REPRESENTATION(#2481,#10514);
#404=CONTEXT_DEPENDENT_SHAPE_REPRESENTATION(#2482,#10515);
#405=CONTEXT_DEPENDENT_SHAPE_REPRESENTATION(#2483,#10516);
#406=CONTEXT_DEPENDENT_SHAPE_REPRESENTATION(#2484,#10517);
#407=CONTEXT_DEPENDENT_SHAPE_REPRESENTATION(#2485,#10518);
#408=CONTEXT_DEPENDENT_SHAPE_REPRESENTATION(#2486,#10519);
#409=CONTEXT_DEPENDENT_SHAPE_REPRESENTATION(#2487,#10520);
#410=CONTEXT_DEPENDENT_SHAPE_REPRESENTATION(#2488,#10521);
#411=CONTEXT_DEPENDENT_SHAPE_REPRESENTATION(#2489,#10522);
#412=CONTEXT_DEPENDENT_SHAPE_REPRESENTATION(#2490,#10523);
#413=CONTEXT_DEPENDENT_SHAPE_REPRESENTATION(#2491,#10524);
#414=CONTEXT_DEPENDENT_SHAPE_REPRESENTATION(#2492,#10525);
#415=CONTEXT_DEPENDENT_SHAPE_REPRESENTATION(#2493,#10526);
#416=CONTEXT_DEPENDENT_SHAPE_REPRESENTATION(#2494,#10527);
#417=CONTEXT_DEPENDENT_SHAPE_REPRESENTATION(#2495,#10528);
#418=CONTEXT_DEPENDENT_SHAPE_REPRESENTATION(#2496,#10529);
#419=CONTEXT_DEPENDENT_SHAPE_REPRESENTATION(#2497,#10530);
#420=CONTEXT_DEPENDENT_SHAPE_REPRESENTATION(#2498,#10531);
#421=CONTEXT_DEPENDENT_SHAPE_REPRESENTATION(#2499,#10532);
#422=CONTEXT_DEPENDENT_SHAPE_REPRESENTATION(#2500,#10533);
#423=CONTEXT_DEPENDENT_SHAPE_REPRESENTATION(#2501,#10534);
#424=CONTEXT_DEPENDENT_SHAPE_REPRESENTATION(#2502,#10535);
#425=CONTEXT_DEPENDENT_SHAPE_REPRESENTATION(#2503,#10536);
#426=CONTEXT_DEPENDENT_SHAPE_REPRESENTATION(#2504,#10537);
#427=CONTEXT_DEPENDENT_SHAPE_REPRESENTATION(#2505,#10538);
#428=CONTEXT_DEPENDENT_SHAPE_REPRESENTATION(#2506,#10539);
#429=CONTEXT_DEPENDENT_SHAPE_REPRESENTATION(#2507,#10540);
#430=CONTEXT_DEPENDENT_SHAPE_REPRESENTATION(#2508,#10541);
#431=CONTEXT_DEPENDENT_SHAPE_REPRESENTATION(#2509,#10542);
#432=CONTEXT_DEPENDENT_SHAPE_REPRESENTATION(#2510,#10543);
#433=CONTEXT_DEPENDENT_SHAPE_REPRESENTATION(#2511,#10544);
#434=CONTEXT_DEPENDENT_SHAPE_REPRESENTATION(#2512,#10545);
#435=CONTEXT_DEPENDENT_SHAPE_REPRESENTATION(#2513,#10546);
#436=CONTEXT_DEPENDENT_SHAPE_REPRESENTATION(#2514,#10547);
#437=CONTEXT_DEPENDENT_SHAPE_REPRESENTATION(#2515,#10548);
#438=CONTEXT_DEPENDENT_SHAPE_REPRESENTATION(#2516,#10549);
#439=CONTEXT_DEPENDENT_SHAPE_REPRESENTATION(#2517,#10550);
#440=CONTEXT_DEPENDENT_SHAPE_REPRESENTATION(#2518,#10551);
#441=CONTEXT_DEPENDENT_SHAPE_REPRESENTATION(#2519,#10552);
#442=CONTEXT_DEPENDENT_SHAPE_REPRESENTATION(#2520,#10553);
#443=CONTEXT_DEPENDENT_SHAPE_REPRESENTATION(#2521,#10554);
#444=CONTEXT_DEPENDENT_SHAPE_REPRESENTATION(#2522,#10555);
#445=CONTEXT_DEPENDENT_SHAPE_REPRESENTATION(#2523,#10556);
#446=CONTEXT_DEPENDENT_SHAPE_REPRESENTATION(#2524,#10557);
#447=CONTEXT_DEPENDENT_SHAPE_REPRESENTATION(#2525,#10558);
#448=CONTEXT_DEPENDENT_SHAPE_REPRESENTATION(#2526,#10559);
#449=CONTEXT_DEPENDENT_SHAPE_REPRESENTATION(#2527,#10560);
#450=CONTEXT_DEPENDENT_SHAPE_REPRESENTATION(#2528,#10561);
#451=CONTEXT_DEPENDENT_SHAPE_REPRESENTATION(#2529,#10562);
#452=CONTEXT_DEPENDENT_SHAPE_REPRESENTATION(#2530,#10563);
#453=CONTEXT_DEPENDENT_SHAPE_REPRESENTATION(#2531,#10564);
#454=CONTEXT_DEPENDENT_SHAPE_REPRESENTATION(#2532,#10565);
#455=CONTEXT_DEPENDENT_SHAPE_REPRESENTATION(#2533,#10566);
#456=CONTEXT_DEPENDENT_SHAPE_REPRESENTATION(#2534,#10567);
#457=CONTEXT_DEPENDENT_SHAPE_REPRESENTATION(#2535,#10568);
#458=CONTEXT_DEPENDENT_SHAPE_REPRESENTATION(#2536,#10569);
#459=CONTEXT_DEPENDENT_SHAPE_REPRESENTATION(#2537,#10570);
#460=CONTEXT_DEPENDENT_SHAPE_REPRESENTATION(#2538,#10571);
#461=CONTEXT_DEPENDENT_SHAPE_REPRESENTATION(#2539,#10572);
#462=CONTEXT_DEPENDENT_SHAPE_REPRESENTATION(#2540,#10573);
#463=CONTEXT_DEPENDENT_SHAPE_REPRESENTATION(#2541,#10574);
#464=CONTEXT_DEPENDENT_SHAPE_REPRESENTATION(#2542,#10575);
#465=CONTEXT_DEPENDENT_SHAPE_REPRESENTATION(#2543,#10576);
#466=CONTEXT_DEPENDENT_SHAPE_REPRESENTATION(#2544,#10577);
#467=CONTEXT_DEPENDENT_SHAPE_REPRESENTATION(#2545,#10578);
#468=CONTEXT_DEPENDENT_SHAPE_REPRESENTATION(#2546,#10579);
#469=CONTEXT_DEPENDENT_SHAPE_REPRESENTATION(#2547,#10580);
#470=CONTEXT_DEPENDENT_SHAPE_REPRESENTATION(#2548,#10581);
#471=CONTEXT_DEPENDENT_SHAPE_REPRESENTATION(#2549,#10582);
#472=CONTEXT_DEPENDENT_SHAPE_REPRESENTATION(#2550,#10583);
#473=CONTEXT_DEPENDENT_SHAPE_REPRESENTATION(#2551,#10584);
#474=CONTEXT_DEPENDENT_SHAPE_REPRESENTATION(#2552,#10585);
#475=CONTEXT_DEPENDENT_SHAPE_REPRESENTATION(#2553,#10586);
#476=CONTEXT_DEPENDENT_SHAPE_REPRESENTATION(#2554,#10587);
#477=CONTEXT_DEPENDENT_SHAPE_REPRESENTATION(#2555,#10588);
#478=CONTEXT_DEPENDENT_SHAPE_REPRESENTATION(#2556,#10589);
#479=CONTEXT_DEPENDENT_SHAPE_REPRESENTATION(#2557,#10590);
#480=CONTEXT_DEPENDENT_SHAPE_REPRESENTATION(#2558,#10591);
#481=CONTEXT_DEPENDENT_SHAPE_REPRESENTATION(#2559,#10592);
#482=CONTEXT_DEPENDENT_SHAPE_REPRESENTATION(#2560,#10593);
#483=CONTEXT_DEPENDENT_SHAPE_REPRESENTATION(#2561,#10594);
#484=CONTEXT_DEPENDENT_SHAPE_REPRESENTATION(#2562,#10595);
#485=CONTEXT_DEPENDENT_SHAPE_REPRESENTATION(#2563,#10596);
#486=CONTEXT_DEPENDENT_SHAPE_REPRESENTATION(#2564,#10597);
#487=CONTEXT_DEPENDENT_SHAPE_REPRESENTATION(#2565,#10598);
#488=CONTEXT_DEPENDENT_SHAPE_REPRESENTATION(#2566,#10599);
#489=CONTEXT_DEPENDENT_SHAPE_REPRESENTATION(#2567,#10600);
#490=CONTEXT_DEPENDENT_SHAPE_REPRESENTATION(#2568,#10601);
#491=CONTEXT_DEPENDENT_SHAPE_REPRESENTATION(#2569,#10602);
#492=CONTEXT_DEPENDENT_SHAPE_REPRESENTATION(#2570,#10603);
#493=CONTEXT_DEPENDENT_SHAPE_REPRESENTATION(#2571,#10604);
#494=CONTEXT_DEPENDENT_SHAPE_REPRESENTATION(#2572,#10605);
#495=CONTEXT_DEPENDENT_SHAPE_REPRESENTATION(#2573,#10606);
#496=CONTEXT_DEPENDENT_SHAPE_REPRESENTATION(#2574,#10607);
#497=CONTEXT_DEPENDENT_SHAPE_REPRESENTATION(#2575,#10608);
#498=CONTEXT_DEPENDENT_SHAPE_REPRESENTATION(#2576,#10609);
#499=CONTEXT_DEPENDENT_SHAPE_REPRESENTATION(#2577,#10610);
#500=CONTEXT_DEPENDENT_SHAPE_REPRESENTATION(#2578,#10611);
#501=CONTEXT_DEPENDENT_SHAPE_REPRESENTATION(#2579,#10612);
#502=CONTEXT_DEPENDENT_SHAPE_REPRESENTATION(#2580,#10613);
#503=CONTEXT_DEPENDENT_SHAPE_REPRESENTATION(#2581,#10614);
#504=CONTEXT_DEPENDENT_SHAPE_REPRESENTATION(#2582,#10615);
#505=CONTEXT_DEPENDENT_SHAPE_REPRESENTATION(#2583,#10616);
#506=CONTEXT_DEPENDENT_SHAPE_REPRESENTATION(#2584,#10617);
#507=CONTEXT_DEPENDENT_SHAPE_REPRESENTATION(#2585,#10618);
#508=CONTEXT_DEPENDENT_SHAPE_REPRESENTATION(#2586,#10619);
#509=CONTEXT_DEPENDENT_SHAPE_REPRESENTATION(#2587,#10620);
#510=CONTEXT_DEPENDENT_SHAPE_REPRESENTATION(#2588,#10621);
#511=CONTEXT_DEPENDENT_SHAPE_REPRESENTATION(#2589,#10622);
#512=CONTEXT_DEPENDENT_SHAPE_REPRESENTATION(#2590,#10623);
#513=CONTEXT_DEPENDENT_SHAPE_REPRESENTATION(#2591,#10624);
#514=CONTEXT_DEPENDENT_SHAPE_REPRESENTATION(#2592,#10625);
#515=CONTEXT_DEPENDENT_SHAPE_REPRESENTATION(#2593,#10626);
#516=CONTEXT_DEPENDENT_SHAPE_REPRESENTATION(#2594,#10627);
#517=CONTEXT_DEPENDENT_SHAPE_REPRESENTATION(#2595,#10628);
#518=CONTEXT_DEPENDENT_SHAPE_REPRESENTATION(#2596,#10629);
#519=CONTEXT_DEPENDENT_SHAPE_REPRESENTATION(#2597,#10630);
#520=CONTEXT_DEPENDENT_SHAPE_REPRESENTATION(#2598,#10631);
#521=CONTEXT_DEPENDENT_SHAPE_REPRESENTATION(#2599,#10632);
#522=CONTEXT_DEPENDENT_SHAPE_REPRESENTATION(#2600,#10633);
#523=CONTEXT_DEPENDENT_SHAPE_REPRESENTATION(#2601,#10634);
#524=CONTEXT_DEPENDENT_SHAPE_REPRESENTATION(#2602,#10635);
#525=CONTEXT_DEPENDENT_SHAPE_REPRESENTATION(#2603,#10637);
#526=CONTEXT_DEPENDENT_SHAPE_REPRESENTATION(#2604,#10638);
#527=CONTEXT_DEPENDENT_SHAPE_REPRESENTATION(#2605,#10639);
#528=CONTEXT_DEPENDENT_SHAPE_REPRESENTATION(#2606,#10640);
#529=CONTEXT_DEPENDENT_SHAPE_REPRESENTATION(#2607,#10641);
#530=CONTEXT_DEPENDENT_SHAPE_REPRESENTATION(#2608,#10642);
#531=CONTEXT_DEPENDENT_SHAPE_REPRESENTATION(#2609,#10643);
#532=CONTEXT_DEPENDENT_SHAPE_REPRESENTATION(#2610,#10644);
#533=CONTEXT_DEPENDENT_SHAPE_REPRESENTATION(#2611,#10645);
#534=CONTEXT_DEPENDENT_SHAPE_REPRESENTATION(#2612,#10646);
#535=CONTEXT_DEPENDENT_SHAPE_REPRESENTATION(#2613,#10647);
#536=CONTEXT_DEPENDENT_SHAPE_REPRESENTATION(#2614,#10648);
#537=CONTEXT_DEPENDENT_SHAPE_REPRESENTATION(#2615,#10649);
#538=CONTEXT_DEPENDENT_SHAPE_REPRESENTATION(#2616,#10650);
#539=CONTEXT_DEPENDENT_SHAPE_REPRESENTATION(#2617,#10651);
#540=CONTEXT_DEPENDENT_SHAPE_REPRESENTATION(#2618,#10652);
#541=CONTEXT_DEPENDENT_SHAPE_REPRESENTATION(#2619,#10653);
#542=CONTEXT_DEPENDENT_SHAPE_REPRESENTATION(#2620,#10654);
#543=CONTEXT_DEPENDENT_SHAPE_REPRESENTATION(#2621,#10655);
#544=CONTEXT_DEPENDENT_SHAPE_REPRESENTATION(#2622,#10656);
#545=CONTEXT_DEPENDENT_SHAPE_REPRESENTATION(#2623,#10657);
#546=CONTEXT_DEPENDENT_SHAPE_REPRESENTATION(#2624,#10658);
#547=CONTEXT_DEPENDENT_SHAPE_REPRESENTATION(#2625,#10659);
#548=CONTEXT_DEPENDENT_SHAPE_REPRESENTATION(#2626,#10660);
#549=CONTEXT_DEPENDENT_SHAPE_REPRESENTATION(#2627,#10661);
#550=CONTEXT_DEPENDENT_SHAPE_REPRESENTATION(#2628,#10662);
#551=CONTEXT_DEPENDENT_SHAPE_REPRESENTATION(#2629,#10663);
#552=CONTEXT_DEPENDENT_SHAPE_REPRESENTATION(#2630,#10664);
#553=CONTEXT_DEPENDENT_SHAPE_REPRESENTATION(#2631,#10665);
#554=CONTEXT_DEPENDENT_SHAPE_REPRESENTATION(#2632,#10666);
#555=CONTEXT_DEPENDENT_SHAPE_REPRESENTATION(#2633,#10667);
#556=CONTEXT_DEPENDENT_SHAPE_REPRESENTATION(#2634,#10668);
#557=CONTEXT_DEPENDENT_SHAPE_REPRESENTATION(#2635,#10669);
#558=CONTEXT_DEPENDENT_SHAPE_REPRESENTATION(#2636,#10670);
#559=CONTEXT_DEPENDENT_SHAPE_REPRESENTATION(#2637,#10671);
#560=CONTEXT_DEPENDENT_SHAPE_REPRESENTATION(#2638,#10672);
#561=CONTEXT_DEPENDENT_SHAPE_REPRESENTATION(#2639,#10673);
#562=CONTEXT_DEPENDENT_SHAPE_REPRESENTATION(#2640,#10674);
#563=CONTEXT_DEPENDENT_SHAPE_REPRESENTATION(#2641,#10675);
#564=CONTEXT_DEPENDENT_SHAPE_REPRESENTATION(#2642,#10676);
#565=CONTEXT_DEPENDENT_SHAPE_REPRESENTATION(#2643,#10677);
#566=CONTEXT_DEPENDENT_SHAPE_REPRESENTATION(#2644,#10678);
#567=CONTEXT_DEPENDENT_SHAPE_REPRESENTATION(#2645,#10679);
#568=CONTEXT_DEPENDENT_SHAPE_REPRESENTATION(#2646,#10680);
#569=CONTEXT_DEPENDENT_SHAPE_REPRESENTATION(#2647,#10681);
#570=CONTEXT_DEPENDENT_SHAPE_REPRESENTATION(#2648,#10682);
#571=CONTEXT_DEPENDENT_SHAPE_REPRESENTATION(#2649,#10683);
#572=CONTEXT_DEPENDENT_SHAPE_REPRESENTATION(#2650,#10684);
#573=CONTEXT_DEPENDENT_SHAPE_REPRESENTATION(#2651,#10685);
#574=CONTEXT_DEPENDENT_SHAPE_REPRESENTATION(#2652,#10686);
#575=CONTEXT_DEPENDENT_SHAPE_REPRESENTATION(#2653,#10687);
#576=CONTEXT_DEPENDENT_SHAPE_REPRESENTATION(#2654,#10688);
#577=CONTEXT_DEPENDENT_SHAPE_REPRESENTATION(#2655,#10689);
#578=CONTEXT_DEPENDENT_SHAPE_REPRESENTATION(#2656,#10690);
#579=CONTEXT_DEPENDENT_SHAPE_REPRESENTATION(#2657,#10691);
#580=CONTEXT_DEPENDENT_SHAPE_REPRESENTATION(#2658,#10692);
#581=CONTEXT_DEPENDENT_SHAPE_REPRESENTATION(#2659,#10693);
#582=CONTEXT_DEPENDENT_SHAPE_REPRESENTATION(#2660,#10694);
#583=CONTEXT_DEPENDENT_SHAPE_REPRESENTATION(#2661,#10695);
#584=CONTEXT_DEPENDENT_SHAPE_REPRESENTATION(#2662,#10696);
#585=CONTEXT_DEPENDENT_SHAPE_REPRESENTATION(#2663,#10697);
#586=CONTEXT_DEPENDENT_SHAPE_REPRESENTATION(#2664,#10698);
#587=CONTEXT_DEPENDENT_SHAPE_REPRESENTATION(#2665,#10699);
#588=CONTEXT_DEPENDENT_SHAPE_REPRESENTATION(#2666,#10700);
#589=CONTEXT_DEPENDENT_SHAPE_REPRESENTATION(#2667,#10701);
#590=CONTEXT_DEPENDENT_SHAPE_REPRESENTATION(#2668,#10702);
#591=CONTEXT_DEPENDENT_SHAPE_REPRESENTATION(#2669,#10703);
#592=CONTEXT_DEPENDENT_SHAPE_REPRESENTATION(#2670,#10704);
#593=CONTEXT_DEPENDENT_SHAPE_REPRESENTATION(#2671,#10705);
#594=CONTEXT_DEPENDENT_SHAPE_REPRESENTATION(#2672,#10706);
#595=CONTEXT_DEPENDENT_SHAPE_REPRESENTATION(#2673,#10707);
#596=CONTEXT_DEPENDENT_SHAPE_REPRESENTATION(#2674,#10708);
#597=CONTEXT_DEPENDENT_SHAPE_REPRESENTATION(#2675,#10709);
#598=CONTEXT_DEPENDENT_SHAPE_REPRESENTATION(#2676,#10710);
#599=CONTEXT_DEPENDENT_SHAPE_REPRESENTATION(#2677,#10711);
#600=CONTEXT_DEPENDENT_SHAPE_REPRESENTATION(#2678,#10712);
#601=CONTEXT_DEPENDENT_SHAPE_REPRESENTATION(#2679,#10713);
#602=CONTEXT_DEPENDENT_SHAPE_REPRESENTATION(#2680,#10714);
#603=CONTEXT_DEPENDENT_SHAPE_REPRESENTATION(#2681,#10715);
#604=CONTEXT_DEPENDENT_SHAPE_REPRESENTATION(#2682,#10716);
#605=CONTEXT_DEPENDENT_SHAPE_REPRESENTATION(#2683,#10717);
#606=CONTEXT_DEPENDENT_SHAPE_REPRESENTATION(#2684,#10718);
#607=CONTEXT_DEPENDENT_SHAPE_REPRESENTATION(#2685,#10719);
#608=CONTEXT_DEPENDENT_SHAPE_REPRESENTATION(#2686,#10720);
#609=CONTEXT_DEPENDENT_SHAPE_REPRESENTATION(#2687,#10721);
#610=CONTEXT_DEPENDENT_SHAPE_REPRESENTATION(#2688,#10722);
#611=CONTEXT_DEPENDENT_SHAPE_REPRESENTATION(#2689,#10723);
#612=CONTEXT_DEPENDENT_SHAPE_REPRESENTATION(#2690,#10724);
#613=CONTEXT_DEPENDENT_SHAPE_REPRESENTATION(#2691,#10725);
#614=CONTEXT_DEPENDENT_SHAPE_REPRESENTATION(#2692,#10726);
#615=CONTEXT_DEPENDENT_SHAPE_REPRESENTATION(#2693,#10727);
#616=CONTEXT_DEPENDENT_SHAPE_REPRESENTATION(#2694,#10728);
#617=CONTEXT_DEPENDENT_SHAPE_REPRESENTATION(#2695,#10729);
#618=CONTEXT_DEPENDENT_SHAPE_REPRESENTATION(#2696,#10730);
#619=CONTEXT_DEPENDENT_SHAPE_REPRESENTATION(#2697,#10731);
#620=CONTEXT_DEPENDENT_SHAPE_REPRESENTATION(#2698,#10732);
#621=CONTEXT_DEPENDENT_SHAPE_REPRESENTATION(#2699,#10733);
#622=CONTEXT_DEPENDENT_SHAPE_REPRESENTATION(#2700,#10734);
#623=CONTEXT_DEPENDENT_SHAPE_REPRESENTATION(#2701,#10735);
#624=CONTEXT_DEPENDENT_SHAPE_REPRESENTATION(#2702,#10736);
#625=CONTEXT_DEPENDENT_SHAPE_REPRESENTATION(#2703,#10737);
#626=CONTEXT_DEPENDENT_SHAPE_REPRESENTATION(#2704,#10738);
#627=CONTEXT_DEPENDENT_SHAPE_REPRESENTATION(#2705,#10739);
#628=CONTEXT_DEPENDENT_SHAPE_REPRESENTATION(#2706,#10740);
#629=CONTEXT_DEPENDENT_SHAPE_REPRESENTATION(#2707,#10741);
#630=CONTEXT_DEPENDENT_SHAPE_REPRESENTATION(#2708,#10742);
#631=CONTEXT_DEPENDENT_SHAPE_REPRESENTATION(#2709,#10743);
#632=CONTEXT_DEPENDENT_SHAPE_REPRESENTATION(#2710,#10744);
#633=CONTEXT_DEPENDENT_SHAPE_REPRESENTATION(#2711,#10745);
#634=CONTEXT_DEPENDENT_SHAPE_REPRESENTATION(#2712,#10746);
#635=CONTEXT_DEPENDENT_SHAPE_REPRESENTATION(#2713,#10747);
#636=CONTEXT_DEPENDENT_SHAPE_REPRESENTATION(#2714,#10748);
#637=CONTEXT_DEPENDENT_SHAPE_REPRESENTATION(#2715,#10749);
#638=CONTEXT_DEPENDENT_SHAPE_REPRESENTATION(#2716,#10750);
#639=CONTEXT_DEPENDENT_SHAPE_REPRESENTATION(#2717,#10751);
#640=CONTEXT_DEPENDENT_SHAPE_REPRESENTATION(#2718,#10752);
#641=CONTEXT_DEPENDENT_SHAPE_REPRESENTATION(#2719,#10753);
#642=CONTEXT_DEPENDENT_SHAPE_REPRESENTATION(#2720,#10754);
#643=CONTEXT_DEPENDENT_SHAPE_REPRESENTATION(#2721,#10755);
#644=CONTEXT_DEPENDENT_SHAPE_REPRESENTATION(#2722,#10756);
#645=CONTEXT_DEPENDENT_SHAPE_REPRESENTATION(#2723,#10757);
#646=CONTEXT_DEPENDENT_SHAPE_REPRESENTATION(#2724,#10758);
#647=CONTEXT_DEPENDENT_SHAPE_REPRESENTATION(#2725,#10759);
#648=CONTEXT_DEPENDENT_SHAPE_REPRESENTATION(#2726,#10760);
#649=CONTEXT_DEPENDENT_SHAPE_REPRESENTATION(#2727,#10761);
#650=CONTEXT_DEPENDENT_SHAPE_REPRESENTATION(#2728,#10762);
#651=CONTEXT_DEPENDENT_SHAPE_REPRESENTATION(#2729,#10763);
#652=CONTEXT_DEPENDENT_SHAPE_REPRESENTATION(#2730,#10764);
#653=CONTEXT_DEPENDENT_SHAPE_REPRESENTATION(#2731,#10765);
#654=CONTEXT_DEPENDENT_SHAPE_REPRESENTATION(#2732,#10766);
#655=CONTEXT_DEPENDENT_SHAPE_REPRESENTATION(#2733,#10767);
#656=CONTEXT_DEPENDENT_SHAPE_REPRESENTATION(#2734,#10768);
#657=CONTEXT_DEPENDENT_SHAPE_REPRESENTATION(#2735,#10769);
#658=CONTEXT_DEPENDENT_SHAPE_REPRESENTATION(#2736,#10770);
#659=CONTEXT_DEPENDENT_SHAPE_REPRESENTATION(#2737,#10771);
#660=CONTEXT_DEPENDENT_SHAPE_REPRESENTATION(#2738,#10772);
#661=CONTEXT_DEPENDENT_SHAPE_REPRESENTATION(#2739,#10773);
#662=CONTEXT_DEPENDENT_SHAPE_REPRESENTATION(#2740,#10774);
#663=CONTEXT_DEPENDENT_SHAPE_REPRESENTATION(#2741,#10775);
#664=CONTEXT_DEPENDENT_SHAPE_REPRESENTATION(#2742,#10776);
#665=CONTEXT_DEPENDENT_SHAPE_REPRESENTATION(#2743,#10777);
#666=CONTEXT_DEPENDENT_SHAPE_REPRESENTATION(#2744,#10778);
#667=CONTEXT_DEPENDENT_SHAPE_REPRESENTATION(#2745,#10779);
#668=CONTEXT_DEPENDENT_SHAPE_REPRESENTATION(#2746,#10780);
#669=CONTEXT_DEPENDENT_SHAPE_REPRESENTATION(#2747,#10781);
#670=CONTEXT_DEPENDENT_SHAPE_REPRESENTATION(#2748,#10782);
#671=CONTEXT_DEPENDENT_SHAPE_REPRESENTATION(#2749,#10783);
#672=CONTEXT_DEPENDENT_SHAPE_REPRESENTATION(#2750,#10784);
#673=CONTEXT_DEPENDENT_SHAPE_REPRESENTATION(#2751,#10785);
#674=CONTEXT_DEPENDENT_SHAPE_REPRESENTATION(#2752,#10786);
#675=CONTEXT_DEPENDENT_SHAPE_REPRESENTATION(#2753,#10787);
#676=CONTEXT_DEPENDENT_SHAPE_REPRESENTATION(#2754,#10788);
#677=CONTEXT_DEPENDENT_SHAPE_REPRESENTATION(#2755,#10789);
#678=CONTEXT_DEPENDENT_SHAPE_REPRESENTATION(#2756,#10790);
#679=CONTEXT_DEPENDENT_SHAPE_REPRESENTATION(#2757,#10791);
#680=CONTEXT_DEPENDENT_SHAPE_REPRESENTATION(#2758,#10792);
#681=CONTEXT_DEPENDENT_SHAPE_REPRESENTATION(#2759,#10793);
#682=CONTEXT_DEPENDENT_SHAPE_REPRESENTATION(#2760,#10794);
#683=CONTEXT_DEPENDENT_SHAPE_REPRESENTATION(#2761,#10795);
#684=CONTEXT_DEPENDENT_SHAPE_REPRESENTATION(#2762,#10796);
#685=CONTEXT_DEPENDENT_SHAPE_REPRESENTATION(#2763,#10797);
#686=CONTEXT_DEPENDENT_SHAPE_REPRESENTATION(#2764,#10798);
#687=CONTEXT_DEPENDENT_SHAPE_REPRESENTATION(#2765,#10799);
#688=CONTEXT_DEPENDENT_SHAPE_REPRESENTATION(#2766,#10800);
#689=CONTEXT_DEPENDENT_SHAPE_REPRESENTATION(#2767,#10801);
#690=CONTEXT_DEPENDENT_SHAPE_REPRESENTATION(#2768,#10802);
#691=CONTEXT_DEPENDENT_SHAPE_REPRESENTATION(#2769,#10803);
#692=CONTEXT_DEPENDENT_SHAPE_REPRESENTATION(#2770,#10804);
#693=CONTEXT_DEPENDENT_SHAPE_REPRESENTATION(#2771,#10805);
#694=CONTEXT_DEPENDENT_SHAPE_REPRESENTATION(#2772,#10806);
#695=CONTEXT_DEPENDENT_SHAPE_REPRESENTATION(#2773,#10807);
#696=CONTEXT_DEPENDENT_SHAPE_REPRESENTATION(#2774,#10808);
#697=CONTEXT_DEPENDENT_SHAPE_REPRESENTATION(#2775,#10809);
#698=CONTEXT_DEPENDENT_SHAPE_REPRESENTATION(#2776,#10810);
#699=CONTEXT_DEPENDENT_SHAPE_REPRESENTATION(#2777,#10811);
#700=CONTEXT_DEPENDENT_SHAPE_REPRESENTATION(#2778,#10812);
#701=CONTEXT_DEPENDENT_SHAPE_REPRESENTATION(#2779,#10813);
#702=CONTEXT_DEPENDENT_SHAPE_REPRESENTATION(#2780,#10814);
#703=CONTEXT_DEPENDENT_SHAPE_REPRESENTATION(#2781,#10815);
#704=CONTEXT_DEPENDENT_SHAPE_REPRESENTATION(#2782,#10816);
#705=CONTEXT_DEPENDENT_SHAPE_REPRESENTATION(#2783,#10817);
#706=CONTEXT_DEPENDENT_SHAPE_REPRESENTATION(#2784,#10818);
#707=CONTEXT_DEPENDENT_SHAPE_REPRESENTATION(#2785,#10819);
#708=CONTEXT_DEPENDENT_SHAPE_REPRESENTATION(#2786,#10820);
#709=CONTEXT_DEPENDENT_SHAPE_REPRESENTATION(#2787,#10821);
#710=CONTEXT_DEPENDENT_SHAPE_REPRESENTATION(#2788,#10822);
#711=CONTEXT_DEPENDENT_SHAPE_REPRESENTATION(#2789,#10823);
#712=CONTEXT_DEPENDENT_SHAPE_REPRESENTATION(#2790,#10824);
#713=CONTEXT_DEPENDENT_SHAPE_REPRESENTATION(#2791,#10825);
#714=CONTEXT_DEPENDENT_SHAPE_REPRESENTATION(#2792,#10826);
#715=CONTEXT_DEPENDENT_SHAPE_REPRESENTATION(#2793,#10827);
#716=CONTEXT_DEPENDENT_SHAPE_REPRESENTATION(#2794,#10828);
#717=CONTEXT_DEPENDENT_SHAPE_REPRESENTATION(#2795,#10829);
#718=CONTEXT_DEPENDENT_SHAPE_REPRESENTATION(#2796,#10830);
#719=CONTEXT_DEPENDENT_SHAPE_REPRESENTATION(#2797,#10831);
#720=CONTEXT_DEPENDENT_SHAPE_REPRESENTATION(#2798,#10832);
#721=CONTEXT_DEPENDENT_SHAPE_REPRESENTATION(#2799,#10833);
#722=CONTEXT_DEPENDENT_SHAPE_REPRESENTATION(#2800,#10834);
#723=CONTEXT_DEPENDENT_SHAPE_REPRESENTATION(#2801,#10835);
#724=CONTEXT_DEPENDENT_SHAPE_REPRESENTATION(#2802,#10836);
#725=CONTEXT_DEPENDENT_SHAPE_REPRESENTATION(#2803,#10837);
#726=CONTEXT_DEPENDENT_SHAPE_REPRESENTATION(#2804,#10838);
#727=CONTEXT_DEPENDENT_SHAPE_REPRESENTATION(#2805,#10839);
#728=CONTEXT_DEPENDENT_SHAPE_REPRESENTATION(#2806,#10840);
#729=CONTEXT_DEPENDENT_SHAPE_REPRESENTATION(#2807,#10841);
#730=CONTEXT_DEPENDENT_SHAPE_REPRESENTATION(#2808,#10842);
#731=CONTEXT_DEPENDENT_SHAPE_REPRESENTATION(#2809,#10843);
#732=CONTEXT_DEPENDENT_SHAPE_REPRESENTATION(#2810,#10844);
#733=CONTEXT_DEPENDENT_SHAPE_REPRESENTATION(#2811,#10845);
#734=CONTEXT_DEPENDENT_SHAPE_REPRESENTATION(#2812,#10846);
#735=CONTEXT_DEPENDENT_SHAPE_REPRESENTATION(#2813,#10847);
#736=CONTEXT_DEPENDENT_SHAPE_REPRESENTATION(#2814,#10848);
#737=CONTEXT_DEPENDENT_SHAPE_REPRESENTATION(#2815,#10849);
#738=CONTEXT_DEPENDENT_SHAPE_REPRESENTATION(#2816,#10850);
#739=CONTEXT_DEPENDENT_SHAPE_REPRESENTATION(#2817,#10851);
#740=CONTEXT_DEPENDENT_SHAPE_REPRESENTATION(#2818,#10852);
#741=CONTEXT_DEPENDENT_SHAPE_REPRESENTATION(#2819,#10853);
#742=CONTEXT_DEPENDENT_SHAPE_REPRESENTATION(#2820,#10854);
#743=CONTEXT_DEPENDENT_SHAPE_REPRESENTATION(#2821,#10855);
#744=CONTEXT_DEPENDENT_SHAPE_REPRESENTATION(#2822,#10856);
#745=CONTEXT_DEPENDENT_SHAPE_REPRESENTATION(#2823,#10857);
#746=CONTEXT_DEPENDENT_SHAPE_REPRESENTATION(#2824,#10858);
#747=CONTEXT_DEPENDENT_SHAPE_REPRESENTATION(#2825,#10859);
#748=CONTEXT_DEPENDENT_SHAPE_REPRESENTATION(#2826,#10860);
#749=CONTEXT_DEPENDENT_SHAPE_REPRESENTATION(#2827,#10861);
#750=CONTEXT_DEPENDENT_SHAPE_REPRESENTATION(#2828,#10862);
#751=CONTEXT_DEPENDENT_SHAPE_REPRESENTATION(#2829,#10863);
#752=CONTEXT_DEPENDENT_SHAPE_REPRESENTATION(#2830,#10864);
#753=CONTEXT_DEPENDENT_SHAPE_REPRESENTATION(#2831,#10865);
#754=CONTEXT_DEPENDENT_SHAPE_REPRESENTATION(#2832,#10866);
#755=CONTEXT_DEPENDENT_SHAPE_REPRESENTATION(#2833,#10867);
#756=CONTEXT_DEPENDENT_SHAPE_REPRESENTATION(#2834,#10868);
#757=CONTEXT_DEPENDENT_SHAPE_REPRESENTATION(#2835,#10869);
#758=CONTEXT_DEPENDENT_SHAPE_REPRESENTATION(#2836,#10870);
#759=CONTEXT_DEPENDENT_SHAPE_REPRESENTATION(#2837,#10871);
#760=CONTEXT_DEPENDENT_SHAPE_REPRESENTATION(#2838,#10872);
#761=CONTEXT_DEPENDENT_SHAPE_REPRESENTATION(#2839,#10873);
#762=CONTEXT_DEPENDENT_SHAPE_REPRESENTATION(#2840,#10874);
#763=CONTEXT_DEPENDENT_SHAPE_REPRESENTATION(#2841,#10875);
#764=CONTEXT_DEPENDENT_SHAPE_REPRESENTATION(#2842,#10876);
#765=CONTEXT_DEPENDENT_SHAPE_REPRESENTATION(#2843,#10877);
#766=CONTEXT_DEPENDENT_SHAPE_REPRESENTATION(#2844,#10878);
#767=CONTEXT_DEPENDENT_SHAPE_REPRESENTATION(#2845,#10879);
#768=CONTEXT_DEPENDENT_SHAPE_REPRESENTATION(#2846,#10880);
#769=CONTEXT_DEPENDENT_SHAPE_REPRESENTATION(#2847,#10881);
#770=CONTEXT_DEPENDENT_SHAPE_REPRESENTATION(#2848,#10882);
#771=CONTEXT_DEPENDENT_SHAPE_REPRESENTATION(#2849,#10883);
#772=CONTEXT_DEPENDENT_SHAPE_REPRESENTATION(#2850,#10884);
#773=CONTEXT_DEPENDENT_SHAPE_REPRESENTATION(#2851,#10885);
#774=CONTEXT_DEPENDENT_SHAPE_REPRESENTATION(#2852,#10886);
#775=CONTEXT_DEPENDENT_SHAPE_REPRESENTATION(#2853,#10887);
#776=CONTEXT_DEPENDENT_SHAPE_REPRESENTATION(#2854,#10888);
#777=CONTEXT_DEPENDENT_SHAPE_REPRESENTATION(#2855,#10889);
#778=CONTEXT_DEPENDENT_SHAPE_REPRESENTATION(#2856,#10890);
#779=CONTEXT_DEPENDENT_SHAPE_REPRESENTATION(#2857,#10891);
#780=CONTEXT_DEPENDENT_SHAPE_REPRESENTATION(#2858,#10892);
#781=CONTEXT_DEPENDENT_SHAPE_REPRESENTATION(#2859,#10893);
#782=CONTEXT_DEPENDENT_SHAPE_REPRESENTATION(#2860,#10894);
#783=CONTEXT_DEPENDENT_SHAPE_REPRESENTATION(#2861,#10895);
#784=CONTEXT_DEPENDENT_SHAPE_REPRESENTATION(#2862,#10896);
#785=CONTEXT_DEPENDENT_SHAPE_REPRESENTATION(#2863,#10897);
#786=CONTEXT_DEPENDENT_SHAPE_REPRESENTATION(#2864,#10898);
#787=CONTEXT_DEPENDENT_SHAPE_REPRESENTATION(#2865,#10899);
#788=CONTEXT_DEPENDENT_SHAPE_REPRESENTATION(#2866,#10900);
#789=CONTEXT_DEPENDENT_SHAPE_REPRESENTATION(#2867,#10901);
#790=CONTEXT_DEPENDENT_SHAPE_REPRESENTATION(#2868,#10902);
#791=CONTEXT_DEPENDENT_SHAPE_REPRESENTATION(#2869,#10903);
#792=CONTEXT_DEPENDENT_SHAPE_REPRESENTATION(#2870,#10904);
#793=CONTEXT_DEPENDENT_SHAPE_REPRESENTATION(#2871,#10905);
#794=CONTEXT_DEPENDENT_SHAPE_REPRESENTATION(#2872,#10906);
#795=CONTEXT_DEPENDENT_SHAPE_REPRESENTATION(#2873,#10907);
#796=CONTEXT_DEPENDENT_SHAPE_REPRESENTATION(#2874,#10908);
#797=CONTEXT_DEPENDENT_SHAPE_REPRESENTATION(#2875,#10909);
#798=CONTEXT_DEPENDENT_SHAPE_REPRESENTATION(#2876,#10910);
#799=CONTEXT_DEPENDENT_SHAPE_REPRESENTATION(#2877,#10911);
#800=CONTEXT_DEPENDENT_SHAPE_REPRESENTATION(#2878,#10912);
#801=CONTEXT_DEPENDENT_SHAPE_REPRESENTATION(#2879,#10913);
#802=CONTEXT_DEPENDENT_SHAPE_REPRESENTATION(#2880,#10914);
#803=CONTEXT_DEPENDENT_SHAPE_REPRESENTATION(#2881,#10915);
#804=CONTEXT_DEPENDENT_SHAPE_REPRESENTATION(#2882,#10916);
#805=CONTEXT_DEPENDENT_SHAPE_REPRESENTATION(#2883,#10917);
#806=CONTEXT_DEPENDENT_SHAPE_REPRESENTATION(#2884,#10918);
#807=CONTEXT_DEPENDENT_SHAPE_REPRESENTATION(#2885,#10919);
#808=CONTEXT_DEPENDENT_SHAPE_REPRESENTATION(#2886,#10920);
#809=CONTEXT_DEPENDENT_SHAPE_REPRESENTATION(#2887,#10921);
#810=CONTEXT_DEPENDENT_SHAPE_REPRESENTATION(#2888,#10922);
#811=CONTEXT_DEPENDENT_SHAPE_REPRESENTATION(#2889,#10923);
#812=CONTEXT_DEPENDENT_SHAPE_REPRESENTATION(#2890,#10924);
#813=CONTEXT_DEPENDENT_SHAPE_REPRESENTATION(#2891,#10925);
#814=CONTEXT_DEPENDENT_SHAPE_REPRESENTATION(#2892,#10926);
#815=CONTEXT_DEPENDENT_SHAPE_REPRESENTATION(#2893,#10927);
#816=CONTEXT_DEPENDENT_SHAPE_REPRESENTATION(#2894,#10928);
#817=CONTEXT_DEPENDENT_SHAPE_REPRESENTATION(#2895,#10929);
#818=CONTEXT_DEPENDENT_SHAPE_REPRESENTATION(#2896,#10930);
#819=CONTEXT_DEPENDENT_SHAPE_REPRESENTATION(#2897,#10931);
#820=CONTEXT_DEPENDENT_SHAPE_REPRESENTATION(#2898,#10932);
#821=CONTEXT_DEPENDENT_SHAPE_REPRESENTATION(#2899,#10933);
#822=CONTEXT_DEPENDENT_SHAPE_REPRESENTATION(#2900,#10934);
#823=CONTEXT_DEPENDENT_SHAPE_REPRESENTATION(#2901,#10935);
#824=CONTEXT_DEPENDENT_SHAPE_REPRESENTATION(#2902,#10936);
#825=CONTEXT_DEPENDENT_SHAPE_REPRESENTATION(#2903,#10937);
#826=CONTEXT_DEPENDENT_SHAPE_REPRESENTATION(#2904,#10938);
#827=CONTEXT_DEPENDENT_SHAPE_REPRESENTATION(#2905,#10939);
#828=CONTEXT_DEPENDENT_SHAPE_REPRESENTATION(#2906,#10940);
#829=CONTEXT_DEPENDENT_SHAPE_REPRESENTATION(#2907,#10941);
#830=CONTEXT_DEPENDENT_SHAPE_REPRESENTATION(#2908,#10942);
#831=CONTEXT_DEPENDENT_SHAPE_REPRESENTATION(#2909,#10943);
#832=CONTEXT_DEPENDENT_SHAPE_REPRESENTATION(#2910,#10944);
#833=CONTEXT_DEPENDENT_SHAPE_REPRESENTATION(#2911,#10945);
#834=CONTEXT_DEPENDENT_SHAPE_REPRESENTATION(#2912,#10946);
#835=CONTEXT_DEPENDENT_SHAPE_REPRESENTATION(#2913,#10947);
#836=CONTEXT_DEPENDENT_SHAPE_REPRESENTATION(#2914,#10948);
#837=CONTEXT_DEPENDENT_SHAPE_REPRESENTATION(#2915,#10949);
#838=CONTEXT_DEPENDENT_SHAPE_REPRESENTATION(#2916,#10950);
#839=CONTEXT_DEPENDENT_SHAPE_REPRESENTATION(#2917,#10951);
#840=CONTEXT_DEPENDENT_SHAPE_REPRESENTATION(#2918,#10952);
#841=CONTEXT_DEPENDENT_SHAPE_REPRESENTATION(#2919,#10953);
#842=CONTEXT_DEPENDENT_SHAPE_REPRESENTATION(#2920,#10954);
#843=CONTEXT_DEPENDENT_SHAPE_REPRESENTATION(#2921,#10955);
#844=CONTEXT_DEPENDENT_SHAPE_REPRESENTATION(#2922,#10956);
#845=CONTEXT_DEPENDENT_SHAPE_REPRESENTATION(#2923,#10957);
#846=CONTEXT_DEPENDENT_SHAPE_REPRESENTATION(#2924,#10958);
#847=CONTEXT_DEPENDENT_SHAPE_REPRESENTATION(#2925,#10959);
#848=CONTEXT_DEPENDENT_SHAPE_REPRESENTATION(#2926,#10960);
#849=CONTEXT_DEPENDENT_SHAPE_REPRESENTATION(#2927,#10961);
#850=CONTEXT_DEPENDENT_SHAPE_REPRESENTATION(#2928,#10962);
#851=CONTEXT_DEPENDENT_SHAPE_REPRESENTATION(#2929,#10963);
#852=CONTEXT_DEPENDENT_SHAPE_REPRESENTATION(#2930,#10964);
#853=CONTEXT_DEPENDENT_SHAPE_REPRESENTATION(#2931,#10965);
#854=CONTEXT_DEPENDENT_SHAPE_REPRESENTATION(#2932,#10966);
#855=CONTEXT_DEPENDENT_SHAPE_REPRESENTATION(#2933,#10967);
#856=CONTEXT_DEPENDENT_SHAPE_REPRESENTATION(#2934,#10968);
#857=CONTEXT_DEPENDENT_SHAPE_REPRESENTATION(#2935,#10969);
#858=CONTEXT_DEPENDENT_SHAPE_REPRESENTATION(#2936,#10970);
#859=CONTEXT_DEPENDENT_SHAPE_REPRESENTATION(#2937,#10971);
#860=CONTEXT_DEPENDENT_SHAPE_REPRESENTATION(#2938,#10972);
#861=CONTEXT_DEPENDENT_SHAPE_REPRESENTATION(#2939,#10973);
#862=CONTEXT_DEPENDENT_SHAPE_REPRESENTATION(#2940,#10974);
#863=CONTEXT_DEPENDENT_SHAPE_REPRESENTATION(#2941,#10975);
#864=CONTEXT_DEPENDENT_SHAPE_REPRESENTATION(#2942,#10976);
#865=CONTEXT_DEPENDENT_SHAPE_REPRESENTATION(#2943,#10977);
#866=CONTEXT_DEPENDENT_SHAPE_REPRESENTATION(#2944,#10978);
#867=CONTEXT_DEPENDENT_SHAPE_REPRESENTATION(#2945,#10979);
#868=CONTEXT_DEPENDENT_SHAPE_REPRESENTATION(#2946,#10980);
#869=CONTEXT_DEPENDENT_SHAPE_REPRESENTATION(#2947,#10981);
#870=CONTEXT_DEPENDENT_SHAPE_REPRESENTATION(#2948,#10982);
#871=CONTEXT_DEPENDENT_SHAPE_REPRESENTATION(#2949,#10983);
#872=CONTEXT_DEPENDENT_SHAPE_REPRESENTATION(#2950,#10984);
#873=CONTEXT_DEPENDENT_SHAPE_REPRESENTATION(#2951,#10985);
#874=CONTEXT_DEPENDENT_SHAPE_REPRESENTATION(#2952,#10986);
#875=CONTEXT_DEPENDENT_SHAPE_REPRESENTATION(#2953,#10987);
#876=CONTEXT_DEPENDENT_SHAPE_REPRESENTATION(#2954,#10988);
#877=CONTEXT_DEPENDENT_SHAPE_REPRESENTATION(#2955,#10989);
#878=CONTEXT_DEPENDENT_SHAPE_REPRESENTATION(#2956,#10990);
#879=CONTEXT_DEPENDENT_SHAPE_REPRESENTATION(#2957,#10991);
#880=CONTEXT_DEPENDENT_SHAPE_REPRESENTATION(#2958,#10992);
#881=CONTEXT_DEPENDENT_SHAPE_REPRESENTATION(#2959,#10993);
#882=CONTEXT_DEPENDENT_SHAPE_REPRESENTATION(#2960,#10994);
#883=CONTEXT_DEPENDENT_SHAPE_REPRESENTATION(#2961,#10995);
#884=CONTEXT_DEPENDENT_SHAPE_REPRESENTATION(#2962,#10996);
#885=CONTEXT_DEPENDENT_SHAPE_REPRESENTATION(#2963,#10997);
#886=CONTEXT_DEPENDENT_SHAPE_REPRESENTATION(#2964,#10998);
#887=CONTEXT_DEPENDENT_SHAPE_REPRESENTATION(#2965,#10999);
#888=CONTEXT_DEPENDENT_SHAPE_REPRESENTATION(#2966,#11000);
#889=CONTEXT_DEPENDENT_SHAPE_REPRESENTATION(#2967,#11001);
#890=CONTEXT_DEPENDENT_SHAPE_REPRESENTATION(#2968,#11002);
#891=CONTEXT_DEPENDENT_SHAPE_REPRESENTATION(#2969,#11003);
#892=CONTEXT_DEPENDENT_SHAPE_REPRESENTATION(#2970,#11004);
#893=CONTEXT_DEPENDENT_SHAPE_REPRESENTATION(#2971,#11005);
#894=CONTEXT_DEPENDENT_SHAPE_REPRESENTATION(#2972,#11006);
#895=CONTEXT_DEPENDENT_SHAPE_REPRESENTATION(#2973,#11007);
#896=CONTEXT_DEPENDENT_SHAPE_REPRESENTATION(#2974,#11008);
#897=CONTEXT_DEPENDENT_SHAPE_REPRESENTATION(#2975,#11009);
#898=CONTEXT_DEPENDENT_SHAPE_REPRESENTATION(#2976,#11010);
#899=CONTEXT_DEPENDENT_SHAPE_REPRESENTATION(#2977,#11011);
#900=CONTEXT_DEPENDENT_SHAPE_REPRESENTATION(#2978,#11012);
#901=CONTEXT_DEPENDENT_SHAPE_REPRESENTATION(#2979,#11013);
#902=CONTEXT_DEPENDENT_SHAPE_REPRESENTATION(#2980,#11014);
#903=CONTEXT_DEPENDENT_SHAPE_REPRESENTATION(#2981,#11015);
#904=CONTEXT_DEPENDENT_SHAPE_REPRESENTATION(#2982,#11016);
#905=CONTEXT_DEPENDENT_SHAPE_REPRESENTATION(#2983,#11017);
#906=CONTEXT_DEPENDENT_SHAPE_REPRESENTATION(#2984,#11018);
#907=CONTEXT_DEPENDENT_SHAPE_REPRESENTATION(#2985,#11019);
#908=CONTEXT_DEPENDENT_SHAPE_REPRESENTATION(#2986,#11020);
#909=CONTEXT_DEPENDENT_SHAPE_REPRESENTATION(#2987,#11021);
#910=CONTEXT_DEPENDENT_SHAPE_REPRESENTATION(#2988,#11022);
#911=CONTEXT_DEPENDENT_SHAPE_REPRESENTATION(#2989,#11023);
#912=CONTEXT_DEPENDENT_SHAPE_REPRESENTATION(#2990,#11024);
#913=CONTEXT_DEPENDENT_SHAPE_REPRESENTATION(#2991,#11025);
#914=CONTEXT_DEPENDENT_SHAPE_REPRESENTATION(#2992,#11026);
#915=CONTEXT_DEPENDENT_SHAPE_REPRESENTATION(#2993,#11027);
#916=CONTEXT_DEPENDENT_SHAPE_REPRESENTATION(#2994,#11028);
#917=CONTEXT_DEPENDENT_SHAPE_REPRESENTATION(#2995,#11029);
#918=CONTEXT_DEPENDENT_SHAPE_REPRESENTATION(#2996,#11030);
#919=CONTEXT_DEPENDENT_SHAPE_REPRESENTATION(#2997,#11031);
#920=CONTEXT_DEPENDENT_SHAPE_REPRESENTATION(#2998,#11032);
#921=CONTEXT_DEPENDENT_SHAPE_REPRESENTATION(#2999,#11033);
#922=CONTEXT_DEPENDENT_SHAPE_REPRESENTATION(#3000,#11034);
#923=CONTEXT_DEPENDENT_SHAPE_REPRESENTATION(#3001,#11035);
#924=CONTEXT_DEPENDENT_SHAPE_REPRESENTATION(#3002,#11036);
#925=CONTEXT_DEPENDENT_SHAPE_REPRESENTATION(#3003,#11037);
#926=CONTEXT_DEPENDENT_SHAPE_REPRESENTATION(#3004,#11038);
#927=CONTEXT_DEPENDENT_SHAPE_REPRESENTATION(#3005,#11039);
#928=CONTEXT_DEPENDENT_SHAPE_REPRESENTATION(#3006,#11040);
#929=CONTEXT_DEPENDENT_SHAPE_REPRESENTATION(#3007,#11041);
#930=CONTEXT_DEPENDENT_SHAPE_REPRESENTATION(#3008,#11042);
#931=CONTEXT_DEPENDENT_SHAPE_REPRESENTATION(#3009,#11043);
#932=CONTEXT_DEPENDENT_SHAPE_REPRESENTATION(#3010,#11044);
#933=CONTEXT_DEPENDENT_SHAPE_REPRESENTATION(#3011,#11045);
#934=CONTEXT_DEPENDENT_SHAPE_REPRESENTATION(#3012,#11046);
#935=CONTEXT_DEPENDENT_SHAPE_REPRESENTATION(#3013,#11047);
#936=CONTEXT_DEPENDENT_SHAPE_REPRESENTATION(#3014,#11048);
#937=CONTEXT_DEPENDENT_SHAPE_REPRESENTATION(#3015,#11049);
#938=CONTEXT_DEPENDENT_SHAPE_REPRESENTATION(#3016,#11050);
#939=CONTEXT_DEPENDENT_SHAPE_REPRESENTATION(#3017,#11051);
#940=CONTEXT_DEPENDENT_SHAPE_REPRESENTATION(#3018,#11052);
#941=CONTEXT_DEPENDENT_SHAPE_REPRESENTATION(#3019,#11053);
#942=CONTEXT_DEPENDENT_SHAPE_REPRESENTATION(#3020,#11054);
#943=CONTEXT_DEPENDENT_SHAPE_REPRESENTATION(#3021,#11055);
#944=CONTEXT_DEPENDENT_SHAPE_REPRESENTATION(#3022,#11056);
#945=CONTEXT_DEPENDENT_SHAPE_REPRESENTATION(#3023,#11057);
#946=CONTEXT_DEPENDENT_SHAPE_REPRESENTATION(#3024,#11058);
#947=CONTEXT_DEPENDENT_SHAPE_REPRESENTATION(#3025,#11059);
#948=CONTEXT_DEPENDENT_SHAPE_REPRESENTATION(#3026,#11060);
#949=CONTEXT_DEPENDENT_SHAPE_REPRESENTATION(#3027,#11061);
#950=CONTEXT_DEPENDENT_SHAPE_REPRESENTATION(#3028,#11062);
#951=CONTEXT_DEPENDENT_SHAPE_REPRESENTATION(#3029,#11063);
#952=CONTEXT_DEPENDENT_SHAPE_REPRESENTATION(#3030,#11064);
#953=CONTEXT_DEPENDENT_SHAPE_REPRESENTATION(#3031,#11065);
#954=CONTEXT_DEPENDENT_SHAPE_REPRESENTATION(#3032,#11066);
#955=CONTEXT_DEPENDENT_SHAPE_REPRESENTATION(#3033,#11067);
#956=CONTEXT_DEPENDENT_SHAPE_REPRESENTATION(#3034,#11068);
#957=CONTEXT_DEPENDENT_SHAPE_REPRESENTATION(#3035,#11069);
#958=CONTEXT_DEPENDENT_SHAPE_REPRESENTATION(#3036,#11070);
#959=CONTEXT_DEPENDENT_SHAPE_REPRESENTATION(#3037,#11071);
#960=CONTEXT_DEPENDENT_SHAPE_REPRESENTATION(#3038,#11072);
#961=CONTEXT_DEPENDENT_SHAPE_REPRESENTATION(#3039,#11073);
#962=CONTEXT_DEPENDENT_SHAPE_REPRESENTATION(#3040,#11074);
#963=CONTEXT_DEPENDENT_SHAPE_REPRESENTATION(#3041,#11075);
#964=CONTEXT_DEPENDENT_SHAPE_REPRESENTATION(#3042,#11076);
#965=CONTEXT_DEPENDENT_SHAPE_REPRESENTATION(#3043,#11077);
#966=CONTEXT_DEPENDENT_SHAPE_REPRESENTATION(#3044,#11078);
#967=CONTEXT_DEPENDENT_SHAPE_REPRESENTATION(#3045,#11079);
#968=CONTEXT_DEPENDENT_SHAPE_REPRESENTATION(#3046,#11080);
#969=CONTEXT_DEPENDENT_SHAPE_REPRESENTATION(#3047,#11081);
#970=CONTEXT_DEPENDENT_SHAPE_REPRESENTATION(#3048,#11082);
#971=CONTEXT_DEPENDENT_SHAPE_REPRESENTATION(#3049,#11083);
#972=CONTEXT_DEPENDENT_SHAPE_REPRESENTATION(#3050,#11084);
#973=CONTEXT_DEPENDENT_SHAPE_REPRESENTATION(#3051,#11085);
#974=CONTEXT_DEPENDENT_SHAPE_REPRESENTATION(#3052,#11086);
#975=CONTEXT_DEPENDENT_SHAPE_REPRESENTATION(#3053,#11087);
#976=CONTEXT_DEPENDENT_SHAPE_REPRESENTATION(#3054,#11088);
#977=CONTEXT_DEPENDENT_SHAPE_REPRESENTATION(#3055,#11089);
#978=CONTEXT_DEPENDENT_SHAPE_REPRESENTATION(#3056,#11090);
#979=CONTEXT_DEPENDENT_SHAPE_REPRESENTATION(#3057,#11091);
#980=CONTEXT_DEPENDENT_SHAPE_REPRESENTATION(#3058,#11092);
#981=CONTEXT_DEPENDENT_SHAPE_REPRESENTATION(#3059,#11093);
#982=CONTEXT_DEPENDENT_SHAPE_REPRESENTATION(#3060,#11094);
#983=CONTEXT_DEPENDENT_SHAPE_REPRESENTATION(#3061,#11095);
#984=CONTEXT_DEPENDENT_SHAPE_REPRESENTATION(#3062,#11096);
#985=CONTEXT_DEPENDENT_SHAPE_REPRESENTATION(#3063,#11097);
#986=CONTEXT_DEPENDENT_SHAPE_REPRESENTATION(#3064,#11098);
#987=CONTEXT_DEPENDENT_SHAPE_REPRESENTATION(#3065,#11099);
#988=CONTEXT_DEPENDENT_SHAPE_REPRESENTATION(#3066,#11100);
#989=CONTEXT_DEPENDENT_SHAPE_REPRESENTATION(#3067,#11101);
#990=CONTEXT_DEPENDENT_SHAPE_REPRESENTATION(#3068,#11102);
#991=CONTEXT_DEPENDENT_SHAPE_REPRESENTATION(#3069,#11103);
#992=CONTEXT_DEPENDENT_SHAPE_REPRESENTATION(#3070,#11104);
#993=CONTEXT_DEPENDENT_SHAPE_REPRESENTATION(#3071,#11105);
#994=CONTEXT_DEPENDENT_SHAPE_REPRESENTATION(#3072,#11106);
#995=CONTEXT_DEPENDENT_SHAPE_REPRESENTATION(#3073,#11107);
#996=CONTEXT_DEPENDENT_SHAPE_REPRESENTATION(#3074,#11108);
#997=CONTEXT_DEPENDENT_SHAPE_REPRESENTATION(#3075,#11109);
#998=CONTEXT_DEPENDENT_SHAPE_REPRESENTATION(#3076,#11110);
#999=CONTEXT_DEPENDENT_SHAPE_REPRESENTATION(#3077,#11111);
#1000=CONTEXT_DEPENDENT_SHAPE_REPRESENTATION(#3078,#11112);
#1001=CONTEXT_DEPENDENT_SHAPE_REPRESENTATION(#3079,#11113);
#1002=CONTEXT_DEPENDENT_SHAPE_REPRESENTATION(#3080,#11114);
#1003=CONTEXT_DEPENDENT_SHAPE_REPRESENTATION(#3081,#11115);
#1004=CONTEXT_DEPENDENT_SHAPE_REPRESENTATION(#3082,#11116);
#1005=CONTEXT_DEPENDENT_SHAPE_REPRESENTATION(#3083,#11117);
#1006=CONTEXT_DEPENDENT_SHAPE_REPRESENTATION(#3084,#11118);
#1007=CONTEXT_DEPENDENT_SHAPE_REPRESENTATION(#3085,#11119);
#1008=CONTEXT_DEPENDENT_SHAPE_REPRESENTATION(#3086,#11120);
#1009=CONTEXT_DEPENDENT_SHAPE_REPRESENTATION(#3087,#11121);
#1010=CONTEXT_DEPENDENT_SHAPE_REPRESENTATION(#3088,#11122);
#1011=CONTEXT_DEPENDENT_SHAPE_REPRESENTATION(#3089,#11123);
#1012=CONTEXT_DEPENDENT_SHAPE_REPRESENTATION(#3090,#11124);
#1013=CONTEXT_DEPENDENT_SHAPE_REPRESENTATION(#3091,#11125);
#1014=CONTEXT_DEPENDENT_SHAPE_REPRESENTATION(#3092,#11126);
#1015=CONTEXT_DEPENDENT_SHAPE_REPRESENTATION(#3093,#11127);
#1016=CONTEXT_DEPENDENT_SHAPE_REPRESENTATION(#3094,#11128);
#1017=CONTEXT_DEPENDENT_SHAPE_REPRESENTATION(#3095,#11129);
#1018=CONTEXT_DEPENDENT_SHAPE_REPRESENTATION(#3096,#11130);
#1019=CONTEXT_DEPENDENT_SHAPE_REPRESENTATION(#3097,#11131);
#1020=CONTEXT_DEPENDENT_SHAPE_REPRESENTATION(#3098,#11132);
#1021=CONTEXT_DEPENDENT_SHAPE_REPRESENTATION(#3099,#11133);
#1022=CONTEXT_DEPENDENT_SHAPE_REPRESENTATION(#3100,#11134);
#1023=CONTEXT_DEPENDENT_SHAPE_REPRESENTATION(#3101,#11135);
#1024=CONTEXT_DEPENDENT_SHAPE_REPRESENTATION(#3102,#11136);
#1025=CONTEXT_DEPENDENT_SHAPE_REPRESENTATION(#3103,#11137);
#1026=CONTEXT_DEPENDENT_SHAPE_REPRESENTATION(#3104,#11138);
#1027=CONTEXT_DEPENDENT_SHAPE_REPRESENTATION(#3105,#11139);
#1028=CONTEXT_DEPENDENT_SHAPE_REPRESENTATION(#3106,#11140);
#1029=CONTEXT_DEPENDENT_SHAPE_REPRESENTATION(#3107,#11141);
#1030=CONTEXT_DEPENDENT_SHAPE_REPRESENTATION(#3108,#11142);
#1031=CONTEXT_DEPENDENT_SHAPE_REPRESENTATION(#3109,#11143);
#1032=CONTEXT_DEPENDENT_SHAPE_REPRESENTATION(#3110,#11144);
#1033=CONTEXT_DEPENDENT_SHAPE_REPRESENTATION(#3111,#11145);
#1034=CONTEXT_DEPENDENT_SHAPE_REPRESENTATION(#3112,#11146);
#1035=CONTEXT_DEPENDENT_SHAPE_REPRESENTATION(#3113,#11147);
#1036=CONTEXT_DEPENDENT_SHAPE_REPRESENTATION(#3114,#11148);
#1037=CONTEXT_DEPENDENT_SHAPE_REPRESENTATION(#3115,#11149);
#1038=CONTEXT_DEPENDENT_SHAPE_REPRESENTATION(#3116,#11150);
#1039=CONTEXT_DEPENDENT_SHAPE_REPRESENTATION(#3117,#11151);
#1040=CONTEXT_DEPENDENT_SHAPE_REPRESENTATION(#3118,#11152);
#1041=CONTEXT_DEPENDENT_SHAPE_REPRESENTATION(#3119,#11153);
#1042=CONTEXT_DEPENDENT_SHAPE_REPRESENTATION(#3120,#11154);
#1043=CONTEXT_DEPENDENT_SHAPE_REPRESENTATION(#3121,#11155);
#1044=CONTEXT_DEPENDENT_SHAPE_REPRESENTATION(#3122,#11156);
#1045=CONTEXT_DEPENDENT_SHAPE_REPRESENTATION(#3123,#11157);
#1046=CONTEXT_DEPENDENT_SHAPE_REPRESENTATION(#3124,#11158);
#1047=CONTEXT_DEPENDENT_SHAPE_REPRESENTATION(#3125,#11159);
#1048=CONTEXT_DEPENDENT_SHAPE_REPRESENTATION(#3126,#11160);
#1049=NEXT_ASSEMBLY_USAGE_OCCURRENCE('NAUO1','Part 1','Part 1',#11161,#11162,
'');
#1050=NEXT_ASSEMBLY_USAGE_OCCURRENCE('NAUO2','Part 1','Part 1',#11161,#11162,
'');
#1051=NEXT_ASSEMBLY_USAGE_OCCURRENCE('NAUO3','Part 1','Part 1',#11161,#11162,
'');
#1052=NEXT_ASSEMBLY_USAGE_OCCURRENCE('NAUO4','Part 1','Part 1',#11161,#11162,
'');
#1053=NEXT_ASSEMBLY_USAGE_OCCURRENCE('NAUO5','Part 1','Part 1',#11161,#11162,
'');
#1054=NEXT_ASSEMBLY_USAGE_OCCURRENCE('NAUO6','Part 2','Part 2',#11161,#11163,
'');
#1055=NEXT_ASSEMBLY_USAGE_OCCURRENCE('NAUO7','Part 1','Part 1',#11161,#11162,
'');
#1056=NEXT_ASSEMBLY_USAGE_OCCURRENCE('NAUO8','Part 1','Part 1',#11161,#11162,
'');
#1057=NEXT_ASSEMBLY_USAGE_OCCURRENCE('NAUO9','Part 1','Part 1',#11161,#11162,
'');
#1058=NEXT_ASSEMBLY_USAGE_OCCURRENCE('NAUO10','Part 1','Part 1',#11161,
#11162,'');
#1059=NEXT_ASSEMBLY_USAGE_OCCURRENCE('NAUO11','Part 1','Part 1',#11161,
#11162,'');
#1060=NEXT_ASSEMBLY_USAGE_OCCURRENCE('NAUO12','Part 1','Part 1',#11161,
#11162,'');
#1061=NEXT_ASSEMBLY_USAGE_OCCURRENCE('NAUO13','Part 1','Part 1',#11161,
#11162,'');
#1062=NEXT_ASSEMBLY_USAGE_OCCURRENCE('NAUO14','Part 1','Part 1',#11161,
#11162,'');
#1063=NEXT_ASSEMBLY_USAGE_OCCURRENCE('NAUO15','Part 1','Part 1',#11161,
#11162,'');
#1064=NEXT_ASSEMBLY_USAGE_OCCURRENCE('NAUO16','Part 1','Part 1',#11161,
#11162,'');
#1065=NEXT_ASSEMBLY_USAGE_OCCURRENCE('NAUO17','Part 1','Part 1',#11161,
#11162,'');
#1066=NEXT_ASSEMBLY_USAGE_OCCURRENCE('NAUO18','Part 1','Part 1',#11161,
#11162,'');
#1067=NEXT_ASSEMBLY_USAGE_OCCURRENCE('NAUO19','Part 1','Part 1',#11161,
#11162,'');
#1068=NEXT_ASSEMBLY_USAGE_OCCURRENCE('NAUO20','Part 1','Part 1',#11161,
#11162,'');
#1069=NEXT_ASSEMBLY_USAGE_OCCURRENCE('NAUO21','Part 1','Part 1',#11161,
#11162,'');
#1070=NEXT_ASSEMBLY_USAGE_OCCURRENCE('NAUO22','Part 1','Part 1',#11161,
#11162,'');
#1071=NEXT_ASSEMBLY_USAGE_OCCURRENCE('NAUO23','Part 6','Part 6',#11161,
#11164,'');
#1072=NEXT_ASSEMBLY_USAGE_OCCURRENCE('NAUO24','Part 1','Part 1',#11161,
#11162,'');
#1073=NEXT_ASSEMBLY_USAGE_OCCURRENCE('NAUO25','Part 1','Part 1',#11161,
#11162,'');
#1074=NEXT_ASSEMBLY_USAGE_OCCURRENCE('NAUO26','Part 1','Part 1',#11161,
#11162,'');
#1075=NEXT_ASSEMBLY_USAGE_OCCURRENCE('NAUO27','Part 1','Part 1',#11161,
#11162,'');
#1076=NEXT_ASSEMBLY_USAGE_OCCURRENCE('NAUO28','Part 1','Part 1',#11161,
#11162,'');
#1077=NEXT_ASSEMBLY_USAGE_OCCURRENCE('NAUO29','Part 1','Part 1',#11161,
#11162,'');
#1078=NEXT_ASSEMBLY_USAGE_OCCURRENCE('NAUO30','Part 1','Part 1',#11161,
#11162,'');
#1079=NEXT_ASSEMBLY_USAGE_OCCURRENCE('NAUO31','Part 1','Part 1',#11161,
#11162,'');
#1080=NEXT_ASSEMBLY_USAGE_OCCURRENCE('NAUO32','Part 1','Part 1',#11161,
#11162,'');
#1081=NEXT_ASSEMBLY_USAGE_OCCURRENCE('NAUO33','Part 1','Part 1',#11161,
#11162,'');
#1082=NEXT_ASSEMBLY_USAGE_OCCURRENCE('NAUO34','Part 5','Part 5',#11161,
#11165,'');
#1083=NEXT_ASSEMBLY_USAGE_OCCURRENCE('NAUO35','Part 1','Part 1',#11161,
#11162,'');
#1084=NEXT_ASSEMBLY_USAGE_OCCURRENCE('NAUO36','Part 1','Part 1',#11161,
#11162,'');
#1085=NEXT_ASSEMBLY_USAGE_OCCURRENCE('NAUO37','Part 1','Part 1',#11161,
#11162,'');
#1086=NEXT_ASSEMBLY_USAGE_OCCURRENCE('NAUO38','Part 1','Part 1',#11161,
#11162,'');
#1087=NEXT_ASSEMBLY_USAGE_OCCURRENCE('NAUO39','Part 1','Part 1',#11161,
#11162,'');
#1088=NEXT_ASSEMBLY_USAGE_OCCURRENCE('NAUO40','Part 1','Part 1',#11161,
#11162,'');
#1089=NEXT_ASSEMBLY_USAGE_OCCURRENCE('NAUO41','Part 1','Part 1',#11161,
#11162,'');
#1090=NEXT_ASSEMBLY_USAGE_OCCURRENCE('NAUO42','Part 1','Part 1',#11161,
#11162,'');
#1091=NEXT_ASSEMBLY_USAGE_OCCURRENCE('NAUO43','Part 1','Part 1',#11161,
#11162,'');
#1092=NEXT_ASSEMBLY_USAGE_OCCURRENCE('NAUO44','Part 2','Part 2',#11161,
#11163,'');
#1093=NEXT_ASSEMBLY_USAGE_OCCURRENCE('NAUO45','Part 1','Part 1',#11161,
#11162,'');
#1094=NEXT_ASSEMBLY_USAGE_OCCURRENCE('NAUO46','Part 1','Part 1',#11161,
#11162,'');
#1095=NEXT_ASSEMBLY_USAGE_OCCURRENCE('NAUO47','Part 3','Part 3',#11161,
#11166,'');
#1096=NEXT_ASSEMBLY_USAGE_OCCURRENCE('NAUO48','Part 1','Part 1',#11161,
#11162,'');
#1097=NEXT_ASSEMBLY_USAGE_OCCURRENCE('NAUO49','Part 1','Part 1',#11161,
#11162,'');
#1098=NEXT_ASSEMBLY_USAGE_OCCURRENCE('NAUO50','Part 1','Part 1',#11161,
#11162,'');
#1099=NEXT_ASSEMBLY_USAGE_OCCURRENCE('NAUO51','Part 1','Part 1',#11161,
#11162,'');
#1100=NEXT_ASSEMBLY_USAGE_OCCURRENCE('NAUO52','Part 1','Part 1',#11161,
#11162,'');
#1101=NEXT_ASSEMBLY_USAGE_OCCURRENCE('NAUO53','Part 6','Part 6',#11161,
#11164,'');
#1102=NEXT_ASSEMBLY_USAGE_OCCURRENCE('NAUO54','Part 1','Part 1',#11161,
#11162,'');
#1103=NEXT_ASSEMBLY_USAGE_OCCURRENCE('NAUO55','Part 1','Part 1',#11161,
#11162,'');
#1104=NEXT_ASSEMBLY_USAGE_OCCURRENCE('NAUO56','Part 1','Part 1',#11161,
#11162,'');
#1105=NEXT_ASSEMBLY_USAGE_OCCURRENCE('NAUO57','Part 1','Part 1',#11161,
#11162,'');
#1106=NEXT_ASSEMBLY_USAGE_OCCURRENCE('NAUO58','Part 1','Part 1',#11161,
#11162,'');
#1107=NEXT_ASSEMBLY_USAGE_OCCURRENCE('NAUO59','Part 1','Part 1',#11161,
#11162,'');
#1108=NEXT_ASSEMBLY_USAGE_OCCURRENCE('NAUO60','Part 5','Part 5',#11161,
#11165,'');
#1109=NEXT_ASSEMBLY_USAGE_OCCURRENCE('NAUO61','Part 4','Part 4',#11161,
#11167,'');
#1110=NEXT_ASSEMBLY_USAGE_OCCURRENCE('NAUO62','Part 7','Part 7',#11161,
#11168,'');
#1111=NEXT_ASSEMBLY_USAGE_OCCURRENCE('NAUO63','Part 1','Part 1',#11161,
#11169,'');
#1112=NEXT_ASSEMBLY_USAGE_OCCURRENCE('NAUO64','Part 1','Part 1',#11161,
#11162,'');
#1113=NEXT_ASSEMBLY_USAGE_OCCURRENCE('NAUO65','Part 1','Part 1',#11161,
#11162,'');
#1114=NEXT_ASSEMBLY_USAGE_OCCURRENCE('NAUO66','Part 1','Part 1',#11161,
#11162,'');
#1115=NEXT_ASSEMBLY_USAGE_OCCURRENCE('NAUO67','Part 1','Part 1',#11161,
#11169,'');
#1116=NEXT_ASSEMBLY_USAGE_OCCURRENCE('NAUO68','Part 1','Part 1',#11161,
#11162,'');
#1117=NEXT_ASSEMBLY_USAGE_OCCURRENCE('NAUO69','Part 1','Part 1',#11161,
#11162,'');
#1118=NEXT_ASSEMBLY_USAGE_OCCURRENCE('NAUO70','Part 1','Part 1',#11161,
#11162,'');
#1119=NEXT_ASSEMBLY_USAGE_OCCURRENCE('NAUO71','Part 1','Part 1',#11161,
#11162,'');
#1120=NEXT_ASSEMBLY_USAGE_OCCURRENCE('NAUO72','Part 1','Part 1',#11161,
#11169,'');
#1121=NEXT_ASSEMBLY_USAGE_OCCURRENCE('NAUO73','Part 3','Part 3',#11161,
#11166,'');
#1122=NEXT_ASSEMBLY_USAGE_OCCURRENCE('NAUO74','Part 1','Part 1',#11161,
#11162,'');
#1123=NEXT_ASSEMBLY_USAGE_OCCURRENCE('NAUO75','Part 1','Part 1',#11161,
#11162,'');
#1124=NEXT_ASSEMBLY_USAGE_OCCURRENCE('NAUO76','Part 1','Part 1',#11161,
#11162,'');
#1125=NEXT_ASSEMBLY_USAGE_OCCURRENCE('NAUO77','Part 1','Part 1',#11161,
#11162,'');
#1126=NEXT_ASSEMBLY_USAGE_OCCURRENCE('NAUO78','Part 1','Part 1',#11161,
#11162,'');
#1127=NEXT_ASSEMBLY_USAGE_OCCURRENCE('NAUO79','Part 1','Part 1',#11161,
#11162,'');
#1128=NEXT_ASSEMBLY_USAGE_OCCURRENCE('NAUO80','Part 1','Part 1',#11161,
#11162,'');
#1129=NEXT_ASSEMBLY_USAGE_OCCURRENCE('NAUO81','Part 2','Part 2',#11161,
#11163,'');
#1130=NEXT_ASSEMBLY_USAGE_OCCURRENCE('NAUO82','Part 1','Part 1',#11161,
#11162,'');
#1131=NEXT_ASSEMBLY_USAGE_OCCURRENCE('NAUO83','Part 1','Part 1',#11161,
#11162,'');
#1132=NEXT_ASSEMBLY_USAGE_OCCURRENCE('NAUO84','Part 3','Part 3',#11161,
#11166,'');
#1133=NEXT_ASSEMBLY_USAGE_OCCURRENCE('NAUO85','Part 1','Part 1',#11161,
#11162,'');
#1134=NEXT_ASSEMBLY_USAGE_OCCURRENCE('NAUO86','Part 1','Part 1',#11161,
#11162,'');
#1135=NEXT_ASSEMBLY_USAGE_OCCURRENCE('NAUO87','Part 1','Part 1',#11161,
#11162,'');
#1136=NEXT_ASSEMBLY_USAGE_OCCURRENCE('NAUO88','Part 1','Part 1',#11161,
#11162,'');
#1137=NEXT_ASSEMBLY_USAGE_OCCURRENCE('NAUO89','Part 1','Part 1',#11161,
#11162,'');
#1138=NEXT_ASSEMBLY_USAGE_OCCURRENCE('NAUO90','Part 1','Part 1',#11161,
#11162,'');
#1139=NEXT_ASSEMBLY_USAGE_OCCURRENCE('NAUO91','Part 1','Part 1',#11161,
#11162,'');
#1140=NEXT_ASSEMBLY_USAGE_OCCURRENCE('NAUO92','Part 1','Part 1',#11161,
#11162,'');
#1141=NEXT_ASSEMBLY_USAGE_OCCURRENCE('NAUO93','Part 1','Part 1',#11161,
#11162,'');
#1142=NEXT_ASSEMBLY_USAGE_OCCURRENCE('NAUO94','Part 4','Part 4',#11161,
#11167,'');
#1143=NEXT_ASSEMBLY_USAGE_OCCURRENCE('NAUO95','Part 1','Part 1',#11161,
#11162,'');
#1144=NEXT_ASSEMBLY_USAGE_OCCURRENCE('NAUO96','Part 1','Part 1',#11161,
#11162,'');
#1145=NEXT_ASSEMBLY_USAGE_OCCURRENCE('NAUO97','Part 1','Part 1',#11161,
#11162,'');
#1146=NEXT_ASSEMBLY_USAGE_OCCURRENCE('NAUO98','Part 1','Part 1',#11161,
#11162,'');
#1147=NEXT_ASSEMBLY_USAGE_OCCURRENCE('NAUO99','Part 1','Part 1',#11161,
#11162,'');
#1148=NEXT_ASSEMBLY_USAGE_OCCURRENCE('NAUO100','Part 1','Part 1',#11161,
#11162,'');
#1149=NEXT_ASSEMBLY_USAGE_OCCURRENCE('NAUO101','Part 1','Part 1',#11161,
#11162,'');
#1150=NEXT_ASSEMBLY_USAGE_OCCURRENCE('NAUO102','Part 1','Part 1',#11161,
#11162,'');
#1151=NEXT_ASSEMBLY_USAGE_OCCURRENCE('NAUO103','Part 1','Part 1',#11161,
#11162,'');
#1152=NEXT_ASSEMBLY_USAGE_OCCURRENCE('NAUO104','Part 3','Part 3',#11161,
#11166,'');
#1153=NEXT_ASSEMBLY_USAGE_OCCURRENCE('NAUO105','Part 1','Part 1',#11161,
#11169,'');
#1154=NEXT_ASSEMBLY_USAGE_OCCURRENCE('NAUO106','Part 1','Part 1',#11161,
#11162,'');
#1155=NEXT_ASSEMBLY_USAGE_OCCURRENCE('NAUO107','Part 1','Part 1',#11161,
#11162,'');
#1156=NEXT_ASSEMBLY_USAGE_OCCURRENCE('NAUO108','Part 7','Part 7',#11161,
#11168,'');
#1157=NEXT_ASSEMBLY_USAGE_OCCURRENCE('NAUO109','Part 1','Part 1',#11161,
#11170,'');
#1158=NEXT_ASSEMBLY_USAGE_OCCURRENCE('NAUO110','Part 1','Part 1',#11161,
#11162,'');
#1159=NEXT_ASSEMBLY_USAGE_OCCURRENCE('NAUO111','Part 1','Part 1',#11161,
#11162,'');
#1160=NEXT_ASSEMBLY_USAGE_OCCURRENCE('NAUO112','Part 1','Part 1',#11161,
#11162,'');
#1161=NEXT_ASSEMBLY_USAGE_OCCURRENCE('NAUO113','Part 1','Part 1',#11161,
#11162,'');
#1162=NEXT_ASSEMBLY_USAGE_OCCURRENCE('NAUO114','Part 1','Part 1',#11161,
#11162,'');
#1163=NEXT_ASSEMBLY_USAGE_OCCURRENCE('NAUO115','Part 1','Part 1',#11161,
#11162,'');
#1164=NEXT_ASSEMBLY_USAGE_OCCURRENCE('NAUO116','Part 1','Part 1',#11161,
#11162,'');
#1165=NEXT_ASSEMBLY_USAGE_OCCURRENCE('NAUO117','Part 1','Part 1',#11161,
#11169,'');
#1166=NEXT_ASSEMBLY_USAGE_OCCURRENCE('NAUO118','Part 2','Part 2',#11161,
#11163,'');
#1167=NEXT_ASSEMBLY_USAGE_OCCURRENCE('NAUO119','Part 1','Part 1',#11161,
#11162,'');
#1168=NEXT_ASSEMBLY_USAGE_OCCURRENCE('NAUO120','Part 1','Part 1',#11161,
#11162,'');
#1169=NEXT_ASSEMBLY_USAGE_OCCURRENCE('NAUO121','Part 1','Part 1',#11161,
#11162,'');
#1170=NEXT_ASSEMBLY_USAGE_OCCURRENCE('NAUO122','Part 1','Part 1',#11161,
#11162,'');
#1171=NEXT_ASSEMBLY_USAGE_OCCURRENCE('NAUO123','Part 1','Part 1',#11161,
#11162,'');
#1172=NEXT_ASSEMBLY_USAGE_OCCURRENCE('NAUO124','Part 1','Part 1',#11161,
#11162,'');
#1173=NEXT_ASSEMBLY_USAGE_OCCURRENCE('NAUO125','Part 1','Part 1',#11161,
#11162,'');
#1174=NEXT_ASSEMBLY_USAGE_OCCURRENCE('NAUO126','Part 1','Part 1',#11161,
#11162,'');
#1175=NEXT_ASSEMBLY_USAGE_OCCURRENCE('NAUO127','Part 1','Part 1',#11161,
#11162,'');
#1176=NEXT_ASSEMBLY_USAGE_OCCURRENCE('NAUO128','Part 1','Part 1',#11161,
#11162,'');
#1177=NEXT_ASSEMBLY_USAGE_OCCURRENCE('NAUO129','Part 6','Part 6',#11161,
#11164,'');
#1178=NEXT_ASSEMBLY_USAGE_OCCURRENCE('NAUO130','Part 1','Part 1',#11161,
#11162,'');
#1179=NEXT_ASSEMBLY_USAGE_OCCURRENCE('NAUO131','Part 1','Part 1',#11161,
#11162,'');
#1180=NEXT_ASSEMBLY_USAGE_OCCURRENCE('NAUO132','Part 1','Part 1',#11161,
#11162,'');
#1181=NEXT_ASSEMBLY_USAGE_OCCURRENCE('NAUO133','Part 1','Part 1',#11161,
#11162,'');
#1182=NEXT_ASSEMBLY_USAGE_OCCURRENCE('NAUO134','Part 1','Part 1',#11161,
#11162,'');
#1183=NEXT_ASSEMBLY_USAGE_OCCURRENCE('NAUO135','Part 1','Part 1',#11161,
#11162,'');
#1184=NEXT_ASSEMBLY_USAGE_OCCURRENCE('NAUO136','Part 1','Part 1',#11161,
#11162,'');
#1185=NEXT_ASSEMBLY_USAGE_OCCURRENCE('NAUO137','Part 1','Part 1',#11161,
#11162,'');
#1186=NEXT_ASSEMBLY_USAGE_OCCURRENCE('NAUO138','Part 1','Part 1',#11161,
#11162,'');
#1187=NEXT_ASSEMBLY_USAGE_OCCURRENCE('NAUO139','Part 1','Part 1',#11161,
#11162,'');
#1188=NEXT_ASSEMBLY_USAGE_OCCURRENCE('NAUO140','Part 6','Part 6',#11161,
#11164,'');
#1189=NEXT_ASSEMBLY_USAGE_OCCURRENCE('NAUO141','Part 1','Part 1',#11161,
#11162,'');
#1190=NEXT_ASSEMBLY_USAGE_OCCURRENCE('NAUO142','Part 1','Part 1',#11161,
#11162,'');
#1191=NEXT_ASSEMBLY_USAGE_OCCURRENCE('NAUO143','Part 1','Part 1',#11161,
#11162,'');
#1192=NEXT_ASSEMBLY_USAGE_OCCURRENCE('NAUO144','Part 1','Part 1',#11161,
#11162,'');
#1193=NEXT_ASSEMBLY_USAGE_OCCURRENCE('NAUO145','Part 1','Part 1',#11161,
#11162,'');
#1194=NEXT_ASSEMBLY_USAGE_OCCURRENCE('NAUO146','Part 1','Part 1',#11161,
#11162,'');
#1195=NEXT_ASSEMBLY_USAGE_OCCURRENCE('NAUO147','Part 2','Part 2',#11161,
#11163,'');
#1196=NEXT_ASSEMBLY_USAGE_OCCURRENCE('NAUO148','Part 4','Part 4',#11161,
#11167,'');
#1197=NEXT_ASSEMBLY_USAGE_OCCURRENCE('NAUO149','Part 1','Part 1',#11161,
#11162,'');
#1198=NEXT_ASSEMBLY_USAGE_OCCURRENCE('NAUO150','Part 1','Part 1',#11161,
#11162,'');
#1199=NEXT_ASSEMBLY_USAGE_OCCURRENCE('NAUO151','Part 1','Part 1',#11161,
#11162,'');
#1200=NEXT_ASSEMBLY_USAGE_OCCURRENCE('NAUO152','Part 1','Part 1',#11161,
#11162,'');
#1201=NEXT_ASSEMBLY_USAGE_OCCURRENCE('NAUO153','Part 1','Part 1',#11161,
#11162,'');
#1202=NEXT_ASSEMBLY_USAGE_OCCURRENCE('NAUO154','Part 1','Part 1',#11161,
#11162,'');
#1203=NEXT_ASSEMBLY_USAGE_OCCURRENCE('NAUO155','Part 5','Part 5',#11161,
#11165,'');
#1204=NEXT_ASSEMBLY_USAGE_OCCURRENCE('NAUO156','Part 1','Part 1',#11161,
#11162,'');
#1205=NEXT_ASSEMBLY_USAGE_OCCURRENCE('NAUO157','Part 1','Part 1',#11161,
#11162,'');
#1206=NEXT_ASSEMBLY_USAGE_OCCURRENCE('NAUO158','Part 1','Part 1',#11161,
#11162,'');
#1207=NEXT_ASSEMBLY_USAGE_OCCURRENCE('NAUO159','Part 1','Part 1',#11161,
#11162,'');
#1208=NEXT_ASSEMBLY_USAGE_OCCURRENCE('NAUO160','Part 1','Part 1',#11161,
#11162,'');
#1209=NEXT_ASSEMBLY_USAGE_OCCURRENCE('NAUO161','Part 1','Part 1',#11161,
#11162,'');
#1210=NEXT_ASSEMBLY_USAGE_OCCURRENCE('NAUO162','Part 1','Part 1',#11161,
#11162,'');
#1211=NEXT_ASSEMBLY_USAGE_OCCURRENCE('NAUO163','Part 1','Part 1',#11161,
#11162,'');
#1212=NEXT_ASSEMBLY_USAGE_OCCURRENCE('NAUO164','Part 1','Part 1',#11161,
#11162,'');
#1213=NEXT_ASSEMBLY_USAGE_OCCURRENCE('NAUO165','Part 1','Part 1',#11161,
#11162,'');
#1214=NEXT_ASSEMBLY_USAGE_OCCURRENCE('NAUO166','Part 1','Part 1',#11161,
#11162,'');
#1215=NEXT_ASSEMBLY_USAGE_OCCURRENCE('NAUO167','Part 1','Part 1',#11161,
#11162,'');
#1216=NEXT_ASSEMBLY_USAGE_OCCURRENCE('NAUO168','Part 1','Part 1',#11161,
#11162,'');
#1217=NEXT_ASSEMBLY_USAGE_OCCURRENCE('NAUO169','Part 1','Part 1',#11161,
#11162,'');
#1218=NEXT_ASSEMBLY_USAGE_OCCURRENCE('NAUO170','Part 1','Part 1',#11161,
#11162,'');
#1219=NEXT_ASSEMBLY_USAGE_OCCURRENCE('NAUO171','Part 1','Part 1',#11161,
#11162,'');
#1220=NEXT_ASSEMBLY_USAGE_OCCURRENCE('NAUO172','Part 1','Part 1',#11161,
#11162,'');
#1221=NEXT_ASSEMBLY_USAGE_OCCURRENCE('NAUO173','Part 1','Part 1',#11161,
#11162,'');
#1222=NEXT_ASSEMBLY_USAGE_OCCURRENCE('NAUO174','Part 1','Part 1',#11161,
#11162,'');
#1223=NEXT_ASSEMBLY_USAGE_OCCURRENCE('NAUO175','Part 1','Part 1',#11161,
#11162,'');
#1224=NEXT_ASSEMBLY_USAGE_OCCURRENCE('NAUO176','Part 1','Part 1',#11161,
#11162,'');
#1225=NEXT_ASSEMBLY_USAGE_OCCURRENCE('NAUO177','Part 1','Part 1',#11161,
#11162,'');
#1226=NEXT_ASSEMBLY_USAGE_OCCURRENCE('NAUO178','Part 1','Part 1',#11161,
#11162,'');
#1227=NEXT_ASSEMBLY_USAGE_OCCURRENCE('NAUO179','Part 1','Part 1',#11161,
#11162,'');
#1228=NEXT_ASSEMBLY_USAGE_OCCURRENCE('NAUO180','Part 4','Part 4',#11161,
#11167,'');
#1229=NEXT_ASSEMBLY_USAGE_OCCURRENCE('NAUO181','Part 1','Part 1',#11161,
#11162,'');
#1230=NEXT_ASSEMBLY_USAGE_OCCURRENCE('NAUO182','Part 1','Part 1',#11161,
#11162,'');
#1231=NEXT_ASSEMBLY_USAGE_OCCURRENCE('NAUO183','Part 1','Part 1',#11161,
#11162,'');
#1232=NEXT_ASSEMBLY_USAGE_OCCURRENCE('NAUO184','Part 3','Part 3',#11161,
#11166,'');
#1233=NEXT_ASSEMBLY_USAGE_OCCURRENCE('NAUO185','Part 7','Part 7',#11161,
#11168,'');
#1234=NEXT_ASSEMBLY_USAGE_OCCURRENCE('NAUO186','Part 1','Part 1',#11161,
#11162,'');
#1235=NEXT_ASSEMBLY_USAGE_OCCURRENCE('NAUO187','Part 1','Part 1',#11161,
#11162,'');
#1236=NEXT_ASSEMBLY_USAGE_OCCURRENCE('NAUO188','Part 4','Part 4',#11161,
#11167,'');
#1237=NEXT_ASSEMBLY_USAGE_OCCURRENCE('NAUO189','Part 7','Part 7',#11161,
#11168,'');
#1238=NEXT_ASSEMBLY_USAGE_OCCURRENCE('NAUO190','Part 1','Part 1',#11161,
#11162,'');
#1239=NEXT_ASSEMBLY_USAGE_OCCURRENCE('NAUO191','Part 2','Part 2',#11161,
#11163,'');
#1240=NEXT_ASSEMBLY_USAGE_OCCURRENCE('NAUO192','Part 1','Part 1',#11161,
#11162,'');
#1241=NEXT_ASSEMBLY_USAGE_OCCURRENCE('NAUO193','Part 1','Part 1',#11161,
#11162,'');
#1242=NEXT_ASSEMBLY_USAGE_OCCURRENCE('NAUO194','Part 1','Part 1',#11161,
#11162,'');
#1243=NEXT_ASSEMBLY_USAGE_OCCURRENCE('NAUO195','Part 1','Part 1',#11161,
#11162,'');
#1244=NEXT_ASSEMBLY_USAGE_OCCURRENCE('NAUO196','Part 5','Part 5',#11161,
#11165,'');
#1245=NEXT_ASSEMBLY_USAGE_OCCURRENCE('NAUO197','Part 1','Part 1',#11161,
#11162,'');
#1246=NEXT_ASSEMBLY_USAGE_OCCURRENCE('NAUO198','Part 1','Part 1',#11161,
#11162,'');
#1247=NEXT_ASSEMBLY_USAGE_OCCURRENCE('NAUO199','Part 1','Part 1',#11161,
#11162,'');
#1248=NEXT_ASSEMBLY_USAGE_OCCURRENCE('NAUO200','Part 1','Part 1',#11161,
#11162,'');
#1249=NEXT_ASSEMBLY_USAGE_OCCURRENCE('NAUO201','Part 3','Part 3',#11161,
#11166,'');
#1250=NEXT_ASSEMBLY_USAGE_OCCURRENCE('NAUO202','Part 1','Part 1',#11161,
#11162,'');
#1251=NEXT_ASSEMBLY_USAGE_OCCURRENCE('NAUO203','Part 1','Part 1',#11161,
#11162,'');
#1252=NEXT_ASSEMBLY_USAGE_OCCURRENCE('NAUO204','Part 1','Part 1',#11161,
#11162,'');
#1253=NEXT_ASSEMBLY_USAGE_OCCURRENCE('NAUO205','Part 1','Part 1',#11161,
#11162,'');
#1254=NEXT_ASSEMBLY_USAGE_OCCURRENCE('NAUO206','Part 1','Part 1',#11161,
#11162,'');
#1255=NEXT_ASSEMBLY_USAGE_OCCURRENCE('NAUO207','Part 1','Part 1',#11161,
#11162,'');
#1256=NEXT_ASSEMBLY_USAGE_OCCURRENCE('NAUO208','Part 1','Part 1',#11161,
#11162,'');
#1257=NEXT_ASSEMBLY_USAGE_OCCURRENCE('NAUO209','Part 1','Part 1',#11161,
#11162,'');
#1258=NEXT_ASSEMBLY_USAGE_OCCURRENCE('NAUO210','Part 5','Part 5',#11161,
#11165,'');
#1259=NEXT_ASSEMBLY_USAGE_OCCURRENCE('NAUO211','Part 1','Part 1',#11161,
#11162,'');
#1260=NEXT_ASSEMBLY_USAGE_OCCURRENCE('NAUO212','Part 1','Part 1',#11161,
#11162,'');
#1261=NEXT_ASSEMBLY_USAGE_OCCURRENCE('NAUO213','Part 1','Part 1',#11161,
#11162,'');
#1262=NEXT_ASSEMBLY_USAGE_OCCURRENCE('NAUO214','Part 1','Part 1',#11161,
#11162,'');
#1263=NEXT_ASSEMBLY_USAGE_OCCURRENCE('NAUO215','Part 1','Part 1',#11161,
#11162,'');
#1264=NEXT_ASSEMBLY_USAGE_OCCURRENCE('NAUO216','Part 1','Part 1',#11161,
#11162,'');
#1265=NEXT_ASSEMBLY_USAGE_OCCURRENCE('NAUO217','Part 1','Part 1',#11161,
#11162,'');
#1266=NEXT_ASSEMBLY_USAGE_OCCURRENCE('NAUO218','Part 1','Part 1',#11161,
#11162,'');
#1267=NEXT_ASSEMBLY_USAGE_OCCURRENCE('NAUO219','Part 1','Part 1',#11161,
#11162,'');
#1268=NEXT_ASSEMBLY_USAGE_OCCURRENCE('NAUO220','Part 1','Part 1',#11161,
#11162,'');
#1269=NEXT_ASSEMBLY_USAGE_OCCURRENCE('NAUO221','Part 1','Part 1',#11161,
#11162,'');
#1270=NEXT_ASSEMBLY_USAGE_OCCURRENCE('NAUO222','Part 1','Part 1',#11161,
#11162,'');
#1271=NEXT_ASSEMBLY_USAGE_OCCURRENCE('NAUO223','Part 1','Part 1',#11161,
#11162,'');
#1272=NEXT_ASSEMBLY_USAGE_OCCURRENCE('NAUO224','Part 1','Part 1',#11161,
#11162,'');
#1273=NEXT_ASSEMBLY_USAGE_OCCURRENCE('NAUO225','Part 1','Part 1',#11161,
#11162,'');
#1274=NEXT_ASSEMBLY_USAGE_OCCURRENCE('NAUO226','Part 1','Part 1',#11161,
#11162,'');
#1275=NEXT_ASSEMBLY_USAGE_OCCURRENCE('NAUO227','Part 1','Part 1',#11161,
#11162,'');
#1276=NEXT_ASSEMBLY_USAGE_OCCURRENCE('NAUO228','Part 1','Part 1',#11161,
#11162,'');
#1277=NEXT_ASSEMBLY_USAGE_OCCURRENCE('NAUO229','Part 1','Part 1',#11161,
#11162,'');
#1278=NEXT_ASSEMBLY_USAGE_OCCURRENCE('NAUO230','Part 1','Part 1',#11161,
#11162,'');
#1279=NEXT_ASSEMBLY_USAGE_OCCURRENCE('NAUO231','Part 1','Part 1',#11161,
#11162,'');
#1280=NEXT_ASSEMBLY_USAGE_OCCURRENCE('NAUO232','Part 1','Part 1',#11161,
#11162,'');
#1281=NEXT_ASSEMBLY_USAGE_OCCURRENCE('NAUO233','Part 1','Part 1',#11161,
#11162,'');
#1282=NEXT_ASSEMBLY_USAGE_OCCURRENCE('NAUO234','Part 1','Part 1',#11161,
#11162,'');
#1283=NEXT_ASSEMBLY_USAGE_OCCURRENCE('NAUO235','Part 1','Part 1',#11161,
#11162,'');
#1284=NEXT_ASSEMBLY_USAGE_OCCURRENCE('NAUO236','Part 1','Part 1',#11161,
#11162,'');
#1285=NEXT_ASSEMBLY_USAGE_OCCURRENCE('NAUO237','Part 1','Part 1',#11161,
#11162,'');
#1286=NEXT_ASSEMBLY_USAGE_OCCURRENCE('NAUO238','Part 1','Part 1',#11161,
#11162,'');
#1287=NEXT_ASSEMBLY_USAGE_OCCURRENCE('NAUO239','Part 1','Part 1',#11161,
#11162,'');
#1288=NEXT_ASSEMBLY_USAGE_OCCURRENCE('NAUO240','Part 1','Part 1',#11161,
#11162,'');
#1289=NEXT_ASSEMBLY_USAGE_OCCURRENCE('NAUO241','Part 1','Part 1',#11161,
#11162,'');
#1290=NEXT_ASSEMBLY_USAGE_OCCURRENCE('NAUO242','Part 1','Part 1',#11161,
#11162,'');
#1291=NEXT_ASSEMBLY_USAGE_OCCURRENCE('NAUO243','Part 1','Part 1',#11161,
#11162,'');
#1292=NEXT_ASSEMBLY_USAGE_OCCURRENCE('NAUO244','Part 4','Part 4',#11161,
#11167,'');
#1293=NEXT_ASSEMBLY_USAGE_OCCURRENCE('NAUO245','Part 1','Part 1',#11161,
#11162,'');
#1294=NEXT_ASSEMBLY_USAGE_OCCURRENCE('NAUO246','Part 4','Part 4',#11161,
#11167,'');
#1295=NEXT_ASSEMBLY_USAGE_OCCURRENCE('NAUO247','Part 1','Part 1',#11161,
#11162,'');
#1296=NEXT_ASSEMBLY_USAGE_OCCURRENCE('NAUO248','Part 1','Part 1',#11161,
#11162,'');
#1297=NEXT_ASSEMBLY_USAGE_OCCURRENCE('NAUO249','Part 1','Part 1',#11161,
#11162,'');
#1298=NEXT_ASSEMBLY_USAGE_OCCURRENCE('NAUO250','Part 4','Part 4',#11161,
#11167,'');
#1299=NEXT_ASSEMBLY_USAGE_OCCURRENCE('NAUO251','Part 1','Part 1',#11161,
#11162,'');
#1300=NEXT_ASSEMBLY_USAGE_OCCURRENCE('NAUO252','Part 1','Part 1',#11161,
#11162,'');
#1301=NEXT_ASSEMBLY_USAGE_OCCURRENCE('NAUO253','Part 1','Part 1',#11161,
#11162,'');
#1302=NEXT_ASSEMBLY_USAGE_OCCURRENCE('NAUO254','Part 1','Part 1',#11161,
#11162,'');
#1303=NEXT_ASSEMBLY_USAGE_OCCURRENCE('NAUO255','Part 1','Part 1',#11161,
#11162,'');
#1304=NEXT_ASSEMBLY_USAGE_OCCURRENCE('NAUO256','Part 1','Part 1',#11161,
#11162,'');
#1305=NEXT_ASSEMBLY_USAGE_OCCURRENCE('NAUO257','Part 1','Part 1',#11161,
#11162,'');
#1306=NEXT_ASSEMBLY_USAGE_OCCURRENCE('NAUO258','Part 1','Part 1',#11161,
#11162,'');
#1307=NEXT_ASSEMBLY_USAGE_OCCURRENCE('NAUO259','Part 1','Part 1',#11161,
#11162,'');
#1308=NEXT_ASSEMBLY_USAGE_OCCURRENCE('NAUO260','Part 1','Part 1',#11161,
#11162,'');
#1309=NEXT_ASSEMBLY_USAGE_OCCURRENCE('NAUO261','Part 1','Part 1',#11161,
#11162,'');
#1310=NEXT_ASSEMBLY_USAGE_OCCURRENCE('NAUO262','Part 1','Part 1',#11161,
#11162,'');
#1311=NEXT_ASSEMBLY_USAGE_OCCURRENCE('NAUO263','Part 1','Part 1',#11161,
#11162,'');
#1312=NEXT_ASSEMBLY_USAGE_OCCURRENCE('NAUO264','Part 1','Part 1',#11161,
#11162,'');
#1313=NEXT_ASSEMBLY_USAGE_OCCURRENCE('NAUO265','Part 1','Part 1',#11161,
#11162,'');
#1314=NEXT_ASSEMBLY_USAGE_OCCURRENCE('NAUO266','Part 1','Part 1',#11161,
#11162,'');
#1315=NEXT_ASSEMBLY_USAGE_OCCURRENCE('NAUO267','Part 1','Part 1',#11161,
#11162,'');
#1316=NEXT_ASSEMBLY_USAGE_OCCURRENCE('NAUO268','Part 1','Part 1',#11161,
#11162,'');
#1317=NEXT_ASSEMBLY_USAGE_OCCURRENCE('NAUO269','Part 1','Part 1',#11161,
#11162,'');
#1318=NEXT_ASSEMBLY_USAGE_OCCURRENCE('NAUO270','Part 5','Part 5',#11161,
#11165,'');
#1319=NEXT_ASSEMBLY_USAGE_OCCURRENCE('NAUO271','Part 7','Part 7',#11161,
#11168,'');
#1320=NEXT_ASSEMBLY_USAGE_OCCURRENCE('NAUO272','Part 1','Part 1',#11161,
#11162,'');
#1321=NEXT_ASSEMBLY_USAGE_OCCURRENCE('NAUO273','Part 1','Part 1',#11161,
#11162,'');
#1322=NEXT_ASSEMBLY_USAGE_OCCURRENCE('NAUO274','Part 1','Part 1',#11161,
#11162,'');
#1323=NEXT_ASSEMBLY_USAGE_OCCURRENCE('NAUO275','Part 1','Part 1',#11161,
#11162,'');
#1324=NEXT_ASSEMBLY_USAGE_OCCURRENCE('NAUO276','Part 1','Part 1',#11161,
#11162,'');
#1325=NEXT_ASSEMBLY_USAGE_OCCURRENCE('NAUO277','Part 1','Part 1',#11161,
#11162,'');
#1326=NEXT_ASSEMBLY_USAGE_OCCURRENCE('NAUO278','Part 1','Part 1',#11161,
#11162,'');
#1327=NEXT_ASSEMBLY_USAGE_OCCURRENCE('NAUO279','Part 1','Part 1',#11161,
#11162,'');
#1328=NEXT_ASSEMBLY_USAGE_OCCURRENCE('NAUO280','Part 1','Part 1',#11161,
#11162,'');
#1329=NEXT_ASSEMBLY_USAGE_OCCURRENCE('NAUO281','Part 1','Part 1',#11161,
#11162,'');
#1330=NEXT_ASSEMBLY_USAGE_OCCURRENCE('NAUO282','Part 1','Part 1',#11161,
#11162,'');
#1331=NEXT_ASSEMBLY_USAGE_OCCURRENCE('NAUO283','Part 1','Part 1',#11161,
#11162,'');
#1332=NEXT_ASSEMBLY_USAGE_OCCURRENCE('NAUO284','Part 1','Part 1',#11161,
#11162,'');
#1333=NEXT_ASSEMBLY_USAGE_OCCURRENCE('NAUO285','Part 1','Part 1',#11161,
#11162,'');
#1334=NEXT_ASSEMBLY_USAGE_OCCURRENCE('NAUO286','Part 1','Part 1',#11161,
#11162,'');
#1335=NEXT_ASSEMBLY_USAGE_OCCURRENCE('NAUO287','Part 1','Part 1',#11161,
#11162,'');
#1336=NEXT_ASSEMBLY_USAGE_OCCURRENCE('NAUO288','Part 1','Part 1',#11161,
#11162,'');
#1337=NEXT_ASSEMBLY_USAGE_OCCURRENCE('NAUO289','Part 2','Part 2',#11161,
#11163,'');
#1338=NEXT_ASSEMBLY_USAGE_OCCURRENCE('NAUO290','Part 1','Part 1',#11161,
#11162,'');
#1339=NEXT_ASSEMBLY_USAGE_OCCURRENCE('NAUO291','Part 1','Part 1',#11161,
#11162,'');
#1340=NEXT_ASSEMBLY_USAGE_OCCURRENCE('NAUO292','Part 1','Part 1',#11161,
#11162,'');
#1341=NEXT_ASSEMBLY_USAGE_OCCURRENCE('NAUO293','Part 1','Part 1',#11161,
#11162,'');
#1342=NEXT_ASSEMBLY_USAGE_OCCURRENCE('NAUO294','Part 1','Part 1',#11161,
#11162,'');
#1343=NEXT_ASSEMBLY_USAGE_OCCURRENCE('NAUO295','Part 1','Part 1',#11161,
#11162,'');
#1344=NEXT_ASSEMBLY_USAGE_OCCURRENCE('NAUO296','Part 1','Part 1',#11161,
#11169,'');
#1345=NEXT_ASSEMBLY_USAGE_OCCURRENCE('NAUO297','Part 6','Part 6',#11161,
#11164,'');
#1346=NEXT_ASSEMBLY_USAGE_OCCURRENCE('NAUO298','Part 1','Part 1',#11161,
#11162,'');
#1347=NEXT_ASSEMBLY_USAGE_OCCURRENCE('NAUO299','Part 1','Part 1',#11161,
#11162,'');
#1348=NEXT_ASSEMBLY_USAGE_OCCURRENCE('NAUO300','Part 1','Part 1',#11161,
#11162,'');
#1349=NEXT_ASSEMBLY_USAGE_OCCURRENCE('NAUO301','Part 1','Part 1',#11161,
#11162,'');
#1350=NEXT_ASSEMBLY_USAGE_OCCURRENCE('NAUO302','Part 1','Part 1',#11161,
#11162,'');
#1351=NEXT_ASSEMBLY_USAGE_OCCURRENCE('NAUO303','Part 1','Part 1',#11161,
#11162,'');
#1352=NEXT_ASSEMBLY_USAGE_OCCURRENCE('NAUO304','Part 1','Part 1',#11161,
#11162,'');
#1353=NEXT_ASSEMBLY_USAGE_OCCURRENCE('NAUO305','Part 5','Part 5',#11161,
#11165,'');
#1354=NEXT_ASSEMBLY_USAGE_OCCURRENCE('NAUO306','Part 1','Part 1',#11161,
#11162,'');
#1355=NEXT_ASSEMBLY_USAGE_OCCURRENCE('NAUO307','Part 1','Part 1',#11161,
#11162,'');
#1356=NEXT_ASSEMBLY_USAGE_OCCURRENCE('NAUO308','Part 3','Part 3',#11161,
#11166,'');
#1357=NEXT_ASSEMBLY_USAGE_OCCURRENCE('NAUO309','Part 1','Part 1',#11161,
#11162,'');
#1358=NEXT_ASSEMBLY_USAGE_OCCURRENCE('NAUO310','Part 3','Part 3',#11161,
#11166,'');
#1359=NEXT_ASSEMBLY_USAGE_OCCURRENCE('NAUO311','Part 1','Part 1',#11161,
#11169,'');
#1360=NEXT_ASSEMBLY_USAGE_OCCURRENCE('NAUO312','Part 1','Part 1',#11161,
#11162,'');
#1361=NEXT_ASSEMBLY_USAGE_OCCURRENCE('NAUO313','Part 1','Part 1',#11161,
#11162,'');
#1362=NEXT_ASSEMBLY_USAGE_OCCURRENCE('NAUO314','Part 1','Part 1',#11161,
#11162,'');
#1363=NEXT_ASSEMBLY_USAGE_OCCURRENCE('NAUO315','Part 1','Part 1',#11161,
#11162,'');
#1364=NEXT_ASSEMBLY_USAGE_OCCURRENCE('NAUO316','Part 1','Part 1',#11161,
#11162,'');
#1365=NEXT_ASSEMBLY_USAGE_OCCURRENCE('NAUO317','Part 3','Part 3',#11161,
#11166,'');
#1366=NEXT_ASSEMBLY_USAGE_OCCURRENCE('NAUO318','Part 6','Part 6',#11161,
#11164,'');
#1367=NEXT_ASSEMBLY_USAGE_OCCURRENCE('NAUO319','Part 1','Part 1',#11161,
#11162,'');
#1368=NEXT_ASSEMBLY_USAGE_OCCURRENCE('NAUO320','Part 7','Part 7',#11161,
#11168,'');
#1369=NEXT_ASSEMBLY_USAGE_OCCURRENCE('NAUO321','Part 1','Part 1',#11161,
#11170,'');
#1370=NEXT_ASSEMBLY_USAGE_OCCURRENCE('NAUO322','Part 1','Part 1',#11161,
#11162,'');
#1371=NEXT_ASSEMBLY_USAGE_OCCURRENCE('NAUO323','Part 1','Part 1',#11161,
#11162,'');
#1372=NEXT_ASSEMBLY_USAGE_OCCURRENCE('NAUO324','Part 1','Part 1',#11161,
#11162,'');
#1373=NEXT_ASSEMBLY_USAGE_OCCURRENCE('NAUO325','Part 1','Part 1',#11161,
#11162,'');
#1374=NEXT_ASSEMBLY_USAGE_OCCURRENCE('NAUO326','Part 1','Part 1',#11161,
#11169,'');
#1375=NEXT_ASSEMBLY_USAGE_OCCURRENCE('NAUO327','Part 1','Part 1',#11161,
#11162,'');
#1376=NEXT_ASSEMBLY_USAGE_OCCURRENCE('NAUO328','Part 1','Part 1',#11161,
#11162,'');
#1377=NEXT_ASSEMBLY_USAGE_OCCURRENCE('NAUO329','Part 1','Part 1',#11161,
#11162,'');
#1378=NEXT_ASSEMBLY_USAGE_OCCURRENCE('NAUO330','Part 1','Part 1',#11161,
#11162,'');
#1379=NEXT_ASSEMBLY_USAGE_OCCURRENCE('NAUO331','Part 6','Part 6',#11161,
#11164,'');
#1380=NEXT_ASSEMBLY_USAGE_OCCURRENCE('NAUO332','Part 7','Part 7',#11161,
#11168,'');
#1381=NEXT_ASSEMBLY_USAGE_OCCURRENCE('NAUO333','Part 1','Part 1',#11161,
#11162,'');
#1382=NEXT_ASSEMBLY_USAGE_OCCURRENCE('NAUO334','Part 1','Part 1',#11161,
#11162,'');
#1383=NEXT_ASSEMBLY_USAGE_OCCURRENCE('NAUO335','Part 1','Part 1',#11161,
#11162,'');
#1384=NEXT_ASSEMBLY_USAGE_OCCURRENCE('NAUO336','Part 3','Part 3',#11161,
#11166,'');
#1385=NEXT_ASSEMBLY_USAGE_OCCURRENCE('NAUO337','Part 1','Part 1',#11161,
#11162,'');
#1386=NEXT_ASSEMBLY_USAGE_OCCURRENCE('NAUO338','Part 5','Part 5',#11161,
#11165,'');
#1387=NEXT_ASSEMBLY_USAGE_OCCURRENCE('NAUO339','Part 1','Part 1',#11161,
#11162,'');
#1388=NEXT_ASSEMBLY_USAGE_OCCURRENCE('NAUO340','Part 1','Part 1',#11161,
#11162,'');
#1389=NEXT_ASSEMBLY_USAGE_OCCURRENCE('NAUO341','Part 1','Part 1',#11161,
#11162,'');
#1390=NEXT_ASSEMBLY_USAGE_OCCURRENCE('NAUO342','Part 1','Part 1',#11161,
#11162,'');
#1391=NEXT_ASSEMBLY_USAGE_OCCURRENCE('NAUO343','Part 1','Part 1',#11161,
#11162,'');
#1392=NEXT_ASSEMBLY_USAGE_OCCURRENCE('NAUO344','Part 1','Part 1',#11161,
#11162,'');
#1393=NEXT_ASSEMBLY_USAGE_OCCURRENCE('NAUO345','Part 1','Part 1',#11161,
#11162,'');
#1394=NEXT_ASSEMBLY_USAGE_OCCURRENCE('NAUO346','Part 1','Part 1',#11161,
#11162,'');
#1395=NEXT_ASSEMBLY_USAGE_OCCURRENCE('NAUO347','Part 1','Part 1',#11161,
#11162,'');
#1396=NEXT_ASSEMBLY_USAGE_OCCURRENCE('NAUO348','Part 1','Part 1',#11161,
#11162,'');
#1397=NEXT_ASSEMBLY_USAGE_OCCURRENCE('NAUO349','Part 1','Part 1',#11161,
#11162,'');
#1398=NEXT_ASSEMBLY_USAGE_OCCURRENCE('NAUO350','Part 1','Part 1',#11161,
#11162,'');
#1399=NEXT_ASSEMBLY_USAGE_OCCURRENCE('NAUO351','Part 1','Part 1',#11161,
#11162,'');
#1400=NEXT_ASSEMBLY_USAGE_OCCURRENCE('NAUO352','Part 1','Part 1',#11161,
#11162,'');
#1401=NEXT_ASSEMBLY_USAGE_OCCURRENCE('NAUO353','Part 1','Part 1',#11161,
#11162,'');
#1402=NEXT_ASSEMBLY_USAGE_OCCURRENCE('NAUO354','Part 1','Part 1',#11161,
#11162,'');
#1403=NEXT_ASSEMBLY_USAGE_OCCURRENCE('NAUO355','Part 1','Part 1',#11161,
#11162,'');
#1404=NEXT_ASSEMBLY_USAGE_OCCURRENCE('NAUO356','Part 1','Part 1',#11161,
#11162,'');
#1405=NEXT_ASSEMBLY_USAGE_OCCURRENCE('NAUO357','Part 1','Part 1',#11161,
#11162,'');
#1406=NEXT_ASSEMBLY_USAGE_OCCURRENCE('NAUO358','Part 1','Part 1',#11161,
#11162,'');
#1407=NEXT_ASSEMBLY_USAGE_OCCURRENCE('NAUO359','Part 1','Part 1',#11161,
#11162,'');
#1408=NEXT_ASSEMBLY_USAGE_OCCURRENCE('NAUO360','Part 1','Part 1',#11161,
#11162,'');
#1409=NEXT_ASSEMBLY_USAGE_OCCURRENCE('NAUO361','Part 1','Part 1',#11161,
#11162,'');
#1410=NEXT_ASSEMBLY_USAGE_OCCURRENCE('NAUO362','Part 1','Part 1',#11161,
#11162,'');
#1411=NEXT_ASSEMBLY_USAGE_OCCURRENCE('NAUO363','Part 5','Part 5',#11161,
#11165,'');
#1412=NEXT_ASSEMBLY_USAGE_OCCURRENCE('NAUO364','Part 1','Part 1',#11161,
#11162,'');
#1413=NEXT_ASSEMBLY_USAGE_OCCURRENCE('NAUO365','Part 1','Part 1',#11161,
#11162,'');
#1414=NEXT_ASSEMBLY_USAGE_OCCURRENCE('NAUO366','Part 1','Part 1',#11161,
#11162,'');
#1415=NEXT_ASSEMBLY_USAGE_OCCURRENCE('NAUO367','Part 7','Part 7',#11161,
#11168,'');
#1416=NEXT_ASSEMBLY_USAGE_OCCURRENCE('NAUO368','Part 2','Part 2',#11161,
#11163,'');
#1417=NEXT_ASSEMBLY_USAGE_OCCURRENCE('NAUO369','Part 5','Part 5',#11161,
#11165,'');
#1418=NEXT_ASSEMBLY_USAGE_OCCURRENCE('NAUO370','Part 1','Part 1',#11161,
#11162,'');
#1419=NEXT_ASSEMBLY_USAGE_OCCURRENCE('NAUO371','Part 1','Part 1',#11161,
#11162,'');
#1420=NEXT_ASSEMBLY_USAGE_OCCURRENCE('NAUO372','Part 1','Part 1',#11161,
#11162,'');
#1421=NEXT_ASSEMBLY_USAGE_OCCURRENCE('NAUO373','Part 1','Part 1',#11161,
#11162,'');
#1422=NEXT_ASSEMBLY_USAGE_OCCURRENCE('NAUO374','Part 5','Part 5',#11161,
#11165,'');
#1423=NEXT_ASSEMBLY_USAGE_OCCURRENCE('NAUO375','Part 1','Part 1',#11161,
#11162,'');
#1424=NEXT_ASSEMBLY_USAGE_OCCURRENCE('NAUO376','Part 1','Part 1',#11161,
#11162,'');
#1425=NEXT_ASSEMBLY_USAGE_OCCURRENCE('NAUO377','Part 1','Part 1',#11161,
#11162,'');
#1426=NEXT_ASSEMBLY_USAGE_OCCURRENCE('NAUO378','Part 1','Part 1',#11161,
#11162,'');
#1427=NEXT_ASSEMBLY_USAGE_OCCURRENCE('NAUO379','Part 5','Part 5',#11161,
#11165,'');
#1428=NEXT_ASSEMBLY_USAGE_OCCURRENCE('NAUO380','Part 1','Part 1',#11161,
#11170,'');
#1429=NEXT_ASSEMBLY_USAGE_OCCURRENCE('NAUO381','Part 5','Part 5',#11161,
#11165,'');
#1430=NEXT_ASSEMBLY_USAGE_OCCURRENCE('NAUO382','Part 1','Part 1',#11161,
#11162,'');
#1431=NEXT_ASSEMBLY_USAGE_OCCURRENCE('NAUO383','Part 1','Part 1',#11161,
#11162,'');
#1432=NEXT_ASSEMBLY_USAGE_OCCURRENCE('NAUO384','Part 2','Part 2',#11161,
#11163,'');
#1433=NEXT_ASSEMBLY_USAGE_OCCURRENCE('NAUO385','Part 1','Part 1',#11161,
#11162,'');
#1434=NEXT_ASSEMBLY_USAGE_OCCURRENCE('NAUO386','Part 1','Part 1',#11161,
#11162,'');
#1435=NEXT_ASSEMBLY_USAGE_OCCURRENCE('NAUO387','Part 1','Part 1',#11161,
#11162,'');
#1436=NEXT_ASSEMBLY_USAGE_OCCURRENCE('NAUO388','Part 1','Part 1',#11161,
#11162,'');
#1437=NEXT_ASSEMBLY_USAGE_OCCURRENCE('NAUO389','Part 1','Part 1',#11161,
#11162,'');
#1438=NEXT_ASSEMBLY_USAGE_OCCURRENCE('NAUO390','Part 1','Part 1',#11161,
#11162,'');
#1439=NEXT_ASSEMBLY_USAGE_OCCURRENCE('NAUO391','Part 1','Part 1',#11161,
#11162,'');
#1440=NEXT_ASSEMBLY_USAGE_OCCURRENCE('NAUO392','Part 7','Part 7',#11161,
#11168,'');
#1441=NEXT_ASSEMBLY_USAGE_OCCURRENCE('NAUO393','Part 3','Part 3',#11161,
#11166,'');
#1442=NEXT_ASSEMBLY_USAGE_OCCURRENCE('NAUO394','Part 1','Part 1',#11161,
#11162,'');
#1443=NEXT_ASSEMBLY_USAGE_OCCURRENCE('NAUO395','Part 1','Part 1',#11161,
#11162,'');
#1444=NEXT_ASSEMBLY_USAGE_OCCURRENCE('NAUO396','Part 1','Part 1',#11161,
#11162,'');
#1445=NEXT_ASSEMBLY_USAGE_OCCURRENCE('NAUO397','Part 1','Part 1',#11161,
#11162,'');
#1446=NEXT_ASSEMBLY_USAGE_OCCURRENCE('NAUO398','Part 1','Part 1',#11161,
#11162,'');
#1447=NEXT_ASSEMBLY_USAGE_OCCURRENCE('NAUO399','Part 1','Part 1',#11161,
#11162,'');
#1448=NEXT_ASSEMBLY_USAGE_OCCURRENCE('NAUO400','Part 1','Part 1',#11161,
#11162,'');
#1449=NEXT_ASSEMBLY_USAGE_OCCURRENCE('NAUO401','Part 1','Part 1',#11161,
#11162,'');
#1450=NEXT_ASSEMBLY_USAGE_OCCURRENCE('NAUO402','Part 1','Part 1',#11161,
#11162,'');
#1451=NEXT_ASSEMBLY_USAGE_OCCURRENCE('NAUO403','Part 1','Part 1',#11161,
#11162,'');
#1452=NEXT_ASSEMBLY_USAGE_OCCURRENCE('NAUO404','Part 1','Part 1',#11161,
#11162,'');
#1453=NEXT_ASSEMBLY_USAGE_OCCURRENCE('NAUO405','Part 1','Part 1',#11161,
#11162,'');
#1454=NEXT_ASSEMBLY_USAGE_OCCURRENCE('NAUO406','Part 1','Part 1',#11161,
#11162,'');
#1455=NEXT_ASSEMBLY_USAGE_OCCURRENCE('NAUO407','Part 6','Part 6',#11161,
#11164,'');
#1456=NEXT_ASSEMBLY_USAGE_OCCURRENCE('NAUO408','Part 7','Part 7',#11161,
#11168,'');
#1457=NEXT_ASSEMBLY_USAGE_OCCURRENCE('NAUO409','Part 1','Part 1',#11161,
#11162,'');
#1458=NEXT_ASSEMBLY_USAGE_OCCURRENCE('NAUO410','Part 1','Part 1',#11161,
#11162,'');
#1459=NEXT_ASSEMBLY_USAGE_OCCURRENCE('NAUO411','Part 1','Part 1',#11161,
#11162,'');
#1460=NEXT_ASSEMBLY_USAGE_OCCURRENCE('NAUO412','Part 1','Part 1',#11161,
#11162,'');
#1461=NEXT_ASSEMBLY_USAGE_OCCURRENCE('NAUO413','Part 1','Part 1',#11161,
#11162,'');
#1462=NEXT_ASSEMBLY_USAGE_OCCURRENCE('NAUO414','Part 1','Part 1',#11161,
#11162,'');
#1463=NEXT_ASSEMBLY_USAGE_OCCURRENCE('NAUO415','Part 1','Part 1',#11161,
#11162,'');
#1464=NEXT_ASSEMBLY_USAGE_OCCURRENCE('NAUO416','Part 1','Part 1',#11161,
#11162,'');
#1465=NEXT_ASSEMBLY_USAGE_OCCURRENCE('NAUO417','Part 1','Part 1',#11161,
#11162,'');
#1466=NEXT_ASSEMBLY_USAGE_OCCURRENCE('NAUO418','Part 1','Part 1',#11161,
#11162,'');
#1467=NEXT_ASSEMBLY_USAGE_OCCURRENCE('NAUO419','Part 1','Part 1',#11161,
#11162,'');
#1468=NEXT_ASSEMBLY_USAGE_OCCURRENCE('NAUO420','Part 5','Part 5',#11161,
#11165,'');
#1469=NEXT_ASSEMBLY_USAGE_OCCURRENCE('NAUO421','Part 1','Part 1',#11161,
#11162,'');
#1470=NEXT_ASSEMBLY_USAGE_OCCURRENCE('NAUO422','Part 2','Part 2',#11161,
#11163,'');
#1471=NEXT_ASSEMBLY_USAGE_OCCURRENCE('NAUO423','Part 1','Part 1',#11161,
#11162,'');
#1472=NEXT_ASSEMBLY_USAGE_OCCURRENCE('NAUO424','Part 1','Part 1',#11161,
#11162,'');
#1473=NEXT_ASSEMBLY_USAGE_OCCURRENCE('NAUO425','Part 1','Part 1',#11161,
#11162,'');
#1474=NEXT_ASSEMBLY_USAGE_OCCURRENCE('NAUO426','Part 1','Part 1',#11161,
#11162,'');
#1475=NEXT_ASSEMBLY_USAGE_OCCURRENCE('NAUO427','Part 1','Part 1',#11161,
#11162,'');
#1476=NEXT_ASSEMBLY_USAGE_OCCURRENCE('NAUO428','Part 1','Part 1',#11161,
#11162,'');
#1477=NEXT_ASSEMBLY_USAGE_OCCURRENCE('NAUO429','Part 1','Part 1',#11161,
#11162,'');
#1478=NEXT_ASSEMBLY_USAGE_OCCURRENCE('NAUO430','Part 1','Part 1',#11161,
#11162,'');
#1479=NEXT_ASSEMBLY_USAGE_OCCURRENCE('NAUO431','Part 1','Part 1',#11161,
#11162,'');
#1480=NEXT_ASSEMBLY_USAGE_OCCURRENCE('NAUO432','Part 1','Part 1',#11161,
#11162,'');
#1481=NEXT_ASSEMBLY_USAGE_OCCURRENCE('NAUO433','Part 6','Part 6',#11161,
#11164,'');
#1482=NEXT_ASSEMBLY_USAGE_OCCURRENCE('NAUO434','Part 1','Part 1',#11161,
#11162,'');
#1483=NEXT_ASSEMBLY_USAGE_OCCURRENCE('NAUO435','Part 1','Part 1',#11161,
#11162,'');
#1484=NEXT_ASSEMBLY_USAGE_OCCURRENCE('NAUO436','Part 1','Part 1',#11161,
#11162,'');
#1485=NEXT_ASSEMBLY_USAGE_OCCURRENCE('NAUO437','Part 1','Part 1',#11161,
#11162,'');
#1486=NEXT_ASSEMBLY_USAGE_OCCURRENCE('NAUO438','Part 1','Part 1',#11161,
#11162,'');
#1487=NEXT_ASSEMBLY_USAGE_OCCURRENCE('NAUO439','Part 3','Part 3',#11161,
#11166,'');
#1488=NEXT_ASSEMBLY_USAGE_OCCURRENCE('NAUO440','Part 1','Part 1',#11161,
#11162,'');
#1489=NEXT_ASSEMBLY_USAGE_OCCURRENCE('NAUO441','Part 1','Part 1',#11161,
#11162,'');
#1490=NEXT_ASSEMBLY_USAGE_OCCURRENCE('NAUO442','Part 1','Part 1',#11161,
#11162,'');
#1491=NEXT_ASSEMBLY_USAGE_OCCURRENCE('NAUO443','Part 1','Part 1',#11161,
#11162,'');
#1492=NEXT_ASSEMBLY_USAGE_OCCURRENCE('NAUO444','Part 1','Part 1',#11161,
#11162,'');
#1493=NEXT_ASSEMBLY_USAGE_OCCURRENCE('NAUO445','Part 1','Part 1',#11161,
#11162,'');
#1494=NEXT_ASSEMBLY_USAGE_OCCURRENCE('NAUO446','Part 1','Part 1',#11161,
#11162,'');
#1495=NEXT_ASSEMBLY_USAGE_OCCURRENCE('NAUO447','Part 1','Part 1',#11161,
#11162,'');
#1496=NEXT_ASSEMBLY_USAGE_OCCURRENCE('NAUO448','Part 1','Part 1',#11161,
#11162,'');
#1497=NEXT_ASSEMBLY_USAGE_OCCURRENCE('NAUO449','Part 1','Part 1',#11161,
#11162,'');
#1498=NEXT_ASSEMBLY_USAGE_OCCURRENCE('NAUO450','Part 1','Part 1',#11161,
#11162,'');
#1499=NEXT_ASSEMBLY_USAGE_OCCURRENCE('NAUO451','Part 1','Part 1',#11161,
#11162,'');
#1500=NEXT_ASSEMBLY_USAGE_OCCURRENCE('NAUO452','Part 6','Part 6',#11161,
#11164,'');
#1501=NEXT_ASSEMBLY_USAGE_OCCURRENCE('NAUO453','Part 1','Part 1',#11161,
#11162,'');
#1502=NEXT_ASSEMBLY_USAGE_OCCURRENCE('NAUO454','Part 1','Part 1',#11161,
#11162,'');
#1503=NEXT_ASSEMBLY_USAGE_OCCURRENCE('NAUO455','Part 1','Part 1',#11161,
#11162,'');
#1504=NEXT_ASSEMBLY_USAGE_OCCURRENCE('NAUO456','Part 1','Part 1',#11161,
#11162,'');
#1505=NEXT_ASSEMBLY_USAGE_OCCURRENCE('NAUO457','Part 1','Part 1',#11161,
#11162,'');
#1506=NEXT_ASSEMBLY_USAGE_OCCURRENCE('NAUO458','Part 1','Part 1',#11161,
#11162,'');
#1507=NEXT_ASSEMBLY_USAGE_OCCURRENCE('NAUO459','Part 1','Part 1',#11161,
#11162,'');
#1508=NEXT_ASSEMBLY_USAGE_OCCURRENCE('NAUO460','Part 1','Part 1',#11161,
#11162,'');
#1509=NEXT_ASSEMBLY_USAGE_OCCURRENCE('NAUO461','Part 3','Part 3',#11161,
#11166,'');
#1510=NEXT_ASSEMBLY_USAGE_OCCURRENCE('NAUO462','Part 1','Part 1',#11161,
#11162,'');
#1511=NEXT_ASSEMBLY_USAGE_OCCURRENCE('NAUO463','Part 1','Part 1',#11161,
#11162,'');
#1512=NEXT_ASSEMBLY_USAGE_OCCURRENCE('NAUO464','Part 1','Part 1',#11161,
#11169,'');
#1513=NEXT_ASSEMBLY_USAGE_OCCURRENCE('NAUO465','Part 1','Part 1',#11161,
#11162,'');
#1514=NEXT_ASSEMBLY_USAGE_OCCURRENCE('NAUO466','Part 1','Part 1',#11161,
#11162,'');
#1515=NEXT_ASSEMBLY_USAGE_OCCURRENCE('NAUO467','Part 1','Part 1',#11161,
#11162,'');
#1516=NEXT_ASSEMBLY_USAGE_OCCURRENCE('NAUO468','Part 1','Part 1',#11161,
#11170,'');
#1517=NEXT_ASSEMBLY_USAGE_OCCURRENCE('NAUO469','Part 1','Part 1',#11161,
#11162,'');
#1518=NEXT_ASSEMBLY_USAGE_OCCURRENCE('NAUO470','Part 1','Part 1',#11161,
#11162,'');
#1519=NEXT_ASSEMBLY_USAGE_OCCURRENCE('NAUO471','Part 1','Part 1',#11161,
#11162,'');
#1520=NEXT_ASSEMBLY_USAGE_OCCURRENCE('NAUO472','Part 1','Part 1',#11161,
#11162,'');
#1521=NEXT_ASSEMBLY_USAGE_OCCURRENCE('NAUO473','Part 1','Part 1',#11161,
#11169,'');
#1522=NEXT_ASSEMBLY_USAGE_OCCURRENCE('NAUO474','Part 1','Part 1',#11161,
#11162,'');
#1523=NEXT_ASSEMBLY_USAGE_OCCURRENCE('NAUO475','Part 1','Part 1',#11161,
#11162,'');
#1524=NEXT_ASSEMBLY_USAGE_OCCURRENCE('NAUO476','Part 1','Part 1',#11161,
#11162,'');
#1525=NEXT_ASSEMBLY_USAGE_OCCURRENCE('NAUO477','Part 1','Part 1',#11161,
#11162,'');
#1526=NEXT_ASSEMBLY_USAGE_OCCURRENCE('NAUO478','Part 1','Part 1',#11161,
#11162,'');
#1527=NEXT_ASSEMBLY_USAGE_OCCURRENCE('NAUO479','Part 1','Part 1',#11161,
#11162,'');
#1528=NEXT_ASSEMBLY_USAGE_OCCURRENCE('NAUO480','Part 1','Part 1',#11161,
#11162,'');
#1529=NEXT_ASSEMBLY_USAGE_OCCURRENCE('NAUO481','Part 1','Part 1',#11161,
#11162,'');
#1530=NEXT_ASSEMBLY_USAGE_OCCURRENCE('NAUO482','Part 2','Part 2',#11161,
#11163,'');
#1531=NEXT_ASSEMBLY_USAGE_OCCURRENCE('NAUO483','Part 1','Part 1',#11161,
#11162,'');
#1532=NEXT_ASSEMBLY_USAGE_OCCURRENCE('NAUO484','Part 1','Part 1',#11161,
#11162,'');
#1533=NEXT_ASSEMBLY_USAGE_OCCURRENCE('NAUO485','Part 1','Part 1',#11161,
#11162,'');
#1534=NEXT_ASSEMBLY_USAGE_OCCURRENCE('NAUO486','Part 1','Part 1',#11161,
#11162,'');
#1535=NEXT_ASSEMBLY_USAGE_OCCURRENCE('NAUO487','Part 1','Part 1',#11161,
#11162,'');
#1536=NEXT_ASSEMBLY_USAGE_OCCURRENCE('NAUO488','Part 2','Part 2',#11161,
#11163,'');
#1537=NEXT_ASSEMBLY_USAGE_OCCURRENCE('NAUO489','Part 1','Part 1',#11161,
#11162,'');
#1538=NEXT_ASSEMBLY_USAGE_OCCURRENCE('NAUO490','Part 1','Part 1',#11161,
#11162,'');
#1539=NEXT_ASSEMBLY_USAGE_OCCURRENCE('NAUO491','Part 1','Part 1',#11161,
#11169,'');
#1540=NEXT_ASSEMBLY_USAGE_OCCURRENCE('NAUO492','Part 1','Part 1',#11161,
#11162,'');
#1541=NEXT_ASSEMBLY_USAGE_OCCURRENCE('NAUO493','Part 1','Part 1',#11161,
#11162,'');
#1542=NEXT_ASSEMBLY_USAGE_OCCURRENCE('NAUO494','Part 1','Part 1',#11161,
#11162,'');
#1543=NEXT_ASSEMBLY_USAGE_OCCURRENCE('NAUO495','Part 1','Part 1',#11161,
#11162,'');
#1544=NEXT_ASSEMBLY_USAGE_OCCURRENCE('NAUO496','Part 1','Part 1',#11161,
#11162,'');
#1545=NEXT_ASSEMBLY_USAGE_OCCURRENCE('NAUO497','Part 1','Part 1',#11161,
#11162,'');
#1546=NEXT_ASSEMBLY_USAGE_OCCURRENCE('NAUO498','Part 1','Part 1',#11161,
#11162,'');
#1547=NEXT_ASSEMBLY_USAGE_OCCURRENCE('NAUO499','Part 1','Part 1',#11161,
#11162,'');
#1548=NEXT_ASSEMBLY_USAGE_OCCURRENCE('NAUO500','Part 1','Part 1',#11161,
#11162,'');
#1549=NEXT_ASSEMBLY_USAGE_OCCURRENCE('NAUO501','Part 1','Part 1',#11161,
#11162,'');
#1550=NEXT_ASSEMBLY_USAGE_OCCURRENCE('NAUO502','Part 1','Part 1',#11161,
#11162,'');
#1551=NEXT_ASSEMBLY_USAGE_OCCURRENCE('NAUO503','Part 1','Part 1',#11161,
#11162,'');
#1552=NEXT_ASSEMBLY_USAGE_OCCURRENCE('NAUO504','Part 6','Part 6',#11161,
#11164,'');
#1553=NEXT_ASSEMBLY_USAGE_OCCURRENCE('NAUO505','Part 1','Part 1',#11161,
#11162,'');
#1554=NEXT_ASSEMBLY_USAGE_OCCURRENCE('NAUO506','Part 1','Part 1',#11161,
#11162,'');
#1555=NEXT_ASSEMBLY_USAGE_OCCURRENCE('NAUO507','Part 7','Part 7',#11161,
#11168,'');
#1556=NEXT_ASSEMBLY_USAGE_OCCURRENCE('NAUO508','Part 1','Part 1',#11161,
#11162,'');
#1557=NEXT_ASSEMBLY_USAGE_OCCURRENCE('NAUO509','Part 1','Part 1',#11161,
#11162,'');
#1558=NEXT_ASSEMBLY_USAGE_OCCURRENCE('NAUO510','Part 1','Part 1',#11161,
#11162,'');
#1559=NEXT_ASSEMBLY_USAGE_OCCURRENCE('NAUO511','Part 1','Part 1',#11161,
#11162,'');
#1560=NEXT_ASSEMBLY_USAGE_OCCURRENCE('NAUO512','Part 1','Part 1',#11161,
#11162,'');
#1561=NEXT_ASSEMBLY_USAGE_OCCURRENCE('NAUO513','Part 1','Part 1',#11161,
#11162,'');
#1562=NEXT_ASSEMBLY_USAGE_OCCURRENCE('NAUO514','Part 1','Part 1',#11161,
#11162,'');
#1563=NEXT_ASSEMBLY_USAGE_OCCURRENCE('NAUO515','Part 1','Part 1',#11161,
#11162,'');
#1564=NEXT_ASSEMBLY_USAGE_OCCURRENCE('NAUO516','Part 1','Part 1',#11161,
#11171,'');
#1565=NEXT_ASSEMBLY_USAGE_OCCURRENCE('NAUO517','Part 1','Part 1',#11161,
#11162,'');
#1566=NEXT_ASSEMBLY_USAGE_OCCURRENCE('NAUO518','Part 1','Part 1',#11161,
#11162,'');
#1567=NEXT_ASSEMBLY_USAGE_OCCURRENCE('NAUO519','Part 4','Part 4',#11161,
#11167,'');
#1568=NEXT_ASSEMBLY_USAGE_OCCURRENCE('NAUO520','Part 1','Part 1',#11161,
#11162,'');
#1569=NEXT_ASSEMBLY_USAGE_OCCURRENCE('NAUO521','Part 1','Part 1',#11161,
#11162,'');
#1570=NEXT_ASSEMBLY_USAGE_OCCURRENCE('NAUO522','Part 1','Part 1',#11161,
#11162,'');
#1571=NEXT_ASSEMBLY_USAGE_OCCURRENCE('NAUO523','Part 1','Part 1',#11161,
#11162,'');
#1572=NEXT_ASSEMBLY_USAGE_OCCURRENCE('NAUO524','Part 1','Part 1',#11161,
#11162,'');
#1573=NEXT_ASSEMBLY_USAGE_OCCURRENCE('NAUO525','Part 1','Part 1',#11161,
#11162,'');
#1574=NEXT_ASSEMBLY_USAGE_OCCURRENCE('NAUO526','Part 1','Part 1',#11161,
#11162,'');
#1575=NEXT_ASSEMBLY_USAGE_OCCURRENCE('NAUO527','Part 1','Part 1',#11161,
#11162,'');
#1576=NEXT_ASSEMBLY_USAGE_OCCURRENCE('NAUO528','Part 1','Part 1',#11161,
#11162,'');
#1577=NEXT_ASSEMBLY_USAGE_OCCURRENCE('NAUO529','Part 1','Part 1',#11161,
#11162,'');
#1578=NEXT_ASSEMBLY_USAGE_OCCURRENCE('NAUO530','Part 5','Part 5',#11161,
#11165,'');
#1579=NEXT_ASSEMBLY_USAGE_OCCURRENCE('NAUO531','Part 1','Part 1',#11161,
#11162,'');
#1580=NEXT_ASSEMBLY_USAGE_OCCURRENCE('NAUO532','Part 1','Part 1',#11161,
#11169,'');
#1581=NEXT_ASSEMBLY_USAGE_OCCURRENCE('NAUO533','Part 1','Part 1',#11161,
#11162,'');
#1582=NEXT_ASSEMBLY_USAGE_OCCURRENCE('NAUO534','Part 1','Part 1',#11161,
#11162,'');
#1583=NEXT_ASSEMBLY_USAGE_OCCURRENCE('NAUO535','Part 1','Part 1',#11161,
#11162,'');
#1584=NEXT_ASSEMBLY_USAGE_OCCURRENCE('NAUO536','Part 1','Part 1',#11161,
#11162,'');
#1585=NEXT_ASSEMBLY_USAGE_OCCURRENCE('NAUO537','Part 1','Part 1',#11161,
#11162,'');
#1586=NEXT_ASSEMBLY_USAGE_OCCURRENCE('NAUO538','Part 1','Part 1',#11161,
#11162,'');
#1587=NEXT_ASSEMBLY_USAGE_OCCURRENCE('NAUO539','Part 1','Part 1',#11161,
#11162,'');
#1588=NEXT_ASSEMBLY_USAGE_OCCURRENCE('NAUO540','Part 1','Part 1',#11161,
#11162,'');
#1589=NEXT_ASSEMBLY_USAGE_OCCURRENCE('NAUO541','Part 1','Part 1',#11161,
#11162,'');
#1590=NEXT_ASSEMBLY_USAGE_OCCURRENCE('NAUO542','Part 1','Part 1',#11161,
#11162,'');
#1591=NEXT_ASSEMBLY_USAGE_OCCURRENCE('NAUO543','Part 7','Part 7',#11161,
#11168,'');
#1592=NEXT_ASSEMBLY_USAGE_OCCURRENCE('NAUO544','Part 1','Part 1',#11161,
#11162,'');
#1593=NEXT_ASSEMBLY_USAGE_OCCURRENCE('NAUO545','Part 4','Part 4',#11161,
#11167,'');
#1594=NEXT_ASSEMBLY_USAGE_OCCURRENCE('NAUO546','Part 1','Part 1',#11161,
#11162,'');
#1595=NEXT_ASSEMBLY_USAGE_OCCURRENCE('NAUO547','Part 1','Part 1',#11161,
#11162,'');
#1596=NEXT_ASSEMBLY_USAGE_OCCURRENCE('NAUO548','Part 1','Part 1',#11161,
#11162,'');
#1597=NEXT_ASSEMBLY_USAGE_OCCURRENCE('NAUO549','Part 1','Part 1',#11161,
#11162,'');
#1598=NEXT_ASSEMBLY_USAGE_OCCURRENCE('NAUO550','Part 1','Part 1',#11161,
#11162,'');
#1599=NEXT_ASSEMBLY_USAGE_OCCURRENCE('NAUO551','Part 1','Part 1',#11161,
#11162,'');
#1600=NEXT_ASSEMBLY_USAGE_OCCURRENCE('NAUO552','Part 1','Part 1',#11161,
#11162,'');
#1601=NEXT_ASSEMBLY_USAGE_OCCURRENCE('NAUO553','Part 1','Part 1',#11161,
#11162,'');
#1602=NEXT_ASSEMBLY_USAGE_OCCURRENCE('NAUO554','Part 1','Part 1',#11161,
#11169,'');
#1603=NEXT_ASSEMBLY_USAGE_OCCURRENCE('NAUO555','Part 1','Part 1',#11161,
#11162,'');
#1604=NEXT_ASSEMBLY_USAGE_OCCURRENCE('NAUO556','Part 3','Part 3',#11161,
#11166,'');
#1605=NEXT_ASSEMBLY_USAGE_OCCURRENCE('NAUO557','Part 1','Part 1',#11161,
#11162,'');
#1606=NEXT_ASSEMBLY_USAGE_OCCURRENCE('NAUO558','Part 1','Part 1',#11161,
#11162,'');
#1607=NEXT_ASSEMBLY_USAGE_OCCURRENCE('NAUO559','Part 1','Part 1',#11161,
#11162,'');
#1608=NEXT_ASSEMBLY_USAGE_OCCURRENCE('NAUO560','Part 1','Part 1',#11161,
#11162,'');
#1609=NEXT_ASSEMBLY_USAGE_OCCURRENCE('NAUO561','Part 1','Part 1',#11161,
#11162,'');
#1610=NEXT_ASSEMBLY_USAGE_OCCURRENCE('NAUO562','Part 1','Part 1',#11161,
#11162,'');
#1611=NEXT_ASSEMBLY_USAGE_OCCURRENCE('NAUO563','Part 1','Part 1',#11161,
#11162,'');
#1612=NEXT_ASSEMBLY_USAGE_OCCURRENCE('NAUO564','Part 1','Part 1',#11161,
#11162,'');
#1613=NEXT_ASSEMBLY_USAGE_OCCURRENCE('NAUO565','Part 1','Part 1',#11161,
#11162,'');
#1614=NEXT_ASSEMBLY_USAGE_OCCURRENCE('NAUO566','Part 3','Part 3',#11161,
#11166,'');
#1615=NEXT_ASSEMBLY_USAGE_OCCURRENCE('NAUO567','Part 4','Part 4',#11161,
#11167,'');
#1616=NEXT_ASSEMBLY_USAGE_OCCURRENCE('NAUO568','Part 1','Part 1',#11161,
#11162,'');
#1617=NEXT_ASSEMBLY_USAGE_OCCURRENCE('NAUO569','Part 1','Part 1',#11161,
#11162,'');
#1618=NEXT_ASSEMBLY_USAGE_OCCURRENCE('NAUO570','Part 1','Part 1',#11161,
#11162,'');
#1619=NEXT_ASSEMBLY_USAGE_OCCURRENCE('NAUO571','Part 1','Part 1',#11161,
#11162,'');
#1620=NEXT_ASSEMBLY_USAGE_OCCURRENCE('NAUO572','Part 1','Part 1',#11161,
#11162,'');
#1621=NEXT_ASSEMBLY_USAGE_OCCURRENCE('NAUO573','Part 1','Part 1',#11161,
#11162,'');
#1622=NEXT_ASSEMBLY_USAGE_OCCURRENCE('NAUO574','Part 1','Part 1',#11161,
#11162,'');
#1623=NEXT_ASSEMBLY_USAGE_OCCURRENCE('NAUO575','Part 1','Part 1',#11161,
#11162,'');
#1624=NEXT_ASSEMBLY_USAGE_OCCURRENCE('NAUO576','Part 1','Part 1',#11161,
#11162,'');
#1625=NEXT_ASSEMBLY_USAGE_OCCURRENCE('NAUO577','Part 1','Part 1',#11161,
#11162,'');
#1626=NEXT_ASSEMBLY_USAGE_OCCURRENCE('NAUO578','Part 6','Part 6',#11161,
#11164,'');
#1627=NEXT_ASSEMBLY_USAGE_OCCURRENCE('NAUO579','Part 1','Part 1',#11161,
#11162,'');
#1628=NEXT_ASSEMBLY_USAGE_OCCURRENCE('NAUO580','Part 1','Part 1',#11161,
#11162,'');
#1629=NEXT_ASSEMBLY_USAGE_OCCURRENCE('NAUO581','Part 1','Part 1',#11161,
#11162,'');
#1630=NEXT_ASSEMBLY_USAGE_OCCURRENCE('NAUO582','Part 1','Part 1',#11161,
#11162,'');
#1631=NEXT_ASSEMBLY_USAGE_OCCURRENCE('NAUO583','Part 1','Part 1',#11161,
#11162,'');
#1632=NEXT_ASSEMBLY_USAGE_OCCURRENCE('NAUO584','Part 1','Part 1',#11161,
#11162,'');
#1633=NEXT_ASSEMBLY_USAGE_OCCURRENCE('NAUO585','Part 1','Part 1',#11161,
#11162,'');
#1634=NEXT_ASSEMBLY_USAGE_OCCURRENCE('NAUO586','Part 1','Part 1',#11161,
#11162,'');
#1635=NEXT_ASSEMBLY_USAGE_OCCURRENCE('NAUO587','Part 1','Part 1',#11161,
#11162,'');
#1636=NEXT_ASSEMBLY_USAGE_OCCURRENCE('NAUO588','Part 1','Part 1',#11161,
#11162,'');
#1637=NEXT_ASSEMBLY_USAGE_OCCURRENCE('NAUO589','Part 1','Part 1',#11161,
#11162,'');
#1638=NEXT_ASSEMBLY_USAGE_OCCURRENCE('NAUO590','Part 1','Part 1',#11161,
#11162,'');
#1639=NEXT_ASSEMBLY_USAGE_OCCURRENCE('NAUO591','Part 1','Part 1',#11161,
#11162,'');
#1640=NEXT_ASSEMBLY_USAGE_OCCURRENCE('NAUO592','Part 2','Part 2',#11161,
#11163,'');
#1641=NEXT_ASSEMBLY_USAGE_OCCURRENCE('NAUO593','Part 1','Part 1',#11161,
#11162,'');
#1642=NEXT_ASSEMBLY_USAGE_OCCURRENCE('NAUO594','Part 1','Part 1',#11161,
#11162,'');
#1643=NEXT_ASSEMBLY_USAGE_OCCURRENCE('NAUO595','Part 1','Part 1',#11161,
#11162,'');
#1644=NEXT_ASSEMBLY_USAGE_OCCURRENCE('NAUO596','Part 1','Part 1',#11161,
#11162,'');
#1645=NEXT_ASSEMBLY_USAGE_OCCURRENCE('NAUO597','Part 1','Part 1',#11161,
#11162,'');
#1646=NEXT_ASSEMBLY_USAGE_OCCURRENCE('NAUO598','Part 1','Part 1',#11161,
#11162,'');
#1647=NEXT_ASSEMBLY_USAGE_OCCURRENCE('NAUO599','Part 1','Part 1',#11161,
#11162,'');
#1648=NEXT_ASSEMBLY_USAGE_OCCURRENCE('NAUO600','Part 6','Part 6',#11161,
#11164,'');
#1649=NEXT_ASSEMBLY_USAGE_OCCURRENCE('NAUO601','Part 1','Part 1',#11161,
#11162,'');
#1650=NEXT_ASSEMBLY_USAGE_OCCURRENCE('NAUO602','Part 1','Part 1',#11161,
#11162,'');
#1651=NEXT_ASSEMBLY_USAGE_OCCURRENCE('NAUO603','Part 1','Part 1',#11161,
#11162,'');
#1652=NEXT_ASSEMBLY_USAGE_OCCURRENCE('NAUO604','Part 3','Part 3',#11161,
#11166,'');
#1653=NEXT_ASSEMBLY_USAGE_OCCURRENCE('NAUO605','Part 1','Part 1',#11161,
#11162,'');
#1654=NEXT_ASSEMBLY_USAGE_OCCURRENCE('NAUO606','Part 1','Part 1',#11161,
#11162,'');
#1655=NEXT_ASSEMBLY_USAGE_OCCURRENCE('NAUO607','Part 1','Part 1',#11161,
#11162,'');
#1656=NEXT_ASSEMBLY_USAGE_OCCURRENCE('NAUO608','Part 1','Part 1',#11161,
#11162,'');
#1657=NEXT_ASSEMBLY_USAGE_OCCURRENCE('NAUO609','Part 1','Part 1',#11161,
#11162,'');
#1658=NEXT_ASSEMBLY_USAGE_OCCURRENCE('NAUO610','Part 1','Part 1',#11161,
#11162,'');
#1659=NEXT_ASSEMBLY_USAGE_OCCURRENCE('NAUO611','Part 1','Part 1',#11161,
#11162,'');
#1660=NEXT_ASSEMBLY_USAGE_OCCURRENCE('NAUO612','Part 4','Part 4',#11161,
#11167,'');
#1661=NEXT_ASSEMBLY_USAGE_OCCURRENCE('NAUO613','Part 1','Part 1',#11161,
#11162,'');
#1662=NEXT_ASSEMBLY_USAGE_OCCURRENCE('NAUO614','Part 1','Part 1',#11161,
#11162,'');
#1663=NEXT_ASSEMBLY_USAGE_OCCURRENCE('NAUO615','Part 5','Part 5',#11161,
#11165,'');
#1664=NEXT_ASSEMBLY_USAGE_OCCURRENCE('NAUO616','Part 1','Part 1',#11161,
#11162,'');
#1665=NEXT_ASSEMBLY_USAGE_OCCURRENCE('NAUO617','Part 1','Part 1',#11161,
#11162,'');
#1666=NEXT_ASSEMBLY_USAGE_OCCURRENCE('NAUO618','Part 1','Part 1',#11161,
#11162,'');
#1667=NEXT_ASSEMBLY_USAGE_OCCURRENCE('NAUO619','Part 1','Part 1',#11161,
#11162,'');
#1668=NEXT_ASSEMBLY_USAGE_OCCURRENCE('NAUO620','Part 1','Part 1',#11161,
#11162,'');
#1669=NEXT_ASSEMBLY_USAGE_OCCURRENCE('NAUO621','Part 1','Part 1',#11161,
#11162,'');
#1670=NEXT_ASSEMBLY_USAGE_OCCURRENCE('NAUO622','Part 2','Part 2',#11161,
#11163,'');
#1671=NEXT_ASSEMBLY_USAGE_OCCURRENCE('NAUO623','Part 1','Part 1',#11161,
#11162,'');
#1672=NEXT_ASSEMBLY_USAGE_OCCURRENCE('NAUO624','Part 1','Part 1',#11161,
#11162,'');
#1673=NEXT_ASSEMBLY_USAGE_OCCURRENCE('NAUO625','Part 1','Part 1',#11161,
#11162,'');
#1674=NEXT_ASSEMBLY_USAGE_OCCURRENCE('NAUO626','Part 6','Part 6',#11161,
#11164,'');
#1675=NEXT_ASSEMBLY_USAGE_OCCURRENCE('NAUO627','Part 1','Part 1',#11161,
#11162,'');
#1676=NEXT_ASSEMBLY_USAGE_OCCURRENCE('NAUO628','Part 1','Part 1',#11161,
#11162,'');
#1677=NEXT_ASSEMBLY_USAGE_OCCURRENCE('NAUO629','Part 1','Part 1',#11161,
#11162,'');
#1678=NEXT_ASSEMBLY_USAGE_OCCURRENCE('NAUO630','Part 7','Part 7',#11161,
#11168,'');
#1679=NEXT_ASSEMBLY_USAGE_OCCURRENCE('NAUO631','Part 1','Part 1',#11161,
#11162,'');
#1680=NEXT_ASSEMBLY_USAGE_OCCURRENCE('NAUO632','Part 1','Part 1',#11161,
#11162,'');
#1681=NEXT_ASSEMBLY_USAGE_OCCURRENCE('NAUO633','Part 1','Part 1',#11161,
#11162,'');
#1682=NEXT_ASSEMBLY_USAGE_OCCURRENCE('NAUO634','Part 1','Part 1',#11161,
#11162,'');
#1683=NEXT_ASSEMBLY_USAGE_OCCURRENCE('NAUO635','Part 1','Part 1',#11161,
#11162,'');
#1684=NEXT_ASSEMBLY_USAGE_OCCURRENCE('NAUO636','Part 1','Part 1',#11161,
#11162,'');
#1685=NEXT_ASSEMBLY_USAGE_OCCURRENCE('NAUO637','Part 1','Part 1',#11161,
#11162,'');
#1686=NEXT_ASSEMBLY_USAGE_OCCURRENCE('NAUO638','Part 1','Part 1',#11161,
#11162,'');
#1687=NEXT_ASSEMBLY_USAGE_OCCURRENCE('NAUO639','Part 1','Part 1',#11161,
#11162,'');
#1688=NEXT_ASSEMBLY_USAGE_OCCURRENCE('NAUO640','Part 1','Part 1',#11161,
#11162,'');
#1689=NEXT_ASSEMBLY_USAGE_OCCURRENCE('NAUO641','Part 1','Part 1',#11161,
#11162,'');
#1690=NEXT_ASSEMBLY_USAGE_OCCURRENCE('NAUO642','Part 1','Part 1',#11161,
#11162,'');
#1691=NEXT_ASSEMBLY_USAGE_OCCURRENCE('NAUO643','Part 1','Part 1',#11161,
#11162,'');
#1692=NEXT_ASSEMBLY_USAGE_OCCURRENCE('NAUO644','Part 1','Part 1',#11161,
#11162,'');
#1693=NEXT_ASSEMBLY_USAGE_OCCURRENCE('NAUO645','Part 1','Part 1',#11161,
#11162,'');
#1694=NEXT_ASSEMBLY_USAGE_OCCURRENCE('NAUO646','Part 1','Part 1',#11161,
#11162,'');
#1695=NEXT_ASSEMBLY_USAGE_OCCURRENCE('NAUO647','Part 1','Part 1',#11161,
#11162,'');
#1696=NEXT_ASSEMBLY_USAGE_OCCURRENCE('NAUO648','Part 1','Part 1',#11161,
#11162,'');
#1697=NEXT_ASSEMBLY_USAGE_OCCURRENCE('NAUO649','Part 1','Part 1',#11161,
#11162,'');
#1698=NEXT_ASSEMBLY_USAGE_OCCURRENCE('NAUO650','Part 1','Part 1',#11161,
#11162,'');
#1699=NEXT_ASSEMBLY_USAGE_OCCURRENCE('NAUO651','Part 1','Part 1',#11161,
#11162,'');
#1700=NEXT_ASSEMBLY_USAGE_OCCURRENCE('NAUO652','Part 1','Part 1',#11161,
#11162,'');
#1701=NEXT_ASSEMBLY_USAGE_OCCURRENCE('NAUO653','Part 4','Part 4',#11161,
#11167,'');
#1702=NEXT_ASSEMBLY_USAGE_OCCURRENCE('NAUO654','Part 1','Part 1',#11161,
#11162,'');
#1703=NEXT_ASSEMBLY_USAGE_OCCURRENCE('NAUO655','Part 1','Part 1',#11161,
#11162,'');
#1704=NEXT_ASSEMBLY_USAGE_OCCURRENCE('NAUO656','Part 1','Part 1',#11161,
#11162,'');
#1705=NEXT_ASSEMBLY_USAGE_OCCURRENCE('NAUO657','Part 1','Part 1',#11161,
#11162,'');
#1706=NEXT_ASSEMBLY_USAGE_OCCURRENCE('NAUO658','Part 1','Part 1',#11161,
#11162,'');
#1707=NEXT_ASSEMBLY_USAGE_OCCURRENCE('NAUO659','Part 5','Part 5',#11161,
#11165,'');
#1708=NEXT_ASSEMBLY_USAGE_OCCURRENCE('NAUO660','Part 1','Part 1',#11161,
#11162,'');
#1709=NEXT_ASSEMBLY_USAGE_OCCURRENCE('NAUO661','Part 1','Part 1',#11161,
#11162,'');
#1710=NEXT_ASSEMBLY_USAGE_OCCURRENCE('NAUO662','Part 6','Part 6',#11161,
#11164,'');
#1711=NEXT_ASSEMBLY_USAGE_OCCURRENCE('NAUO663','Part 1','Part 1',#11161,
#11162,'');
#1712=NEXT_ASSEMBLY_USAGE_OCCURRENCE('NAUO664','Part 1','Part 1',#11161,
#11162,'');
#1713=NEXT_ASSEMBLY_USAGE_OCCURRENCE('NAUO665','Part 1','Part 1',#11161,
#11162,'');
#1714=NEXT_ASSEMBLY_USAGE_OCCURRENCE('NAUO666','Part 1','Part 1',#11161,
#11162,'');
#1715=NEXT_ASSEMBLY_USAGE_OCCURRENCE('NAUO667','Part 1','Part 1',#11161,
#11162,'');
#1716=NEXT_ASSEMBLY_USAGE_OCCURRENCE('NAUO668','Part 5','Part 5',#11161,
#11165,'');
#1717=NEXT_ASSEMBLY_USAGE_OCCURRENCE('NAUO669','Part 1','Part 1',#11161,
#11162,'');
#1718=NEXT_ASSEMBLY_USAGE_OCCURRENCE('NAUO670','Part 5','Part 5',#11161,
#11165,'');
#1719=NEXT_ASSEMBLY_USAGE_OCCURRENCE('NAUO671','Part 1','Part 1',#11161,
#11162,'');
#1720=NEXT_ASSEMBLY_USAGE_OCCURRENCE('NAUO672','Part 1','Part 1',#11161,
#11162,'');
#1721=NEXT_ASSEMBLY_USAGE_OCCURRENCE('NAUO673','Part 1','Part 1',#11161,
#11162,'');
#1722=NEXT_ASSEMBLY_USAGE_OCCURRENCE('NAUO674','Part 1','Part 1',#11161,
#11162,'');
#1723=NEXT_ASSEMBLY_USAGE_OCCURRENCE('NAUO675','Part 1','Part 1',#11161,
#11162,'');
#1724=NEXT_ASSEMBLY_USAGE_OCCURRENCE('NAUO676','Part 3','Part 3',#11161,
#11166,'');
#1725=NEXT_ASSEMBLY_USAGE_OCCURRENCE('NAUO677','Part 1','Part 1',#11161,
#11162,'');
#1726=NEXT_ASSEMBLY_USAGE_OCCURRENCE('NAUO678','Part 1','Part 1',#11161,
#11162,'');
#1727=NEXT_ASSEMBLY_USAGE_OCCURRENCE('NAUO679','Part 1','Part 1',#11161,
#11162,'');
#1728=NEXT_ASSEMBLY_USAGE_OCCURRENCE('NAUO680','Part 1','Part 1',#11161,
#11162,'');
#1729=NEXT_ASSEMBLY_USAGE_OCCURRENCE('NAUO681','Part 1','Part 1',#11161,
#11162,'');
#1730=NEXT_ASSEMBLY_USAGE_OCCURRENCE('NAUO682','Part 1','Part 1',#11161,
#11162,'');
#1731=NEXT_ASSEMBLY_USAGE_OCCURRENCE('NAUO683','Part 1','Part 1',#11161,
#11162,'');
#1732=NEXT_ASSEMBLY_USAGE_OCCURRENCE('NAUO684','Part 1','Part 1',#11161,
#11162,'');
#1733=NEXT_ASSEMBLY_USAGE_OCCURRENCE('NAUO685','Part 1','Part 1',#11161,
#11162,'');
#1734=NEXT_ASSEMBLY_USAGE_OCCURRENCE('NAUO686','Part 1','Part 1',#11161,
#11162,'');
#1735=NEXT_ASSEMBLY_USAGE_OCCURRENCE('NAUO687','Part 1','Part 1',#11161,
#11169,'');
#1736=NEXT_ASSEMBLY_USAGE_OCCURRENCE('NAUO688','Part 1','Part 1',#11161,
#11162,'');
#1737=NEXT_ASSEMBLY_USAGE_OCCURRENCE('NAUO689','Part 1','Part 1',#11161,
#11162,'');
#1738=NEXT_ASSEMBLY_USAGE_OCCURRENCE('NAUO690','Part 1','Part 1',#11161,
#11162,'');
#1739=NEXT_ASSEMBLY_USAGE_OCCURRENCE('NAUO691','Part 1','Part 1',#11161,
#11162,'');
#1740=NEXT_ASSEMBLY_USAGE_OCCURRENCE('NAUO692','Part 1','Part 1',#11161,
#11162,'');
#1741=NEXT_ASSEMBLY_USAGE_OCCURRENCE('NAUO693','Part 1','Part 1',#11161,
#11162,'');
#1742=NEXT_ASSEMBLY_USAGE_OCCURRENCE('NAUO694','Part 1','Part 1',#11161,
#11162,'');
#1743=NEXT_ASSEMBLY_USAGE_OCCURRENCE('NAUO695','Part 1','Part 1',#11161,
#11162,'');
#1744=NEXT_ASSEMBLY_USAGE_OCCURRENCE('NAUO696','Part 1','Part 1',#11161,
#11162,'');
#1745=NEXT_ASSEMBLY_USAGE_OCCURRENCE('NAUO697','Part 1','Part 1',#11161,
#11162,'');
#1746=NEXT_ASSEMBLY_USAGE_OCCURRENCE('NAUO698','Part 1','Part 1',#11161,
#11162,'');
#1747=NEXT_ASSEMBLY_USAGE_OCCURRENCE('NAUO699','Part 1','Part 1',#11161,
#11162,'');
#1748=NEXT_ASSEMBLY_USAGE_OCCURRENCE('NAUO700','Part 1','Part 1',#11161,
#11162,'');
#1749=NEXT_ASSEMBLY_USAGE_OCCURRENCE('NAUO701','Part 1','Part 1',#11161,
#11162,'');
#1750=NEXT_ASSEMBLY_USAGE_OCCURRENCE('NAUO702','Part 1','Part 1',#11161,
#11162,'');
#1751=NEXT_ASSEMBLY_USAGE_OCCURRENCE('NAUO703','Part 1','Part 1',#11161,
#11162,'');
#1752=NEXT_ASSEMBLY_USAGE_OCCURRENCE('NAUO704','Part 1','Part 1',#11161,
#11162,'');
#1753=NEXT_ASSEMBLY_USAGE_OCCURRENCE('NAUO705','Part 1','Part 1',#11161,
#11162,'');
#1754=NEXT_ASSEMBLY_USAGE_OCCURRENCE('NAUO706','Part 1','Part 1',#11161,
#11162,'');
#1755=NEXT_ASSEMBLY_USAGE_OCCURRENCE('NAUO707','Part 1','Part 1',#11161,
#11162,'');
#1756=NEXT_ASSEMBLY_USAGE_OCCURRENCE('NAUO708','Part 1','Part 1',#11161,
#11162,'');
#1757=NEXT_ASSEMBLY_USAGE_OCCURRENCE('NAUO709','Part 3','Part 3',#11161,
#11166,'');
#1758=NEXT_ASSEMBLY_USAGE_OCCURRENCE('NAUO710','Part 2','Part 2',#11161,
#11163,'');
#1759=NEXT_ASSEMBLY_USAGE_OCCURRENCE('NAUO711','Part 1','Part 1',#11161,
#11162,'');
#1760=NEXT_ASSEMBLY_USAGE_OCCURRENCE('NAUO712','Part 1','Part 1',#11161,
#11162,'');
#1761=NEXT_ASSEMBLY_USAGE_OCCURRENCE('NAUO713','Part 4','Part 4',#11161,
#11167,'');
#1762=NEXT_ASSEMBLY_USAGE_OCCURRENCE('NAUO714','Part 2','Part 2',#11161,
#11163,'');
#1763=NEXT_ASSEMBLY_USAGE_OCCURRENCE('NAUO715','Part 1','Part 1',#11161,
#11162,'');
#1764=NEXT_ASSEMBLY_USAGE_OCCURRENCE('NAUO716','Part 1','Part 1',#11161,
#11162,'');
#1765=NEXT_ASSEMBLY_USAGE_OCCURRENCE('NAUO717','Part 5','Part 5',#11161,
#11165,'');
#1766=NEXT_ASSEMBLY_USAGE_OCCURRENCE('NAUO718','Part 1','Part 1',#11161,
#11162,'');
#1767=NEXT_ASSEMBLY_USAGE_OCCURRENCE('NAUO719','Part 1','Part 1',#11161,
#11162,'');
#1768=NEXT_ASSEMBLY_USAGE_OCCURRENCE('NAUO720','Part 1','Part 1',#11161,
#11162,'');
#1769=NEXT_ASSEMBLY_USAGE_OCCURRENCE('NAUO721','Part 1','Part 1',#11161,
#11162,'');
#1770=NEXT_ASSEMBLY_USAGE_OCCURRENCE('NAUO722','Part 1','Part 1',#11161,
#11162,'');
#1771=NEXT_ASSEMBLY_USAGE_OCCURRENCE('NAUO723','Part 1','Part 1',#11161,
#11162,'');
#1772=NEXT_ASSEMBLY_USAGE_OCCURRENCE('NAUO724','Part 1','Part 1',#11161,
#11162,'');
#1773=NEXT_ASSEMBLY_USAGE_OCCURRENCE('NAUO725','Part 1','Part 1',#11161,
#11169,'');
#1774=NEXT_ASSEMBLY_USAGE_OCCURRENCE('NAUO726','Part 1','Part 1',#11161,
#11162,'');
#1775=NEXT_ASSEMBLY_USAGE_OCCURRENCE('NAUO727','Part 1','Part 1',#11161,
#11162,'');
#1776=NEXT_ASSEMBLY_USAGE_OCCURRENCE('NAUO728','Part 1','Part 1',#11161,
#11162,'');
#1777=NEXT_ASSEMBLY_USAGE_OCCURRENCE('NAUO729','Part 1','Part 1',#11161,
#11162,'');
#1778=NEXT_ASSEMBLY_USAGE_OCCURRENCE('NAUO730','Part 1','Part 1',#11161,
#11162,'');
#1779=NEXT_ASSEMBLY_USAGE_OCCURRENCE('NAUO731','Part 2','Part 2',#11161,
#11163,'');
#1780=NEXT_ASSEMBLY_USAGE_OCCURRENCE('NAUO732','Part 1','Part 1',#11161,
#11162,'');
#1781=NEXT_ASSEMBLY_USAGE_OCCURRENCE('NAUO733','Part 2','Part 2',#11161,
#11163,'');
#1782=NEXT_ASSEMBLY_USAGE_OCCURRENCE('NAUO734','Part 7','Part 7',#11161,
#11168,'');
#1783=NEXT_ASSEMBLY_USAGE_OCCURRENCE('NAUO735','Part 1','Part 1',#11161,
#11162,'');
#1784=NEXT_ASSEMBLY_USAGE_OCCURRENCE('NAUO736','Part 1','Part 1',#11161,
#11162,'');
#1785=NEXT_ASSEMBLY_USAGE_OCCURRENCE('NAUO737','Part 1','Part 1',#11161,
#11162,'');
#1786=NEXT_ASSEMBLY_USAGE_OCCURRENCE('NAUO738','Part 1','Part 1',#11161,
#11162,'');
#1787=NEXT_ASSEMBLY_USAGE_OCCURRENCE('NAUO739','Part 3','Part 3',#11161,
#11166,'');
#1788=NEXT_ASSEMBLY_USAGE_OCCURRENCE('NAUO740','Part 1','Part 1',#11161,
#11162,'');
#1789=NEXT_ASSEMBLY_USAGE_OCCURRENCE('NAUO741','Part 1','Part 1',#11161,
#11162,'');
#1790=NEXT_ASSEMBLY_USAGE_OCCURRENCE('NAUO742','Part 4','Part 4',#11161,
#11167,'');
#1791=NEXT_ASSEMBLY_USAGE_OCCURRENCE('NAUO743','Part 1','Part 1',#11161,
#11162,'');
#1792=NEXT_ASSEMBLY_USAGE_OCCURRENCE('NAUO744','Part 1','Part 1',#11161,
#11162,'');
#1793=NEXT_ASSEMBLY_USAGE_OCCURRENCE('NAUO745','Part 1','Part 1',#11161,
#11170,'');
#1794=NEXT_ASSEMBLY_USAGE_OCCURRENCE('NAUO746','Part 1','Part 1',#11161,
#11162,'');
#1795=NEXT_ASSEMBLY_USAGE_OCCURRENCE('NAUO747','Part 6','Part 6',#11161,
#11164,'');
#1796=NEXT_ASSEMBLY_USAGE_OCCURRENCE('NAUO748','Part 1','Part 1',#11161,
#11162,'');
#1797=NEXT_ASSEMBLY_USAGE_OCCURRENCE('NAUO749','Part 1','Part 1',#11161,
#11162,'');
#1798=NEXT_ASSEMBLY_USAGE_OCCURRENCE('NAUO750','Part 1','Part 1',#11161,
#11162,'');
#1799=NEXT_ASSEMBLY_USAGE_OCCURRENCE('NAUO751','Part 1','Part 1',#11161,
#11162,'');
#1800=NEXT_ASSEMBLY_USAGE_OCCURRENCE('NAUO752','Part 1','Part 1',#11161,
#11162,'');
#1801=NEXT_ASSEMBLY_USAGE_OCCURRENCE('NAUO753','Part 1','Part 1',#11161,
#11162,'');
#1802=NEXT_ASSEMBLY_USAGE_OCCURRENCE('NAUO754','Part 1','Part 1',#11161,
#11162,'');
#1803=NEXT_ASSEMBLY_USAGE_OCCURRENCE('NAUO755','Part 1','Part 1',#11161,
#11162,'');
#1804=NEXT_ASSEMBLY_USAGE_OCCURRENCE('NAUO756','Part 1','Part 1',#11161,
#11162,'');
#1805=NEXT_ASSEMBLY_USAGE_OCCURRENCE('NAUO757','Part 1','Part 1',#11161,
#11162,'');
#1806=NEXT_ASSEMBLY_USAGE_OCCURRENCE('NAUO758','Part 6','Part 6',#11161,
#11164,'');
#1807=NEXT_ASSEMBLY_USAGE_OCCURRENCE('NAUO759','Part 1','Part 1',#11161,
#11162,'');
#1808=NEXT_ASSEMBLY_USAGE_OCCURRENCE('NAUO760','Part 1','Part 1',#11161,
#11162,'');
#1809=NEXT_ASSEMBLY_USAGE_OCCURRENCE('NAUO761','Part 1','Part 1',#11161,
#11162,'');
#1810=NEXT_ASSEMBLY_USAGE_OCCURRENCE('NAUO762','Part 1','Part 1',#11161,
#11162,'');
#1811=NEXT_ASSEMBLY_USAGE_OCCURRENCE('NAUO763','Part 1','Part 1',#11161,
#11162,'');
#1812=NEXT_ASSEMBLY_USAGE_OCCURRENCE('NAUO764','Part 7','Part 7',#11161,
#11168,'');
#1813=NEXT_ASSEMBLY_USAGE_OCCURRENCE('NAUO765','Part 1','Part 1',#11161,
#11162,'');
#1814=NEXT_ASSEMBLY_USAGE_OCCURRENCE('NAUO766','Part 6','Part 6',#11161,
#11164,'');
#1815=NEXT_ASSEMBLY_USAGE_OCCURRENCE('NAUO767','Part 1','Part 1',#11161,
#11162,'');
#1816=NEXT_ASSEMBLY_USAGE_OCCURRENCE('NAUO768','Part 1','Part 1',#11161,
#11162,'');
#1817=NEXT_ASSEMBLY_USAGE_OCCURRENCE('NAUO769','Part 7','Part 7',#11161,
#11168,'');
#1818=NEXT_ASSEMBLY_USAGE_OCCURRENCE('NAUO770','Part 1','Part 1',#11161,
#11162,'');
#1819=NEXT_ASSEMBLY_USAGE_OCCURRENCE('NAUO771','Part 1','Part 1',#11161,
#11162,'');
#1820=NEXT_ASSEMBLY_USAGE_OCCURRENCE('NAUO772','Part 1','Part 1',#11161,
#11162,'');
#1821=NEXT_ASSEMBLY_USAGE_OCCURRENCE('NAUO773','Part 1','Part 1',#11161,
#11162,'');
#1822=NEXT_ASSEMBLY_USAGE_OCCURRENCE('NAUO774','Part 1','Part 1',#11161,
#11162,'');
#1823=NEXT_ASSEMBLY_USAGE_OCCURRENCE('NAUO775','Part 5','Part 5',#11161,
#11165,'');
#1824=NEXT_ASSEMBLY_USAGE_OCCURRENCE('NAUO776','Part 2','Part 2',#11161,
#11163,'');
#1825=NEXT_ASSEMBLY_USAGE_OCCURRENCE('NAUO777','Part 1','Part 1',#11161,
#11162,'');
#1826=NEXT_ASSEMBLY_USAGE_OCCURRENCE('NAUO778','Part 4','Part 4',#11161,
#11167,'');
#1827=NEXT_ASSEMBLY_USAGE_OCCURRENCE('NAUO779','Part 1','Part 1',#11161,
#11162,'');
#1828=NEXT_ASSEMBLY_USAGE_OCCURRENCE('NAUO780','Part 7','Part 7',#11161,
#11168,'');
#1829=NEXT_ASSEMBLY_USAGE_OCCURRENCE('NAUO781','Part 1','Part 1',#11161,
#11162,'');
#1830=NEXT_ASSEMBLY_USAGE_OCCURRENCE('NAUO782','Part 1','Part 1',#11161,
#11162,'');
#1831=NEXT_ASSEMBLY_USAGE_OCCURRENCE('NAUO783','Part 6','Part 6',#11161,
#11164,'');
#1832=NEXT_ASSEMBLY_USAGE_OCCURRENCE('NAUO784','Part 1','Part 1',#11161,
#11169,'');
#1833=NEXT_ASSEMBLY_USAGE_OCCURRENCE('NAUO785','Part 1','Part 1',#11161,
#11162,'');
#1834=NEXT_ASSEMBLY_USAGE_OCCURRENCE('NAUO786','Part 1','Part 1',#11161,
#11162,'');
#1835=NEXT_ASSEMBLY_USAGE_OCCURRENCE('NAUO787','Part 1','Part 1',#11161,
#11169,'');
#1836=NEXT_ASSEMBLY_USAGE_OCCURRENCE('NAUO788','Part 1','Part 1',#11161,
#11162,'');
#1837=NEXT_ASSEMBLY_USAGE_OCCURRENCE('NAUO789','Part 1','Part 1',#11161,
#11162,'');
#1838=NEXT_ASSEMBLY_USAGE_OCCURRENCE('NAUO790','Part 1','Part 1',#11161,
#11162,'');
#1839=NEXT_ASSEMBLY_USAGE_OCCURRENCE('NAUO791','Part 1','Part 1',#11161,
#11162,'');
#1840=NEXT_ASSEMBLY_USAGE_OCCURRENCE('NAUO792','Part 1','Part 1',#11161,
#11162,'');
#1841=NEXT_ASSEMBLY_USAGE_OCCURRENCE('NAUO793','Part 1','Part 1',#11161,
#11162,'');
#1842=NEXT_ASSEMBLY_USAGE_OCCURRENCE('NAUO794','Part 1','Part 1',#11161,
#11162,'');
#1843=NEXT_ASSEMBLY_USAGE_OCCURRENCE('NAUO795','Part 1','Part 1',#11161,
#11162,'');
#1844=NEXT_ASSEMBLY_USAGE_OCCURRENCE('NAUO796','Part 1','Part 1',#11161,
#11162,'');
#1845=NEXT_ASSEMBLY_USAGE_OCCURRENCE('NAUO797','Part 1','Part 1',#11161,
#11162,'');
#1846=NEXT_ASSEMBLY_USAGE_OCCURRENCE('NAUO798','Part 1','Part 1',#11161,
#11162,'');
#1847=NEXT_ASSEMBLY_USAGE_OCCURRENCE('NAUO799','Part 1','Part 1',#11161,
#11162,'');
#1848=NEXT_ASSEMBLY_USAGE_OCCURRENCE('NAUO800','Part 1','Part 1',#11161,
#11162,'');
#1849=NEXT_ASSEMBLY_USAGE_OCCURRENCE('NAUO801','Part 1','Part 1',#11161,
#11162,'');
#1850=NEXT_ASSEMBLY_USAGE_OCCURRENCE('NAUO802','Part 1','Part 1',#11161,
#11162,'');
#1851=NEXT_ASSEMBLY_USAGE_OCCURRENCE('NAUO803','Part 1','Part 1',#11161,
#11162,'');
#1852=NEXT_ASSEMBLY_USAGE_OCCURRENCE('NAUO804','Part 1','Part 1',#11161,
#11162,'');
#1853=NEXT_ASSEMBLY_USAGE_OCCURRENCE('NAUO805','Part 3','Part 3',#11161,
#11166,'');
#1854=NEXT_ASSEMBLY_USAGE_OCCURRENCE('NAUO806','Part 1','Part 1',#11161,
#11162,'');
#1855=NEXT_ASSEMBLY_USAGE_OCCURRENCE('NAUO807','Part 1','Part 1',#11161,
#11162,'');
#1856=NEXT_ASSEMBLY_USAGE_OCCURRENCE('NAUO808','Part 7','Part 7',#11161,
#11168,'');
#1857=NEXT_ASSEMBLY_USAGE_OCCURRENCE('NAUO809','Part 1','Part 1',#11161,
#11162,'');
#1858=NEXT_ASSEMBLY_USAGE_OCCURRENCE('NAUO810','Part 1','Part 1',#11161,
#11162,'');
#1859=NEXT_ASSEMBLY_USAGE_OCCURRENCE('NAUO811','Part 1','Part 1',#11161,
#11162,'');
#1860=NEXT_ASSEMBLY_USAGE_OCCURRENCE('NAUO812','Part 1','Part 1',#11161,
#11162,'');
#1861=NEXT_ASSEMBLY_USAGE_OCCURRENCE('NAUO813','Part 1','Part 1',#11161,
#11162,'');
#1862=NEXT_ASSEMBLY_USAGE_OCCURRENCE('NAUO814','Part 1','Part 1',#11161,
#11162,'');
#1863=NEXT_ASSEMBLY_USAGE_OCCURRENCE('NAUO815','Part 1','Part 1',#11161,
#11162,'');
#1864=NEXT_ASSEMBLY_USAGE_OCCURRENCE('NAUO816','Part 1','Part 1',#11161,
#11162,'');
#1865=NEXT_ASSEMBLY_USAGE_OCCURRENCE('NAUO817','Part 2','Part 2',#11161,
#11163,'');
#1866=NEXT_ASSEMBLY_USAGE_OCCURRENCE('NAUO818','Part 1','Part 1',#11161,
#11162,'');
#1867=NEXT_ASSEMBLY_USAGE_OCCURRENCE('NAUO819','Part 1','Part 1',#11161,
#11162,'');
#1868=NEXT_ASSEMBLY_USAGE_OCCURRENCE('NAUO820','Part 1','Part 1',#11161,
#11162,'');
#1869=NEXT_ASSEMBLY_USAGE_OCCURRENCE('NAUO821','Part 1','Part 1',#11161,
#11162,'');
#1870=NEXT_ASSEMBLY_USAGE_OCCURRENCE('NAUO822','Part 1','Part 1',#11161,
#11162,'');
#1871=NEXT_ASSEMBLY_USAGE_OCCURRENCE('NAUO823','Part 1','Part 1',#11161,
#11162,'');
#1872=NEXT_ASSEMBLY_USAGE_OCCURRENCE('NAUO824','Part 1','Part 1',#11161,
#11162,'');
#1873=NEXT_ASSEMBLY_USAGE_OCCURRENCE('NAUO825','Part 1','Part 1',#11161,
#11162,'');
#1874=NEXT_ASSEMBLY_USAGE_OCCURRENCE('NAUO826','Part 1','Part 1',#11161,
#11162,'');
#1875=NEXT_ASSEMBLY_USAGE_OCCURRENCE('NAUO827','Part 1','Part 1',#11161,
#11162,'');
#1876=NEXT_ASSEMBLY_USAGE_OCCURRENCE('NAUO828','Part 6','Part 6',#11161,
#11164,'');
#1877=NEXT_ASSEMBLY_USAGE_OCCURRENCE('NAUO829','Part 4','Part 4',#11161,
#11167,'');
#1878=NEXT_ASSEMBLY_USAGE_OCCURRENCE('NAUO830','Part 1','Part 1',#11161,
#11162,'');
#1879=NEXT_ASSEMBLY_USAGE_OCCURRENCE('NAUO831','Part 1','Part 1',#11161,
#11162,'');
#1880=NEXT_ASSEMBLY_USAGE_OCCURRENCE('NAUO832','Part 1','Part 1',#11161,
#11162,'');
#1881=NEXT_ASSEMBLY_USAGE_OCCURRENCE('NAUO833','Part 1','Part 1',#11161,
#11162,'');
#1882=NEXT_ASSEMBLY_USAGE_OCCURRENCE('NAUO834','Part 1','Part 1',#11161,
#11162,'');
#1883=NEXT_ASSEMBLY_USAGE_OCCURRENCE('NAUO835','Part 1','Part 1',#11161,
#11162,'');
#1884=NEXT_ASSEMBLY_USAGE_OCCURRENCE('NAUO836','Part 1','Part 1',#11161,
#11162,'');
#1885=NEXT_ASSEMBLY_USAGE_OCCURRENCE('NAUO837','Part 1','Part 1',#11161,
#11162,'');
#1886=NEXT_ASSEMBLY_USAGE_OCCURRENCE('NAUO838','Part 1','Part 1',#11161,
#11162,'');
#1887=NEXT_ASSEMBLY_USAGE_OCCURRENCE('NAUO839','Part 1','Part 1',#11161,
#11162,'');
#1888=NEXT_ASSEMBLY_USAGE_OCCURRENCE('NAUO840','Part 1','Part 1',#11161,
#11162,'');
#1889=NEXT_ASSEMBLY_USAGE_OCCURRENCE('NAUO841','Part 1','Part 1',#11161,
#11162,'');
#1890=NEXT_ASSEMBLY_USAGE_OCCURRENCE('NAUO842','Part 1','Part 1',#11161,
#11162,'');
#1891=NEXT_ASSEMBLY_USAGE_OCCURRENCE('NAUO843','Part 1','Part 1',#11161,
#11162,'');
#1892=NEXT_ASSEMBLY_USAGE_OCCURRENCE('NAUO844','Part 1','Part 1',#11161,
#11162,'');
#1893=NEXT_ASSEMBLY_USAGE_OCCURRENCE('NAUO845','Part 1','Part 1',#11161,
#11162,'');
#1894=NEXT_ASSEMBLY_USAGE_OCCURRENCE('NAUO846','Part 1','Part 1',#11161,
#11169,'');
#1895=NEXT_ASSEMBLY_USAGE_OCCURRENCE('NAUO847','Part 1','Part 1',#11161,
#11162,'');
#1896=NEXT_ASSEMBLY_USAGE_OCCURRENCE('NAUO848','Part 1','Part 1',#11161,
#11162,'');
#1897=NEXT_ASSEMBLY_USAGE_OCCURRENCE('NAUO849','Part 1','Part 1',#11161,
#11162,'');
#1898=NEXT_ASSEMBLY_USAGE_OCCURRENCE('NAUO850','Part 1','Part 1',#11161,
#11162,'');
#1899=NEXT_ASSEMBLY_USAGE_OCCURRENCE('NAUO851','Part 1','Part 1',#11161,
#11162,'');
#1900=NEXT_ASSEMBLY_USAGE_OCCURRENCE('NAUO852','Part 2','Part 2',#11161,
#11163,'');
#1901=NEXT_ASSEMBLY_USAGE_OCCURRENCE('NAUO853','Part 1','Part 1',#11161,
#11162,'');
#1902=NEXT_ASSEMBLY_USAGE_OCCURRENCE('NAUO854','Part 1','Part 1',#11161,
#11162,'');
#1903=NEXT_ASSEMBLY_USAGE_OCCURRENCE('NAUO855','Part 1','Part 1',#11161,
#11162,'');
#1904=NEXT_ASSEMBLY_USAGE_OCCURRENCE('NAUO856','Part 5','Part 5',#11161,
#11165,'');
#1905=NEXT_ASSEMBLY_USAGE_OCCURRENCE('NAUO857','Part 1','Part 1',#11161,
#11162,'');
#1906=NEXT_ASSEMBLY_USAGE_OCCURRENCE('NAUO858','Part 1','Part 1',#11161,
#11162,'');
#1907=NEXT_ASSEMBLY_USAGE_OCCURRENCE('NAUO859','Part 1','Part 1',#11161,
#11162,'');
#1908=NEXT_ASSEMBLY_USAGE_OCCURRENCE('NAUO860','Part 1','Part 1',#11161,
#11162,'');
#1909=NEXT_ASSEMBLY_USAGE_OCCURRENCE('NAUO861','Part 6','Part 6',#11161,
#11164,'');
#1910=NEXT_ASSEMBLY_USAGE_OCCURRENCE('NAUO862','Part 7','Part 7',#11161,
#11168,'');
#1911=NEXT_ASSEMBLY_USAGE_OCCURRENCE('NAUO863','Part 1','Part 1',#11161,
#11162,'');
#1912=NEXT_ASSEMBLY_USAGE_OCCURRENCE('NAUO864','Part 1','Part 1',#11161,
#11162,'');
#1913=NEXT_ASSEMBLY_USAGE_OCCURRENCE('NAUO865','Part 1','Part 1',#11161,
#11162,'');
#1914=NEXT_ASSEMBLY_USAGE_OCCURRENCE('NAUO866','Part 1','Part 1',#11161,
#11162,'');
#1915=NEXT_ASSEMBLY_USAGE_OCCURRENCE('NAUO867','Part 1','Part 1',#11161,
#11162,'');
#1916=NEXT_ASSEMBLY_USAGE_OCCURRENCE('NAUO868','Part 1','Part 1',#11161,
#11162,'');
#1917=NEXT_ASSEMBLY_USAGE_OCCURRENCE('NAUO869','Part 1','Part 1',#11161,
#11162,'');
#1918=NEXT_ASSEMBLY_USAGE_OCCURRENCE('NAUO870','Part 3','Part 3',#11161,
#11166,'');
#1919=NEXT_ASSEMBLY_USAGE_OCCURRENCE('NAUO871','Part 6','Part 6',#11161,
#11164,'');
#1920=NEXT_ASSEMBLY_USAGE_OCCURRENCE('NAUO872','Part 4','Part 4',#11161,
#11167,'');
#1921=NEXT_ASSEMBLY_USAGE_OCCURRENCE('NAUO873','Part 1','Part 1',#11161,
#11162,'');
#1922=NEXT_ASSEMBLY_USAGE_OCCURRENCE('NAUO874','Part 7','Part 7',#11161,
#11168,'');
#1923=NEXT_ASSEMBLY_USAGE_OCCURRENCE('NAUO875','Part 1','Part 1',#11161,
#11162,'');
#1924=NEXT_ASSEMBLY_USAGE_OCCURRENCE('NAUO876','Part 1','Part 1',#11161,
#11162,'');
#1925=NEXT_ASSEMBLY_USAGE_OCCURRENCE('NAUO877','Part 1','Part 1',#11161,
#11162,'');
#1926=NEXT_ASSEMBLY_USAGE_OCCURRENCE('NAUO878','Part 1','Part 1',#11161,
#11162,'');
#1927=NEXT_ASSEMBLY_USAGE_OCCURRENCE('NAUO879','Part 1','Part 1',#11161,
#11162,'');
#1928=NEXT_ASSEMBLY_USAGE_OCCURRENCE('NAUO880','Part 1','Part 1',#11161,
#11162,'');
#1929=NEXT_ASSEMBLY_USAGE_OCCURRENCE('NAUO881','Part 1','Part 1',#11161,
#11162,'');
#1930=NEXT_ASSEMBLY_USAGE_OCCURRENCE('NAUO882','Part 1','Part 1',#11161,
#11162,'');
#1931=NEXT_ASSEMBLY_USAGE_OCCURRENCE('NAUO883','Part 1','Part 1',#11161,
#11162,'');
#1932=NEXT_ASSEMBLY_USAGE_OCCURRENCE('NAUO884','Part 1','Part 1',#11161,
#11162,'');
#1933=NEXT_ASSEMBLY_USAGE_OCCURRENCE('NAUO885','Part 1','Part 1',#11161,
#11162,'');
#1934=NEXT_ASSEMBLY_USAGE_OCCURRENCE('NAUO886','Part 1','Part 1',#11161,
#11162,'');
#1935=NEXT_ASSEMBLY_USAGE_OCCURRENCE('NAUO887','Part 1','Part 1',#11161,
#11162,'');
#1936=NEXT_ASSEMBLY_USAGE_OCCURRENCE('NAUO888','Part 1','Part 1',#11161,
#11162,'');
#1937=NEXT_ASSEMBLY_USAGE_OCCURRENCE('NAUO889','Part 1','Part 1',#11161,
#11169,'');
#1938=NEXT_ASSEMBLY_USAGE_OCCURRENCE('NAUO890','Part 1','Part 1',#11161,
#11162,'');
#1939=NEXT_ASSEMBLY_USAGE_OCCURRENCE('NAUO891','Part 1','Part 1',#11161,
#11162,'');
#1940=NEXT_ASSEMBLY_USAGE_OCCURRENCE('NAUO892','Part 1','Part 1',#11161,
#11162,'');
#1941=NEXT_ASSEMBLY_USAGE_OCCURRENCE('NAUO893','Part 7','Part 7',#11161,
#11168,'');
#1942=NEXT_ASSEMBLY_USAGE_OCCURRENCE('NAUO894','Part 2','Part 2',#11161,
#11163,'');
#1943=NEXT_ASSEMBLY_USAGE_OCCURRENCE('NAUO895','Part 1','Part 1',#11161,
#11162,'');
#1944=NEXT_ASSEMBLY_USAGE_OCCURRENCE('NAUO896','Part 1','Part 1',#11161,
#11162,'');
#1945=NEXT_ASSEMBLY_USAGE_OCCURRENCE('NAUO897','Part 1','Part 1',#11161,
#11162,'');
#1946=NEXT_ASSEMBLY_USAGE_OCCURRENCE('NAUO898','Part 7','Part 7',#11161,
#11168,'');
#1947=NEXT_ASSEMBLY_USAGE_OCCURRENCE('NAUO899','Part 1','Part 1',#11161,
#11162,'');
#1948=NEXT_ASSEMBLY_USAGE_OCCURRENCE('NAUO900','Part 1','Part 1',#11161,
#11162,'');
#1949=NEXT_ASSEMBLY_USAGE_OCCURRENCE('NAUO901','Part 1','Part 1',#11161,
#11162,'');
#1950=NEXT_ASSEMBLY_USAGE_OCCURRENCE('NAUO902','Part 1','Part 1',#11161,
#11162,'');
#1951=NEXT_ASSEMBLY_USAGE_OCCURRENCE('NAUO903','Part 1','Part 1',#11161,
#11162,'');
#1952=NEXT_ASSEMBLY_USAGE_OCCURRENCE('NAUO904','Part 1','Part 1',#11161,
#11162,'');
#1953=NEXT_ASSEMBLY_USAGE_OCCURRENCE('NAUO905','Part 1','Part 1',#11161,
#11162,'');
#1954=NEXT_ASSEMBLY_USAGE_OCCURRENCE('NAUO906','Part 3','Part 3',#11161,
#11166,'');
#1955=NEXT_ASSEMBLY_USAGE_OCCURRENCE('NAUO907','Part 1','Part 1',#11161,
#11162,'');
#1956=NEXT_ASSEMBLY_USAGE_OCCURRENCE('NAUO908','Part 7','Part 7',#11161,
#11168,'');
#1957=NEXT_ASSEMBLY_USAGE_OCCURRENCE('NAUO909','Part 1','Part 1',#11161,
#11162,'');
#1958=NEXT_ASSEMBLY_USAGE_OCCURRENCE('NAUO910','Part 1','Part 1',#11161,
#11162,'');
#1959=NEXT_ASSEMBLY_USAGE_OCCURRENCE('NAUO911','Part 6','Part 6',#11161,
#11164,'');
#1960=NEXT_ASSEMBLY_USAGE_OCCURRENCE('NAUO912','Part 1','Part 1',#11161,
#11162,'');
#1961=NEXT_ASSEMBLY_USAGE_OCCURRENCE('NAUO913','Part 1','Part 1',#11161,
#11162,'');
#1962=NEXT_ASSEMBLY_USAGE_OCCURRENCE('NAUO914','Part 1','Part 1',#11161,
#11162,'');
#1963=NEXT_ASSEMBLY_USAGE_OCCURRENCE('NAUO915','Part 1','Part 1',#11161,
#11162,'');
#1964=NEXT_ASSEMBLY_USAGE_OCCURRENCE('NAUO916','Part 1','Part 1',#11161,
#11162,'');
#1965=NEXT_ASSEMBLY_USAGE_OCCURRENCE('NAUO917','Part 1','Part 1',#11161,
#11162,'');
#1966=NEXT_ASSEMBLY_USAGE_OCCURRENCE('NAUO918','Part 1','Part 1',#11161,
#11162,'');
#1967=NEXT_ASSEMBLY_USAGE_OCCURRENCE('NAUO919','Part 1','Part 1',#11161,
#11162,'');
#1968=NEXT_ASSEMBLY_USAGE_OCCURRENCE('NAUO920','Part 1','Part 1',#11161,
#11162,'');
#1969=NEXT_ASSEMBLY_USAGE_OCCURRENCE('NAUO921','Part 1','Part 1',#11161,
#11162,'');
#1970=NEXT_ASSEMBLY_USAGE_OCCURRENCE('NAUO922','Part 1','Part 1',#11161,
#11162,'');
#1971=NEXT_ASSEMBLY_USAGE_OCCURRENCE('NAUO923','Part 1','Part 1',#11161,
#11162,'');
#1972=NEXT_ASSEMBLY_USAGE_OCCURRENCE('NAUO924','Part 1','Part 1',#11161,
#11162,'');
#1973=NEXT_ASSEMBLY_USAGE_OCCURRENCE('NAUO925','Part 1','Part 1',#11161,
#11162,'');
#1974=NEXT_ASSEMBLY_USAGE_OCCURRENCE('NAUO926','Part 1','Part 1',#11161,
#11162,'');
#1975=NEXT_ASSEMBLY_USAGE_OCCURRENCE('NAUO927','Part 1','Part 1',#11161,
#11162,'');
#1976=NEXT_ASSEMBLY_USAGE_OCCURRENCE('NAUO928','Part 1','Part 1',#11161,
#11162,'');
#1977=NEXT_ASSEMBLY_USAGE_OCCURRENCE('NAUO929','Part 1','Part 1',#11161,
#11162,'');
#1978=NEXT_ASSEMBLY_USAGE_OCCURRENCE('NAUO930','Part 1','Part 1',#11161,
#11162,'');
#1979=NEXT_ASSEMBLY_USAGE_OCCURRENCE('NAUO931','Part 1','Part 1',#11161,
#11162,'');
#1980=NEXT_ASSEMBLY_USAGE_OCCURRENCE('NAUO932','Part 1','Part 1',#11161,
#11162,'');
#1981=NEXT_ASSEMBLY_USAGE_OCCURRENCE('NAUO933','Part 1','Part 1',#11161,
#11162,'');
#1982=NEXT_ASSEMBLY_USAGE_OCCURRENCE('NAUO934','Part 1','Part 1',#11161,
#11162,'');
#1983=NEXT_ASSEMBLY_USAGE_OCCURRENCE('NAUO935','Part 5','Part 5',#11161,
#11165,'');
#1984=NEXT_ASSEMBLY_USAGE_OCCURRENCE('NAUO936','Part 1','Part 1',#11161,
#11162,'');
#1985=NEXT_ASSEMBLY_USAGE_OCCURRENCE('NAUO937','Part 1','Part 1',#11161,
#11162,'');
#1986=NEXT_ASSEMBLY_USAGE_OCCURRENCE('NAUO938','Part 1','Part 1',#11161,
#11162,'');
#1987=NEXT_ASSEMBLY_USAGE_OCCURRENCE('NAUO939','Part 5','Part 5',#11161,
#11165,'');
#1988=NEXT_ASSEMBLY_USAGE_OCCURRENCE('NAUO940','Part 1','Part 1',#11161,
#11162,'');
#1989=NEXT_ASSEMBLY_USAGE_OCCURRENCE('NAUO941','Part 1','Part 1',#11161,
#11162,'');
#1990=NEXT_ASSEMBLY_USAGE_OCCURRENCE('NAUO942','Part 1','Part 1',#11161,
#11162,'');
#1991=NEXT_ASSEMBLY_USAGE_OCCURRENCE('NAUO943','Part 1','Part 1',#11161,
#11162,'');
#1992=NEXT_ASSEMBLY_USAGE_OCCURRENCE('NAUO944','Part 1','Part 1',#11161,
#11162,'');
#1993=NEXT_ASSEMBLY_USAGE_OCCURRENCE('NAUO945','Part 1','Part 1',#11161,
#11162,'');
#1994=NEXT_ASSEMBLY_USAGE_OCCURRENCE('NAUO946','Part 1','Part 1',#11161,
#11162,'');
#1995=NEXT_ASSEMBLY_USAGE_OCCURRENCE('NAUO947','Part 1','Part 1',#11161,
#11162,'');
#1996=NEXT_ASSEMBLY_USAGE_OCCURRENCE('NAUO948','Part 1','Part 1',#11161,
#11162,'');
#1997=NEXT_ASSEMBLY_USAGE_OCCURRENCE('NAUO949','Part 1','Part 1',#11161,
#11170,'');
#1998=NEXT_ASSEMBLY_USAGE_OCCURRENCE('NAUO950','Part 1','Part 1',#11161,
#11162,'');
#1999=NEXT_ASSEMBLY_USAGE_OCCURRENCE('NAUO951','Part 1','Part 1',#11161,
#11162,'');
#2000=NEXT_ASSEMBLY_USAGE_OCCURRENCE('NAUO952','Part 1','Part 1',#11161,
#11162,'');
#2001=NEXT_ASSEMBLY_USAGE_OCCURRENCE('NAUO953','Part 1','Part 1',#11161,
#11162,'');
#2002=NEXT_ASSEMBLY_USAGE_OCCURRENCE('NAUO954','Part 1','Part 1',#11161,
#11162,'');
#2003=NEXT_ASSEMBLY_USAGE_OCCURRENCE('NAUO955','Part 1','Part 1',#11161,
#11169,'');
#2004=NEXT_ASSEMBLY_USAGE_OCCURRENCE('NAUO956','Part 1','Part 1',#11161,
#11162,'');
#2005=NEXT_ASSEMBLY_USAGE_OCCURRENCE('NAUO957','Part 1','Part 1',#11161,
#11162,'');
#2006=NEXT_ASSEMBLY_USAGE_OCCURRENCE('NAUO958','Part 1','Part 1',#11161,
#11162,'');
#2007=NEXT_ASSEMBLY_USAGE_OCCURRENCE('NAUO959','Part 1','Part 1',#11161,
#11162,'');
#2008=NEXT_ASSEMBLY_USAGE_OCCURRENCE('NAUO960','Part 1','Part 1',#11161,
#11162,'');
#2009=NEXT_ASSEMBLY_USAGE_OCCURRENCE('NAUO961','Part 1','Part 1',#11161,
#11162,'');
#2010=NEXT_ASSEMBLY_USAGE_OCCURRENCE('NAUO962','Part 1','Part 1',#11161,
#11162,'');
#2011=NEXT_ASSEMBLY_USAGE_OCCURRENCE('NAUO963','Part 1','Part 1',#11161,
#11162,'');
#2012=NEXT_ASSEMBLY_USAGE_OCCURRENCE('NAUO964','Part 1','Part 1',#11161,
#11162,'');
#2013=NEXT_ASSEMBLY_USAGE_OCCURRENCE('NAUO965','Part 1','Part 1',#11161,
#11162,'');
#2014=NEXT_ASSEMBLY_USAGE_OCCURRENCE('NAUO966','Part 1','Part 1',#11161,
#11162,'');
#2015=NEXT_ASSEMBLY_USAGE_OCCURRENCE('NAUO967','Part 1','Part 1',#11161,
#11162,'');
#2016=NEXT_ASSEMBLY_USAGE_OCCURRENCE('NAUO968','Part 1','Part 1',#11161,
#11162,'');
#2017=NEXT_ASSEMBLY_USAGE_OCCURRENCE('NAUO969','Part 1','Part 1',#11161,
#11162,'');
#2018=NEXT_ASSEMBLY_USAGE_OCCURRENCE('NAUO970','Part 1','Part 1',#11161,
#11162,'');
#2019=NEXT_ASSEMBLY_USAGE_OCCURRENCE('NAUO971','Part 1','Part 1',#11161,
#11162,'');
#2020=NEXT_ASSEMBLY_USAGE_OCCURRENCE('NAUO972','Part 1','Part 1',#11161,
#11162,'');
#2021=NEXT_ASSEMBLY_USAGE_OCCURRENCE('NAUO973','Part 1','Part 1',#11161,
#11162,'');
#2022=NEXT_ASSEMBLY_USAGE_OCCURRENCE('NAUO974','Part 1','Part 1',#11161,
#11162,'');
#2023=NEXT_ASSEMBLY_USAGE_OCCURRENCE('NAUO975','Part 1','Part 1',#11161,
#11162,'');
#2024=NEXT_ASSEMBLY_USAGE_OCCURRENCE('NAUO976','Part 1','Part 1',#11161,
#11162,'');
#2025=NEXT_ASSEMBLY_USAGE_OCCURRENCE('NAUO977','Part 1','Part 1',#11161,
#11162,'');
#2026=NEXT_ASSEMBLY_USAGE_OCCURRENCE('NAUO978','Part 1','Part 1',#11161,
#11162,'');
#2027=NEXT_ASSEMBLY_USAGE_OCCURRENCE('NAUO979','Part 1','Part 1',#11161,
#11162,'');
#2028=NEXT_ASSEMBLY_USAGE_OCCURRENCE('NAUO980','Part 1','Part 1',#11161,
#11162,'');
#2029=NEXT_ASSEMBLY_USAGE_OCCURRENCE('NAUO981','Part 1','Part 1',#11161,
#11162,'');
#2030=NEXT_ASSEMBLY_USAGE_OCCURRENCE('NAUO982','Part 1','Part 1',#11161,
#11162,'');
#2031=NEXT_ASSEMBLY_USAGE_OCCURRENCE('NAUO983','Part 1','Part 1',#11161,
#11162,'');
#2032=NEXT_ASSEMBLY_USAGE_OCCURRENCE('NAUO984','Part 1','Part 1',#11161,
#11162,'');
#2033=NEXT_ASSEMBLY_USAGE_OCCURRENCE('NAUO985','Part 1','Part 1',#11161,
#11162,'');
#2034=NEXT_ASSEMBLY_USAGE_OCCURRENCE('NAUO986','Part 1','Part 1',#11161,
#11169,'');
#2035=NEXT_ASSEMBLY_USAGE_OCCURRENCE('NAUO987','Part 1','Part 1',#11161,
#11162,'');
#2036=NEXT_ASSEMBLY_USAGE_OCCURRENCE('NAUO988','Part 1','Part 1',#11161,
#11162,'');
#2037=NEXT_ASSEMBLY_USAGE_OCCURRENCE('NAUO989','Part 7','Part 7',#11161,
#11168,'');
#2038=NEXT_ASSEMBLY_USAGE_OCCURRENCE('NAUO990','Part 1','Part 1',#11161,
#11162,'');
#2039=NEXT_ASSEMBLY_USAGE_OCCURRENCE('NAUO991','Part 1','Part 1',#11161,
#11162,'');
#2040=NEXT_ASSEMBLY_USAGE_OCCURRENCE('NAUO992','Part 1','Part 1',#11161,
#11162,'');
#2041=NEXT_ASSEMBLY_USAGE_OCCURRENCE('NAUO993','Part 1','Part 1',#11161,
#11162,'');
#2042=NEXT_ASSEMBLY_USAGE_OCCURRENCE('NAUO994','Part 4','Part 4',#11161,
#11167,'');
#2043=NEXT_ASSEMBLY_USAGE_OCCURRENCE('NAUO995','Part 1','Part 1',#11161,
#11162,'');
#2044=NEXT_ASSEMBLY_USAGE_OCCURRENCE('NAUO996','Part 1','Part 1',#11161,
#11162,'');
#2045=NEXT_ASSEMBLY_USAGE_OCCURRENCE('NAUO997','Part 1','Part 1',#11161,
#11162,'');
#2046=NEXT_ASSEMBLY_USAGE_OCCURRENCE('NAUO998','Part 1','Part 1',#11161,
#11162,'');
#2047=NEXT_ASSEMBLY_USAGE_OCCURRENCE('NAUO999','Part 1','Part 1',#11161,
#11162,'');
#2048=NEXT_ASSEMBLY_USAGE_OCCURRENCE('NAUO1000','Part 1','Part 1',#11161,
#11162,'');
#2049=NEXT_ASSEMBLY_USAGE_OCCURRENCE('NAUO1001','Part 1','Part 1',#11161,
#11162,'');
#2050=NEXT_ASSEMBLY_USAGE_OCCURRENCE('NAUO1002','Part 1','Part 1',#11161,
#11162,'');
#2051=NEXT_ASSEMBLY_USAGE_OCCURRENCE('NAUO1003','Part 4','Part 4',#11161,
#11167,'');
#2052=NEXT_ASSEMBLY_USAGE_OCCURRENCE('NAUO1004','Part 2','Part 2',#11161,
#11163,'');
#2053=NEXT_ASSEMBLY_USAGE_OCCURRENCE('NAUO1005','Part 1','Part 1',#11161,
#11162,'');
#2054=NEXT_ASSEMBLY_USAGE_OCCURRENCE('NAUO1006','Part 3','Part 3',#11161,
#11166,'');
#2055=NEXT_ASSEMBLY_USAGE_OCCURRENCE('NAUO1007','Part 1','Part 1',#11161,
#11162,'');
#2056=NEXT_ASSEMBLY_USAGE_OCCURRENCE('NAUO1008','Part 1','Part 1',#11161,
#11162,'');
#2057=NEXT_ASSEMBLY_USAGE_OCCURRENCE('NAUO1009','Part 1','Part 1',#11161,
#11162,'');
#2058=NEXT_ASSEMBLY_USAGE_OCCURRENCE('NAUO1010','Part 1','Part 1',#11161,
#11162,'');
#2059=NEXT_ASSEMBLY_USAGE_OCCURRENCE('NAUO1011','Part 1','Part 1',#11161,
#11162,'');
#2060=NEXT_ASSEMBLY_USAGE_OCCURRENCE('NAUO1012','Part 1','Part 1',#11161,
#11162,'');
#2061=NEXT_ASSEMBLY_USAGE_OCCURRENCE('NAUO1013','Part 1','Part 1',#11161,
#11162,'');
#2062=NEXT_ASSEMBLY_USAGE_OCCURRENCE('NAUO1014','Part 1','Part 1',#11161,
#11162,'');
#2063=NEXT_ASSEMBLY_USAGE_OCCURRENCE('NAUO1015','Part 1','Part 1',#11161,
#11162,'');
#2064=NEXT_ASSEMBLY_USAGE_OCCURRENCE('NAUO1016','Part 4','Part 4',#11161,
#11167,'');
#2065=NEXT_ASSEMBLY_USAGE_OCCURRENCE('NAUO1017','Part 1','Part 1',#11161,
#11169,'');
#2066=NEXT_ASSEMBLY_USAGE_OCCURRENCE('NAUO1018','Part 1','Part 1',#11161,
#11162,'');
#2067=NEXT_ASSEMBLY_USAGE_OCCURRENCE('NAUO1019','Part 4','Part 4',#11161,
#11167,'');
#2068=NEXT_ASSEMBLY_USAGE_OCCURRENCE('NAUO1020','Part 4','Part 4',#11161,
#11167,'');
#2069=NEXT_ASSEMBLY_USAGE_OCCURRENCE('NAUO1021','Part 1','Part 1',#11161,
#11162,'');
#2070=NEXT_ASSEMBLY_USAGE_OCCURRENCE('NAUO1022','Part 3','Part 3',#11161,
#11166,'');
#2071=NEXT_ASSEMBLY_USAGE_OCCURRENCE('NAUO1023','Part 1','Part 1',#11161,
#11162,'');
#2072=NEXT_ASSEMBLY_USAGE_OCCURRENCE('NAUO1024','Part 1','Part 1',#11161,
#11162,'');
#2073=NEXT_ASSEMBLY_USAGE_OCCURRENCE('NAUO1025','Part 1','Part 1',#11161,
#11162,'');
#2074=NEXT_ASSEMBLY_USAGE_OCCURRENCE('NAUO1026','Part 6','Part 6',#11161,
#11164,'');
#2075=NEXT_ASSEMBLY_USAGE_OCCURRENCE('NAUO1027','Part 2','Part 2',#11161,
#11163,'');
#2076=NEXT_ASSEMBLY_USAGE_OCCURRENCE('NAUO1028','Part 1','Part 1',#11161,
#11162,'');
#2077=NEXT_ASSEMBLY_USAGE_OCCURRENCE('NAUO1029','Part 1','Part 1',#11161,
#11162,'');
#2078=NEXT_ASSEMBLY_USAGE_OCCURRENCE('NAUO1030','Part 1','Part 1',#11161,
#11162,'');
#2079=NEXT_ASSEMBLY_USAGE_OCCURRENCE('NAUO1031','Part 4','Part 4',#11161,
#11167,'');
#2080=NEXT_ASSEMBLY_USAGE_OCCURRENCE('NAUO1032','Part 1','Part 1',#11161,
#11162,'');
#2081=NEXT_ASSEMBLY_USAGE_OCCURRENCE('NAUO1033','Part 1','Part 1',#11161,
#11162,'');
#2082=NEXT_ASSEMBLY_USAGE_OCCURRENCE('NAUO1034','Part 1','Part 1',#11161,
#11162,'');
#2083=NEXT_ASSEMBLY_USAGE_OCCURRENCE('NAUO1035','Part 1','Part 1',#11161,
#11169,'');
#2084=NEXT_ASSEMBLY_USAGE_OCCURRENCE('NAUO1036','Part 1','Part 1',#11161,
#11162,'');
#2085=NEXT_ASSEMBLY_USAGE_OCCURRENCE('NAUO1037','Part 1','Part 1',#11161,
#11169,'');
#2086=NEXT_ASSEMBLY_USAGE_OCCURRENCE('NAUO1038','Part 1','Part 1',#11161,
#11162,'');
#2087=NEXT_ASSEMBLY_USAGE_OCCURRENCE('NAUO1039','Part 1','Part 1',#11161,
#11162,'');
#2088=(
REPRESENTATION_RELATIONSHIP(' ',' ',#5303,#5302)
REPRESENTATION_RELATIONSHIP_WITH_TRANSFORMATION(#3127)
SHAPE_REPRESENTATION_RELATIONSHIP()
);
#2089=(
REPRESENTATION_RELATIONSHIP(' ',' ',#5303,#5302)
REPRESENTATION_RELATIONSHIP_WITH_TRANSFORMATION(#3128)
SHAPE_REPRESENTATION_RELATIONSHIP()
);
#2090=(
REPRESENTATION_RELATIONSHIP(' ',' ',#5303,#5302)
REPRESENTATION_RELATIONSHIP_WITH_TRANSFORMATION(#3129)
SHAPE_REPRESENTATION_RELATIONSHIP()
);
#2091=(
REPRESENTATION_RELATIONSHIP(' ',' ',#5303,#5302)
REPRESENTATION_RELATIONSHIP_WITH_TRANSFORMATION(#3130)
SHAPE_REPRESENTATION_RELATIONSHIP()
);
#2092=(
REPRESENTATION_RELATIONSHIP(' ',' ',#5303,#5302)
REPRESENTATION_RELATIONSHIP_WITH_TRANSFORMATION(#3131)
SHAPE_REPRESENTATION_RELATIONSHIP()
);
#2093=(
REPRESENTATION_RELATIONSHIP(' ',' ',#5304,#5302)
REPRESENTATION_RELATIONSHIP_WITH_TRANSFORMATION(#3132)
SHAPE_REPRESENTATION_RELATIONSHIP()
);
#2094=(
REPRESENTATION_RELATIONSHIP(' ',' ',#5303,#5302)
REPRESENTATION_RELATIONSHIP_WITH_TRANSFORMATION(#3133)
SHAPE_REPRESENTATION_RELATIONSHIP()
);
#2095=(
REPRESENTATION_RELATIONSHIP(' ',' ',#5303,#5302)
REPRESENTATION_RELATIONSHIP_WITH_TRANSFORMATION(#3134)
SHAPE_REPRESENTATION_RELATIONSHIP()
);
#2096=(
REPRESENTATION_RELATIONSHIP(' ',' ',#5303,#5302)
REPRESENTATION_RELATIONSHIP_WITH_TRANSFORMATION(#3135)
SHAPE_REPRESENTATION_RELATIONSHIP()
);
#2097=(
REPRESENTATION_RELATIONSHIP(' ',' ',#5303,#5302)
REPRESENTATION_RELATIONSHIP_WITH_TRANSFORMATION(#3136)
SHAPE_REPRESENTATION_RELATIONSHIP()
);
#2098=(
REPRESENTATION_RELATIONSHIP(' ',' ',#5303,#5302)
REPRESENTATION_RELATIONSHIP_WITH_TRANSFORMATION(#3137)
SHAPE_REPRESENTATION_RELATIONSHIP()
);
#2099=(
REPRESENTATION_RELATIONSHIP(' ',' ',#5303,#5302)
REPRESENTATION_RELATIONSHIP_WITH_TRANSFORMATION(#3138)
SHAPE_REPRESENTATION_RELATIONSHIP()
);
#2100=(
REPRESENTATION_RELATIONSHIP(' ',' ',#5303,#5302)
REPRESENTATION_RELATIONSHIP_WITH_TRANSFORMATION(#3139)
SHAPE_REPRESENTATION_RELATIONSHIP()
);
#2101=(
REPRESENTATION_RELATIONSHIP(' ',' ',#5303,#5302)
REPRESENTATION_RELATIONSHIP_WITH_TRANSFORMATION(#3140)
SHAPE_REPRESENTATION_RELATIONSHIP()
);
#2102=(
REPRESENTATION_RELATIONSHIP(' ',' ',#5303,#5302)
REPRESENTATION_RELATIONSHIP_WITH_TRANSFORMATION(#3141)
SHAPE_REPRESENTATION_RELATIONSHIP()
);
#2103=(
REPRESENTATION_RELATIONSHIP(' ',' ',#5303,#5302)
REPRESENTATION_RELATIONSHIP_WITH_TRANSFORMATION(#3142)
SHAPE_REPRESENTATION_RELATIONSHIP()
);
#2104=(
REPRESENTATION_RELATIONSHIP(' ',' ',#5303,#5302)
REPRESENTATION_RELATIONSHIP_WITH_TRANSFORMATION(#3143)
SHAPE_REPRESENTATION_RELATIONSHIP()
);
#2105=(
REPRESENTATION_RELATIONSHIP(' ',' ',#5303,#5302)
REPRESENTATION_RELATIONSHIP_WITH_TRANSFORMATION(#3144)
SHAPE_REPRESENTATION_RELATIONSHIP()
);
#2106=(
REPRESENTATION_RELATIONSHIP(' ',' ',#5303,#5302)
REPRESENTATION_RELATIONSHIP_WITH_TRANSFORMATION(#3145)
SHAPE_REPRESENTATION_RELATIONSHIP()
);
#2107=(
REPRESENTATION_RELATIONSHIP(' ',' ',#5303,#5302)
REPRESENTATION_RELATIONSHIP_WITH_TRANSFORMATION(#3146)
SHAPE_REPRESENTATION_RELATIONSHIP()
);
#2108=(
REPRESENTATION_RELATIONSHIP(' ',' ',#5303,#5302)
REPRESENTATION_RELATIONSHIP_WITH_TRANSFORMATION(#3147)
SHAPE_REPRESENTATION_RELATIONSHIP()
);
#2109=(
REPRESENTATION_RELATIONSHIP(' ',' ',#5303,#5302)
REPRESENTATION_RELATIONSHIP_WITH_TRANSFORMATION(#3148)
SHAPE_REPRESENTATION_RELATIONSHIP()
);
#2110=(
REPRESENTATION_RELATIONSHIP(' ',' ',#5305,#5302)
REPRESENTATION_RELATIONSHIP_WITH_TRANSFORMATION(#3149)
SHAPE_REPRESENTATION_RELATIONSHIP()
);
#2111=(
REPRESENTATION_RELATIONSHIP(' ',' ',#5303,#5302)
REPRESENTATION_RELATIONSHIP_WITH_TRANSFORMATION(#3150)
SHAPE_REPRESENTATION_RELATIONSHIP()
);
#2112=(
REPRESENTATION_RELATIONSHIP(' ',' ',#5303,#5302)
REPRESENTATION_RELATIONSHIP_WITH_TRANSFORMATION(#3151)
SHAPE_REPRESENTATION_RELATIONSHIP()
);
#2113=(
REPRESENTATION_RELATIONSHIP(' ',' ',#5303,#5302)
REPRESENTATION_RELATIONSHIP_WITH_TRANSFORMATION(#3152)
SHAPE_REPRESENTATION_RELATIONSHIP()
);
#2114=(
REPRESENTATION_RELATIONSHIP(' ',' ',#5303,#5302)
REPRESENTATION_RELATIONSHIP_WITH_TRANSFORMATION(#3153)
SHAPE_REPRESENTATION_RELATIONSHIP()
);
#2115=(
REPRESENTATION_RELATIONSHIP(' ',' ',#5303,#5302)
REPRESENTATION_RELATIONSHIP_WITH_TRANSFORMATION(#3154)
SHAPE_REPRESENTATION_RELATIONSHIP()
);
#2116=(
REPRESENTATION_RELATIONSHIP(' ',' ',#5303,#5302)
REPRESENTATION_RELATIONSHIP_WITH_TRANSFORMATION(#3155)
SHAPE_REPRESENTATION_RELATIONSHIP()
);
#2117=(
REPRESENTATION_RELATIONSHIP(' ',' ',#5303,#5302)
REPRESENTATION_RELATIONSHIP_WITH_TRANSFORMATION(#3156)
SHAPE_REPRESENTATION_RELATIONSHIP()
);
#2118=(
REPRESENTATION_RELATIONSHIP(' ',' ',#5303,#5302)
REPRESENTATION_RELATIONSHIP_WITH_TRANSFORMATION(#3157)
SHAPE_REPRESENTATION_RELATIONSHIP()
);
#2119=(
REPRESENTATION_RELATIONSHIP(' ',' ',#5303,#5302)
REPRESENTATION_RELATIONSHIP_WITH_TRANSFORMATION(#3158)
SHAPE_REPRESENTATION_RELATIONSHIP()
);
#2120=(
REPRESENTATION_RELATIONSHIP(' ',' ',#5303,#5302)
REPRESENTATION_RELATIONSHIP_WITH_TRANSFORMATION(#3159)
SHAPE_REPRESENTATION_RELATIONSHIP()
);
#2121=(
REPRESENTATION_RELATIONSHIP(' ',' ',#5306,#5302)
REPRESENTATION_RELATIONSHIP_WITH_TRANSFORMATION(#3160)
SHAPE_REPRESENTATION_RELATIONSHIP()
);
#2122=(
REPRESENTATION_RELATIONSHIP(' ',' ',#5303,#5302)
REPRESENTATION_RELATIONSHIP_WITH_TRANSFORMATION(#3161)
SHAPE_REPRESENTATION_RELATIONSHIP()
);
#2123=(
REPRESENTATION_RELATIONSHIP(' ',' ',#5303,#5302)
REPRESENTATION_RELATIONSHIP_WITH_TRANSFORMATION(#3162)
SHAPE_REPRESENTATION_RELATIONSHIP()
);
#2124=(
REPRESENTATION_RELATIONSHIP(' ',' ',#5303,#5302)
REPRESENTATION_RELATIONSHIP_WITH_TRANSFORMATION(#3163)
SHAPE_REPRESENTATION_RELATIONSHIP()
);
#2125=(
REPRESENTATION_RELATIONSHIP(' ',' ',#5303,#5302)
REPRESENTATION_RELATIONSHIP_WITH_TRANSFORMATION(#3164)
SHAPE_REPRESENTATION_RELATIONSHIP()
);
#2126=(
REPRESENTATION_RELATIONSHIP(' ',' ',#5303,#5302)
REPRESENTATION_RELATIONSHIP_WITH_TRANSFORMATION(#3165)
SHAPE_REPRESENTATION_RELATIONSHIP()
);
#2127=(
REPRESENTATION_RELATIONSHIP(' ',' ',#5303,#5302)
REPRESENTATION_RELATIONSHIP_WITH_TRANSFORMATION(#3166)
SHAPE_REPRESENTATION_RELATIONSHIP()
);
#2128=(
REPRESENTATION_RELATIONSHIP(' ',' ',#5303,#5302)
REPRESENTATION_RELATIONSHIP_WITH_TRANSFORMATION(#3167)
SHAPE_REPRESENTATION_RELATIONSHIP()
);
#2129=(
REPRESENTATION_RELATIONSHIP(' ',' ',#5303,#5302)
REPRESENTATION_RELATIONSHIP_WITH_TRANSFORMATION(#3168)
SHAPE_REPRESENTATION_RELATIONSHIP()
);
#2130=(
REPRESENTATION_RELATIONSHIP(' ',' ',#5303,#5302)
REPRESENTATION_RELATIONSHIP_WITH_TRANSFORMATION(#3169)
SHAPE_REPRESENTATION_RELATIONSHIP()
);
#2131=(
REPRESENTATION_RELATIONSHIP(' ',' ',#5304,#5302)
REPRESENTATION_RELATIONSHIP_WITH_TRANSFORMATION(#3170)
SHAPE_REPRESENTATION_RELATIONSHIP()
);
#2132=(
REPRESENTATION_RELATIONSHIP(' ',' ',#5303,#5302)
REPRESENTATION_RELATIONSHIP_WITH_TRANSFORMATION(#3171)
SHAPE_REPRESENTATION_RELATIONSHIP()
);
#2133=(
REPRESENTATION_RELATIONSHIP(' ',' ',#5303,#5302)
REPRESENTATION_RELATIONSHIP_WITH_TRANSFORMATION(#3172)
SHAPE_REPRESENTATION_RELATIONSHIP()
);
#2134=(
REPRESENTATION_RELATIONSHIP(' ',' ',#5307,#5302)
REPRESENTATION_RELATIONSHIP_WITH_TRANSFORMATION(#3173)
SHAPE_REPRESENTATION_RELATIONSHIP()
);
#2135=(
REPRESENTATION_RELATIONSHIP(' ',' ',#5303,#5302)
REPRESENTATION_RELATIONSHIP_WITH_TRANSFORMATION(#3174)
SHAPE_REPRESENTATION_RELATIONSHIP()
);
#2136=(
REPRESENTATION_RELATIONSHIP(' ',' ',#5303,#5302)
REPRESENTATION_RELATIONSHIP_WITH_TRANSFORMATION(#3175)
SHAPE_REPRESENTATION_RELATIONSHIP()
);
#2137=(
REPRESENTATION_RELATIONSHIP(' ',' ',#5303,#5302)
REPRESENTATION_RELATIONSHIP_WITH_TRANSFORMATION(#3176)
SHAPE_REPRESENTATION_RELATIONSHIP()
);
#2138=(
REPRESENTATION_RELATIONSHIP(' ',' ',#5303,#5302)
REPRESENTATION_RELATIONSHIP_WITH_TRANSFORMATION(#3177)
SHAPE_REPRESENTATION_RELATIONSHIP()
);
#2139=(
REPRESENTATION_RELATIONSHIP(' ',' ',#5303,#5302)
REPRESENTATION_RELATIONSHIP_WITH_TRANSFORMATION(#3178)
SHAPE_REPRESENTATION_RELATIONSHIP()
);
#2140=(
REPRESENTATION_RELATIONSHIP(' ',' ',#5305,#5302)
REPRESENTATION_RELATIONSHIP_WITH_TRANSFORMATION(#3179)
SHAPE_REPRESENTATION_RELATIONSHIP()
);
#2141=(
REPRESENTATION_RELATIONSHIP(' ',' ',#5303,#5302)
REPRESENTATION_RELATIONSHIP_WITH_TRANSFORMATION(#3180)
SHAPE_REPRESENTATION_RELATIONSHIP()
);
#2142=(
REPRESENTATION_RELATIONSHIP(' ',' ',#5303,#5302)
REPRESENTATION_RELATIONSHIP_WITH_TRANSFORMATION(#3181)
SHAPE_REPRESENTATION_RELATIONSHIP()
);
#2143=(
REPRESENTATION_RELATIONSHIP(' ',' ',#5303,#5302)
REPRESENTATION_RELATIONSHIP_WITH_TRANSFORMATION(#3182)
SHAPE_REPRESENTATION_RELATIONSHIP()
);
#2144=(
REPRESENTATION_RELATIONSHIP(' ',' ',#5303,#5302)
REPRESENTATION_RELATIONSHIP_WITH_TRANSFORMATION(#3183)
SHAPE_REPRESENTATION_RELATIONSHIP()
);
#2145=(
REPRESENTATION_RELATIONSHIP(' ',' ',#5303,#5302)
REPRESENTATION_RELATIONSHIP_WITH_TRANSFORMATION(#3184)
SHAPE_REPRESENTATION_RELATIONSHIP()
);
#2146=(
REPRESENTATION_RELATIONSHIP(' ',' ',#5303,#5302)
REPRESENTATION_RELATIONSHIP_WITH_TRANSFORMATION(#3185)
SHAPE_REPRESENTATION_RELATIONSHIP()
);
#2147=(
REPRESENTATION_RELATIONSHIP(' ',' ',#5306,#5302)
REPRESENTATION_RELATIONSHIP_WITH_TRANSFORMATION(#3186)
SHAPE_REPRESENTATION_RELATIONSHIP()
);
#2148=(
REPRESENTATION_RELATIONSHIP(' ',' ',#5308,#5302)
REPRESENTATION_RELATIONSHIP_WITH_TRANSFORMATION(#3187)
SHAPE_REPRESENTATION_RELATIONSHIP()
);
#2149=(
REPRESENTATION_RELATIONSHIP(' ',' ',#5309,#5302)
REPRESENTATION_RELATIONSHIP_WITH_TRANSFORMATION(#3188)
SHAPE_REPRESENTATION_RELATIONSHIP()
);
#2150=(
REPRESENTATION_RELATIONSHIP(' ',' ',#5310,#5302)
REPRESENTATION_RELATIONSHIP_WITH_TRANSFORMATION(#3189)
SHAPE_REPRESENTATION_RELATIONSHIP()
);
#2151=(
REPRESENTATION_RELATIONSHIP(' ',' ',#5303,#5302)
REPRESENTATION_RELATIONSHIP_WITH_TRANSFORMATION(#3190)
SHAPE_REPRESENTATION_RELATIONSHIP()
);
#2152=(
REPRESENTATION_RELATIONSHIP(' ',' ',#5303,#5302)
REPRESENTATION_RELATIONSHIP_WITH_TRANSFORMATION(#3191)
SHAPE_REPRESENTATION_RELATIONSHIP()
);
#2153=(
REPRESENTATION_RELATIONSHIP(' ',' ',#5303,#5302)
REPRESENTATION_RELATIONSHIP_WITH_TRANSFORMATION(#3192)
SHAPE_REPRESENTATION_RELATIONSHIP()
);
#2154=(
REPRESENTATION_RELATIONSHIP(' ',' ',#5310,#5302)
REPRESENTATION_RELATIONSHIP_WITH_TRANSFORMATION(#3193)
SHAPE_REPRESENTATION_RELATIONSHIP()
);
#2155=(
REPRESENTATION_RELATIONSHIP(' ',' ',#5303,#5302)
REPRESENTATION_RELATIONSHIP_WITH_TRANSFORMATION(#3194)
SHAPE_REPRESENTATION_RELATIONSHIP()
);
#2156=(
REPRESENTATION_RELATIONSHIP(' ',' ',#5303,#5302)
REPRESENTATION_RELATIONSHIP_WITH_TRANSFORMATION(#3195)
SHAPE_REPRESENTATION_RELATIONSHIP()
);
#2157=(
REPRESENTATION_RELATIONSHIP(' ',' ',#5303,#5302)
REPRESENTATION_RELATIONSHIP_WITH_TRANSFORMATION(#3196)
SHAPE_REPRESENTATION_RELATIONSHIP()
);
#2158=(
REPRESENTATION_RELATIONSHIP(' ',' ',#5303,#5302)
REPRESENTATION_RELATIONSHIP_WITH_TRANSFORMATION(#3197)
SHAPE_REPRESENTATION_RELATIONSHIP()
);
#2159=(
REPRESENTATION_RELATIONSHIP(' ',' ',#5310,#5302)
REPRESENTATION_RELATIONSHIP_WITH_TRANSFORMATION(#3198)
SHAPE_REPRESENTATION_RELATIONSHIP()
);
#2160=(
REPRESENTATION_RELATIONSHIP(' ',' ',#5307,#5302)
REPRESENTATION_RELATIONSHIP_WITH_TRANSFORMATION(#3199)
SHAPE_REPRESENTATION_RELATIONSHIP()
);
#2161=(
REPRESENTATION_RELATIONSHIP(' ',' ',#5303,#5302)
REPRESENTATION_RELATIONSHIP_WITH_TRANSFORMATION(#3200)
SHAPE_REPRESENTATION_RELATIONSHIP()
);
#2162=(
REPRESENTATION_RELATIONSHIP(' ',' ',#5303,#5302)
REPRESENTATION_RELATIONSHIP_WITH_TRANSFORMATION(#3201)
SHAPE_REPRESENTATION_RELATIONSHIP()
);
#2163=(
REPRESENTATION_RELATIONSHIP(' ',' ',#5303,#5302)
REPRESENTATION_RELATIONSHIP_WITH_TRANSFORMATION(#3202)
SHAPE_REPRESENTATION_RELATIONSHIP()
);
#2164=(
REPRESENTATION_RELATIONSHIP(' ',' ',#5303,#5302)
REPRESENTATION_RELATIONSHIP_WITH_TRANSFORMATION(#3203)
SHAPE_REPRESENTATION_RELATIONSHIP()
);
#2165=(
REPRESENTATION_RELATIONSHIP(' ',' ',#5303,#5302)
REPRESENTATION_RELATIONSHIP_WITH_TRANSFORMATION(#3204)
SHAPE_REPRESENTATION_RELATIONSHIP()
);
#2166=(
REPRESENTATION_RELATIONSHIP(' ',' ',#5303,#5302)
REPRESENTATION_RELATIONSHIP_WITH_TRANSFORMATION(#3205)
SHAPE_REPRESENTATION_RELATIONSHIP()
);
#2167=(
REPRESENTATION_RELATIONSHIP(' ',' ',#5303,#5302)
REPRESENTATION_RELATIONSHIP_WITH_TRANSFORMATION(#3206)
SHAPE_REPRESENTATION_RELATIONSHIP()
);
#2168=(
REPRESENTATION_RELATIONSHIP(' ',' ',#5304,#5302)
REPRESENTATION_RELATIONSHIP_WITH_TRANSFORMATION(#3207)
SHAPE_REPRESENTATION_RELATIONSHIP()
);
#2169=(
REPRESENTATION_RELATIONSHIP(' ',' ',#5303,#5302)
REPRESENTATION_RELATIONSHIP_WITH_TRANSFORMATION(#3208)
SHAPE_REPRESENTATION_RELATIONSHIP()
);
#2170=(
REPRESENTATION_RELATIONSHIP(' ',' ',#5303,#5302)
REPRESENTATION_RELATIONSHIP_WITH_TRANSFORMATION(#3209)
SHAPE_REPRESENTATION_RELATIONSHIP()
);
#2171=(
REPRESENTATION_RELATIONSHIP(' ',' ',#5307,#5302)
REPRESENTATION_RELATIONSHIP_WITH_TRANSFORMATION(#3210)
SHAPE_REPRESENTATION_RELATIONSHIP()
);
#2172=(
REPRESENTATION_RELATIONSHIP(' ',' ',#5303,#5302)
REPRESENTATION_RELATIONSHIP_WITH_TRANSFORMATION(#3211)
SHAPE_REPRESENTATION_RELATIONSHIP()
);
#2173=(
REPRESENTATION_RELATIONSHIP(' ',' ',#5303,#5302)
REPRESENTATION_RELATIONSHIP_WITH_TRANSFORMATION(#3212)
SHAPE_REPRESENTATION_RELATIONSHIP()
);
#2174=(
REPRESENTATION_RELATIONSHIP(' ',' ',#5303,#5302)
REPRESENTATION_RELATIONSHIP_WITH_TRANSFORMATION(#3213)
SHAPE_REPRESENTATION_RELATIONSHIP()
);
#2175=(
REPRESENTATION_RELATIONSHIP(' ',' ',#5303,#5302)
REPRESENTATION_RELATIONSHIP_WITH_TRANSFORMATION(#3214)
SHAPE_REPRESENTATION_RELATIONSHIP()
);
#2176=(
REPRESENTATION_RELATIONSHIP(' ',' ',#5303,#5302)
REPRESENTATION_RELATIONSHIP_WITH_TRANSFORMATION(#3215)
SHAPE_REPRESENTATION_RELATIONSHIP()
);
#2177=(
REPRESENTATION_RELATIONSHIP(' ',' ',#5303,#5302)
REPRESENTATION_RELATIONSHIP_WITH_TRANSFORMATION(#3216)
SHAPE_REPRESENTATION_RELATIONSHIP()
);
#2178=(
REPRESENTATION_RELATIONSHIP(' ',' ',#5303,#5302)
REPRESENTATION_RELATIONSHIP_WITH_TRANSFORMATION(#3217)
SHAPE_REPRESENTATION_RELATIONSHIP()
);
#2179=(
REPRESENTATION_RELATIONSHIP(' ',' ',#5303,#5302)
REPRESENTATION_RELATIONSHIP_WITH_TRANSFORMATION(#3218)
SHAPE_REPRESENTATION_RELATIONSHIP()
);
#2180=(
REPRESENTATION_RELATIONSHIP(' ',' ',#5303,#5302)
REPRESENTATION_RELATIONSHIP_WITH_TRANSFORMATION(#3219)
SHAPE_REPRESENTATION_RELATIONSHIP()
);
#2181=(
REPRESENTATION_RELATIONSHIP(' ',' ',#5308,#5302)
REPRESENTATION_RELATIONSHIP_WITH_TRANSFORMATION(#3220)
SHAPE_REPRESENTATION_RELATIONSHIP()
);
#2182=(
REPRESENTATION_RELATIONSHIP(' ',' ',#5303,#5302)
REPRESENTATION_RELATIONSHIP_WITH_TRANSFORMATION(#3221)
SHAPE_REPRESENTATION_RELATIONSHIP()
);
#2183=(
REPRESENTATION_RELATIONSHIP(' ',' ',#5303,#5302)
REPRESENTATION_RELATIONSHIP_WITH_TRANSFORMATION(#3222)
SHAPE_REPRESENTATION_RELATIONSHIP()
);
#2184=(
REPRESENTATION_RELATIONSHIP(' ',' ',#5303,#5302)
REPRESENTATION_RELATIONSHIP_WITH_TRANSFORMATION(#3223)
SHAPE_REPRESENTATION_RELATIONSHIP()
);
#2185=(
REPRESENTATION_RELATIONSHIP(' ',' ',#5303,#5302)
REPRESENTATION_RELATIONSHIP_WITH_TRANSFORMATION(#3224)
SHAPE_REPRESENTATION_RELATIONSHIP()
);
#2186=(
REPRESENTATION_RELATIONSHIP(' ',' ',#5303,#5302)
REPRESENTATION_RELATIONSHIP_WITH_TRANSFORMATION(#3225)
SHAPE_REPRESENTATION_RELATIONSHIP()
);
#2187=(
REPRESENTATION_RELATIONSHIP(' ',' ',#5303,#5302)
REPRESENTATION_RELATIONSHIP_WITH_TRANSFORMATION(#3226)
SHAPE_REPRESENTATION_RELATIONSHIP()
);
#2188=(
REPRESENTATION_RELATIONSHIP(' ',' ',#5303,#5302)
REPRESENTATION_RELATIONSHIP_WITH_TRANSFORMATION(#3227)
SHAPE_REPRESENTATION_RELATIONSHIP()
);
#2189=(
REPRESENTATION_RELATIONSHIP(' ',' ',#5303,#5302)
REPRESENTATION_RELATIONSHIP_WITH_TRANSFORMATION(#3228)
SHAPE_REPRESENTATION_RELATIONSHIP()
);
#2190=(
REPRESENTATION_RELATIONSHIP(' ',' ',#5303,#5302)
REPRESENTATION_RELATIONSHIP_WITH_TRANSFORMATION(#3229)
SHAPE_REPRESENTATION_RELATIONSHIP()
);
#2191=(
REPRESENTATION_RELATIONSHIP(' ',' ',#5307,#5302)
REPRESENTATION_RELATIONSHIP_WITH_TRANSFORMATION(#3230)
SHAPE_REPRESENTATION_RELATIONSHIP()
);
#2192=(
REPRESENTATION_RELATIONSHIP(' ',' ',#5310,#5302)
REPRESENTATION_RELATIONSHIP_WITH_TRANSFORMATION(#3231)
SHAPE_REPRESENTATION_RELATIONSHIP()
);
#2193=(
REPRESENTATION_RELATIONSHIP(' ',' ',#5303,#5302)
REPRESENTATION_RELATIONSHIP_WITH_TRANSFORMATION(#3232)
SHAPE_REPRESENTATION_RELATIONSHIP()
);
#2194=(
REPRESENTATION_RELATIONSHIP(' ',' ',#5303,#5302)
REPRESENTATION_RELATIONSHIP_WITH_TRANSFORMATION(#3233)
SHAPE_REPRESENTATION_RELATIONSHIP()
);
#2195=(
REPRESENTATION_RELATIONSHIP(' ',' ',#5309,#5302)
REPRESENTATION_RELATIONSHIP_WITH_TRANSFORMATION(#3234)
SHAPE_REPRESENTATION_RELATIONSHIP()
);
#2196=(
REPRESENTATION_RELATIONSHIP(' ',' ',#5311,#5302)
REPRESENTATION_RELATIONSHIP_WITH_TRANSFORMATION(#3235)
SHAPE_REPRESENTATION_RELATIONSHIP()
);
#2197=(
REPRESENTATION_RELATIONSHIP(' ',' ',#5303,#5302)
REPRESENTATION_RELATIONSHIP_WITH_TRANSFORMATION(#3236)
SHAPE_REPRESENTATION_RELATIONSHIP()
);
#2198=(
REPRESENTATION_RELATIONSHIP(' ',' ',#5303,#5302)
REPRESENTATION_RELATIONSHIP_WITH_TRANSFORMATION(#3237)
SHAPE_REPRESENTATION_RELATIONSHIP()
);
#2199=(
REPRESENTATION_RELATIONSHIP(' ',' ',#5303,#5302)
REPRESENTATION_RELATIONSHIP_WITH_TRANSFORMATION(#3238)
SHAPE_REPRESENTATION_RELATIONSHIP()
);
#2200=(
REPRESENTATION_RELATIONSHIP(' ',' ',#5303,#5302)
REPRESENTATION_RELATIONSHIP_WITH_TRANSFORMATION(#3239)
SHAPE_REPRESENTATION_RELATIONSHIP()
);
#2201=(
REPRESENTATION_RELATIONSHIP(' ',' ',#5303,#5302)
REPRESENTATION_RELATIONSHIP_WITH_TRANSFORMATION(#3240)
SHAPE_REPRESENTATION_RELATIONSHIP()
);
#2202=(
REPRESENTATION_RELATIONSHIP(' ',' ',#5303,#5302)
REPRESENTATION_RELATIONSHIP_WITH_TRANSFORMATION(#3241)
SHAPE_REPRESENTATION_RELATIONSHIP()
);
#2203=(
REPRESENTATION_RELATIONSHIP(' ',' ',#5303,#5302)
REPRESENTATION_RELATIONSHIP_WITH_TRANSFORMATION(#3242)
SHAPE_REPRESENTATION_RELATIONSHIP()
);
#2204=(
REPRESENTATION_RELATIONSHIP(' ',' ',#5310,#5302)
REPRESENTATION_RELATIONSHIP_WITH_TRANSFORMATION(#3243)
SHAPE_REPRESENTATION_RELATIONSHIP()
);
#2205=(
REPRESENTATION_RELATIONSHIP(' ',' ',#5304,#5302)
REPRESENTATION_RELATIONSHIP_WITH_TRANSFORMATION(#3244)
SHAPE_REPRESENTATION_RELATIONSHIP()
);
#2206=(
REPRESENTATION_RELATIONSHIP(' ',' ',#5303,#5302)
REPRESENTATION_RELATIONSHIP_WITH_TRANSFORMATION(#3245)
SHAPE_REPRESENTATION_RELATIONSHIP()
);
#2207=(
REPRESENTATION_RELATIONSHIP(' ',' ',#5303,#5302)
REPRESENTATION_RELATIONSHIP_WITH_TRANSFORMATION(#3246)
SHAPE_REPRESENTATION_RELATIONSHIP()
);
#2208=(
REPRESENTATION_RELATIONSHIP(' ',' ',#5303,#5302)
REPRESENTATION_RELATIONSHIP_WITH_TRANSFORMATION(#3247)
SHAPE_REPRESENTATION_RELATIONSHIP()
);
#2209=(
REPRESENTATION_RELATIONSHIP(' ',' ',#5303,#5302)
REPRESENTATION_RELATIONSHIP_WITH_TRANSFORMATION(#3248)
SHAPE_REPRESENTATION_RELATIONSHIP()
);
#2210=(
REPRESENTATION_RELATIONSHIP(' ',' ',#5303,#5302)
REPRESENTATION_RELATIONSHIP_WITH_TRANSFORMATION(#3249)
SHAPE_REPRESENTATION_RELATIONSHIP()
);
#2211=(
REPRESENTATION_RELATIONSHIP(' ',' ',#5303,#5302)
REPRESENTATION_RELATIONSHIP_WITH_TRANSFORMATION(#3250)
SHAPE_REPRESENTATION_RELATIONSHIP()
);
#2212=(
REPRESENTATION_RELATIONSHIP(' ',' ',#5303,#5302)
REPRESENTATION_RELATIONSHIP_WITH_TRANSFORMATION(#3251)
SHAPE_REPRESENTATION_RELATIONSHIP()
);
#2213=(
REPRESENTATION_RELATIONSHIP(' ',' ',#5303,#5302)
REPRESENTATION_RELATIONSHIP_WITH_TRANSFORMATION(#3252)
SHAPE_REPRESENTATION_RELATIONSHIP()
);
#2214=(
REPRESENTATION_RELATIONSHIP(' ',' ',#5303,#5302)
REPRESENTATION_RELATIONSHIP_WITH_TRANSFORMATION(#3253)
SHAPE_REPRESENTATION_RELATIONSHIP()
);
#2215=(
REPRESENTATION_RELATIONSHIP(' ',' ',#5303,#5302)
REPRESENTATION_RELATIONSHIP_WITH_TRANSFORMATION(#3254)
SHAPE_REPRESENTATION_RELATIONSHIP()
);
#2216=(
REPRESENTATION_RELATIONSHIP(' ',' ',#5305,#5302)
REPRESENTATION_RELATIONSHIP_WITH_TRANSFORMATION(#3255)
SHAPE_REPRESENTATION_RELATIONSHIP()
);
#2217=(
REPRESENTATION_RELATIONSHIP(' ',' ',#5303,#5302)
REPRESENTATION_RELATIONSHIP_WITH_TRANSFORMATION(#3256)
SHAPE_REPRESENTATION_RELATIONSHIP()
);
#2218=(
REPRESENTATION_RELATIONSHIP(' ',' ',#5303,#5302)
REPRESENTATION_RELATIONSHIP_WITH_TRANSFORMATION(#3257)
SHAPE_REPRESENTATION_RELATIONSHIP()
);
#2219=(
REPRESENTATION_RELATIONSHIP(' ',' ',#5303,#5302)
REPRESENTATION_RELATIONSHIP_WITH_TRANSFORMATION(#3258)
SHAPE_REPRESENTATION_RELATIONSHIP()
);
#2220=(
REPRESENTATION_RELATIONSHIP(' ',' ',#5303,#5302)
REPRESENTATION_RELATIONSHIP_WITH_TRANSFORMATION(#3259)
SHAPE_REPRESENTATION_RELATIONSHIP()
);
#2221=(
REPRESENTATION_RELATIONSHIP(' ',' ',#5303,#5302)
REPRESENTATION_RELATIONSHIP_WITH_TRANSFORMATION(#3260)
SHAPE_REPRESENTATION_RELATIONSHIP()
);
#2222=(
REPRESENTATION_RELATIONSHIP(' ',' ',#5303,#5302)
REPRESENTATION_RELATIONSHIP_WITH_TRANSFORMATION(#3261)
SHAPE_REPRESENTATION_RELATIONSHIP()
);
#2223=(
REPRESENTATION_RELATIONSHIP(' ',' ',#5303,#5302)
REPRESENTATION_RELATIONSHIP_WITH_TRANSFORMATION(#3262)
SHAPE_REPRESENTATION_RELATIONSHIP()
);
#2224=(
REPRESENTATION_RELATIONSHIP(' ',' ',#5303,#5302)
REPRESENTATION_RELATIONSHIP_WITH_TRANSFORMATION(#3263)
SHAPE_REPRESENTATION_RELATIONSHIP()
);
#2225=(
REPRESENTATION_RELATIONSHIP(' ',' ',#5303,#5302)
REPRESENTATION_RELATIONSHIP_WITH_TRANSFORMATION(#3264)
SHAPE_REPRESENTATION_RELATIONSHIP()
);
#2226=(
REPRESENTATION_RELATIONSHIP(' ',' ',#5303,#5302)
REPRESENTATION_RELATIONSHIP_WITH_TRANSFORMATION(#3265)
SHAPE_REPRESENTATION_RELATIONSHIP()
);
#2227=(
REPRESENTATION_RELATIONSHIP(' ',' ',#5305,#5302)
REPRESENTATION_RELATIONSHIP_WITH_TRANSFORMATION(#3266)
SHAPE_REPRESENTATION_RELATIONSHIP()
);
#2228=(
REPRESENTATION_RELATIONSHIP(' ',' ',#5303,#5302)
REPRESENTATION_RELATIONSHIP_WITH_TRANSFORMATION(#3267)
SHAPE_REPRESENTATION_RELATIONSHIP()
);
#2229=(
REPRESENTATION_RELATIONSHIP(' ',' ',#5303,#5302)
REPRESENTATION_RELATIONSHIP_WITH_TRANSFORMATION(#3268)
SHAPE_REPRESENTATION_RELATIONSHIP()
);
#2230=(
REPRESENTATION_RELATIONSHIP(' ',' ',#5303,#5302)
REPRESENTATION_RELATIONSHIP_WITH_TRANSFORMATION(#3269)
SHAPE_REPRESENTATION_RELATIONSHIP()
);
#2231=(
REPRESENTATION_RELATIONSHIP(' ',' ',#5303,#5302)
REPRESENTATION_RELATIONSHIP_WITH_TRANSFORMATION(#3270)
SHAPE_REPRESENTATION_RELATIONSHIP()
);
#2232=(
REPRESENTATION_RELATIONSHIP(' ',' ',#5303,#5302)
REPRESENTATION_RELATIONSHIP_WITH_TRANSFORMATION(#3271)
SHAPE_REPRESENTATION_RELATIONSHIP()
);
#2233=(
REPRESENTATION_RELATIONSHIP(' ',' ',#5303,#5302)
REPRESENTATION_RELATIONSHIP_WITH_TRANSFORMATION(#3272)
SHAPE_REPRESENTATION_RELATIONSHIP()
);
#2234=(
REPRESENTATION_RELATIONSHIP(' ',' ',#5304,#5302)
REPRESENTATION_RELATIONSHIP_WITH_TRANSFORMATION(#3273)
SHAPE_REPRESENTATION_RELATIONSHIP()
);
#2235=(
REPRESENTATION_RELATIONSHIP(' ',' ',#5308,#5302)
REPRESENTATION_RELATIONSHIP_WITH_TRANSFORMATION(#3274)
SHAPE_REPRESENTATION_RELATIONSHIP()
);
#2236=(
REPRESENTATION_RELATIONSHIP(' ',' ',#5303,#5302)
REPRESENTATION_RELATIONSHIP_WITH_TRANSFORMATION(#3275)
SHAPE_REPRESENTATION_RELATIONSHIP()
);
#2237=(
REPRESENTATION_RELATIONSHIP(' ',' ',#5303,#5302)
REPRESENTATION_RELATIONSHIP_WITH_TRANSFORMATION(#3276)
SHAPE_REPRESENTATION_RELATIONSHIP()
);
#2238=(
REPRESENTATION_RELATIONSHIP(' ',' ',#5303,#5302)
REPRESENTATION_RELATIONSHIP_WITH_TRANSFORMATION(#3277)
SHAPE_REPRESENTATION_RELATIONSHIP()
);
#2239=(
REPRESENTATION_RELATIONSHIP(' ',' ',#5303,#5302)
REPRESENTATION_RELATIONSHIP_WITH_TRANSFORMATION(#3278)
SHAPE_REPRESENTATION_RELATIONSHIP()
);
#2240=(
REPRESENTATION_RELATIONSHIP(' ',' ',#5303,#5302)
REPRESENTATION_RELATIONSHIP_WITH_TRANSFORMATION(#3279)
SHAPE_REPRESENTATION_RELATIONSHIP()
);
#2241=(
REPRESENTATION_RELATIONSHIP(' ',' ',#5303,#5302)
REPRESENTATION_RELATIONSHIP_WITH_TRANSFORMATION(#3280)
SHAPE_REPRESENTATION_RELATIONSHIP()
);
#2242=(
REPRESENTATION_RELATIONSHIP(' ',' ',#5306,#5302)
REPRESENTATION_RELATIONSHIP_WITH_TRANSFORMATION(#3281)
SHAPE_REPRESENTATION_RELATIONSHIP()
);
#2243=(
REPRESENTATION_RELATIONSHIP(' ',' ',#5303,#5302)
REPRESENTATION_RELATIONSHIP_WITH_TRANSFORMATION(#3282)
SHAPE_REPRESENTATION_RELATIONSHIP()
);
#2244=(
REPRESENTATION_RELATIONSHIP(' ',' ',#5303,#5302)
REPRESENTATION_RELATIONSHIP_WITH_TRANSFORMATION(#3283)
SHAPE_REPRESENTATION_RELATIONSHIP()
);
#2245=(
REPRESENTATION_RELATIONSHIP(' ',' ',#5303,#5302)
REPRESENTATION_RELATIONSHIP_WITH_TRANSFORMATION(#3284)
SHAPE_REPRESENTATION_RELATIONSHIP()
);
#2246=(
REPRESENTATION_RELATIONSHIP(' ',' ',#5303,#5302)
REPRESENTATION_RELATIONSHIP_WITH_TRANSFORMATION(#3285)
SHAPE_REPRESENTATION_RELATIONSHIP()
);
#2247=(
REPRESENTATION_RELATIONSHIP(' ',' ',#5303,#5302)
REPRESENTATION_RELATIONSHIP_WITH_TRANSFORMATION(#3286)
SHAPE_REPRESENTATION_RELATIONSHIP()
);
#2248=(
REPRESENTATION_RELATIONSHIP(' ',' ',#5303,#5302)
REPRESENTATION_RELATIONSHIP_WITH_TRANSFORMATION(#3287)
SHAPE_REPRESENTATION_RELATIONSHIP()
);
#2249=(
REPRESENTATION_RELATIONSHIP(' ',' ',#5303,#5302)
REPRESENTATION_RELATIONSHIP_WITH_TRANSFORMATION(#3288)
SHAPE_REPRESENTATION_RELATIONSHIP()
);
#2250=(
REPRESENTATION_RELATIONSHIP(' ',' ',#5303,#5302)
REPRESENTATION_RELATIONSHIP_WITH_TRANSFORMATION(#3289)
SHAPE_REPRESENTATION_RELATIONSHIP()
);
#2251=(
REPRESENTATION_RELATIONSHIP(' ',' ',#5303,#5302)
REPRESENTATION_RELATIONSHIP_WITH_TRANSFORMATION(#3290)
SHAPE_REPRESENTATION_RELATIONSHIP()
);
#2252=(
REPRESENTATION_RELATIONSHIP(' ',' ',#5303,#5302)
REPRESENTATION_RELATIONSHIP_WITH_TRANSFORMATION(#3291)
SHAPE_REPRESENTATION_RELATIONSHIP()
);
#2253=(
REPRESENTATION_RELATIONSHIP(' ',' ',#5303,#5302)
REPRESENTATION_RELATIONSHIP_WITH_TRANSFORMATION(#3292)
SHAPE_REPRESENTATION_RELATIONSHIP()
);
#2254=(
REPRESENTATION_RELATIONSHIP(' ',' ',#5303,#5302)
REPRESENTATION_RELATIONSHIP_WITH_TRANSFORMATION(#3293)
SHAPE_REPRESENTATION_RELATIONSHIP()
);
#2255=(
REPRESENTATION_RELATIONSHIP(' ',' ',#5303,#5302)
REPRESENTATION_RELATIONSHIP_WITH_TRANSFORMATION(#3294)
SHAPE_REPRESENTATION_RELATIONSHIP()
);
#2256=(
REPRESENTATION_RELATIONSHIP(' ',' ',#5303,#5302)
REPRESENTATION_RELATIONSHIP_WITH_TRANSFORMATION(#3295)
SHAPE_REPRESENTATION_RELATIONSHIP()
);
#2257=(
REPRESENTATION_RELATIONSHIP(' ',' ',#5303,#5302)
REPRESENTATION_RELATIONSHIP_WITH_TRANSFORMATION(#3296)
SHAPE_REPRESENTATION_RELATIONSHIP()
);
#2258=(
REPRESENTATION_RELATIONSHIP(' ',' ',#5303,#5302)
REPRESENTATION_RELATIONSHIP_WITH_TRANSFORMATION(#3297)
SHAPE_REPRESENTATION_RELATIONSHIP()
);
#2259=(
REPRESENTATION_RELATIONSHIP(' ',' ',#5303,#5302)
REPRESENTATION_RELATIONSHIP_WITH_TRANSFORMATION(#3298)
SHAPE_REPRESENTATION_RELATIONSHIP()
);
#2260=(
REPRESENTATION_RELATIONSHIP(' ',' ',#5303,#5302)
REPRESENTATION_RELATIONSHIP_WITH_TRANSFORMATION(#3299)
SHAPE_REPRESENTATION_RELATIONSHIP()
);
#2261=(
REPRESENTATION_RELATIONSHIP(' ',' ',#5303,#5302)
REPRESENTATION_RELATIONSHIP_WITH_TRANSFORMATION(#3300)
SHAPE_REPRESENTATION_RELATIONSHIP()
);
#2262=(
REPRESENTATION_RELATIONSHIP(' ',' ',#5303,#5302)
REPRESENTATION_RELATIONSHIP_WITH_TRANSFORMATION(#3301)
SHAPE_REPRESENTATION_RELATIONSHIP()
);
#2263=(
REPRESENTATION_RELATIONSHIP(' ',' ',#5303,#5302)
REPRESENTATION_RELATIONSHIP_WITH_TRANSFORMATION(#3302)
SHAPE_REPRESENTATION_RELATIONSHIP()
);
#2264=(
REPRESENTATION_RELATIONSHIP(' ',' ',#5303,#5302)
REPRESENTATION_RELATIONSHIP_WITH_TRANSFORMATION(#3303)
SHAPE_REPRESENTATION_RELATIONSHIP()
);
#2265=(
REPRESENTATION_RELATIONSHIP(' ',' ',#5303,#5302)
REPRESENTATION_RELATIONSHIP_WITH_TRANSFORMATION(#3304)
SHAPE_REPRESENTATION_RELATIONSHIP()
);
#2266=(
REPRESENTATION_RELATIONSHIP(' ',' ',#5303,#5302)
REPRESENTATION_RELATIONSHIP_WITH_TRANSFORMATION(#3305)
SHAPE_REPRESENTATION_RELATIONSHIP()
);
#2267=(
REPRESENTATION_RELATIONSHIP(' ',' ',#5308,#5302)
REPRESENTATION_RELATIONSHIP_WITH_TRANSFORMATION(#3306)
SHAPE_REPRESENTATION_RELATIONSHIP()
);
#2268=(
REPRESENTATION_RELATIONSHIP(' ',' ',#5303,#5302)
REPRESENTATION_RELATIONSHIP_WITH_TRANSFORMATION(#3307)
SHAPE_REPRESENTATION_RELATIONSHIP()
);
#2269=(
REPRESENTATION_RELATIONSHIP(' ',' ',#5303,#5302)
REPRESENTATION_RELATIONSHIP_WITH_TRANSFORMATION(#3308)
SHAPE_REPRESENTATION_RELATIONSHIP()
);
#2270=(
REPRESENTATION_RELATIONSHIP(' ',' ',#5303,#5302)
REPRESENTATION_RELATIONSHIP_WITH_TRANSFORMATION(#3309)
SHAPE_REPRESENTATION_RELATIONSHIP()
);
#2271=(
REPRESENTATION_RELATIONSHIP(' ',' ',#5307,#5302)
REPRESENTATION_RELATIONSHIP_WITH_TRANSFORMATION(#3310)
SHAPE_REPRESENTATION_RELATIONSHIP()
);
#2272=(
REPRESENTATION_RELATIONSHIP(' ',' ',#5309,#5302)
REPRESENTATION_RELATIONSHIP_WITH_TRANSFORMATION(#3311)
SHAPE_REPRESENTATION_RELATIONSHIP()
);
#2273=(
REPRESENTATION_RELATIONSHIP(' ',' ',#5303,#5302)
REPRESENTATION_RELATIONSHIP_WITH_TRANSFORMATION(#3312)
SHAPE_REPRESENTATION_RELATIONSHIP()
);
#2274=(
REPRESENTATION_RELATIONSHIP(' ',' ',#5303,#5302)
REPRESENTATION_RELATIONSHIP_WITH_TRANSFORMATION(#3313)
SHAPE_REPRESENTATION_RELATIONSHIP()
);
#2275=(
REPRESENTATION_RELATIONSHIP(' ',' ',#5308,#5302)
REPRESENTATION_RELATIONSHIP_WITH_TRANSFORMATION(#3314)
SHAPE_REPRESENTATION_RELATIONSHIP()
);
#2276=(
REPRESENTATION_RELATIONSHIP(' ',' ',#5309,#5302)
REPRESENTATION_RELATIONSHIP_WITH_TRANSFORMATION(#3315)
SHAPE_REPRESENTATION_RELATIONSHIP()
);
#2277=(
REPRESENTATION_RELATIONSHIP(' ',' ',#5303,#5302)
REPRESENTATION_RELATIONSHIP_WITH_TRANSFORMATION(#3316)
SHAPE_REPRESENTATION_RELATIONSHIP()
);
#2278=(
REPRESENTATION_RELATIONSHIP(' ',' ',#5304,#5302)
REPRESENTATION_RELATIONSHIP_WITH_TRANSFORMATION(#3317)
SHAPE_REPRESENTATION_RELATIONSHIP()
);
#2279=(
REPRESENTATION_RELATIONSHIP(' ',' ',#5303,#5302)
REPRESENTATION_RELATIONSHIP_WITH_TRANSFORMATION(#3318)
SHAPE_REPRESENTATION_RELATIONSHIP()
);
#2280=(
REPRESENTATION_RELATIONSHIP(' ',' ',#5303,#5302)
REPRESENTATION_RELATIONSHIP_WITH_TRANSFORMATION(#3319)
SHAPE_REPRESENTATION_RELATIONSHIP()
);
#2281=(
REPRESENTATION_RELATIONSHIP(' ',' ',#5303,#5302)
REPRESENTATION_RELATIONSHIP_WITH_TRANSFORMATION(#3320)
SHAPE_REPRESENTATION_RELATIONSHIP()
);
#2282=(
REPRESENTATION_RELATIONSHIP(' ',' ',#5303,#5302)
REPRESENTATION_RELATIONSHIP_WITH_TRANSFORMATION(#3321)
SHAPE_REPRESENTATION_RELATIONSHIP()
);
#2283=(
REPRESENTATION_RELATIONSHIP(' ',' ',#5306,#5302)
REPRESENTATION_RELATIONSHIP_WITH_TRANSFORMATION(#3322)
SHAPE_REPRESENTATION_RELATIONSHIP()
);
#2284=(
REPRESENTATION_RELATIONSHIP(' ',' ',#5303,#5302)
REPRESENTATION_RELATIONSHIP_WITH_TRANSFORMATION(#3323)
SHAPE_REPRESENTATION_RELATIONSHIP()
);
#2285=(
REPRESENTATION_RELATIONSHIP(' ',' ',#5303,#5302)
REPRESENTATION_RELATIONSHIP_WITH_TRANSFORMATION(#3324)
SHAPE_REPRESENTATION_RELATIONSHIP()
);
#2286=(
REPRESENTATION_RELATIONSHIP(' ',' ',#5303,#5302)
REPRESENTATION_RELATIONSHIP_WITH_TRANSFORMATION(#3325)
SHAPE_REPRESENTATION_RELATIONSHIP()
);
#2287=(
REPRESENTATION_RELATIONSHIP(' ',' ',#5303,#5302)
REPRESENTATION_RELATIONSHIP_WITH_TRANSFORMATION(#3326)
SHAPE_REPRESENTATION_RELATIONSHIP()
);
#2288=(
REPRESENTATION_RELATIONSHIP(' ',' ',#5307,#5302)
REPRESENTATION_RELATIONSHIP_WITH_TRANSFORMATION(#3327)
SHAPE_REPRESENTATION_RELATIONSHIP()
);
#2289=(
REPRESENTATION_RELATIONSHIP(' ',' ',#5303,#5302)
REPRESENTATION_RELATIONSHIP_WITH_TRANSFORMATION(#3328)
SHAPE_REPRESENTATION_RELATIONSHIP()
);
#2290=(
REPRESENTATION_RELATIONSHIP(' ',' ',#5303,#5302)
REPRESENTATION_RELATIONSHIP_WITH_TRANSFORMATION(#3329)
SHAPE_REPRESENTATION_RELATIONSHIP()
);
#2291=(
REPRESENTATION_RELATIONSHIP(' ',' ',#5303,#5302)
REPRESENTATION_RELATIONSHIP_WITH_TRANSFORMATION(#3330)
SHAPE_REPRESENTATION_RELATIONSHIP()
);
#2292=(
REPRESENTATION_RELATIONSHIP(' ',' ',#5303,#5302)
REPRESENTATION_RELATIONSHIP_WITH_TRANSFORMATION(#3331)
SHAPE_REPRESENTATION_RELATIONSHIP()
);
#2293=(
REPRESENTATION_RELATIONSHIP(' ',' ',#5303,#5302)
REPRESENTATION_RELATIONSHIP_WITH_TRANSFORMATION(#3332)
SHAPE_REPRESENTATION_RELATIONSHIP()
);
#2294=(
REPRESENTATION_RELATIONSHIP(' ',' ',#5303,#5302)
REPRESENTATION_RELATIONSHIP_WITH_TRANSFORMATION(#3333)
SHAPE_REPRESENTATION_RELATIONSHIP()
);
#2295=(
REPRESENTATION_RELATIONSHIP(' ',' ',#5303,#5302)
REPRESENTATION_RELATIONSHIP_WITH_TRANSFORMATION(#3334)
SHAPE_REPRESENTATION_RELATIONSHIP()
);
#2296=(
REPRESENTATION_RELATIONSHIP(' ',' ',#5303,#5302)
REPRESENTATION_RELATIONSHIP_WITH_TRANSFORMATION(#3335)
SHAPE_REPRESENTATION_RELATIONSHIP()
);
#2297=(
REPRESENTATION_RELATIONSHIP(' ',' ',#5306,#5302)
REPRESENTATION_RELATIONSHIP_WITH_TRANSFORMATION(#3336)
SHAPE_REPRESENTATION_RELATIONSHIP()
);
#2298=(
REPRESENTATION_RELATIONSHIP(' ',' ',#5303,#5302)
REPRESENTATION_RELATIONSHIP_WITH_TRANSFORMATION(#3337)
SHAPE_REPRESENTATION_RELATIONSHIP()
);
#2299=(
REPRESENTATION_RELATIONSHIP(' ',' ',#5303,#5302)
REPRESENTATION_RELATIONSHIP_WITH_TRANSFORMATION(#3338)
SHAPE_REPRESENTATION_RELATIONSHIP()
);
#2300=(
REPRESENTATION_RELATIONSHIP(' ',' ',#5303,#5302)
REPRESENTATION_RELATIONSHIP_WITH_TRANSFORMATION(#3339)
SHAPE_REPRESENTATION_RELATIONSHIP()
);
#2301=(
REPRESENTATION_RELATIONSHIP(' ',' ',#5303,#5302)
REPRESENTATION_RELATIONSHIP_WITH_TRANSFORMATION(#3340)
SHAPE_REPRESENTATION_RELATIONSHIP()
);
#2302=(
REPRESENTATION_RELATIONSHIP(' ',' ',#5303,#5302)
REPRESENTATION_RELATIONSHIP_WITH_TRANSFORMATION(#3341)
SHAPE_REPRESENTATION_RELATIONSHIP()
);
#2303=(
REPRESENTATION_RELATIONSHIP(' ',' ',#5303,#5302)
REPRESENTATION_RELATIONSHIP_WITH_TRANSFORMATION(#3342)
SHAPE_REPRESENTATION_RELATIONSHIP()
);
#2304=(
REPRESENTATION_RELATIONSHIP(' ',' ',#5303,#5302)
REPRESENTATION_RELATIONSHIP_WITH_TRANSFORMATION(#3343)
SHAPE_REPRESENTATION_RELATIONSHIP()
);
#2305=(
REPRESENTATION_RELATIONSHIP(' ',' ',#5303,#5302)
REPRESENTATION_RELATIONSHIP_WITH_TRANSFORMATION(#3344)
SHAPE_REPRESENTATION_RELATIONSHIP()
);
#2306=(
REPRESENTATION_RELATIONSHIP(' ',' ',#5303,#5302)
REPRESENTATION_RELATIONSHIP_WITH_TRANSFORMATION(#3345)
SHAPE_REPRESENTATION_RELATIONSHIP()
);
#2307=(
REPRESENTATION_RELATIONSHIP(' ',' ',#5303,#5302)
REPRESENTATION_RELATIONSHIP_WITH_TRANSFORMATION(#3346)
SHAPE_REPRESENTATION_RELATIONSHIP()
);
#2308=(
REPRESENTATION_RELATIONSHIP(' ',' ',#5303,#5302)
REPRESENTATION_RELATIONSHIP_WITH_TRANSFORMATION(#3347)
SHAPE_REPRESENTATION_RELATIONSHIP()
);
#2309=(
REPRESENTATION_RELATIONSHIP(' ',' ',#5303,#5302)
REPRESENTATION_RELATIONSHIP_WITH_TRANSFORMATION(#3348)
SHAPE_REPRESENTATION_RELATIONSHIP()
);
#2310=(
REPRESENTATION_RELATIONSHIP(' ',' ',#5303,#5302)
REPRESENTATION_RELATIONSHIP_WITH_TRANSFORMATION(#3349)
SHAPE_REPRESENTATION_RELATIONSHIP()
);
#2311=(
REPRESENTATION_RELATIONSHIP(' ',' ',#5303,#5302)
REPRESENTATION_RELATIONSHIP_WITH_TRANSFORMATION(#3350)
SHAPE_REPRESENTATION_RELATIONSHIP()
);
#2312=(
REPRESENTATION_RELATIONSHIP(' ',' ',#5303,#5302)
REPRESENTATION_RELATIONSHIP_WITH_TRANSFORMATION(#3351)
SHAPE_REPRESENTATION_RELATIONSHIP()
);
#2313=(
REPRESENTATION_RELATIONSHIP(' ',' ',#5303,#5302)
REPRESENTATION_RELATIONSHIP_WITH_TRANSFORMATION(#3352)
SHAPE_REPRESENTATION_RELATIONSHIP()
);
#2314=(
REPRESENTATION_RELATIONSHIP(' ',' ',#5303,#5302)
REPRESENTATION_RELATIONSHIP_WITH_TRANSFORMATION(#3353)
SHAPE_REPRESENTATION_RELATIONSHIP()
);
#2315=(
REPRESENTATION_RELATIONSHIP(' ',' ',#5303,#5302)
REPRESENTATION_RELATIONSHIP_WITH_TRANSFORMATION(#3354)
SHAPE_REPRESENTATION_RELATIONSHIP()
);
#2316=(
REPRESENTATION_RELATIONSHIP(' ',' ',#5303,#5302)
REPRESENTATION_RELATIONSHIP_WITH_TRANSFORMATION(#3355)
SHAPE_REPRESENTATION_RELATIONSHIP()
);
#2317=(
REPRESENTATION_RELATIONSHIP(' ',' ',#5303,#5302)
REPRESENTATION_RELATIONSHIP_WITH_TRANSFORMATION(#3356)
SHAPE_REPRESENTATION_RELATIONSHIP()
);
#2318=(
REPRESENTATION_RELATIONSHIP(' ',' ',#5303,#5302)
REPRESENTATION_RELATIONSHIP_WITH_TRANSFORMATION(#3357)
SHAPE_REPRESENTATION_RELATIONSHIP()
);
#2319=(
REPRESENTATION_RELATIONSHIP(' ',' ',#5303,#5302)
REPRESENTATION_RELATIONSHIP_WITH_TRANSFORMATION(#3358)
SHAPE_REPRESENTATION_RELATIONSHIP()
);
#2320=(
REPRESENTATION_RELATIONSHIP(' ',' ',#5303,#5302)
REPRESENTATION_RELATIONSHIP_WITH_TRANSFORMATION(#3359)
SHAPE_REPRESENTATION_RELATIONSHIP()
);
#2321=(
REPRESENTATION_RELATIONSHIP(' ',' ',#5303,#5302)
REPRESENTATION_RELATIONSHIP_WITH_TRANSFORMATION(#3360)
SHAPE_REPRESENTATION_RELATIONSHIP()
);
#2322=(
REPRESENTATION_RELATIONSHIP(' ',' ',#5303,#5302)
REPRESENTATION_RELATIONSHIP_WITH_TRANSFORMATION(#3361)
SHAPE_REPRESENTATION_RELATIONSHIP()
);
#2323=(
REPRESENTATION_RELATIONSHIP(' ',' ',#5303,#5302)
REPRESENTATION_RELATIONSHIP_WITH_TRANSFORMATION(#3362)
SHAPE_REPRESENTATION_RELATIONSHIP()
);
#2324=(
REPRESENTATION_RELATIONSHIP(' ',' ',#5303,#5302)
REPRESENTATION_RELATIONSHIP_WITH_TRANSFORMATION(#3363)
SHAPE_REPRESENTATION_RELATIONSHIP()
);
#2325=(
REPRESENTATION_RELATIONSHIP(' ',' ',#5303,#5302)
REPRESENTATION_RELATIONSHIP_WITH_TRANSFORMATION(#3364)
SHAPE_REPRESENTATION_RELATIONSHIP()
);
#2326=(
REPRESENTATION_RELATIONSHIP(' ',' ',#5303,#5302)
REPRESENTATION_RELATIONSHIP_WITH_TRANSFORMATION(#3365)
SHAPE_REPRESENTATION_RELATIONSHIP()
);
#2327=(
REPRESENTATION_RELATIONSHIP(' ',' ',#5303,#5302)
REPRESENTATION_RELATIONSHIP_WITH_TRANSFORMATION(#3366)
SHAPE_REPRESENTATION_RELATIONSHIP()
);
#2328=(
REPRESENTATION_RELATIONSHIP(' ',' ',#5303,#5302)
REPRESENTATION_RELATIONSHIP_WITH_TRANSFORMATION(#3367)
SHAPE_REPRESENTATION_RELATIONSHIP()
);
#2329=(
REPRESENTATION_RELATIONSHIP(' ',' ',#5303,#5302)
REPRESENTATION_RELATIONSHIP_WITH_TRANSFORMATION(#3368)
SHAPE_REPRESENTATION_RELATIONSHIP()
);
#2330=(
REPRESENTATION_RELATIONSHIP(' ',' ',#5303,#5302)
REPRESENTATION_RELATIONSHIP_WITH_TRANSFORMATION(#3369)
SHAPE_REPRESENTATION_RELATIONSHIP()
);
#2331=(
REPRESENTATION_RELATIONSHIP(' ',' ',#5308,#5302)
REPRESENTATION_RELATIONSHIP_WITH_TRANSFORMATION(#3370)
SHAPE_REPRESENTATION_RELATIONSHIP()
);
#2332=(
REPRESENTATION_RELATIONSHIP(' ',' ',#5303,#5302)
REPRESENTATION_RELATIONSHIP_WITH_TRANSFORMATION(#3371)
SHAPE_REPRESENTATION_RELATIONSHIP()
);
#2333=(
REPRESENTATION_RELATIONSHIP(' ',' ',#5308,#5302)
REPRESENTATION_RELATIONSHIP_WITH_TRANSFORMATION(#3372)
SHAPE_REPRESENTATION_RELATIONSHIP()
);
#2334=(
REPRESENTATION_RELATIONSHIP(' ',' ',#5303,#5302)
REPRESENTATION_RELATIONSHIP_WITH_TRANSFORMATION(#3373)
SHAPE_REPRESENTATION_RELATIONSHIP()
);
#2335=(
REPRESENTATION_RELATIONSHIP(' ',' ',#5303,#5302)
REPRESENTATION_RELATIONSHIP_WITH_TRANSFORMATION(#3374)
SHAPE_REPRESENTATION_RELATIONSHIP()
);
#2336=(
REPRESENTATION_RELATIONSHIP(' ',' ',#5303,#5302)
REPRESENTATION_RELATIONSHIP_WITH_TRANSFORMATION(#3375)
SHAPE_REPRESENTATION_RELATIONSHIP()
);
#2337=(
REPRESENTATION_RELATIONSHIP(' ',' ',#5308,#5302)
REPRESENTATION_RELATIONSHIP_WITH_TRANSFORMATION(#3376)
SHAPE_REPRESENTATION_RELATIONSHIP()
);
#2338=(
REPRESENTATION_RELATIONSHIP(' ',' ',#5303,#5302)
REPRESENTATION_RELATIONSHIP_WITH_TRANSFORMATION(#3377)
SHAPE_REPRESENTATION_RELATIONSHIP()
);
#2339=(
REPRESENTATION_RELATIONSHIP(' ',' ',#5303,#5302)
REPRESENTATION_RELATIONSHIP_WITH_TRANSFORMATION(#3378)
SHAPE_REPRESENTATION_RELATIONSHIP()
);
#2340=(
REPRESENTATION_RELATIONSHIP(' ',' ',#5303,#5302)
REPRESENTATION_RELATIONSHIP_WITH_TRANSFORMATION(#3379)
SHAPE_REPRESENTATION_RELATIONSHIP()
);
#2341=(
REPRESENTATION_RELATIONSHIP(' ',' ',#5303,#5302)
REPRESENTATION_RELATIONSHIP_WITH_TRANSFORMATION(#3380)
SHAPE_REPRESENTATION_RELATIONSHIP()
);
#2342=(
REPRESENTATION_RELATIONSHIP(' ',' ',#5303,#5302)
REPRESENTATION_RELATIONSHIP_WITH_TRANSFORMATION(#3381)
SHAPE_REPRESENTATION_RELATIONSHIP()
);
#2343=(
REPRESENTATION_RELATIONSHIP(' ',' ',#5303,#5302)
REPRESENTATION_RELATIONSHIP_WITH_TRANSFORMATION(#3382)
SHAPE_REPRESENTATION_RELATIONSHIP()
);
#2344=(
REPRESENTATION_RELATIONSHIP(' ',' ',#5303,#5302)
REPRESENTATION_RELATIONSHIP_WITH_TRANSFORMATION(#3383)
SHAPE_REPRESENTATION_RELATIONSHIP()
);
#2345=(
REPRESENTATION_RELATIONSHIP(' ',' ',#5303,#5302)
REPRESENTATION_RELATIONSHIP_WITH_TRANSFORMATION(#3384)
SHAPE_REPRESENTATION_RELATIONSHIP()
);
#2346=(
REPRESENTATION_RELATIONSHIP(' ',' ',#5303,#5302)
REPRESENTATION_RELATIONSHIP_WITH_TRANSFORMATION(#3385)
SHAPE_REPRESENTATION_RELATIONSHIP()
);
#2347=(
REPRESENTATION_RELATIONSHIP(' ',' ',#5303,#5302)
REPRESENTATION_RELATIONSHIP_WITH_TRANSFORMATION(#3386)
SHAPE_REPRESENTATION_RELATIONSHIP()
);
#2348=(
REPRESENTATION_RELATIONSHIP(' ',' ',#5303,#5302)
REPRESENTATION_RELATIONSHIP_WITH_TRANSFORMATION(#3387)
SHAPE_REPRESENTATION_RELATIONSHIP()
);
#2349=(
REPRESENTATION_RELATIONSHIP(' ',' ',#5303,#5302)
REPRESENTATION_RELATIONSHIP_WITH_TRANSFORMATION(#3388)
SHAPE_REPRESENTATION_RELATIONSHIP()
);
#2350=(
REPRESENTATION_RELATIONSHIP(' ',' ',#5303,#5302)
REPRESENTATION_RELATIONSHIP_WITH_TRANSFORMATION(#3389)
SHAPE_REPRESENTATION_RELATIONSHIP()
);
#2351=(
REPRESENTATION_RELATIONSHIP(' ',' ',#5303,#5302)
REPRESENTATION_RELATIONSHIP_WITH_TRANSFORMATION(#3390)
SHAPE_REPRESENTATION_RELATIONSHIP()
);
#2352=(
REPRESENTATION_RELATIONSHIP(' ',' ',#5303,#5302)
REPRESENTATION_RELATIONSHIP_WITH_TRANSFORMATION(#3391)
SHAPE_REPRESENTATION_RELATIONSHIP()
);
#2353=(
REPRESENTATION_RELATIONSHIP(' ',' ',#5303,#5302)
REPRESENTATION_RELATIONSHIP_WITH_TRANSFORMATION(#3392)
SHAPE_REPRESENTATION_RELATIONSHIP()
);
#2354=(
REPRESENTATION_RELATIONSHIP(' ',' ',#5303,#5302)
REPRESENTATION_RELATIONSHIP_WITH_TRANSFORMATION(#3393)
SHAPE_REPRESENTATION_RELATIONSHIP()
);
#2355=(
REPRESENTATION_RELATIONSHIP(' ',' ',#5303,#5302)
REPRESENTATION_RELATIONSHIP_WITH_TRANSFORMATION(#3394)
SHAPE_REPRESENTATION_RELATIONSHIP()
);
#2356=(
REPRESENTATION_RELATIONSHIP(' ',' ',#5303,#5302)
REPRESENTATION_RELATIONSHIP_WITH_TRANSFORMATION(#3395)
SHAPE_REPRESENTATION_RELATIONSHIP()
);
#2357=(
REPRESENTATION_RELATIONSHIP(' ',' ',#5306,#5302)
REPRESENTATION_RELATIONSHIP_WITH_TRANSFORMATION(#3396)
SHAPE_REPRESENTATION_RELATIONSHIP()
);
#2358=(
REPRESENTATION_RELATIONSHIP(' ',' ',#5309,#5302)
REPRESENTATION_RELATIONSHIP_WITH_TRANSFORMATION(#3397)
SHAPE_REPRESENTATION_RELATIONSHIP()
);
#2359=(
REPRESENTATION_RELATIONSHIP(' ',' ',#5303,#5302)
REPRESENTATION_RELATIONSHIP_WITH_TRANSFORMATION(#3398)
SHAPE_REPRESENTATION_RELATIONSHIP()
);
#2360=(
REPRESENTATION_RELATIONSHIP(' ',' ',#5303,#5302)
REPRESENTATION_RELATIONSHIP_WITH_TRANSFORMATION(#3399)
SHAPE_REPRESENTATION_RELATIONSHIP()
);
#2361=(
REPRESENTATION_RELATIONSHIP(' ',' ',#5303,#5302)
REPRESENTATION_RELATIONSHIP_WITH_TRANSFORMATION(#3400)
SHAPE_REPRESENTATION_RELATIONSHIP()
);
#2362=(
REPRESENTATION_RELATIONSHIP(' ',' ',#5303,#5302)
REPRESENTATION_RELATIONSHIP_WITH_TRANSFORMATION(#3401)
SHAPE_REPRESENTATION_RELATIONSHIP()
);
#2363=(
REPRESENTATION_RELATIONSHIP(' ',' ',#5303,#5302)
REPRESENTATION_RELATIONSHIP_WITH_TRANSFORMATION(#3402)
SHAPE_REPRESENTATION_RELATIONSHIP()
);
#2364=(
REPRESENTATION_RELATIONSHIP(' ',' ',#5303,#5302)
REPRESENTATION_RELATIONSHIP_WITH_TRANSFORMATION(#3403)
SHAPE_REPRESENTATION_RELATIONSHIP()
);
#2365=(
REPRESENTATION_RELATIONSHIP(' ',' ',#5303,#5302)
REPRESENTATION_RELATIONSHIP_WITH_TRANSFORMATION(#3404)
SHAPE_REPRESENTATION_RELATIONSHIP()
);
#2366=(
REPRESENTATION_RELATIONSHIP(' ',' ',#5303,#5302)
REPRESENTATION_RELATIONSHIP_WITH_TRANSFORMATION(#3405)
SHAPE_REPRESENTATION_RELATIONSHIP()
);
#2367=(
REPRESENTATION_RELATIONSHIP(' ',' ',#5303,#5302)
REPRESENTATION_RELATIONSHIP_WITH_TRANSFORMATION(#3406)
SHAPE_REPRESENTATION_RELATIONSHIP()
);
#2368=(
REPRESENTATION_RELATIONSHIP(' ',' ',#5303,#5302)
REPRESENTATION_RELATIONSHIP_WITH_TRANSFORMATION(#3407)
SHAPE_REPRESENTATION_RELATIONSHIP()
);
#2369=(
REPRESENTATION_RELATIONSHIP(' ',' ',#5303,#5302)
REPRESENTATION_RELATIONSHIP_WITH_TRANSFORMATION(#3408)
SHAPE_REPRESENTATION_RELATIONSHIP()
);
#2370=(
REPRESENTATION_RELATIONSHIP(' ',' ',#5303,#5302)
REPRESENTATION_RELATIONSHIP_WITH_TRANSFORMATION(#3409)
SHAPE_REPRESENTATION_RELATIONSHIP()
);
#2371=(
REPRESENTATION_RELATIONSHIP(' ',' ',#5303,#5302)
REPRESENTATION_RELATIONSHIP_WITH_TRANSFORMATION(#3410)
SHAPE_REPRESENTATION_RELATIONSHIP()
);
#2372=(
REPRESENTATION_RELATIONSHIP(' ',' ',#5303,#5302)
REPRESENTATION_RELATIONSHIP_WITH_TRANSFORMATION(#3411)
SHAPE_REPRESENTATION_RELATIONSHIP()
);
#2373=(
REPRESENTATION_RELATIONSHIP(' ',' ',#5303,#5302)
REPRESENTATION_RELATIONSHIP_WITH_TRANSFORMATION(#3412)
SHAPE_REPRESENTATION_RELATIONSHIP()
);
#2374=(
REPRESENTATION_RELATIONSHIP(' ',' ',#5303,#5302)
REPRESENTATION_RELATIONSHIP_WITH_TRANSFORMATION(#3413)
SHAPE_REPRESENTATION_RELATIONSHIP()
);
#2375=(
REPRESENTATION_RELATIONSHIP(' ',' ',#5303,#5302)
REPRESENTATION_RELATIONSHIP_WITH_TRANSFORMATION(#3414)
SHAPE_REPRESENTATION_RELATIONSHIP()
);
#2376=(
REPRESENTATION_RELATIONSHIP(' ',' ',#5304,#5302)
REPRESENTATION_RELATIONSHIP_WITH_TRANSFORMATION(#3415)
SHAPE_REPRESENTATION_RELATIONSHIP()
);
#2377=(
REPRESENTATION_RELATIONSHIP(' ',' ',#5303,#5302)
REPRESENTATION_RELATIONSHIP_WITH_TRANSFORMATION(#3416)
SHAPE_REPRESENTATION_RELATIONSHIP()
);
#2378=(
REPRESENTATION_RELATIONSHIP(' ',' ',#5303,#5302)
REPRESENTATION_RELATIONSHIP_WITH_TRANSFORMATION(#3417)
SHAPE_REPRESENTATION_RELATIONSHIP()
);
#2379=(
REPRESENTATION_RELATIONSHIP(' ',' ',#5303,#5302)
REPRESENTATION_RELATIONSHIP_WITH_TRANSFORMATION(#3418)
SHAPE_REPRESENTATION_RELATIONSHIP()
);
#2380=(
REPRESENTATION_RELATIONSHIP(' ',' ',#5303,#5302)
REPRESENTATION_RELATIONSHIP_WITH_TRANSFORMATION(#3419)
SHAPE_REPRESENTATION_RELATIONSHIP()
);
#2381=(
REPRESENTATION_RELATIONSHIP(' ',' ',#5303,#5302)
REPRESENTATION_RELATIONSHIP_WITH_TRANSFORMATION(#3420)
SHAPE_REPRESENTATION_RELATIONSHIP()
);
#2382=(
REPRESENTATION_RELATIONSHIP(' ',' ',#5303,#5302)
REPRESENTATION_RELATIONSHIP_WITH_TRANSFORMATION(#3421)
SHAPE_REPRESENTATION_RELATIONSHIP()
);
#2383=(
REPRESENTATION_RELATIONSHIP(' ',' ',#5310,#5302)
REPRESENTATION_RELATIONSHIP_WITH_TRANSFORMATION(#3422)
SHAPE_REPRESENTATION_RELATIONSHIP()
);
#2384=(
REPRESENTATION_RELATIONSHIP(' ',' ',#5305,#5302)
REPRESENTATION_RELATIONSHIP_WITH_TRANSFORMATION(#3423)
SHAPE_REPRESENTATION_RELATIONSHIP()
);
#2385=(
REPRESENTATION_RELATIONSHIP(' ',' ',#5303,#5302)
REPRESENTATION_RELATIONSHIP_WITH_TRANSFORMATION(#3424)
SHAPE_REPRESENTATION_RELATIONSHIP()
);
#2386=(
REPRESENTATION_RELATIONSHIP(' ',' ',#5303,#5302)
REPRESENTATION_RELATIONSHIP_WITH_TRANSFORMATION(#3425)
SHAPE_REPRESENTATION_RELATIONSHIP()
);
#2387=(
REPRESENTATION_RELATIONSHIP(' ',' ',#5303,#5302)
REPRESENTATION_RELATIONSHIP_WITH_TRANSFORMATION(#3426)
SHAPE_REPRESENTATION_RELATIONSHIP()
);
#2388=(
REPRESENTATION_RELATIONSHIP(' ',' ',#5303,#5302)
REPRESENTATION_RELATIONSHIP_WITH_TRANSFORMATION(#3427)
SHAPE_REPRESENTATION_RELATIONSHIP()
);
#2389=(
REPRESENTATION_RELATIONSHIP(' ',' ',#5303,#5302)
REPRESENTATION_RELATIONSHIP_WITH_TRANSFORMATION(#3428)
SHAPE_REPRESENTATION_RELATIONSHIP()
);
#2390=(
REPRESENTATION_RELATIONSHIP(' ',' ',#5303,#5302)
REPRESENTATION_RELATIONSHIP_WITH_TRANSFORMATION(#3429)
SHAPE_REPRESENTATION_RELATIONSHIP()
);
#2391=(
REPRESENTATION_RELATIONSHIP(' ',' ',#5303,#5302)
REPRESENTATION_RELATIONSHIP_WITH_TRANSFORMATION(#3430)
SHAPE_REPRESENTATION_RELATIONSHIP()
);
#2392=(
REPRESENTATION_RELATIONSHIP(' ',' ',#5306,#5302)
REPRESENTATION_RELATIONSHIP_WITH_TRANSFORMATION(#3431)
SHAPE_REPRESENTATION_RELATIONSHIP()
);
#2393=(
REPRESENTATION_RELATIONSHIP(' ',' ',#5303,#5302)
REPRESENTATION_RELATIONSHIP_WITH_TRANSFORMATION(#3432)
SHAPE_REPRESENTATION_RELATIONSHIP()
);
#2394=(
REPRESENTATION_RELATIONSHIP(' ',' ',#5303,#5302)
REPRESENTATION_RELATIONSHIP_WITH_TRANSFORMATION(#3433)
SHAPE_REPRESENTATION_RELATIONSHIP()
);
#2395=(
REPRESENTATION_RELATIONSHIP(' ',' ',#5307,#5302)
REPRESENTATION_RELATIONSHIP_WITH_TRANSFORMATION(#3434)
SHAPE_REPRESENTATION_RELATIONSHIP()
);
#2396=(
REPRESENTATION_RELATIONSHIP(' ',' ',#5303,#5302)
REPRESENTATION_RELATIONSHIP_WITH_TRANSFORMATION(#3435)
SHAPE_REPRESENTATION_RELATIONSHIP()
);
#2397=(
REPRESENTATION_RELATIONSHIP(' ',' ',#5307,#5302)
REPRESENTATION_RELATIONSHIP_WITH_TRANSFORMATION(#3436)
SHAPE_REPRESENTATION_RELATIONSHIP()
);
#2398=(
REPRESENTATION_RELATIONSHIP(' ',' ',#5310,#5302)
REPRESENTATION_RELATIONSHIP_WITH_TRANSFORMATION(#3437)
SHAPE_REPRESENTATION_RELATIONSHIP()
);
#2399=(
REPRESENTATION_RELATIONSHIP(' ',' ',#5303,#5302)
REPRESENTATION_RELATIONSHIP_WITH_TRANSFORMATION(#3438)
SHAPE_REPRESENTATION_RELATIONSHIP()
);
#2400=(
REPRESENTATION_RELATIONSHIP(' ',' ',#5303,#5302)
REPRESENTATION_RELATIONSHIP_WITH_TRANSFORMATION(#3439)
SHAPE_REPRESENTATION_RELATIONSHIP()
);
#2401=(
REPRESENTATION_RELATIONSHIP(' ',' ',#5303,#5302)
REPRESENTATION_RELATIONSHIP_WITH_TRANSFORMATION(#3440)
SHAPE_REPRESENTATION_RELATIONSHIP()
);
#2402=(
REPRESENTATION_RELATIONSHIP(' ',' ',#5303,#5302)
REPRESENTATION_RELATIONSHIP_WITH_TRANSFORMATION(#3441)
SHAPE_REPRESENTATION_RELATIONSHIP()
);
#2403=(
REPRESENTATION_RELATIONSHIP(' ',' ',#5303,#5302)
REPRESENTATION_RELATIONSHIP_WITH_TRANSFORMATION(#3442)
SHAPE_REPRESENTATION_RELATIONSHIP()
);
#2404=(
REPRESENTATION_RELATIONSHIP(' ',' ',#5307,#5302)
REPRESENTATION_RELATIONSHIP_WITH_TRANSFORMATION(#3443)
SHAPE_REPRESENTATION_RELATIONSHIP()
);
#2405=(
REPRESENTATION_RELATIONSHIP(' ',' ',#5305,#5302)
REPRESENTATION_RELATIONSHIP_WITH_TRANSFORMATION(#3444)
SHAPE_REPRESENTATION_RELATIONSHIP()
);
#2406=(
REPRESENTATION_RELATIONSHIP(' ',' ',#5303,#5302)
REPRESENTATION_RELATIONSHIP_WITH_TRANSFORMATION(#3445)
SHAPE_REPRESENTATION_RELATIONSHIP()
);
#2407=(
REPRESENTATION_RELATIONSHIP(' ',' ',#5309,#5302)
REPRESENTATION_RELATIONSHIP_WITH_TRANSFORMATION(#3446)
SHAPE_REPRESENTATION_RELATIONSHIP()
);
#2408=(
REPRESENTATION_RELATIONSHIP(' ',' ',#5311,#5302)
REPRESENTATION_RELATIONSHIP_WITH_TRANSFORMATION(#3447)
SHAPE_REPRESENTATION_RELATIONSHIP()
);
#2409=(
REPRESENTATION_RELATIONSHIP(' ',' ',#5303,#5302)
REPRESENTATION_RELATIONSHIP_WITH_TRANSFORMATION(#3448)
SHAPE_REPRESENTATION_RELATIONSHIP()
);
#2410=(
REPRESENTATION_RELATIONSHIP(' ',' ',#5303,#5302)
REPRESENTATION_RELATIONSHIP_WITH_TRANSFORMATION(#3449)
SHAPE_REPRESENTATION_RELATIONSHIP()
);
#2411=(
REPRESENTATION_RELATIONSHIP(' ',' ',#5303,#5302)
REPRESENTATION_RELATIONSHIP_WITH_TRANSFORMATION(#3450)
SHAPE_REPRESENTATION_RELATIONSHIP()
);
#2412=(
REPRESENTATION_RELATIONSHIP(' ',' ',#5303,#5302)
REPRESENTATION_RELATIONSHIP_WITH_TRANSFORMATION(#3451)
SHAPE_REPRESENTATION_RELATIONSHIP()
);
#2413=(
REPRESENTATION_RELATIONSHIP(' ',' ',#5310,#5302)
REPRESENTATION_RELATIONSHIP_WITH_TRANSFORMATION(#3452)
SHAPE_REPRESENTATION_RELATIONSHIP()
);
#2414=(
REPRESENTATION_RELATIONSHIP(' ',' ',#5303,#5302)
REPRESENTATION_RELATIONSHIP_WITH_TRANSFORMATION(#3453)
SHAPE_REPRESENTATION_RELATIONSHIP()
);
#2415=(
REPRESENTATION_RELATIONSHIP(' ',' ',#5303,#5302)
REPRESENTATION_RELATIONSHIP_WITH_TRANSFORMATION(#3454)
SHAPE_REPRESENTATION_RELATIONSHIP()
);
#2416=(
REPRESENTATION_RELATIONSHIP(' ',' ',#5303,#5302)
REPRESENTATION_RELATIONSHIP_WITH_TRANSFORMATION(#3455)
SHAPE_REPRESENTATION_RELATIONSHIP()
);
#2417=(
REPRESENTATION_RELATIONSHIP(' ',' ',#5303,#5302)
REPRESENTATION_RELATIONSHIP_WITH_TRANSFORMATION(#3456)
SHAPE_REPRESENTATION_RELATIONSHIP()
);
#2418=(
REPRESENTATION_RELATIONSHIP(' ',' ',#5305,#5302)
REPRESENTATION_RELATIONSHIP_WITH_TRANSFORMATION(#3457)
SHAPE_REPRESENTATION_RELATIONSHIP()
);
#2419=(
REPRESENTATION_RELATIONSHIP(' ',' ',#5309,#5302)
REPRESENTATION_RELATIONSHIP_WITH_TRANSFORMATION(#3458)
SHAPE_REPRESENTATION_RELATIONSHIP()
);
#2420=(
REPRESENTATION_RELATIONSHIP(' ',' ',#5303,#5302)
REPRESENTATION_RELATIONSHIP_WITH_TRANSFORMATION(#3459)
SHAPE_REPRESENTATION_RELATIONSHIP()
);
#2421=(
REPRESENTATION_RELATIONSHIP(' ',' ',#5303,#5302)
REPRESENTATION_RELATIONSHIP_WITH_TRANSFORMATION(#3460)
SHAPE_REPRESENTATION_RELATIONSHIP()
);
#2422=(
REPRESENTATION_RELATIONSHIP(' ',' ',#5303,#5302)
REPRESENTATION_RELATIONSHIP_WITH_TRANSFORMATION(#3461)
SHAPE_REPRESENTATION_RELATIONSHIP()
);
#2423=(
REPRESENTATION_RELATIONSHIP(' ',' ',#5307,#5302)
REPRESENTATION_RELATIONSHIP_WITH_TRANSFORMATION(#3462)
SHAPE_REPRESENTATION_RELATIONSHIP()
);
#2424=(
REPRESENTATION_RELATIONSHIP(' ',' ',#5303,#5302)
REPRESENTATION_RELATIONSHIP_WITH_TRANSFORMATION(#3463)
SHAPE_REPRESENTATION_RELATIONSHIP()
);
#2425=(
REPRESENTATION_RELATIONSHIP(' ',' ',#5306,#5302)
REPRESENTATION_RELATIONSHIP_WITH_TRANSFORMATION(#3464)
SHAPE_REPRESENTATION_RELATIONSHIP()
);
#2426=(
REPRESENTATION_RELATIONSHIP(' ',' ',#5303,#5302)
REPRESENTATION_RELATIONSHIP_WITH_TRANSFORMATION(#3465)
SHAPE_REPRESENTATION_RELATIONSHIP()
);
#2427=(
REPRESENTATION_RELATIONSHIP(' ',' ',#5303,#5302)
REPRESENTATION_RELATIONSHIP_WITH_TRANSFORMATION(#3466)
SHAPE_REPRESENTATION_RELATIONSHIP()
);
#2428=(
REPRESENTATION_RELATIONSHIP(' ',' ',#5303,#5302)
REPRESENTATION_RELATIONSHIP_WITH_TRANSFORMATION(#3467)
SHAPE_REPRESENTATION_RELATIONSHIP()
);
#2429=(
REPRESENTATION_RELATIONSHIP(' ',' ',#5303,#5302)
REPRESENTATION_RELATIONSHIP_WITH_TRANSFORMATION(#3468)
SHAPE_REPRESENTATION_RELATIONSHIP()
);
#2430=(
REPRESENTATION_RELATIONSHIP(' ',' ',#5303,#5302)
REPRESENTATION_RELATIONSHIP_WITH_TRANSFORMATION(#3469)
SHAPE_REPRESENTATION_RELATIONSHIP()
);
#2431=(
REPRESENTATION_RELATIONSHIP(' ',' ',#5303,#5302)
REPRESENTATION_RELATIONSHIP_WITH_TRANSFORMATION(#3470)
SHAPE_REPRESENTATION_RELATIONSHIP()
);
#2432=(
REPRESENTATION_RELATIONSHIP(' ',' ',#5303,#5302)
REPRESENTATION_RELATIONSHIP_WITH_TRANSFORMATION(#3471)
SHAPE_REPRESENTATION_RELATIONSHIP()
);
#2433=(
REPRESENTATION_RELATIONSHIP(' ',' ',#5303,#5302)
REPRESENTATION_RELATIONSHIP_WITH_TRANSFORMATION(#3472)
SHAPE_REPRESENTATION_RELATIONSHIP()
);
#2434=(
REPRESENTATION_RELATIONSHIP(' ',' ',#5303,#5302)
REPRESENTATION_RELATIONSHIP_WITH_TRANSFORMATION(#3473)
SHAPE_REPRESENTATION_RELATIONSHIP()
);
#2435=(
REPRESENTATION_RELATIONSHIP(' ',' ',#5303,#5302)
REPRESENTATION_RELATIONSHIP_WITH_TRANSFORMATION(#3474)
SHAPE_REPRESENTATION_RELATIONSHIP()
);
#2436=(
REPRESENTATION_RELATIONSHIP(' ',' ',#5303,#5302)
REPRESENTATION_RELATIONSHIP_WITH_TRANSFORMATION(#3475)
SHAPE_REPRESENTATION_RELATIONSHIP()
);
#2437=(
REPRESENTATION_RELATIONSHIP(' ',' ',#5303,#5302)
REPRESENTATION_RELATIONSHIP_WITH_TRANSFORMATION(#3476)
SHAPE_REPRESENTATION_RELATIONSHIP()
);
#2438=(
REPRESENTATION_RELATIONSHIP(' ',' ',#5303,#5302)
REPRESENTATION_RELATIONSHIP_WITH_TRANSFORMATION(#3477)
SHAPE_REPRESENTATION_RELATIONSHIP()
);
#2439=(
REPRESENTATION_RELATIONSHIP(' ',' ',#5303,#5302)
REPRESENTATION_RELATIONSHIP_WITH_TRANSFORMATION(#3478)
SHAPE_REPRESENTATION_RELATIONSHIP()
);
#2440=(
REPRESENTATION_RELATIONSHIP(' ',' ',#5303,#5302)
REPRESENTATION_RELATIONSHIP_WITH_TRANSFORMATION(#3479)
SHAPE_REPRESENTATION_RELATIONSHIP()
);
#2441=(
REPRESENTATION_RELATIONSHIP(' ',' ',#5303,#5302)
REPRESENTATION_RELATIONSHIP_WITH_TRANSFORMATION(#3480)
SHAPE_REPRESENTATION_RELATIONSHIP()
);
#2442=(
REPRESENTATION_RELATIONSHIP(' ',' ',#5303,#5302)
REPRESENTATION_RELATIONSHIP_WITH_TRANSFORMATION(#3481)
SHAPE_REPRESENTATION_RELATIONSHIP()
);
#2443=(
REPRESENTATION_RELATIONSHIP(' ',' ',#5303,#5302)
REPRESENTATION_RELATIONSHIP_WITH_TRANSFORMATION(#3482)
SHAPE_REPRESENTATION_RELATIONSHIP()
);
#2444=(
REPRESENTATION_RELATIONSHIP(' ',' ',#5303,#5302)
REPRESENTATION_RELATIONSHIP_WITH_TRANSFORMATION(#3483)
SHAPE_REPRESENTATION_RELATIONSHIP()
);
#2445=(
REPRESENTATION_RELATIONSHIP(' ',' ',#5303,#5302)
REPRESENTATION_RELATIONSHIP_WITH_TRANSFORMATION(#3484)
SHAPE_REPRESENTATION_RELATIONSHIP()
);
#2446=(
REPRESENTATION_RELATIONSHIP(' ',' ',#5303,#5302)
REPRESENTATION_RELATIONSHIP_WITH_TRANSFORMATION(#3485)
SHAPE_REPRESENTATION_RELATIONSHIP()
);
#2447=(
REPRESENTATION_RELATIONSHIP(' ',' ',#5303,#5302)
REPRESENTATION_RELATIONSHIP_WITH_TRANSFORMATION(#3486)
SHAPE_REPRESENTATION_RELATIONSHIP()
);
#2448=(
REPRESENTATION_RELATIONSHIP(' ',' ',#5303,#5302)
REPRESENTATION_RELATIONSHIP_WITH_TRANSFORMATION(#3487)
SHAPE_REPRESENTATION_RELATIONSHIP()
);
#2449=(
REPRESENTATION_RELATIONSHIP(' ',' ',#5303,#5302)
REPRESENTATION_RELATIONSHIP_WITH_TRANSFORMATION(#3488)
SHAPE_REPRESENTATION_RELATIONSHIP()
);
#2450=(
REPRESENTATION_RELATIONSHIP(' ',' ',#5306,#5302)
REPRESENTATION_RELATIONSHIP_WITH_TRANSFORMATION(#3489)
SHAPE_REPRESENTATION_RELATIONSHIP()
);
#2451=(
REPRESENTATION_RELATIONSHIP(' ',' ',#5303,#5302)
REPRESENTATION_RELATIONSHIP_WITH_TRANSFORMATION(#3490)
SHAPE_REPRESENTATION_RELATIONSHIP()
);
#2452=(
REPRESENTATION_RELATIONSHIP(' ',' ',#5303,#5302)
REPRESENTATION_RELATIONSHIP_WITH_TRANSFORMATION(#3491)
SHAPE_REPRESENTATION_RELATIONSHIP()
);
#2453=(
REPRESENTATION_RELATIONSHIP(' ',' ',#5303,#5302)
REPRESENTATION_RELATIONSHIP_WITH_TRANSFORMATION(#3492)
SHAPE_REPRESENTATION_RELATIONSHIP()
);
#2454=(
REPRESENTATION_RELATIONSHIP(' ',' ',#5309,#5302)
REPRESENTATION_RELATIONSHIP_WITH_TRANSFORMATION(#3493)
SHAPE_REPRESENTATION_RELATIONSHIP()
);
#2455=(
REPRESENTATION_RELATIONSHIP(' ',' ',#5304,#5302)
REPRESENTATION_RELATIONSHIP_WITH_TRANSFORMATION(#3494)
SHAPE_REPRESENTATION_RELATIONSHIP()
);
#2456=(
REPRESENTATION_RELATIONSHIP(' ',' ',#5306,#5302)
REPRESENTATION_RELATIONSHIP_WITH_TRANSFORMATION(#3495)
SHAPE_REPRESENTATION_RELATIONSHIP()
);
#2457=(
REPRESENTATION_RELATIONSHIP(' ',' ',#5303,#5302)
REPRESENTATION_RELATIONSHIP_WITH_TRANSFORMATION(#3496)
SHAPE_REPRESENTATION_RELATIONSHIP()
);
#2458=(
REPRESENTATION_RELATIONSHIP(' ',' ',#5303,#5302)
REPRESENTATION_RELATIONSHIP_WITH_TRANSFORMATION(#3497)
SHAPE_REPRESENTATION_RELATIONSHIP()
);
#2459=(
REPRESENTATION_RELATIONSHIP(' ',' ',#5303,#5302)
REPRESENTATION_RELATIONSHIP_WITH_TRANSFORMATION(#3498)
SHAPE_REPRESENTATION_RELATIONSHIP()
);
#2460=(
REPRESENTATION_RELATIONSHIP(' ',' ',#5303,#5302)
REPRESENTATION_RELATIONSHIP_WITH_TRANSFORMATION(#3499)
SHAPE_REPRESENTATION_RELATIONSHIP()
);
#2461=(
REPRESENTATION_RELATIONSHIP(' ',' ',#5306,#5302)
REPRESENTATION_RELATIONSHIP_WITH_TRANSFORMATION(#3500)
SHAPE_REPRESENTATION_RELATIONSHIP()
);
#2462=(
REPRESENTATION_RELATIONSHIP(' ',' ',#5303,#5302)
REPRESENTATION_RELATIONSHIP_WITH_TRANSFORMATION(#3501)
SHAPE_REPRESENTATION_RELATIONSHIP()
);
#2463=(
REPRESENTATION_RELATIONSHIP(' ',' ',#5303,#5302)
REPRESENTATION_RELATIONSHIP_WITH_TRANSFORMATION(#3502)
SHAPE_REPRESENTATION_RELATIONSHIP()
);
#2464=(
REPRESENTATION_RELATIONSHIP(' ',' ',#5303,#5302)
REPRESENTATION_RELATIONSHIP_WITH_TRANSFORMATION(#3503)
SHAPE_REPRESENTATION_RELATIONSHIP()
);
#2465=(
REPRESENTATION_RELATIONSHIP(' ',' ',#5303,#5302)
REPRESENTATION_RELATIONSHIP_WITH_TRANSFORMATION(#3504)
SHAPE_REPRESENTATION_RELATIONSHIP()
);
#2466=(
REPRESENTATION_RELATIONSHIP(' ',' ',#5306,#5302)
REPRESENTATION_RELATIONSHIP_WITH_TRANSFORMATION(#3505)
SHAPE_REPRESENTATION_RELATIONSHIP()
);
#2467=(
REPRESENTATION_RELATIONSHIP(' ',' ',#5311,#5302)
REPRESENTATION_RELATIONSHIP_WITH_TRANSFORMATION(#3506)
SHAPE_REPRESENTATION_RELATIONSHIP()
);
#2468=(
REPRESENTATION_RELATIONSHIP(' ',' ',#5306,#5302)
REPRESENTATION_RELATIONSHIP_WITH_TRANSFORMATION(#3507)
SHAPE_REPRESENTATION_RELATIONSHIP()
);
#2469=(
REPRESENTATION_RELATIONSHIP(' ',' ',#5303,#5302)
REPRESENTATION_RELATIONSHIP_WITH_TRANSFORMATION(#3508)
SHAPE_REPRESENTATION_RELATIONSHIP()
);
#2470=(
REPRESENTATION_RELATIONSHIP(' ',' ',#5303,#5302)
REPRESENTATION_RELATIONSHIP_WITH_TRANSFORMATION(#3509)
SHAPE_REPRESENTATION_RELATIONSHIP()
);
#2471=(
REPRESENTATION_RELATIONSHIP(' ',' ',#5304,#5302)
REPRESENTATION_RELATIONSHIP_WITH_TRANSFORMATION(#3510)
SHAPE_REPRESENTATION_RELATIONSHIP()
);
#2472=(
REPRESENTATION_RELATIONSHIP(' ',' ',#5303,#5302)
REPRESENTATION_RELATIONSHIP_WITH_TRANSFORMATION(#3511)
SHAPE_REPRESENTATION_RELATIONSHIP()
);
#2473=(
REPRESENTATION_RELATIONSHIP(' ',' ',#5303,#5302)
REPRESENTATION_RELATIONSHIP_WITH_TRANSFORMATION(#3512)
SHAPE_REPRESENTATION_RELATIONSHIP()
);
#2474=(
REPRESENTATION_RELATIONSHIP(' ',' ',#5303,#5302)
REPRESENTATION_RELATIONSHIP_WITH_TRANSFORMATION(#3513)
SHAPE_REPRESENTATION_RELATIONSHIP()
);
#2475=(
REPRESENTATION_RELATIONSHIP(' ',' ',#5303,#5302)
REPRESENTATION_RELATIONSHIP_WITH_TRANSFORMATION(#3514)
SHAPE_REPRESENTATION_RELATIONSHIP()
);
#2476=(
REPRESENTATION_RELATIONSHIP(' ',' ',#5303,#5302)
REPRESENTATION_RELATIONSHIP_WITH_TRANSFORMATION(#3515)
SHAPE_REPRESENTATION_RELATIONSHIP()
);
#2477=(
REPRESENTATION_RELATIONSHIP(' ',' ',#5303,#5302)
REPRESENTATION_RELATIONSHIP_WITH_TRANSFORMATION(#3516)
SHAPE_REPRESENTATION_RELATIONSHIP()
);
#2478=(
REPRESENTATION_RELATIONSHIP(' ',' ',#5303,#5302)
REPRESENTATION_RELATIONSHIP_WITH_TRANSFORMATION(#3517)
SHAPE_REPRESENTATION_RELATIONSHIP()
);
#2479=(
REPRESENTATION_RELATIONSHIP(' ',' ',#5309,#5302)
REPRESENTATION_RELATIONSHIP_WITH_TRANSFORMATION(#3518)
SHAPE_REPRESENTATION_RELATIONSHIP()
);
#2480=(
REPRESENTATION_RELATIONSHIP(' ',' ',#5307,#5302)
REPRESENTATION_RELATIONSHIP_WITH_TRANSFORMATION(#3519)
SHAPE_REPRESENTATION_RELATIONSHIP()
);
#2481=(
REPRESENTATION_RELATIONSHIP(' ',' ',#5303,#5302)
REPRESENTATION_RELATIONSHIP_WITH_TRANSFORMATION(#3520)
SHAPE_REPRESENTATION_RELATIONSHIP()
);
#2482=(
REPRESENTATION_RELATIONSHIP(' ',' ',#5303,#5302)
REPRESENTATION_RELATIONSHIP_WITH_TRANSFORMATION(#3521)
SHAPE_REPRESENTATION_RELATIONSHIP()
);
#2483=(
REPRESENTATION_RELATIONSHIP(' ',' ',#5303,#5302)
REPRESENTATION_RELATIONSHIP_WITH_TRANSFORMATION(#3522)
SHAPE_REPRESENTATION_RELATIONSHIP()
);
#2484=(
REPRESENTATION_RELATIONSHIP(' ',' ',#5303,#5302)
REPRESENTATION_RELATIONSHIP_WITH_TRANSFORMATION(#3523)
SHAPE_REPRESENTATION_RELATIONSHIP()
);
#2485=(
REPRESENTATION_RELATIONSHIP(' ',' ',#5303,#5302)
REPRESENTATION_RELATIONSHIP_WITH_TRANSFORMATION(#3524)
SHAPE_REPRESENTATION_RELATIONSHIP()
);
#2486=(
REPRESENTATION_RELATIONSHIP(' ',' ',#5303,#5302)
REPRESENTATION_RELATIONSHIP_WITH_TRANSFORMATION(#3525)
SHAPE_REPRESENTATION_RELATIONSHIP()
);
#2487=(
REPRESENTATION_RELATIONSHIP(' ',' ',#5303,#5302)
REPRESENTATION_RELATIONSHIP_WITH_TRANSFORMATION(#3526)
SHAPE_REPRESENTATION_RELATIONSHIP()
);
#2488=(
REPRESENTATION_RELATIONSHIP(' ',' ',#5303,#5302)
REPRESENTATION_RELATIONSHIP_WITH_TRANSFORMATION(#3527)
SHAPE_REPRESENTATION_RELATIONSHIP()
);
#2489=(
REPRESENTATION_RELATIONSHIP(' ',' ',#5303,#5302)
REPRESENTATION_RELATIONSHIP_WITH_TRANSFORMATION(#3528)
SHAPE_REPRESENTATION_RELATIONSHIP()
);
#2490=(
REPRESENTATION_RELATIONSHIP(' ',' ',#5303,#5302)
REPRESENTATION_RELATIONSHIP_WITH_TRANSFORMATION(#3529)
SHAPE_REPRESENTATION_RELATIONSHIP()
);
#2491=(
REPRESENTATION_RELATIONSHIP(' ',' ',#5303,#5302)
REPRESENTATION_RELATIONSHIP_WITH_TRANSFORMATION(#3530)
SHAPE_REPRESENTATION_RELATIONSHIP()
);
#2492=(
REPRESENTATION_RELATIONSHIP(' ',' ',#5303,#5302)
REPRESENTATION_RELATIONSHIP_WITH_TRANSFORMATION(#3531)
SHAPE_REPRESENTATION_RELATIONSHIP()
);
#2493=(
REPRESENTATION_RELATIONSHIP(' ',' ',#5303,#5302)
REPRESENTATION_RELATIONSHIP_WITH_TRANSFORMATION(#3532)
SHAPE_REPRESENTATION_RELATIONSHIP()
);
#2494=(
REPRESENTATION_RELATIONSHIP(' ',' ',#5305,#5302)
REPRESENTATION_RELATIONSHIP_WITH_TRANSFORMATION(#3533)
SHAPE_REPRESENTATION_RELATIONSHIP()
);
#2495=(
REPRESENTATION_RELATIONSHIP(' ',' ',#5309,#5302)
REPRESENTATION_RELATIONSHIP_WITH_TRANSFORMATION(#3534)
SHAPE_REPRESENTATION_RELATIONSHIP()
);
#2496=(
REPRESENTATION_RELATIONSHIP(' ',' ',#5303,#5302)
REPRESENTATION_RELATIONSHIP_WITH_TRANSFORMATION(#3535)
SHAPE_REPRESENTATION_RELATIONSHIP()
);
#2497=(
REPRESENTATION_RELATIONSHIP(' ',' ',#5303,#5302)
REPRESENTATION_RELATIONSHIP_WITH_TRANSFORMATION(#3536)
SHAPE_REPRESENTATION_RELATIONSHIP()
);
#2498=(
REPRESENTATION_RELATIONSHIP(' ',' ',#5303,#5302)
REPRESENTATION_RELATIONSHIP_WITH_TRANSFORMATION(#3537)
SHAPE_REPRESENTATION_RELATIONSHIP()
);
#2499=(
REPRESENTATION_RELATIONSHIP(' ',' ',#5303,#5302)
REPRESENTATION_RELATIONSHIP_WITH_TRANSFORMATION(#3538)
SHAPE_REPRESENTATION_RELATIONSHIP()
);
#2500=(
REPRESENTATION_RELATIONSHIP(' ',' ',#5303,#5302)
REPRESENTATION_RELATIONSHIP_WITH_TRANSFORMATION(#3539)
SHAPE_REPRESENTATION_RELATIONSHIP()
);
#2501=(
REPRESENTATION_RELATIONSHIP(' ',' ',#5303,#5302)
REPRESENTATION_RELATIONSHIP_WITH_TRANSFORMATION(#3540)
SHAPE_REPRESENTATION_RELATIONSHIP()
);
#2502=(
REPRESENTATION_RELATIONSHIP(' ',' ',#5303,#5302)
REPRESENTATION_RELATIONSHIP_WITH_TRANSFORMATION(#3541)
SHAPE_REPRESENTATION_RELATIONSHIP()
);
#2503=(
REPRESENTATION_RELATIONSHIP(' ',' ',#5303,#5302)
REPRESENTATION_RELATIONSHIP_WITH_TRANSFORMATION(#3542)
SHAPE_REPRESENTATION_RELATIONSHIP()
);
#2504=(
REPRESENTATION_RELATIONSHIP(' ',' ',#5303,#5302)
REPRESENTATION_RELATIONSHIP_WITH_TRANSFORMATION(#3543)
SHAPE_REPRESENTATION_RELATIONSHIP()
);
#2505=(
REPRESENTATION_RELATIONSHIP(' ',' ',#5303,#5302)
REPRESENTATION_RELATIONSHIP_WITH_TRANSFORMATION(#3544)
SHAPE_REPRESENTATION_RELATIONSHIP()
);
#2506=(
REPRESENTATION_RELATIONSHIP(' ',' ',#5303,#5302)
REPRESENTATION_RELATIONSHIP_WITH_TRANSFORMATION(#3545)
SHAPE_REPRESENTATION_RELATIONSHIP()
);
#2507=(
REPRESENTATION_RELATIONSHIP(' ',' ',#5306,#5302)
REPRESENTATION_RELATIONSHIP_WITH_TRANSFORMATION(#3546)
SHAPE_REPRESENTATION_RELATIONSHIP()
);
#2508=(
REPRESENTATION_RELATIONSHIP(' ',' ',#5303,#5302)
REPRESENTATION_RELATIONSHIP_WITH_TRANSFORMATION(#3547)
SHAPE_REPRESENTATION_RELATIONSHIP()
);
#2509=(
REPRESENTATION_RELATIONSHIP(' ',' ',#5304,#5302)
REPRESENTATION_RELATIONSHIP_WITH_TRANSFORMATION(#3548)
SHAPE_REPRESENTATION_RELATIONSHIP()
);
#2510=(
REPRESENTATION_RELATIONSHIP(' ',' ',#5303,#5302)
REPRESENTATION_RELATIONSHIP_WITH_TRANSFORMATION(#3549)
SHAPE_REPRESENTATION_RELATIONSHIP()
);
#2511=(
REPRESENTATION_RELATIONSHIP(' ',' ',#5303,#5302)
REPRESENTATION_RELATIONSHIP_WITH_TRANSFORMATION(#3550)
SHAPE_REPRESENTATION_RELATIONSHIP()
);
#2512=(
REPRESENTATION_RELATIONSHIP(' ',' ',#5303,#5302)
REPRESENTATION_RELATIONSHIP_WITH_TRANSFORMATION(#3551)
SHAPE_REPRESENTATION_RELATIONSHIP()
);
#2513=(
REPRESENTATION_RELATIONSHIP(' ',' ',#5303,#5302)
REPRESENTATION_RELATIONSHIP_WITH_TRANSFORMATION(#3552)
SHAPE_REPRESENTATION_RELATIONSHIP()
);
#2514=(
REPRESENTATION_RELATIONSHIP(' ',' ',#5303,#5302)
REPRESENTATION_RELATIONSHIP_WITH_TRANSFORMATION(#3553)
SHAPE_REPRESENTATION_RELATIONSHIP()
);
#2515=(
REPRESENTATION_RELATIONSHIP(' ',' ',#5303,#5302)
REPRESENTATION_RELATIONSHIP_WITH_TRANSFORMATION(#3554)
SHAPE_REPRESENTATION_RELATIONSHIP()
);
#2516=(
REPRESENTATION_RELATIONSHIP(' ',' ',#5303,#5302)
REPRESENTATION_RELATIONSHIP_WITH_TRANSFORMATION(#3555)
SHAPE_REPRESENTATION_RELATIONSHIP()
);
#2517=(
REPRESENTATION_RELATIONSHIP(' ',' ',#5303,#5302)
REPRESENTATION_RELATIONSHIP_WITH_TRANSFORMATION(#3556)
SHAPE_REPRESENTATION_RELATIONSHIP()
);
#2518=(
REPRESENTATION_RELATIONSHIP(' ',' ',#5303,#5302)
REPRESENTATION_RELATIONSHIP_WITH_TRANSFORMATION(#3557)
SHAPE_REPRESENTATION_RELATIONSHIP()
);
#2519=(
REPRESENTATION_RELATIONSHIP(' ',' ',#5303,#5302)
REPRESENTATION_RELATIONSHIP_WITH_TRANSFORMATION(#3558)
SHAPE_REPRESENTATION_RELATIONSHIP()
);
#2520=(
REPRESENTATION_RELATIONSHIP(' ',' ',#5305,#5302)
REPRESENTATION_RELATIONSHIP_WITH_TRANSFORMATION(#3559)
SHAPE_REPRESENTATION_RELATIONSHIP()
);
#2521=(
REPRESENTATION_RELATIONSHIP(' ',' ',#5303,#5302)
REPRESENTATION_RELATIONSHIP_WITH_TRANSFORMATION(#3560)
SHAPE_REPRESENTATION_RELATIONSHIP()
);
#2522=(
REPRESENTATION_RELATIONSHIP(' ',' ',#5303,#5302)
REPRESENTATION_RELATIONSHIP_WITH_TRANSFORMATION(#3561)
SHAPE_REPRESENTATION_RELATIONSHIP()
);
#2523=(
REPRESENTATION_RELATIONSHIP(' ',' ',#5303,#5302)
REPRESENTATION_RELATIONSHIP_WITH_TRANSFORMATION(#3562)
SHAPE_REPRESENTATION_RELATIONSHIP()
);
#2524=(
REPRESENTATION_RELATIONSHIP(' ',' ',#5303,#5302)
REPRESENTATION_RELATIONSHIP_WITH_TRANSFORMATION(#3563)
SHAPE_REPRESENTATION_RELATIONSHIP()
);
#2525=(
REPRESENTATION_RELATIONSHIP(' ',' ',#5303,#5302)
REPRESENTATION_RELATIONSHIP_WITH_TRANSFORMATION(#3564)
SHAPE_REPRESENTATION_RELATIONSHIP()
);
#2526=(
REPRESENTATION_RELATIONSHIP(' ',' ',#5307,#5302)
REPRESENTATION_RELATIONSHIP_WITH_TRANSFORMATION(#3565)
SHAPE_REPRESENTATION_RELATIONSHIP()
);
#2527=(
REPRESENTATION_RELATIONSHIP(' ',' ',#5303,#5302)
REPRESENTATION_RELATIONSHIP_WITH_TRANSFORMATION(#3566)
SHAPE_REPRESENTATION_RELATIONSHIP()
);
#2528=(
REPRESENTATION_RELATIONSHIP(' ',' ',#5303,#5302)
REPRESENTATION_RELATIONSHIP_WITH_TRANSFORMATION(#3567)
SHAPE_REPRESENTATION_RELATIONSHIP()
);
#2529=(
REPRESENTATION_RELATIONSHIP(' ',' ',#5303,#5302)
REPRESENTATION_RELATIONSHIP_WITH_TRANSFORMATION(#3568)
SHAPE_REPRESENTATION_RELATIONSHIP()
);
#2530=(
REPRESENTATION_RELATIONSHIP(' ',' ',#5303,#5302)
REPRESENTATION_RELATIONSHIP_WITH_TRANSFORMATION(#3569)
SHAPE_REPRESENTATION_RELATIONSHIP()
);
#2531=(
REPRESENTATION_RELATIONSHIP(' ',' ',#5303,#5302)
REPRESENTATION_RELATIONSHIP_WITH_TRANSFORMATION(#3570)
SHAPE_REPRESENTATION_RELATIONSHIP()
);
#2532=(
REPRESENTATION_RELATIONSHIP(' ',' ',#5303,#5302)
REPRESENTATION_RELATIONSHIP_WITH_TRANSFORMATION(#3571)
SHAPE_REPRESENTATION_RELATIONSHIP()
);
#2533=(
REPRESENTATION_RELATIONSHIP(' ',' ',#5303,#5302)
REPRESENTATION_RELATIONSHIP_WITH_TRANSFORMATION(#3572)
SHAPE_REPRESENTATION_RELATIONSHIP()
);
#2534=(
REPRESENTATION_RELATIONSHIP(' ',' ',#5303,#5302)
REPRESENTATION_RELATIONSHIP_WITH_TRANSFORMATION(#3573)
SHAPE_REPRESENTATION_RELATIONSHIP()
);
#2535=(
REPRESENTATION_RELATIONSHIP(' ',' ',#5303,#5302)
REPRESENTATION_RELATIONSHIP_WITH_TRANSFORMATION(#3574)
SHAPE_REPRESENTATION_RELATIONSHIP()
);
#2536=(
REPRESENTATION_RELATIONSHIP(' ',' ',#5303,#5302)
REPRESENTATION_RELATIONSHIP_WITH_TRANSFORMATION(#3575)
SHAPE_REPRESENTATION_RELATIONSHIP()
);
#2537=(
REPRESENTATION_RELATIONSHIP(' ',' ',#5303,#5302)
REPRESENTATION_RELATIONSHIP_WITH_TRANSFORMATION(#3576)
SHAPE_REPRESENTATION_RELATIONSHIP()
);
#2538=(
REPRESENTATION_RELATIONSHIP(' ',' ',#5303,#5302)
REPRESENTATION_RELATIONSHIP_WITH_TRANSFORMATION(#3577)
SHAPE_REPRESENTATION_RELATIONSHIP()
);
#2539=(
REPRESENTATION_RELATIONSHIP(' ',' ',#5305,#5302)
REPRESENTATION_RELATIONSHIP_WITH_TRANSFORMATION(#3578)
SHAPE_REPRESENTATION_RELATIONSHIP()
);
#2540=(
REPRESENTATION_RELATIONSHIP(' ',' ',#5303,#5302)
REPRESENTATION_RELATIONSHIP_WITH_TRANSFORMATION(#3579)
SHAPE_REPRESENTATION_RELATIONSHIP()
);
#2541=(
REPRESENTATION_RELATIONSHIP(' ',' ',#5303,#5302)
REPRESENTATION_RELATIONSHIP_WITH_TRANSFORMATION(#3580)
SHAPE_REPRESENTATION_RELATIONSHIP()
);
#2542=(
REPRESENTATION_RELATIONSHIP(' ',' ',#5303,#5302)
REPRESENTATION_RELATIONSHIP_WITH_TRANSFORMATION(#3581)
SHAPE_REPRESENTATION_RELATIONSHIP()
);
#2543=(
REPRESENTATION_RELATIONSHIP(' ',' ',#5303,#5302)
REPRESENTATION_RELATIONSHIP_WITH_TRANSFORMATION(#3582)
SHAPE_REPRESENTATION_RELATIONSHIP()
);
#2544=(
REPRESENTATION_RELATIONSHIP(' ',' ',#5303,#5302)
REPRESENTATION_RELATIONSHIP_WITH_TRANSFORMATION(#3583)
SHAPE_REPRESENTATION_RELATIONSHIP()
);
#2545=(
REPRESENTATION_RELATIONSHIP(' ',' ',#5303,#5302)
REPRESENTATION_RELATIONSHIP_WITH_TRANSFORMATION(#3584)
SHAPE_REPRESENTATION_RELATIONSHIP()
);
#2546=(
REPRESENTATION_RELATIONSHIP(' ',' ',#5303,#5302)
REPRESENTATION_RELATIONSHIP_WITH_TRANSFORMATION(#3585)
SHAPE_REPRESENTATION_RELATIONSHIP()
);
#2547=(
REPRESENTATION_RELATIONSHIP(' ',' ',#5303,#5302)
REPRESENTATION_RELATIONSHIP_WITH_TRANSFORMATION(#3586)
SHAPE_REPRESENTATION_RELATIONSHIP()
);
#2548=(
REPRESENTATION_RELATIONSHIP(' ',' ',#5307,#5302)
REPRESENTATION_RELATIONSHIP_WITH_TRANSFORMATION(#3587)
SHAPE_REPRESENTATION_RELATIONSHIP()
);
#2549=(
REPRESENTATION_RELATIONSHIP(' ',' ',#5303,#5302)
REPRESENTATION_RELATIONSHIP_WITH_TRANSFORMATION(#3588)
SHAPE_REPRESENTATION_RELATIONSHIP()
);
#2550=(
REPRESENTATION_RELATIONSHIP(' ',' ',#5303,#5302)
REPRESENTATION_RELATIONSHIP_WITH_TRANSFORMATION(#3589)
SHAPE_REPRESENTATION_RELATIONSHIP()
);
#2551=(
REPRESENTATION_RELATIONSHIP(' ',' ',#5310,#5302)
REPRESENTATION_RELATIONSHIP_WITH_TRANSFORMATION(#3590)
SHAPE_REPRESENTATION_RELATIONSHIP()
);
#2552=(
REPRESENTATION_RELATIONSHIP(' ',' ',#5303,#5302)
REPRESENTATION_RELATIONSHIP_WITH_TRANSFORMATION(#3591)
SHAPE_REPRESENTATION_RELATIONSHIP()
);
#2553=(
REPRESENTATION_RELATIONSHIP(' ',' ',#5303,#5302)
REPRESENTATION_RELATIONSHIP_WITH_TRANSFORMATION(#3592)
SHAPE_REPRESENTATION_RELATIONSHIP()
);
#2554=(
REPRESENTATION_RELATIONSHIP(' ',' ',#5303,#5302)
REPRESENTATION_RELATIONSHIP_WITH_TRANSFORMATION(#3593)
SHAPE_REPRESENTATION_RELATIONSHIP()
);
#2555=(
REPRESENTATION_RELATIONSHIP(' ',' ',#5311,#5302)
REPRESENTATION_RELATIONSHIP_WITH_TRANSFORMATION(#3594)
SHAPE_REPRESENTATION_RELATIONSHIP()
);
#2556=(
REPRESENTATION_RELATIONSHIP(' ',' ',#5303,#5302)
REPRESENTATION_RELATIONSHIP_WITH_TRANSFORMATION(#3595)
SHAPE_REPRESENTATION_RELATIONSHIP()
);
#2557=(
REPRESENTATION_RELATIONSHIP(' ',' ',#5303,#5302)
REPRESENTATION_RELATIONSHIP_WITH_TRANSFORMATION(#3596)
SHAPE_REPRESENTATION_RELATIONSHIP()
);
#2558=(
REPRESENTATION_RELATIONSHIP(' ',' ',#5303,#5302)
REPRESENTATION_RELATIONSHIP_WITH_TRANSFORMATION(#3597)
SHAPE_REPRESENTATION_RELATIONSHIP()
);
#2559=(
REPRESENTATION_RELATIONSHIP(' ',' ',#5303,#5302)
REPRESENTATION_RELATIONSHIP_WITH_TRANSFORMATION(#3598)
SHAPE_REPRESENTATION_RELATIONSHIP()
);
#2560=(
REPRESENTATION_RELATIONSHIP(' ',' ',#5310,#5302)
REPRESENTATION_RELATIONSHIP_WITH_TRANSFORMATION(#3599)
SHAPE_REPRESENTATION_RELATIONSHIP()
);
#2561=(
REPRESENTATION_RELATIONSHIP(' ',' ',#5303,#5302)
REPRESENTATION_RELATIONSHIP_WITH_TRANSFORMATION(#3600)
SHAPE_REPRESENTATION_RELATIONSHIP()
);
#2562=(
REPRESENTATION_RELATIONSHIP(' ',' ',#5303,#5302)
REPRESENTATION_RELATIONSHIP_WITH_TRANSFORMATION(#3601)
SHAPE_REPRESENTATION_RELATIONSHIP()
);
#2563=(
REPRESENTATION_RELATIONSHIP(' ',' ',#5303,#5302)
REPRESENTATION_RELATIONSHIP_WITH_TRANSFORMATION(#3602)
SHAPE_REPRESENTATION_RELATIONSHIP()
);
#2564=(
REPRESENTATION_RELATIONSHIP(' ',' ',#5303,#5302)
REPRESENTATION_RELATIONSHIP_WITH_TRANSFORMATION(#3603)
SHAPE_REPRESENTATION_RELATIONSHIP()
);
#2565=(
REPRESENTATION_RELATIONSHIP(' ',' ',#5303,#5302)
REPRESENTATION_RELATIONSHIP_WITH_TRANSFORMATION(#3604)
SHAPE_REPRESENTATION_RELATIONSHIP()
);
#2566=(
REPRESENTATION_RELATIONSHIP(' ',' ',#5303,#5302)
REPRESENTATION_RELATIONSHIP_WITH_TRANSFORMATION(#3605)
SHAPE_REPRESENTATION_RELATIONSHIP()
);
#2567=(
REPRESENTATION_RELATIONSHIP(' ',' ',#5303,#5302)
REPRESENTATION_RELATIONSHIP_WITH_TRANSFORMATION(#3606)
SHAPE_REPRESENTATION_RELATIONSHIP()
);
#2568=(
REPRESENTATION_RELATIONSHIP(' ',' ',#5303,#5302)
REPRESENTATION_RELATIONSHIP_WITH_TRANSFORMATION(#3607)
SHAPE_REPRESENTATION_RELATIONSHIP()
);
#2569=(
REPRESENTATION_RELATIONSHIP(' ',' ',#5304,#5302)
REPRESENTATION_RELATIONSHIP_WITH_TRANSFORMATION(#3608)
SHAPE_REPRESENTATION_RELATIONSHIP()
);
#2570=(
REPRESENTATION_RELATIONSHIP(' ',' ',#5303,#5302)
REPRESENTATION_RELATIONSHIP_WITH_TRANSFORMATION(#3609)
SHAPE_REPRESENTATION_RELATIONSHIP()
);
#2571=(
REPRESENTATION_RELATIONSHIP(' ',' ',#5303,#5302)
REPRESENTATION_RELATIONSHIP_WITH_TRANSFORMATION(#3610)
SHAPE_REPRESENTATION_RELATIONSHIP()
);
#2572=(
REPRESENTATION_RELATIONSHIP(' ',' ',#5303,#5302)
REPRESENTATION_RELATIONSHIP_WITH_TRANSFORMATION(#3611)
SHAPE_REPRESENTATION_RELATIONSHIP()
);
#2573=(
REPRESENTATION_RELATIONSHIP(' ',' ',#5303,#5302)
REPRESENTATION_RELATIONSHIP_WITH_TRANSFORMATION(#3612)
SHAPE_REPRESENTATION_RELATIONSHIP()
);
#2574=(
REPRESENTATION_RELATIONSHIP(' ',' ',#5303,#5302)
REPRESENTATION_RELATIONSHIP_WITH_TRANSFORMATION(#3613)
SHAPE_REPRESENTATION_RELATIONSHIP()
);
#2575=(
REPRESENTATION_RELATIONSHIP(' ',' ',#5304,#5302)
REPRESENTATION_RELATIONSHIP_WITH_TRANSFORMATION(#3614)
SHAPE_REPRESENTATION_RELATIONSHIP()
);
#2576=(
REPRESENTATION_RELATIONSHIP(' ',' ',#5303,#5302)
REPRESENTATION_RELATIONSHIP_WITH_TRANSFORMATION(#3615)
SHAPE_REPRESENTATION_RELATIONSHIP()
);
#2577=(
REPRESENTATION_RELATIONSHIP(' ',' ',#5303,#5302)
REPRESENTATION_RELATIONSHIP_WITH_TRANSFORMATION(#3616)
SHAPE_REPRESENTATION_RELATIONSHIP()
);
#2578=(
REPRESENTATION_RELATIONSHIP(' ',' ',#5310,#5302)
REPRESENTATION_RELATIONSHIP_WITH_TRANSFORMATION(#3617)
SHAPE_REPRESENTATION_RELATIONSHIP()
);
#2579=(
REPRESENTATION_RELATIONSHIP(' ',' ',#5303,#5302)
REPRESENTATION_RELATIONSHIP_WITH_TRANSFORMATION(#3618)
SHAPE_REPRESENTATION_RELATIONSHIP()
);
#2580=(
REPRESENTATION_RELATIONSHIP(' ',' ',#5303,#5302)
REPRESENTATION_RELATIONSHIP_WITH_TRANSFORMATION(#3619)
SHAPE_REPRESENTATION_RELATIONSHIP()
);
#2581=(
REPRESENTATION_RELATIONSHIP(' ',' ',#5303,#5302)
REPRESENTATION_RELATIONSHIP_WITH_TRANSFORMATION(#3620)
SHAPE_REPRESENTATION_RELATIONSHIP()
);
#2582=(
REPRESENTATION_RELATIONSHIP(' ',' ',#5303,#5302)
REPRESENTATION_RELATIONSHIP_WITH_TRANSFORMATION(#3621)
SHAPE_REPRESENTATION_RELATIONSHIP()
);
#2583=(
REPRESENTATION_RELATIONSHIP(' ',' ',#5303,#5302)
REPRESENTATION_RELATIONSHIP_WITH_TRANSFORMATION(#3622)
SHAPE_REPRESENTATION_RELATIONSHIP()
);
#2584=(
REPRESENTATION_RELATIONSHIP(' ',' ',#5303,#5302)
REPRESENTATION_RELATIONSHIP_WITH_TRANSFORMATION(#3623)
SHAPE_REPRESENTATION_RELATIONSHIP()
);
#2585=(
REPRESENTATION_RELATIONSHIP(' ',' ',#5303,#5302)
REPRESENTATION_RELATIONSHIP_WITH_TRANSFORMATION(#3624)
SHAPE_REPRESENTATION_RELATIONSHIP()
);
#2586=(
REPRESENTATION_RELATIONSHIP(' ',' ',#5303,#5302)
REPRESENTATION_RELATIONSHIP_WITH_TRANSFORMATION(#3625)
SHAPE_REPRESENTATION_RELATIONSHIP()
);
#2587=(
REPRESENTATION_RELATIONSHIP(' ',' ',#5303,#5302)
REPRESENTATION_RELATIONSHIP_WITH_TRANSFORMATION(#3626)
SHAPE_REPRESENTATION_RELATIONSHIP()
);
#2588=(
REPRESENTATION_RELATIONSHIP(' ',' ',#5303,#5302)
REPRESENTATION_RELATIONSHIP_WITH_TRANSFORMATION(#3627)
SHAPE_REPRESENTATION_RELATIONSHIP()
);
#2589=(
REPRESENTATION_RELATIONSHIP(' ',' ',#5303,#5302)
REPRESENTATION_RELATIONSHIP_WITH_TRANSFORMATION(#3628)
SHAPE_REPRESENTATION_RELATIONSHIP()
);
#2590=(
REPRESENTATION_RELATIONSHIP(' ',' ',#5303,#5302)
REPRESENTATION_RELATIONSHIP_WITH_TRANSFORMATION(#3629)
SHAPE_REPRESENTATION_RELATIONSHIP()
);
#2591=(
REPRESENTATION_RELATIONSHIP(' ',' ',#5305,#5302)
REPRESENTATION_RELATIONSHIP_WITH_TRANSFORMATION(#3630)
SHAPE_REPRESENTATION_RELATIONSHIP()
);
#2592=(
REPRESENTATION_RELATIONSHIP(' ',' ',#5303,#5302)
REPRESENTATION_RELATIONSHIP_WITH_TRANSFORMATION(#3631)
SHAPE_REPRESENTATION_RELATIONSHIP()
);
#2593=(
REPRESENTATION_RELATIONSHIP(' ',' ',#5303,#5302)
REPRESENTATION_RELATIONSHIP_WITH_TRANSFORMATION(#3632)
SHAPE_REPRESENTATION_RELATIONSHIP()
);
#2594=(
REPRESENTATION_RELATIONSHIP(' ',' ',#5309,#5302)
REPRESENTATION_RELATIONSHIP_WITH_TRANSFORMATION(#3633)
SHAPE_REPRESENTATION_RELATIONSHIP()
);
#2595=(
REPRESENTATION_RELATIONSHIP(' ',' ',#5303,#5302)
REPRESENTATION_RELATIONSHIP_WITH_TRANSFORMATION(#3634)
SHAPE_REPRESENTATION_RELATIONSHIP()
);
#2596=(
REPRESENTATION_RELATIONSHIP(' ',' ',#5303,#5302)
REPRESENTATION_RELATIONSHIP_WITH_TRANSFORMATION(#3635)
SHAPE_REPRESENTATION_RELATIONSHIP()
);
#2597=(
REPRESENTATION_RELATIONSHIP(' ',' ',#5303,#5302)
REPRESENTATION_RELATIONSHIP_WITH_TRANSFORMATION(#3636)
SHAPE_REPRESENTATION_RELATIONSHIP()
);
#2598=(
REPRESENTATION_RELATIONSHIP(' ',' ',#5303,#5302)
REPRESENTATION_RELATIONSHIP_WITH_TRANSFORMATION(#3637)
SHAPE_REPRESENTATION_RELATIONSHIP()
);
#2599=(
REPRESENTATION_RELATIONSHIP(' ',' ',#5303,#5302)
REPRESENTATION_RELATIONSHIP_WITH_TRANSFORMATION(#3638)
SHAPE_REPRESENTATION_RELATIONSHIP()
);
#2600=(
REPRESENTATION_RELATIONSHIP(' ',' ',#5303,#5302)
REPRESENTATION_RELATIONSHIP_WITH_TRANSFORMATION(#3639)
SHAPE_REPRESENTATION_RELATIONSHIP()
);
#2601=(
REPRESENTATION_RELATIONSHIP(' ',' ',#5303,#5302)
REPRESENTATION_RELATIONSHIP_WITH_TRANSFORMATION(#3640)
SHAPE_REPRESENTATION_RELATIONSHIP()
);
#2602=(
REPRESENTATION_RELATIONSHIP(' ',' ',#5303,#5302)
REPRESENTATION_RELATIONSHIP_WITH_TRANSFORMATION(#3641)
SHAPE_REPRESENTATION_RELATIONSHIP()
);
#2603=(
REPRESENTATION_RELATIONSHIP(' ',' ',#5312,#5302)
REPRESENTATION_RELATIONSHIP_WITH_TRANSFORMATION(#3642)
SHAPE_REPRESENTATION_RELATIONSHIP()
);
#2604=(
REPRESENTATION_RELATIONSHIP(' ',' ',#5303,#5302)
REPRESENTATION_RELATIONSHIP_WITH_TRANSFORMATION(#3643)
SHAPE_REPRESENTATION_RELATIONSHIP()
);
#2605=(
REPRESENTATION_RELATIONSHIP(' ',' ',#5303,#5302)
REPRESENTATION_RELATIONSHIP_WITH_TRANSFORMATION(#3644)
SHAPE_REPRESENTATION_RELATIONSHIP()
);
#2606=(
REPRESENTATION_RELATIONSHIP(' ',' ',#5308,#5302)
REPRESENTATION_RELATIONSHIP_WITH_TRANSFORMATION(#3645)
SHAPE_REPRESENTATION_RELATIONSHIP()
);
#2607=(
REPRESENTATION_RELATIONSHIP(' ',' ',#5303,#5302)
REPRESENTATION_RELATIONSHIP_WITH_TRANSFORMATION(#3646)
SHAPE_REPRESENTATION_RELATIONSHIP()
);
#2608=(
REPRESENTATION_RELATIONSHIP(' ',' ',#5303,#5302)
REPRESENTATION_RELATIONSHIP_WITH_TRANSFORMATION(#3647)
SHAPE_REPRESENTATION_RELATIONSHIP()
);
#2609=(
REPRESENTATION_RELATIONSHIP(' ',' ',#5303,#5302)
REPRESENTATION_RELATIONSHIP_WITH_TRANSFORMATION(#3648)
SHAPE_REPRESENTATION_RELATIONSHIP()
);
#2610=(
REPRESENTATION_RELATIONSHIP(' ',' ',#5303,#5302)
REPRESENTATION_RELATIONSHIP_WITH_TRANSFORMATION(#3649)
SHAPE_REPRESENTATION_RELATIONSHIP()
);
#2611=(
REPRESENTATION_RELATIONSHIP(' ',' ',#5303,#5302)
REPRESENTATION_RELATIONSHIP_WITH_TRANSFORMATION(#3650)
SHAPE_REPRESENTATION_RELATIONSHIP()
);
#2612=(
REPRESENTATION_RELATIONSHIP(' ',' ',#5303,#5302)
REPRESENTATION_RELATIONSHIP_WITH_TRANSFORMATION(#3651)
SHAPE_REPRESENTATION_RELATIONSHIP()
);
#2613=(
REPRESENTATION_RELATIONSHIP(' ',' ',#5303,#5302)
REPRESENTATION_RELATIONSHIP_WITH_TRANSFORMATION(#3652)
SHAPE_REPRESENTATION_RELATIONSHIP()
);
#2614=(
REPRESENTATION_RELATIONSHIP(' ',' ',#5303,#5302)
REPRESENTATION_RELATIONSHIP_WITH_TRANSFORMATION(#3653)
SHAPE_REPRESENTATION_RELATIONSHIP()
);
#2615=(
REPRESENTATION_RELATIONSHIP(' ',' ',#5303,#5302)
REPRESENTATION_RELATIONSHIP_WITH_TRANSFORMATION(#3654)
SHAPE_REPRESENTATION_RELATIONSHIP()
);
#2616=(
REPRESENTATION_RELATIONSHIP(' ',' ',#5303,#5302)
REPRESENTATION_RELATIONSHIP_WITH_TRANSFORMATION(#3655)
SHAPE_REPRESENTATION_RELATIONSHIP()
);
#2617=(
REPRESENTATION_RELATIONSHIP(' ',' ',#5306,#5302)
REPRESENTATION_RELATIONSHIP_WITH_TRANSFORMATION(#3656)
SHAPE_REPRESENTATION_RELATIONSHIP()
);
#2618=(
REPRESENTATION_RELATIONSHIP(' ',' ',#5303,#5302)
REPRESENTATION_RELATIONSHIP_WITH_TRANSFORMATION(#3657)
SHAPE_REPRESENTATION_RELATIONSHIP()
);
#2619=(
REPRESENTATION_RELATIONSHIP(' ',' ',#5310,#5302)
REPRESENTATION_RELATIONSHIP_WITH_TRANSFORMATION(#3658)
SHAPE_REPRESENTATION_RELATIONSHIP()
);
#2620=(
REPRESENTATION_RELATIONSHIP(' ',' ',#5303,#5302)
REPRESENTATION_RELATIONSHIP_WITH_TRANSFORMATION(#3659)
SHAPE_REPRESENTATION_RELATIONSHIP()
);
#2621=(
REPRESENTATION_RELATIONSHIP(' ',' ',#5303,#5302)
REPRESENTATION_RELATIONSHIP_WITH_TRANSFORMATION(#3660)
SHAPE_REPRESENTATION_RELATIONSHIP()
);
#2622=(
REPRESENTATION_RELATIONSHIP(' ',' ',#5303,#5302)
REPRESENTATION_RELATIONSHIP_WITH_TRANSFORMATION(#3661)
SHAPE_REPRESENTATION_RELATIONSHIP()
);
#2623=(
REPRESENTATION_RELATIONSHIP(' ',' ',#5303,#5302)
REPRESENTATION_RELATIONSHIP_WITH_TRANSFORMATION(#3662)
SHAPE_REPRESENTATION_RELATIONSHIP()
);
#2624=(
REPRESENTATION_RELATIONSHIP(' ',' ',#5303,#5302)
REPRESENTATION_RELATIONSHIP_WITH_TRANSFORMATION(#3663)
SHAPE_REPRESENTATION_RELATIONSHIP()
);
#2625=(
REPRESENTATION_RELATIONSHIP(' ',' ',#5303,#5302)
REPRESENTATION_RELATIONSHIP_WITH_TRANSFORMATION(#3664)
SHAPE_REPRESENTATION_RELATIONSHIP()
);
#2626=(
REPRESENTATION_RELATIONSHIP(' ',' ',#5303,#5302)
REPRESENTATION_RELATIONSHIP_WITH_TRANSFORMATION(#3665)
SHAPE_REPRESENTATION_RELATIONSHIP()
);
#2627=(
REPRESENTATION_RELATIONSHIP(' ',' ',#5303,#5302)
REPRESENTATION_RELATIONSHIP_WITH_TRANSFORMATION(#3666)
SHAPE_REPRESENTATION_RELATIONSHIP()
);
#2628=(
REPRESENTATION_RELATIONSHIP(' ',' ',#5303,#5302)
REPRESENTATION_RELATIONSHIP_WITH_TRANSFORMATION(#3667)
SHAPE_REPRESENTATION_RELATIONSHIP()
);
#2629=(
REPRESENTATION_RELATIONSHIP(' ',' ',#5303,#5302)
REPRESENTATION_RELATIONSHIP_WITH_TRANSFORMATION(#3668)
SHAPE_REPRESENTATION_RELATIONSHIP()
);
#2630=(
REPRESENTATION_RELATIONSHIP(' ',' ',#5309,#5302)
REPRESENTATION_RELATIONSHIP_WITH_TRANSFORMATION(#3669)
SHAPE_REPRESENTATION_RELATIONSHIP()
);
#2631=(
REPRESENTATION_RELATIONSHIP(' ',' ',#5303,#5302)
REPRESENTATION_RELATIONSHIP_WITH_TRANSFORMATION(#3670)
SHAPE_REPRESENTATION_RELATIONSHIP()
);
#2632=(
REPRESENTATION_RELATIONSHIP(' ',' ',#5308,#5302)
REPRESENTATION_RELATIONSHIP_WITH_TRANSFORMATION(#3671)
SHAPE_REPRESENTATION_RELATIONSHIP()
);
#2633=(
REPRESENTATION_RELATIONSHIP(' ',' ',#5303,#5302)
REPRESENTATION_RELATIONSHIP_WITH_TRANSFORMATION(#3672)
SHAPE_REPRESENTATION_RELATIONSHIP()
);
#2634=(
REPRESENTATION_RELATIONSHIP(' ',' ',#5303,#5302)
REPRESENTATION_RELATIONSHIP_WITH_TRANSFORMATION(#3673)
SHAPE_REPRESENTATION_RELATIONSHIP()
);
#2635=(
REPRESENTATION_RELATIONSHIP(' ',' ',#5303,#5302)
REPRESENTATION_RELATIONSHIP_WITH_TRANSFORMATION(#3674)
SHAPE_REPRESENTATION_RELATIONSHIP()
);
#2636=(
REPRESENTATION_RELATIONSHIP(' ',' ',#5303,#5302)
REPRESENTATION_RELATIONSHIP_WITH_TRANSFORMATION(#3675)
SHAPE_REPRESENTATION_RELATIONSHIP()
);
#2637=(
REPRESENTATION_RELATIONSHIP(' ',' ',#5303,#5302)
REPRESENTATION_RELATIONSHIP_WITH_TRANSFORMATION(#3676)
SHAPE_REPRESENTATION_RELATIONSHIP()
);
#2638=(
REPRESENTATION_RELATIONSHIP(' ',' ',#5303,#5302)
REPRESENTATION_RELATIONSHIP_WITH_TRANSFORMATION(#3677)
SHAPE_REPRESENTATION_RELATIONSHIP()
);
#2639=(
REPRESENTATION_RELATIONSHIP(' ',' ',#5303,#5302)
REPRESENTATION_RELATIONSHIP_WITH_TRANSFORMATION(#3678)
SHAPE_REPRESENTATION_RELATIONSHIP()
);
#2640=(
REPRESENTATION_RELATIONSHIP(' ',' ',#5303,#5302)
REPRESENTATION_RELATIONSHIP_WITH_TRANSFORMATION(#3679)
SHAPE_REPRESENTATION_RELATIONSHIP()
);
#2641=(
REPRESENTATION_RELATIONSHIP(' ',' ',#5310,#5302)
REPRESENTATION_RELATIONSHIP_WITH_TRANSFORMATION(#3680)
SHAPE_REPRESENTATION_RELATIONSHIP()
);
#2642=(
REPRESENTATION_RELATIONSHIP(' ',' ',#5303,#5302)
REPRESENTATION_RELATIONSHIP_WITH_TRANSFORMATION(#3681)
SHAPE_REPRESENTATION_RELATIONSHIP()
);
#2643=(
REPRESENTATION_RELATIONSHIP(' ',' ',#5307,#5302)
REPRESENTATION_RELATIONSHIP_WITH_TRANSFORMATION(#3682)
SHAPE_REPRESENTATION_RELATIONSHIP()
);
#2644=(
REPRESENTATION_RELATIONSHIP(' ',' ',#5303,#5302)
REPRESENTATION_RELATIONSHIP_WITH_TRANSFORMATION(#3683)
SHAPE_REPRESENTATION_RELATIONSHIP()
);
#2645=(
REPRESENTATION_RELATIONSHIP(' ',' ',#5303,#5302)
REPRESENTATION_RELATIONSHIP_WITH_TRANSFORMATION(#3684)
SHAPE_REPRESENTATION_RELATIONSHIP()
);
#2646=(
REPRESENTATION_RELATIONSHIP(' ',' ',#5303,#5302)
REPRESENTATION_RELATIONSHIP_WITH_TRANSFORMATION(#3685)
SHAPE_REPRESENTATION_RELATIONSHIP()
);
#2647=(
REPRESENTATION_RELATIONSHIP(' ',' ',#5303,#5302)
REPRESENTATION_RELATIONSHIP_WITH_TRANSFORMATION(#3686)
SHAPE_REPRESENTATION_RELATIONSHIP()
);
#2648=(
REPRESENTATION_RELATIONSHIP(' ',' ',#5303,#5302)
REPRESENTATION_RELATIONSHIP_WITH_TRANSFORMATION(#3687)
SHAPE_REPRESENTATION_RELATIONSHIP()
);
#2649=(
REPRESENTATION_RELATIONSHIP(' ',' ',#5303,#5302)
REPRESENTATION_RELATIONSHIP_WITH_TRANSFORMATION(#3688)
SHAPE_REPRESENTATION_RELATIONSHIP()
);
#2650=(
REPRESENTATION_RELATIONSHIP(' ',' ',#5303,#5302)
REPRESENTATION_RELATIONSHIP_WITH_TRANSFORMATION(#3689)
SHAPE_REPRESENTATION_RELATIONSHIP()
);
#2651=(
REPRESENTATION_RELATIONSHIP(' ',' ',#5303,#5302)
REPRESENTATION_RELATIONSHIP_WITH_TRANSFORMATION(#3690)
SHAPE_REPRESENTATION_RELATIONSHIP()
);
#2652=(
REPRESENTATION_RELATIONSHIP(' ',' ',#5303,#5302)
REPRESENTATION_RELATIONSHIP_WITH_TRANSFORMATION(#3691)
SHAPE_REPRESENTATION_RELATIONSHIP()
);
#2653=(
REPRESENTATION_RELATIONSHIP(' ',' ',#5307,#5302)
REPRESENTATION_RELATIONSHIP_WITH_TRANSFORMATION(#3692)
SHAPE_REPRESENTATION_RELATIONSHIP()
);
#2654=(
REPRESENTATION_RELATIONSHIP(' ',' ',#5308,#5302)
REPRESENTATION_RELATIONSHIP_WITH_TRANSFORMATION(#3693)
SHAPE_REPRESENTATION_RELATIONSHIP()
);
#2655=(
REPRESENTATION_RELATIONSHIP(' ',' ',#5303,#5302)
REPRESENTATION_RELATIONSHIP_WITH_TRANSFORMATION(#3694)
SHAPE_REPRESENTATION_RELATIONSHIP()
);
#2656=(
REPRESENTATION_RELATIONSHIP(' ',' ',#5303,#5302)
REPRESENTATION_RELATIONSHIP_WITH_TRANSFORMATION(#3695)
SHAPE_REPRESENTATION_RELATIONSHIP()
);
#2657=(
REPRESENTATION_RELATIONSHIP(' ',' ',#5303,#5302)
REPRESENTATION_RELATIONSHIP_WITH_TRANSFORMATION(#3696)
SHAPE_REPRESENTATION_RELATIONSHIP()
);
#2658=(
REPRESENTATION_RELATIONSHIP(' ',' ',#5303,#5302)
REPRESENTATION_RELATIONSHIP_WITH_TRANSFORMATION(#3697)
SHAPE_REPRESENTATION_RELATIONSHIP()
);
#2659=(
REPRESENTATION_RELATIONSHIP(' ',' ',#5303,#5302)
REPRESENTATION_RELATIONSHIP_WITH_TRANSFORMATION(#3698)
SHAPE_REPRESENTATION_RELATIONSHIP()
);
#2660=(
REPRESENTATION_RELATIONSHIP(' ',' ',#5303,#5302)
REPRESENTATION_RELATIONSHIP_WITH_TRANSFORMATION(#3699)
SHAPE_REPRESENTATION_RELATIONSHIP()
);
#2661=(
REPRESENTATION_RELATIONSHIP(' ',' ',#5303,#5302)
REPRESENTATION_RELATIONSHIP_WITH_TRANSFORMATION(#3700)
SHAPE_REPRESENTATION_RELATIONSHIP()
);
#2662=(
REPRESENTATION_RELATIONSHIP(' ',' ',#5303,#5302)
REPRESENTATION_RELATIONSHIP_WITH_TRANSFORMATION(#3701)
SHAPE_REPRESENTATION_RELATIONSHIP()
);
#2663=(
REPRESENTATION_RELATIONSHIP(' ',' ',#5303,#5302)
REPRESENTATION_RELATIONSHIP_WITH_TRANSFORMATION(#3702)
SHAPE_REPRESENTATION_RELATIONSHIP()
);
#2664=(
REPRESENTATION_RELATIONSHIP(' ',' ',#5303,#5302)
REPRESENTATION_RELATIONSHIP_WITH_TRANSFORMATION(#3703)
SHAPE_REPRESENTATION_RELATIONSHIP()
);
#2665=(
REPRESENTATION_RELATIONSHIP(' ',' ',#5305,#5302)
REPRESENTATION_RELATIONSHIP_WITH_TRANSFORMATION(#3704)
SHAPE_REPRESENTATION_RELATIONSHIP()
);
#2666=(
REPRESENTATION_RELATIONSHIP(' ',' ',#5303,#5302)
REPRESENTATION_RELATIONSHIP_WITH_TRANSFORMATION(#3705)
SHAPE_REPRESENTATION_RELATIONSHIP()
);
#2667=(
REPRESENTATION_RELATIONSHIP(' ',' ',#5303,#5302)
REPRESENTATION_RELATIONSHIP_WITH_TRANSFORMATION(#3706)
SHAPE_REPRESENTATION_RELATIONSHIP()
);
#2668=(
REPRESENTATION_RELATIONSHIP(' ',' ',#5303,#5302)
REPRESENTATION_RELATIONSHIP_WITH_TRANSFORMATION(#3707)
SHAPE_REPRESENTATION_RELATIONSHIP()
);
#2669=(
REPRESENTATION_RELATIONSHIP(' ',' ',#5303,#5302)
REPRESENTATION_RELATIONSHIP_WITH_TRANSFORMATION(#3708)
SHAPE_REPRESENTATION_RELATIONSHIP()
);
#2670=(
REPRESENTATION_RELATIONSHIP(' ',' ',#5303,#5302)
REPRESENTATION_RELATIONSHIP_WITH_TRANSFORMATION(#3709)
SHAPE_REPRESENTATION_RELATIONSHIP()
);
#2671=(
REPRESENTATION_RELATIONSHIP(' ',' ',#5303,#5302)
REPRESENTATION_RELATIONSHIP_WITH_TRANSFORMATION(#3710)
SHAPE_REPRESENTATION_RELATIONSHIP()
);
#2672=(
REPRESENTATION_RELATIONSHIP(' ',' ',#5303,#5302)
REPRESENTATION_RELATIONSHIP_WITH_TRANSFORMATION(#3711)
SHAPE_REPRESENTATION_RELATIONSHIP()
);
#2673=(
REPRESENTATION_RELATIONSHIP(' ',' ',#5303,#5302)
REPRESENTATION_RELATIONSHIP_WITH_TRANSFORMATION(#3712)
SHAPE_REPRESENTATION_RELATIONSHIP()
);
#2674=(
REPRESENTATION_RELATIONSHIP(' ',' ',#5303,#5302)
REPRESENTATION_RELATIONSHIP_WITH_TRANSFORMATION(#3713)
SHAPE_REPRESENTATION_RELATIONSHIP()
);
#2675=(
REPRESENTATION_RELATIONSHIP(' ',' ',#5303,#5302)
REPRESENTATION_RELATIONSHIP_WITH_TRANSFORMATION(#3714)
SHAPE_REPRESENTATION_RELATIONSHIP()
);
#2676=(
REPRESENTATION_RELATIONSHIP(' ',' ',#5303,#5302)
REPRESENTATION_RELATIONSHIP_WITH_TRANSFORMATION(#3715)
SHAPE_REPRESENTATION_RELATIONSHIP()
);
#2677=(
REPRESENTATION_RELATIONSHIP(' ',' ',#5303,#5302)
REPRESENTATION_RELATIONSHIP_WITH_TRANSFORMATION(#3716)
SHAPE_REPRESENTATION_RELATIONSHIP()
);
#2678=(
REPRESENTATION_RELATIONSHIP(' ',' ',#5303,#5302)
REPRESENTATION_RELATIONSHIP_WITH_TRANSFORMATION(#3717)
SHAPE_REPRESENTATION_RELATIONSHIP()
);
#2679=(
REPRESENTATION_RELATIONSHIP(' ',' ',#5304,#5302)
REPRESENTATION_RELATIONSHIP_WITH_TRANSFORMATION(#3718)
SHAPE_REPRESENTATION_RELATIONSHIP()
);
#2680=(
REPRESENTATION_RELATIONSHIP(' ',' ',#5303,#5302)
REPRESENTATION_RELATIONSHIP_WITH_TRANSFORMATION(#3719)
SHAPE_REPRESENTATION_RELATIONSHIP()
);
#2681=(
REPRESENTATION_RELATIONSHIP(' ',' ',#5303,#5302)
REPRESENTATION_RELATIONSHIP_WITH_TRANSFORMATION(#3720)
SHAPE_REPRESENTATION_RELATIONSHIP()
);
#2682=(
REPRESENTATION_RELATIONSHIP(' ',' ',#5303,#5302)
REPRESENTATION_RELATIONSHIP_WITH_TRANSFORMATION(#3721)
SHAPE_REPRESENTATION_RELATIONSHIP()
);
#2683=(
REPRESENTATION_RELATIONSHIP(' ',' ',#5303,#5302)
REPRESENTATION_RELATIONSHIP_WITH_TRANSFORMATION(#3722)
SHAPE_REPRESENTATION_RELATIONSHIP()
);
#2684=(
REPRESENTATION_RELATIONSHIP(' ',' ',#5303,#5302)
REPRESENTATION_RELATIONSHIP_WITH_TRANSFORMATION(#3723)
SHAPE_REPRESENTATION_RELATIONSHIP()
);
#2685=(
REPRESENTATION_RELATIONSHIP(' ',' ',#5303,#5302)
REPRESENTATION_RELATIONSHIP_WITH_TRANSFORMATION(#3724)
SHAPE_REPRESENTATION_RELATIONSHIP()
);
#2686=(
REPRESENTATION_RELATIONSHIP(' ',' ',#5303,#5302)
REPRESENTATION_RELATIONSHIP_WITH_TRANSFORMATION(#3725)
SHAPE_REPRESENTATION_RELATIONSHIP()
);
#2687=(
REPRESENTATION_RELATIONSHIP(' ',' ',#5305,#5302)
REPRESENTATION_RELATIONSHIP_WITH_TRANSFORMATION(#3726)
SHAPE_REPRESENTATION_RELATIONSHIP()
);
#2688=(
REPRESENTATION_RELATIONSHIP(' ',' ',#5303,#5302)
REPRESENTATION_RELATIONSHIP_WITH_TRANSFORMATION(#3727)
SHAPE_REPRESENTATION_RELATIONSHIP()
);
#2689=(
REPRESENTATION_RELATIONSHIP(' ',' ',#5303,#5302)
REPRESENTATION_RELATIONSHIP_WITH_TRANSFORMATION(#3728)
SHAPE_REPRESENTATION_RELATIONSHIP()
);
#2690=(
REPRESENTATION_RELATIONSHIP(' ',' ',#5303,#5302)
REPRESENTATION_RELATIONSHIP_WITH_TRANSFORMATION(#3729)
SHAPE_REPRESENTATION_RELATIONSHIP()
);
#2691=(
REPRESENTATION_RELATIONSHIP(' ',' ',#5307,#5302)
REPRESENTATION_RELATIONSHIP_WITH_TRANSFORMATION(#3730)
SHAPE_REPRESENTATION_RELATIONSHIP()
);
#2692=(
REPRESENTATION_RELATIONSHIP(' ',' ',#5303,#5302)
REPRESENTATION_RELATIONSHIP_WITH_TRANSFORMATION(#3731)
SHAPE_REPRESENTATION_RELATIONSHIP()
);
#2693=(
REPRESENTATION_RELATIONSHIP(' ',' ',#5303,#5302)
REPRESENTATION_RELATIONSHIP_WITH_TRANSFORMATION(#3732)
SHAPE_REPRESENTATION_RELATIONSHIP()
);
#2694=(
REPRESENTATION_RELATIONSHIP(' ',' ',#5303,#5302)
REPRESENTATION_RELATIONSHIP_WITH_TRANSFORMATION(#3733)
SHAPE_REPRESENTATION_RELATIONSHIP()
);
#2695=(
REPRESENTATION_RELATIONSHIP(' ',' ',#5303,#5302)
REPRESENTATION_RELATIONSHIP_WITH_TRANSFORMATION(#3734)
SHAPE_REPRESENTATION_RELATIONSHIP()
);
#2696=(
REPRESENTATION_RELATIONSHIP(' ',' ',#5303,#5302)
REPRESENTATION_RELATIONSHIP_WITH_TRANSFORMATION(#3735)
SHAPE_REPRESENTATION_RELATIONSHIP()
);
#2697=(
REPRESENTATION_RELATIONSHIP(' ',' ',#5303,#5302)
REPRESENTATION_RELATIONSHIP_WITH_TRANSFORMATION(#3736)
SHAPE_REPRESENTATION_RELATIONSHIP()
);
#2698=(
REPRESENTATION_RELATIONSHIP(' ',' ',#5303,#5302)
REPRESENTATION_RELATIONSHIP_WITH_TRANSFORMATION(#3737)
SHAPE_REPRESENTATION_RELATIONSHIP()
);
#2699=(
REPRESENTATION_RELATIONSHIP(' ',' ',#5308,#5302)
REPRESENTATION_RELATIONSHIP_WITH_TRANSFORMATION(#3738)
SHAPE_REPRESENTATION_RELATIONSHIP()
);
#2700=(
REPRESENTATION_RELATIONSHIP(' ',' ',#5303,#5302)
REPRESENTATION_RELATIONSHIP_WITH_TRANSFORMATION(#3739)
SHAPE_REPRESENTATION_RELATIONSHIP()
);
#2701=(
REPRESENTATION_RELATIONSHIP(' ',' ',#5303,#5302)
REPRESENTATION_RELATIONSHIP_WITH_TRANSFORMATION(#3740)
SHAPE_REPRESENTATION_RELATIONSHIP()
);
#2702=(
REPRESENTATION_RELATIONSHIP(' ',' ',#5306,#5302)
REPRESENTATION_RELATIONSHIP_WITH_TRANSFORMATION(#3741)
SHAPE_REPRESENTATION_RELATIONSHIP()
);
#2703=(
REPRESENTATION_RELATIONSHIP(' ',' ',#5303,#5302)
REPRESENTATION_RELATIONSHIP_WITH_TRANSFORMATION(#3742)
SHAPE_REPRESENTATION_RELATIONSHIP()
);
#2704=(
REPRESENTATION_RELATIONSHIP(' ',' ',#5303,#5302)
REPRESENTATION_RELATIONSHIP_WITH_TRANSFORMATION(#3743)
SHAPE_REPRESENTATION_RELATIONSHIP()
);
#2705=(
REPRESENTATION_RELATIONSHIP(' ',' ',#5303,#5302)
REPRESENTATION_RELATIONSHIP_WITH_TRANSFORMATION(#3744)
SHAPE_REPRESENTATION_RELATIONSHIP()
);
#2706=(
REPRESENTATION_RELATIONSHIP(' ',' ',#5303,#5302)
REPRESENTATION_RELATIONSHIP_WITH_TRANSFORMATION(#3745)
SHAPE_REPRESENTATION_RELATIONSHIP()
);
#2707=(
REPRESENTATION_RELATIONSHIP(' ',' ',#5303,#5302)
REPRESENTATION_RELATIONSHIP_WITH_TRANSFORMATION(#3746)
SHAPE_REPRESENTATION_RELATIONSHIP()
);
#2708=(
REPRESENTATION_RELATIONSHIP(' ',' ',#5303,#5302)
REPRESENTATION_RELATIONSHIP_WITH_TRANSFORMATION(#3747)
SHAPE_REPRESENTATION_RELATIONSHIP()
);
#2709=(
REPRESENTATION_RELATIONSHIP(' ',' ',#5304,#5302)
REPRESENTATION_RELATIONSHIP_WITH_TRANSFORMATION(#3748)
SHAPE_REPRESENTATION_RELATIONSHIP()
);
#2710=(
REPRESENTATION_RELATIONSHIP(' ',' ',#5303,#5302)
REPRESENTATION_RELATIONSHIP_WITH_TRANSFORMATION(#3749)
SHAPE_REPRESENTATION_RELATIONSHIP()
);
#2711=(
REPRESENTATION_RELATIONSHIP(' ',' ',#5303,#5302)
REPRESENTATION_RELATIONSHIP_WITH_TRANSFORMATION(#3750)
SHAPE_REPRESENTATION_RELATIONSHIP()
);
#2712=(
REPRESENTATION_RELATIONSHIP(' ',' ',#5303,#5302)
REPRESENTATION_RELATIONSHIP_WITH_TRANSFORMATION(#3751)
SHAPE_REPRESENTATION_RELATIONSHIP()
);
#2713=(
REPRESENTATION_RELATIONSHIP(' ',' ',#5305,#5302)
REPRESENTATION_RELATIONSHIP_WITH_TRANSFORMATION(#3752)
SHAPE_REPRESENTATION_RELATIONSHIP()
);
#2714=(
REPRESENTATION_RELATIONSHIP(' ',' ',#5303,#5302)
REPRESENTATION_RELATIONSHIP_WITH_TRANSFORMATION(#3753)
SHAPE_REPRESENTATION_RELATIONSHIP()
);
#2715=(
REPRESENTATION_RELATIONSHIP(' ',' ',#5303,#5302)
REPRESENTATION_RELATIONSHIP_WITH_TRANSFORMATION(#3754)
SHAPE_REPRESENTATION_RELATIONSHIP()
);
#2716=(
REPRESENTATION_RELATIONSHIP(' ',' ',#5303,#5302)
REPRESENTATION_RELATIONSHIP_WITH_TRANSFORMATION(#3755)
SHAPE_REPRESENTATION_RELATIONSHIP()
);
#2717=(
REPRESENTATION_RELATIONSHIP(' ',' ',#5309,#5302)
REPRESENTATION_RELATIONSHIP_WITH_TRANSFORMATION(#3756)
SHAPE_REPRESENTATION_RELATIONSHIP()
);
#2718=(
REPRESENTATION_RELATIONSHIP(' ',' ',#5303,#5302)
REPRESENTATION_RELATIONSHIP_WITH_TRANSFORMATION(#3757)
SHAPE_REPRESENTATION_RELATIONSHIP()
);
#2719=(
REPRESENTATION_RELATIONSHIP(' ',' ',#5303,#5302)
REPRESENTATION_RELATIONSHIP_WITH_TRANSFORMATION(#3758)
SHAPE_REPRESENTATION_RELATIONSHIP()
);
#2720=(
REPRESENTATION_RELATIONSHIP(' ',' ',#5303,#5302)
REPRESENTATION_RELATIONSHIP_WITH_TRANSFORMATION(#3759)
SHAPE_REPRESENTATION_RELATIONSHIP()
);
#2721=(
REPRESENTATION_RELATIONSHIP(' ',' ',#5303,#5302)
REPRESENTATION_RELATIONSHIP_WITH_TRANSFORMATION(#3760)
SHAPE_REPRESENTATION_RELATIONSHIP()
);
#2722=(
REPRESENTATION_RELATIONSHIP(' ',' ',#5303,#5302)
REPRESENTATION_RELATIONSHIP_WITH_TRANSFORMATION(#3761)
SHAPE_REPRESENTATION_RELATIONSHIP()
);
#2723=(
REPRESENTATION_RELATIONSHIP(' ',' ',#5303,#5302)
REPRESENTATION_RELATIONSHIP_WITH_TRANSFORMATION(#3762)
SHAPE_REPRESENTATION_RELATIONSHIP()
);
#2724=(
REPRESENTATION_RELATIONSHIP(' ',' ',#5303,#5302)
REPRESENTATION_RELATIONSHIP_WITH_TRANSFORMATION(#3763)
SHAPE_REPRESENTATION_RELATIONSHIP()
);
#2725=(
REPRESENTATION_RELATIONSHIP(' ',' ',#5303,#5302)
REPRESENTATION_RELATIONSHIP_WITH_TRANSFORMATION(#3764)
SHAPE_REPRESENTATION_RELATIONSHIP()
);
#2726=(
REPRESENTATION_RELATIONSHIP(' ',' ',#5303,#5302)
REPRESENTATION_RELATIONSHIP_WITH_TRANSFORMATION(#3765)
SHAPE_REPRESENTATION_RELATIONSHIP()
);
#2727=(
REPRESENTATION_RELATIONSHIP(' ',' ',#5303,#5302)
REPRESENTATION_RELATIONSHIP_WITH_TRANSFORMATION(#3766)
SHAPE_REPRESENTATION_RELATIONSHIP()
);
#2728=(
REPRESENTATION_RELATIONSHIP(' ',' ',#5303,#5302)
REPRESENTATION_RELATIONSHIP_WITH_TRANSFORMATION(#3767)
SHAPE_REPRESENTATION_RELATIONSHIP()
);
#2729=(
REPRESENTATION_RELATIONSHIP(' ',' ',#5303,#5302)
REPRESENTATION_RELATIONSHIP_WITH_TRANSFORMATION(#3768)
SHAPE_REPRESENTATION_RELATIONSHIP()
);
#2730=(
REPRESENTATION_RELATIONSHIP(' ',' ',#5303,#5302)
REPRESENTATION_RELATIONSHIP_WITH_TRANSFORMATION(#3769)
SHAPE_REPRESENTATION_RELATIONSHIP()
);
#2731=(
REPRESENTATION_RELATIONSHIP(' ',' ',#5303,#5302)
REPRESENTATION_RELATIONSHIP_WITH_TRANSFORMATION(#3770)
SHAPE_REPRESENTATION_RELATIONSHIP()
);
#2732=(
REPRESENTATION_RELATIONSHIP(' ',' ',#5303,#5302)
REPRESENTATION_RELATIONSHIP_WITH_TRANSFORMATION(#3771)
SHAPE_REPRESENTATION_RELATIONSHIP()
);
#2733=(
REPRESENTATION_RELATIONSHIP(' ',' ',#5303,#5302)
REPRESENTATION_RELATIONSHIP_WITH_TRANSFORMATION(#3772)
SHAPE_REPRESENTATION_RELATIONSHIP()
);
#2734=(
REPRESENTATION_RELATIONSHIP(' ',' ',#5303,#5302)
REPRESENTATION_RELATIONSHIP_WITH_TRANSFORMATION(#3773)
SHAPE_REPRESENTATION_RELATIONSHIP()
);
#2735=(
REPRESENTATION_RELATIONSHIP(' ',' ',#5303,#5302)
REPRESENTATION_RELATIONSHIP_WITH_TRANSFORMATION(#3774)
SHAPE_REPRESENTATION_RELATIONSHIP()
);
#2736=(
REPRESENTATION_RELATIONSHIP(' ',' ',#5303,#5302)
REPRESENTATION_RELATIONSHIP_WITH_TRANSFORMATION(#3775)
SHAPE_REPRESENTATION_RELATIONSHIP()
);
#2737=(
REPRESENTATION_RELATIONSHIP(' ',' ',#5303,#5302)
REPRESENTATION_RELATIONSHIP_WITH_TRANSFORMATION(#3776)
SHAPE_REPRESENTATION_RELATIONSHIP()
);
#2738=(
REPRESENTATION_RELATIONSHIP(' ',' ',#5303,#5302)
REPRESENTATION_RELATIONSHIP_WITH_TRANSFORMATION(#3777)
SHAPE_REPRESENTATION_RELATIONSHIP()
);
#2739=(
REPRESENTATION_RELATIONSHIP(' ',' ',#5303,#5302)
REPRESENTATION_RELATIONSHIP_WITH_TRANSFORMATION(#3778)
SHAPE_REPRESENTATION_RELATIONSHIP()
);
#2740=(
REPRESENTATION_RELATIONSHIP(' ',' ',#5308,#5302)
REPRESENTATION_RELATIONSHIP_WITH_TRANSFORMATION(#3779)
SHAPE_REPRESENTATION_RELATIONSHIP()
);
#2741=(
REPRESENTATION_RELATIONSHIP(' ',' ',#5303,#5302)
REPRESENTATION_RELATIONSHIP_WITH_TRANSFORMATION(#3780)
SHAPE_REPRESENTATION_RELATIONSHIP()
);
#2742=(
REPRESENTATION_RELATIONSHIP(' ',' ',#5303,#5302)
REPRESENTATION_RELATIONSHIP_WITH_TRANSFORMATION(#3781)
SHAPE_REPRESENTATION_RELATIONSHIP()
);
#2743=(
REPRESENTATION_RELATIONSHIP(' ',' ',#5303,#5302)
REPRESENTATION_RELATIONSHIP_WITH_TRANSFORMATION(#3782)
SHAPE_REPRESENTATION_RELATIONSHIP()
);
#2744=(
REPRESENTATION_RELATIONSHIP(' ',' ',#5303,#5302)
REPRESENTATION_RELATIONSHIP_WITH_TRANSFORMATION(#3783)
SHAPE_REPRESENTATION_RELATIONSHIP()
);
#2745=(
REPRESENTATION_RELATIONSHIP(' ',' ',#5303,#5302)
REPRESENTATION_RELATIONSHIP_WITH_TRANSFORMATION(#3784)
SHAPE_REPRESENTATION_RELATIONSHIP()
);
#2746=(
REPRESENTATION_RELATIONSHIP(' ',' ',#5306,#5302)
REPRESENTATION_RELATIONSHIP_WITH_TRANSFORMATION(#3785)
SHAPE_REPRESENTATION_RELATIONSHIP()
);
#2747=(
REPRESENTATION_RELATIONSHIP(' ',' ',#5303,#5302)
REPRESENTATION_RELATIONSHIP_WITH_TRANSFORMATION(#3786)
SHAPE_REPRESENTATION_RELATIONSHIP()
);
#2748=(
REPRESENTATION_RELATIONSHIP(' ',' ',#5303,#5302)
REPRESENTATION_RELATIONSHIP_WITH_TRANSFORMATION(#3787)
SHAPE_REPRESENTATION_RELATIONSHIP()
);
#2749=(
REPRESENTATION_RELATIONSHIP(' ',' ',#5305,#5302)
REPRESENTATION_RELATIONSHIP_WITH_TRANSFORMATION(#3788)
SHAPE_REPRESENTATION_RELATIONSHIP()
);
#2750=(
REPRESENTATION_RELATIONSHIP(' ',' ',#5303,#5302)
REPRESENTATION_RELATIONSHIP_WITH_TRANSFORMATION(#3789)
SHAPE_REPRESENTATION_RELATIONSHIP()
);
#2751=(
REPRESENTATION_RELATIONSHIP(' ',' ',#5303,#5302)
REPRESENTATION_RELATIONSHIP_WITH_TRANSFORMATION(#3790)
SHAPE_REPRESENTATION_RELATIONSHIP()
);
#2752=(
REPRESENTATION_RELATIONSHIP(' ',' ',#5303,#5302)
REPRESENTATION_RELATIONSHIP_WITH_TRANSFORMATION(#3791)
SHAPE_REPRESENTATION_RELATIONSHIP()
);
#2753=(
REPRESENTATION_RELATIONSHIP(' ',' ',#5303,#5302)
REPRESENTATION_RELATIONSHIP_WITH_TRANSFORMATION(#3792)
SHAPE_REPRESENTATION_RELATIONSHIP()
);
#2754=(
REPRESENTATION_RELATIONSHIP(' ',' ',#5303,#5302)
REPRESENTATION_RELATIONSHIP_WITH_TRANSFORMATION(#3793)
SHAPE_REPRESENTATION_RELATIONSHIP()
);
#2755=(
REPRESENTATION_RELATIONSHIP(' ',' ',#5306,#5302)
REPRESENTATION_RELATIONSHIP_WITH_TRANSFORMATION(#3794)
SHAPE_REPRESENTATION_RELATIONSHIP()
);
#2756=(
REPRESENTATION_RELATIONSHIP(' ',' ',#5303,#5302)
REPRESENTATION_RELATIONSHIP_WITH_TRANSFORMATION(#3795)
SHAPE_REPRESENTATION_RELATIONSHIP()
);
#2757=(
REPRESENTATION_RELATIONSHIP(' ',' ',#5306,#5302)
REPRESENTATION_RELATIONSHIP_WITH_TRANSFORMATION(#3796)
SHAPE_REPRESENTATION_RELATIONSHIP()
);
#2758=(
REPRESENTATION_RELATIONSHIP(' ',' ',#5303,#5302)
REPRESENTATION_RELATIONSHIP_WITH_TRANSFORMATION(#3797)
SHAPE_REPRESENTATION_RELATIONSHIP()
);
#2759=(
REPRESENTATION_RELATIONSHIP(' ',' ',#5303,#5302)
REPRESENTATION_RELATIONSHIP_WITH_TRANSFORMATION(#3798)
SHAPE_REPRESENTATION_RELATIONSHIP()
);
#2760=(
REPRESENTATION_RELATIONSHIP(' ',' ',#5303,#5302)
REPRESENTATION_RELATIONSHIP_WITH_TRANSFORMATION(#3799)
SHAPE_REPRESENTATION_RELATIONSHIP()
);
#2761=(
REPRESENTATION_RELATIONSHIP(' ',' ',#5303,#5302)
REPRESENTATION_RELATIONSHIP_WITH_TRANSFORMATION(#3800)
SHAPE_REPRESENTATION_RELATIONSHIP()
);
#2762=(
REPRESENTATION_RELATIONSHIP(' ',' ',#5303,#5302)
REPRESENTATION_RELATIONSHIP_WITH_TRANSFORMATION(#3801)
SHAPE_REPRESENTATION_RELATIONSHIP()
);
#2763=(
REPRESENTATION_RELATIONSHIP(' ',' ',#5307,#5302)
REPRESENTATION_RELATIONSHIP_WITH_TRANSFORMATION(#3802)
SHAPE_REPRESENTATION_RELATIONSHIP()
);
#2764=(
REPRESENTATION_RELATIONSHIP(' ',' ',#5303,#5302)
REPRESENTATION_RELATIONSHIP_WITH_TRANSFORMATION(#3803)
SHAPE_REPRESENTATION_RELATIONSHIP()
);
#2765=(
REPRESENTATION_RELATIONSHIP(' ',' ',#5303,#5302)
REPRESENTATION_RELATIONSHIP_WITH_TRANSFORMATION(#3804)
SHAPE_REPRESENTATION_RELATIONSHIP()
);
#2766=(
REPRESENTATION_RELATIONSHIP(' ',' ',#5303,#5302)
REPRESENTATION_RELATIONSHIP_WITH_TRANSFORMATION(#3805)
SHAPE_REPRESENTATION_RELATIONSHIP()
);
#2767=(
REPRESENTATION_RELATIONSHIP(' ',' ',#5303,#5302)
REPRESENTATION_RELATIONSHIP_WITH_TRANSFORMATION(#3806)
SHAPE_REPRESENTATION_RELATIONSHIP()
);
#2768=(
REPRESENTATION_RELATIONSHIP(' ',' ',#5303,#5302)
REPRESENTATION_RELATIONSHIP_WITH_TRANSFORMATION(#3807)
SHAPE_REPRESENTATION_RELATIONSHIP()
);
#2769=(
REPRESENTATION_RELATIONSHIP(' ',' ',#5303,#5302)
REPRESENTATION_RELATIONSHIP_WITH_TRANSFORMATION(#3808)
SHAPE_REPRESENTATION_RELATIONSHIP()
);
#2770=(
REPRESENTATION_RELATIONSHIP(' ',' ',#5303,#5302)
REPRESENTATION_RELATIONSHIP_WITH_TRANSFORMATION(#3809)
SHAPE_REPRESENTATION_RELATIONSHIP()
);
#2771=(
REPRESENTATION_RELATIONSHIP(' ',' ',#5303,#5302)
REPRESENTATION_RELATIONSHIP_WITH_TRANSFORMATION(#3810)
SHAPE_REPRESENTATION_RELATIONSHIP()
);
#2772=(
REPRESENTATION_RELATIONSHIP(' ',' ',#5303,#5302)
REPRESENTATION_RELATIONSHIP_WITH_TRANSFORMATION(#3811)
SHAPE_REPRESENTATION_RELATIONSHIP()
);
#2773=(
REPRESENTATION_RELATIONSHIP(' ',' ',#5303,#5302)
REPRESENTATION_RELATIONSHIP_WITH_TRANSFORMATION(#3812)
SHAPE_REPRESENTATION_RELATIONSHIP()
);
#2774=(
REPRESENTATION_RELATIONSHIP(' ',' ',#5310,#5302)
REPRESENTATION_RELATIONSHIP_WITH_TRANSFORMATION(#3813)
SHAPE_REPRESENTATION_RELATIONSHIP()
);
#2775=(
REPRESENTATION_RELATIONSHIP(' ',' ',#5303,#5302)
REPRESENTATION_RELATIONSHIP_WITH_TRANSFORMATION(#3814)
SHAPE_REPRESENTATION_RELATIONSHIP()
);
#2776=(
REPRESENTATION_RELATIONSHIP(' ',' ',#5303,#5302)
REPRESENTATION_RELATIONSHIP_WITH_TRANSFORMATION(#3815)
SHAPE_REPRESENTATION_RELATIONSHIP()
);
#2777=(
REPRESENTATION_RELATIONSHIP(' ',' ',#5303,#5302)
REPRESENTATION_RELATIONSHIP_WITH_TRANSFORMATION(#3816)
SHAPE_REPRESENTATION_RELATIONSHIP()
);
#2778=(
REPRESENTATION_RELATIONSHIP(' ',' ',#5303,#5302)
REPRESENTATION_RELATIONSHIP_WITH_TRANSFORMATION(#3817)
SHAPE_REPRESENTATION_RELATIONSHIP()
);
#2779=(
REPRESENTATION_RELATIONSHIP(' ',' ',#5303,#5302)
REPRESENTATION_RELATIONSHIP_WITH_TRANSFORMATION(#3818)
SHAPE_REPRESENTATION_RELATIONSHIP()
);
#2780=(
REPRESENTATION_RELATIONSHIP(' ',' ',#5303,#5302)
REPRESENTATION_RELATIONSHIP_WITH_TRANSFORMATION(#3819)
SHAPE_REPRESENTATION_RELATIONSHIP()
);
#2781=(
REPRESENTATION_RELATIONSHIP(' ',' ',#5303,#5302)
REPRESENTATION_RELATIONSHIP_WITH_TRANSFORMATION(#3820)
SHAPE_REPRESENTATION_RELATIONSHIP()
);
#2782=(
REPRESENTATION_RELATIONSHIP(' ',' ',#5303,#5302)
REPRESENTATION_RELATIONSHIP_WITH_TRANSFORMATION(#3821)
SHAPE_REPRESENTATION_RELATIONSHIP()
);
#2783=(
REPRESENTATION_RELATIONSHIP(' ',' ',#5303,#5302)
REPRESENTATION_RELATIONSHIP_WITH_TRANSFORMATION(#3822)
SHAPE_REPRESENTATION_RELATIONSHIP()
);
#2784=(
REPRESENTATION_RELATIONSHIP(' ',' ',#5303,#5302)
REPRESENTATION_RELATIONSHIP_WITH_TRANSFORMATION(#3823)
SHAPE_REPRESENTATION_RELATIONSHIP()
);
#2785=(
REPRESENTATION_RELATIONSHIP(' ',' ',#5303,#5302)
REPRESENTATION_RELATIONSHIP_WITH_TRANSFORMATION(#3824)
SHAPE_REPRESENTATION_RELATIONSHIP()
);
#2786=(
REPRESENTATION_RELATIONSHIP(' ',' ',#5303,#5302)
REPRESENTATION_RELATIONSHIP_WITH_TRANSFORMATION(#3825)
SHAPE_REPRESENTATION_RELATIONSHIP()
);
#2787=(
REPRESENTATION_RELATIONSHIP(' ',' ',#5303,#5302)
REPRESENTATION_RELATIONSHIP_WITH_TRANSFORMATION(#3826)
SHAPE_REPRESENTATION_RELATIONSHIP()
);
#2788=(
REPRESENTATION_RELATIONSHIP(' ',' ',#5303,#5302)
REPRESENTATION_RELATIONSHIP_WITH_TRANSFORMATION(#3827)
SHAPE_REPRESENTATION_RELATIONSHIP()
);
#2789=(
REPRESENTATION_RELATIONSHIP(' ',' ',#5303,#5302)
REPRESENTATION_RELATIONSHIP_WITH_TRANSFORMATION(#3828)
SHAPE_REPRESENTATION_RELATIONSHIP()
);
#2790=(
REPRESENTATION_RELATIONSHIP(' ',' ',#5303,#5302)
REPRESENTATION_RELATIONSHIP_WITH_TRANSFORMATION(#3829)
SHAPE_REPRESENTATION_RELATIONSHIP()
);
#2791=(
REPRESENTATION_RELATIONSHIP(' ',' ',#5303,#5302)
REPRESENTATION_RELATIONSHIP_WITH_TRANSFORMATION(#3830)
SHAPE_REPRESENTATION_RELATIONSHIP()
);
#2792=(
REPRESENTATION_RELATIONSHIP(' ',' ',#5303,#5302)
REPRESENTATION_RELATIONSHIP_WITH_TRANSFORMATION(#3831)
SHAPE_REPRESENTATION_RELATIONSHIP()
);
#2793=(
REPRESENTATION_RELATIONSHIP(' ',' ',#5303,#5302)
REPRESENTATION_RELATIONSHIP_WITH_TRANSFORMATION(#3832)
SHAPE_REPRESENTATION_RELATIONSHIP()
);
#2794=(
REPRESENTATION_RELATIONSHIP(' ',' ',#5303,#5302)
REPRESENTATION_RELATIONSHIP_WITH_TRANSFORMATION(#3833)
SHAPE_REPRESENTATION_RELATIONSHIP()
);
#2795=(
REPRESENTATION_RELATIONSHIP(' ',' ',#5303,#5302)
REPRESENTATION_RELATIONSHIP_WITH_TRANSFORMATION(#3834)
SHAPE_REPRESENTATION_RELATIONSHIP()
);
#2796=(
REPRESENTATION_RELATIONSHIP(' ',' ',#5307,#5302)
REPRESENTATION_RELATIONSHIP_WITH_TRANSFORMATION(#3835)
SHAPE_REPRESENTATION_RELATIONSHIP()
);
#2797=(
REPRESENTATION_RELATIONSHIP(' ',' ',#5304,#5302)
REPRESENTATION_RELATIONSHIP_WITH_TRANSFORMATION(#3836)
SHAPE_REPRESENTATION_RELATIONSHIP()
);
#2798=(
REPRESENTATION_RELATIONSHIP(' ',' ',#5303,#5302)
REPRESENTATION_RELATIONSHIP_WITH_TRANSFORMATION(#3837)
SHAPE_REPRESENTATION_RELATIONSHIP()
);
#2799=(
REPRESENTATION_RELATIONSHIP(' ',' ',#5303,#5302)
REPRESENTATION_RELATIONSHIP_WITH_TRANSFORMATION(#3838)
SHAPE_REPRESENTATION_RELATIONSHIP()
);
#2800=(
REPRESENTATION_RELATIONSHIP(' ',' ',#5308,#5302)
REPRESENTATION_RELATIONSHIP_WITH_TRANSFORMATION(#3839)
SHAPE_REPRESENTATION_RELATIONSHIP()
);
#2801=(
REPRESENTATION_RELATIONSHIP(' ',' ',#5304,#5302)
REPRESENTATION_RELATIONSHIP_WITH_TRANSFORMATION(#3840)
SHAPE_REPRESENTATION_RELATIONSHIP()
);
#2802=(
REPRESENTATION_RELATIONSHIP(' ',' ',#5303,#5302)
REPRESENTATION_RELATIONSHIP_WITH_TRANSFORMATION(#3841)
SHAPE_REPRESENTATION_RELATIONSHIP()
);
#2803=(
REPRESENTATION_RELATIONSHIP(' ',' ',#5303,#5302)
REPRESENTATION_RELATIONSHIP_WITH_TRANSFORMATION(#3842)
SHAPE_REPRESENTATION_RELATIONSHIP()
);
#2804=(
REPRESENTATION_RELATIONSHIP(' ',' ',#5306,#5302)
REPRESENTATION_RELATIONSHIP_WITH_TRANSFORMATION(#3843)
SHAPE_REPRESENTATION_RELATIONSHIP()
);
#2805=(
REPRESENTATION_RELATIONSHIP(' ',' ',#5303,#5302)
REPRESENTATION_RELATIONSHIP_WITH_TRANSFORMATION(#3844)
SHAPE_REPRESENTATION_RELATIONSHIP()
);
#2806=(
REPRESENTATION_RELATIONSHIP(' ',' ',#5303,#5302)
REPRESENTATION_RELATIONSHIP_WITH_TRANSFORMATION(#3845)
SHAPE_REPRESENTATION_RELATIONSHIP()
);
#2807=(
REPRESENTATION_RELATIONSHIP(' ',' ',#5303,#5302)
REPRESENTATION_RELATIONSHIP_WITH_TRANSFORMATION(#3846)
SHAPE_REPRESENTATION_RELATIONSHIP()
);
#2808=(
REPRESENTATION_RELATIONSHIP(' ',' ',#5303,#5302)
REPRESENTATION_RELATIONSHIP_WITH_TRANSFORMATION(#3847)
SHAPE_REPRESENTATION_RELATIONSHIP()
);
#2809=(
REPRESENTATION_RELATIONSHIP(' ',' ',#5303,#5302)
REPRESENTATION_RELATIONSHIP_WITH_TRANSFORMATION(#3848)
SHAPE_REPRESENTATION_RELATIONSHIP()
);
#2810=(
REPRESENTATION_RELATIONSHIP(' ',' ',#5303,#5302)
REPRESENTATION_RELATIONSHIP_WITH_TRANSFORMATION(#3849)
SHAPE_REPRESENTATION_RELATIONSHIP()
);
#2811=(
REPRESENTATION_RELATIONSHIP(' ',' ',#5303,#5302)
REPRESENTATION_RELATIONSHIP_WITH_TRANSFORMATION(#3850)
SHAPE_REPRESENTATION_RELATIONSHIP()
);
#2812=(
REPRESENTATION_RELATIONSHIP(' ',' ',#5310,#5302)
REPRESENTATION_RELATIONSHIP_WITH_TRANSFORMATION(#3851)
SHAPE_REPRESENTATION_RELATIONSHIP()
);
#2813=(
REPRESENTATION_RELATIONSHIP(' ',' ',#5303,#5302)
REPRESENTATION_RELATIONSHIP_WITH_TRANSFORMATION(#3852)
SHAPE_REPRESENTATION_RELATIONSHIP()
);
#2814=(
REPRESENTATION_RELATIONSHIP(' ',' ',#5303,#5302)
REPRESENTATION_RELATIONSHIP_WITH_TRANSFORMATION(#3853)
SHAPE_REPRESENTATION_RELATIONSHIP()
);
#2815=(
REPRESENTATION_RELATIONSHIP(' ',' ',#5303,#5302)
REPRESENTATION_RELATIONSHIP_WITH_TRANSFORMATION(#3854)
SHAPE_REPRESENTATION_RELATIONSHIP()
);
#2816=(
REPRESENTATION_RELATIONSHIP(' ',' ',#5303,#5302)
REPRESENTATION_RELATIONSHIP_WITH_TRANSFORMATION(#3855)
SHAPE_REPRESENTATION_RELATIONSHIP()
);
#2817=(
REPRESENTATION_RELATIONSHIP(' ',' ',#5303,#5302)
REPRESENTATION_RELATIONSHIP_WITH_TRANSFORMATION(#3856)
SHAPE_REPRESENTATION_RELATIONSHIP()
);
#2818=(
REPRESENTATION_RELATIONSHIP(' ',' ',#5304,#5302)
REPRESENTATION_RELATIONSHIP_WITH_TRANSFORMATION(#3857)
SHAPE_REPRESENTATION_RELATIONSHIP()
);
#2819=(
REPRESENTATION_RELATIONSHIP(' ',' ',#5303,#5302)
REPRESENTATION_RELATIONSHIP_WITH_TRANSFORMATION(#3858)
SHAPE_REPRESENTATION_RELATIONSHIP()
);
#2820=(
REPRESENTATION_RELATIONSHIP(' ',' ',#5304,#5302)
REPRESENTATION_RELATIONSHIP_WITH_TRANSFORMATION(#3859)
SHAPE_REPRESENTATION_RELATIONSHIP()
);
#2821=(
REPRESENTATION_RELATIONSHIP(' ',' ',#5309,#5302)
REPRESENTATION_RELATIONSHIP_WITH_TRANSFORMATION(#3860)
SHAPE_REPRESENTATION_RELATIONSHIP()
);
#2822=(
REPRESENTATION_RELATIONSHIP(' ',' ',#5303,#5302)
REPRESENTATION_RELATIONSHIP_WITH_TRANSFORMATION(#3861)
SHAPE_REPRESENTATION_RELATIONSHIP()
);
#2823=(
REPRESENTATION_RELATIONSHIP(' ',' ',#5303,#5302)
REPRESENTATION_RELATIONSHIP_WITH_TRANSFORMATION(#3862)
SHAPE_REPRESENTATION_RELATIONSHIP()
);
#2824=(
REPRESENTATION_RELATIONSHIP(' ',' ',#5303,#5302)
REPRESENTATION_RELATIONSHIP_WITH_TRANSFORMATION(#3863)
SHAPE_REPRESENTATION_RELATIONSHIP()
);
#2825=(
REPRESENTATION_RELATIONSHIP(' ',' ',#5303,#5302)
REPRESENTATION_RELATIONSHIP_WITH_TRANSFORMATION(#3864)
SHAPE_REPRESENTATION_RELATIONSHIP()
);
#2826=(
REPRESENTATION_RELATIONSHIP(' ',' ',#5307,#5302)
REPRESENTATION_RELATIONSHIP_WITH_TRANSFORMATION(#3865)
SHAPE_REPRESENTATION_RELATIONSHIP()
);
#2827=(
REPRESENTATION_RELATIONSHIP(' ',' ',#5303,#5302)
REPRESENTATION_RELATIONSHIP_WITH_TRANSFORMATION(#3866)
SHAPE_REPRESENTATION_RELATIONSHIP()
);
#2828=(
REPRESENTATION_RELATIONSHIP(' ',' ',#5303,#5302)
REPRESENTATION_RELATIONSHIP_WITH_TRANSFORMATION(#3867)
SHAPE_REPRESENTATION_RELATIONSHIP()
);
#2829=(
REPRESENTATION_RELATIONSHIP(' ',' ',#5308,#5302)
REPRESENTATION_RELATIONSHIP_WITH_TRANSFORMATION(#3868)
SHAPE_REPRESENTATION_RELATIONSHIP()
);
#2830=(
REPRESENTATION_RELATIONSHIP(' ',' ',#5303,#5302)
REPRESENTATION_RELATIONSHIP_WITH_TRANSFORMATION(#3869)
SHAPE_REPRESENTATION_RELATIONSHIP()
);
#2831=(
REPRESENTATION_RELATIONSHIP(' ',' ',#5303,#5302)
REPRESENTATION_RELATIONSHIP_WITH_TRANSFORMATION(#3870)
SHAPE_REPRESENTATION_RELATIONSHIP()
);
#2832=(
REPRESENTATION_RELATIONSHIP(' ',' ',#5311,#5302)
REPRESENTATION_RELATIONSHIP_WITH_TRANSFORMATION(#3871)
SHAPE_REPRESENTATION_RELATIONSHIP()
);
#2833=(
REPRESENTATION_RELATIONSHIP(' ',' ',#5303,#5302)
REPRESENTATION_RELATIONSHIP_WITH_TRANSFORMATION(#3872)
SHAPE_REPRESENTATION_RELATIONSHIP()
);
#2834=(
REPRESENTATION_RELATIONSHIP(' ',' ',#5305,#5302)
REPRESENTATION_RELATIONSHIP_WITH_TRANSFORMATION(#3873)
SHAPE_REPRESENTATION_RELATIONSHIP()
);
#2835=(
REPRESENTATION_RELATIONSHIP(' ',' ',#5303,#5302)
REPRESENTATION_RELATIONSHIP_WITH_TRANSFORMATION(#3874)
SHAPE_REPRESENTATION_RELATIONSHIP()
);
#2836=(
REPRESENTATION_RELATIONSHIP(' ',' ',#5303,#5302)
REPRESENTATION_RELATIONSHIP_WITH_TRANSFORMATION(#3875)
SHAPE_REPRESENTATION_RELATIONSHIP()
);
#2837=(
REPRESENTATION_RELATIONSHIP(' ',' ',#5303,#5302)
REPRESENTATION_RELATIONSHIP_WITH_TRANSFORMATION(#3876)
SHAPE_REPRESENTATION_RELATIONSHIP()
);
#2838=(
REPRESENTATION_RELATIONSHIP(' ',' ',#5303,#5302)
REPRESENTATION_RELATIONSHIP_WITH_TRANSFORMATION(#3877)
SHAPE_REPRESENTATION_RELATIONSHIP()
);
#2839=(
REPRESENTATION_RELATIONSHIP(' ',' ',#5303,#5302)
REPRESENTATION_RELATIONSHIP_WITH_TRANSFORMATION(#3878)
SHAPE_REPRESENTATION_RELATIONSHIP()
);
#2840=(
REPRESENTATION_RELATIONSHIP(' ',' ',#5303,#5302)
REPRESENTATION_RELATIONSHIP_WITH_TRANSFORMATION(#3879)
SHAPE_REPRESENTATION_RELATIONSHIP()
);
#2841=(
REPRESENTATION_RELATIONSHIP(' ',' ',#5303,#5302)
REPRESENTATION_RELATIONSHIP_WITH_TRANSFORMATION(#3880)
SHAPE_REPRESENTATION_RELATIONSHIP()
);
#2842=(
REPRESENTATION_RELATIONSHIP(' ',' ',#5303,#5302)
REPRESENTATION_RELATIONSHIP_WITH_TRANSFORMATION(#3881)
SHAPE_REPRESENTATION_RELATIONSHIP()
);
#2843=(
REPRESENTATION_RELATIONSHIP(' ',' ',#5303,#5302)
REPRESENTATION_RELATIONSHIP_WITH_TRANSFORMATION(#3882)
SHAPE_REPRESENTATION_RELATIONSHIP()
);
#2844=(
REPRESENTATION_RELATIONSHIP(' ',' ',#5303,#5302)
REPRESENTATION_RELATIONSHIP_WITH_TRANSFORMATION(#3883)
SHAPE_REPRESENTATION_RELATIONSHIP()
);
#2845=(
REPRESENTATION_RELATIONSHIP(' ',' ',#5305,#5302)
REPRESENTATION_RELATIONSHIP_WITH_TRANSFORMATION(#3884)
SHAPE_REPRESENTATION_RELATIONSHIP()
);
#2846=(
REPRESENTATION_RELATIONSHIP(' ',' ',#5303,#5302)
REPRESENTATION_RELATIONSHIP_WITH_TRANSFORMATION(#3885)
SHAPE_REPRESENTATION_RELATIONSHIP()
);
#2847=(
REPRESENTATION_RELATIONSHIP(' ',' ',#5303,#5302)
REPRESENTATION_RELATIONSHIP_WITH_TRANSFORMATION(#3886)
SHAPE_REPRESENTATION_RELATIONSHIP()
);
#2848=(
REPRESENTATION_RELATIONSHIP(' ',' ',#5303,#5302)
REPRESENTATION_RELATIONSHIP_WITH_TRANSFORMATION(#3887)
SHAPE_REPRESENTATION_RELATIONSHIP()
);
#2849=(
REPRESENTATION_RELATIONSHIP(' ',' ',#5303,#5302)
REPRESENTATION_RELATIONSHIP_WITH_TRANSFORMATION(#3888)
SHAPE_REPRESENTATION_RELATIONSHIP()
);
#2850=(
REPRESENTATION_RELATIONSHIP(' ',' ',#5303,#5302)
REPRESENTATION_RELATIONSHIP_WITH_TRANSFORMATION(#3889)
SHAPE_REPRESENTATION_RELATIONSHIP()
);
#2851=(
REPRESENTATION_RELATIONSHIP(' ',' ',#5309,#5302)
REPRESENTATION_RELATIONSHIP_WITH_TRANSFORMATION(#3890)
SHAPE_REPRESENTATION_RELATIONSHIP()
);
#2852=(
REPRESENTATION_RELATIONSHIP(' ',' ',#5303,#5302)
REPRESENTATION_RELATIONSHIP_WITH_TRANSFORMATION(#3891)
SHAPE_REPRESENTATION_RELATIONSHIP()
);
#2853=(
REPRESENTATION_RELATIONSHIP(' ',' ',#5305,#5302)
REPRESENTATION_RELATIONSHIP_WITH_TRANSFORMATION(#3892)
SHAPE_REPRESENTATION_RELATIONSHIP()
);
#2854=(
REPRESENTATION_RELATIONSHIP(' ',' ',#5303,#5302)
REPRESENTATION_RELATIONSHIP_WITH_TRANSFORMATION(#3893)
SHAPE_REPRESENTATION_RELATIONSHIP()
);
#2855=(
REPRESENTATION_RELATIONSHIP(' ',' ',#5303,#5302)
REPRESENTATION_RELATIONSHIP_WITH_TRANSFORMATION(#3894)
SHAPE_REPRESENTATION_RELATIONSHIP()
);
#2856=(
REPRESENTATION_RELATIONSHIP(' ',' ',#5309,#5302)
REPRESENTATION_RELATIONSHIP_WITH_TRANSFORMATION(#3895)
SHAPE_REPRESENTATION_RELATIONSHIP()
);
#2857=(
REPRESENTATION_RELATIONSHIP(' ',' ',#5303,#5302)
REPRESENTATION_RELATIONSHIP_WITH_TRANSFORMATION(#3896)
SHAPE_REPRESENTATION_RELATIONSHIP()
);
#2858=(
REPRESENTATION_RELATIONSHIP(' ',' ',#5303,#5302)
REPRESENTATION_RELATIONSHIP_WITH_TRANSFORMATION(#3897)
SHAPE_REPRESENTATION_RELATIONSHIP()
);
#2859=(
REPRESENTATION_RELATIONSHIP(' ',' ',#5303,#5302)
REPRESENTATION_RELATIONSHIP_WITH_TRANSFORMATION(#3898)
SHAPE_REPRESENTATION_RELATIONSHIP()
);
#2860=(
REPRESENTATION_RELATIONSHIP(' ',' ',#5303,#5302)
REPRESENTATION_RELATIONSHIP_WITH_TRANSFORMATION(#3899)
SHAPE_REPRESENTATION_RELATIONSHIP()
);
#2861=(
REPRESENTATION_RELATIONSHIP(' ',' ',#5303,#5302)
REPRESENTATION_RELATIONSHIP_WITH_TRANSFORMATION(#3900)
SHAPE_REPRESENTATION_RELATIONSHIP()
);
#2862=(
REPRESENTATION_RELATIONSHIP(' ',' ',#5306,#5302)
REPRESENTATION_RELATIONSHIP_WITH_TRANSFORMATION(#3901)
SHAPE_REPRESENTATION_RELATIONSHIP()
);
#2863=(
REPRESENTATION_RELATIONSHIP(' ',' ',#5304,#5302)
REPRESENTATION_RELATIONSHIP_WITH_TRANSFORMATION(#3902)
SHAPE_REPRESENTATION_RELATIONSHIP()
);
#2864=(
REPRESENTATION_RELATIONSHIP(' ',' ',#5303,#5302)
REPRESENTATION_RELATIONSHIP_WITH_TRANSFORMATION(#3903)
SHAPE_REPRESENTATION_RELATIONSHIP()
);
#2865=(
REPRESENTATION_RELATIONSHIP(' ',' ',#5308,#5302)
REPRESENTATION_RELATIONSHIP_WITH_TRANSFORMATION(#3904)
SHAPE_REPRESENTATION_RELATIONSHIP()
);
#2866=(
REPRESENTATION_RELATIONSHIP(' ',' ',#5303,#5302)
REPRESENTATION_RELATIONSHIP_WITH_TRANSFORMATION(#3905)
SHAPE_REPRESENTATION_RELATIONSHIP()
);
#2867=(
REPRESENTATION_RELATIONSHIP(' ',' ',#5309,#5302)
REPRESENTATION_RELATIONSHIP_WITH_TRANSFORMATION(#3906)
SHAPE_REPRESENTATION_RELATIONSHIP()
);
#2868=(
REPRESENTATION_RELATIONSHIP(' ',' ',#5303,#5302)
REPRESENTATION_RELATIONSHIP_WITH_TRANSFORMATION(#3907)
SHAPE_REPRESENTATION_RELATIONSHIP()
);
#2869=(
REPRESENTATION_RELATIONSHIP(' ',' ',#5303,#5302)
REPRESENTATION_RELATIONSHIP_WITH_TRANSFORMATION(#3908)
SHAPE_REPRESENTATION_RELATIONSHIP()
);
#2870=(
REPRESENTATION_RELATIONSHIP(' ',' ',#5305,#5302)
REPRESENTATION_RELATIONSHIP_WITH_TRANSFORMATION(#3909)
SHAPE_REPRESENTATION_RELATIONSHIP()
);
#2871=(
REPRESENTATION_RELATIONSHIP(' ',' ',#5310,#5302)
REPRESENTATION_RELATIONSHIP_WITH_TRANSFORMATION(#3910)
SHAPE_REPRESENTATION_RELATIONSHIP()
);
#2872=(
REPRESENTATION_RELATIONSHIP(' ',' ',#5303,#5302)
REPRESENTATION_RELATIONSHIP_WITH_TRANSFORMATION(#3911)
SHAPE_REPRESENTATION_RELATIONSHIP()
);
#2873=(
REPRESENTATION_RELATIONSHIP(' ',' ',#5303,#5302)
REPRESENTATION_RELATIONSHIP_WITH_TRANSFORMATION(#3912)
SHAPE_REPRESENTATION_RELATIONSHIP()
);
#2874=(
REPRESENTATION_RELATIONSHIP(' ',' ',#5310,#5302)
REPRESENTATION_RELATIONSHIP_WITH_TRANSFORMATION(#3913)
SHAPE_REPRESENTATION_RELATIONSHIP()
);
#2875=(
REPRESENTATION_RELATIONSHIP(' ',' ',#5303,#5302)
REPRESENTATION_RELATIONSHIP_WITH_TRANSFORMATION(#3914)
SHAPE_REPRESENTATION_RELATIONSHIP()
);
#2876=(
REPRESENTATION_RELATIONSHIP(' ',' ',#5303,#5302)
REPRESENTATION_RELATIONSHIP_WITH_TRANSFORMATION(#3915)
SHAPE_REPRESENTATION_RELATIONSHIP()
);
#2877=(
REPRESENTATION_RELATIONSHIP(' ',' ',#5303,#5302)
REPRESENTATION_RELATIONSHIP_WITH_TRANSFORMATION(#3916)
SHAPE_REPRESENTATION_RELATIONSHIP()
);
#2878=(
REPRESENTATION_RELATIONSHIP(' ',' ',#5303,#5302)
REPRESENTATION_RELATIONSHIP_WITH_TRANSFORMATION(#3917)
SHAPE_REPRESENTATION_RELATIONSHIP()
);
#2879=(
REPRESENTATION_RELATIONSHIP(' ',' ',#5303,#5302)
REPRESENTATION_RELATIONSHIP_WITH_TRANSFORMATION(#3918)
SHAPE_REPRESENTATION_RELATIONSHIP()
);
#2880=(
REPRESENTATION_RELATIONSHIP(' ',' ',#5303,#5302)
REPRESENTATION_RELATIONSHIP_WITH_TRANSFORMATION(#3919)
SHAPE_REPRESENTATION_RELATIONSHIP()
);
#2881=(
REPRESENTATION_RELATIONSHIP(' ',' ',#5303,#5302)
REPRESENTATION_RELATIONSHIP_WITH_TRANSFORMATION(#3920)
SHAPE_REPRESENTATION_RELATIONSHIP()
);
#2882=(
REPRESENTATION_RELATIONSHIP(' ',' ',#5303,#5302)
REPRESENTATION_RELATIONSHIP_WITH_TRANSFORMATION(#3921)
SHAPE_REPRESENTATION_RELATIONSHIP()
);
#2883=(
REPRESENTATION_RELATIONSHIP(' ',' ',#5303,#5302)
REPRESENTATION_RELATIONSHIP_WITH_TRANSFORMATION(#3922)
SHAPE_REPRESENTATION_RELATIONSHIP()
);
#2884=(
REPRESENTATION_RELATIONSHIP(' ',' ',#5303,#5302)
REPRESENTATION_RELATIONSHIP_WITH_TRANSFORMATION(#3923)
SHAPE_REPRESENTATION_RELATIONSHIP()
);
#2885=(
REPRESENTATION_RELATIONSHIP(' ',' ',#5303,#5302)
REPRESENTATION_RELATIONSHIP_WITH_TRANSFORMATION(#3924)
SHAPE_REPRESENTATION_RELATIONSHIP()
);
#2886=(
REPRESENTATION_RELATIONSHIP(' ',' ',#5303,#5302)
REPRESENTATION_RELATIONSHIP_WITH_TRANSFORMATION(#3925)
SHAPE_REPRESENTATION_RELATIONSHIP()
);
#2887=(
REPRESENTATION_RELATIONSHIP(' ',' ',#5303,#5302)
REPRESENTATION_RELATIONSHIP_WITH_TRANSFORMATION(#3926)
SHAPE_REPRESENTATION_RELATIONSHIP()
);
#2888=(
REPRESENTATION_RELATIONSHIP(' ',' ',#5303,#5302)
REPRESENTATION_RELATIONSHIP_WITH_TRANSFORMATION(#3927)
SHAPE_REPRESENTATION_RELATIONSHIP()
);
#2889=(
REPRESENTATION_RELATIONSHIP(' ',' ',#5303,#5302)
REPRESENTATION_RELATIONSHIP_WITH_TRANSFORMATION(#3928)
SHAPE_REPRESENTATION_RELATIONSHIP()
);
#2890=(
REPRESENTATION_RELATIONSHIP(' ',' ',#5303,#5302)
REPRESENTATION_RELATIONSHIP_WITH_TRANSFORMATION(#3929)
SHAPE_REPRESENTATION_RELATIONSHIP()
);
#2891=(
REPRESENTATION_RELATIONSHIP(' ',' ',#5303,#5302)
REPRESENTATION_RELATIONSHIP_WITH_TRANSFORMATION(#3930)
SHAPE_REPRESENTATION_RELATIONSHIP()
);
#2892=(
REPRESENTATION_RELATIONSHIP(' ',' ',#5307,#5302)
REPRESENTATION_RELATIONSHIP_WITH_TRANSFORMATION(#3931)
SHAPE_REPRESENTATION_RELATIONSHIP()
);
#2893=(
REPRESENTATION_RELATIONSHIP(' ',' ',#5303,#5302)
REPRESENTATION_RELATIONSHIP_WITH_TRANSFORMATION(#3932)
SHAPE_REPRESENTATION_RELATIONSHIP()
);
#2894=(
REPRESENTATION_RELATIONSHIP(' ',' ',#5303,#5302)
REPRESENTATION_RELATIONSHIP_WITH_TRANSFORMATION(#3933)
SHAPE_REPRESENTATION_RELATIONSHIP()
);
#2895=(
REPRESENTATION_RELATIONSHIP(' ',' ',#5309,#5302)
REPRESENTATION_RELATIONSHIP_WITH_TRANSFORMATION(#3934)
SHAPE_REPRESENTATION_RELATIONSHIP()
);
#2896=(
REPRESENTATION_RELATIONSHIP(' ',' ',#5303,#5302)
REPRESENTATION_RELATIONSHIP_WITH_TRANSFORMATION(#3935)
SHAPE_REPRESENTATION_RELATIONSHIP()
);
#2897=(
REPRESENTATION_RELATIONSHIP(' ',' ',#5303,#5302)
REPRESENTATION_RELATIONSHIP_WITH_TRANSFORMATION(#3936)
SHAPE_REPRESENTATION_RELATIONSHIP()
);
#2898=(
REPRESENTATION_RELATIONSHIP(' ',' ',#5303,#5302)
REPRESENTATION_RELATIONSHIP_WITH_TRANSFORMATION(#3937)
SHAPE_REPRESENTATION_RELATIONSHIP()
);
#2899=(
REPRESENTATION_RELATIONSHIP(' ',' ',#5303,#5302)
REPRESENTATION_RELATIONSHIP_WITH_TRANSFORMATION(#3938)
SHAPE_REPRESENTATION_RELATIONSHIP()
);
#2900=(
REPRESENTATION_RELATIONSHIP(' ',' ',#5303,#5302)
REPRESENTATION_RELATIONSHIP_WITH_TRANSFORMATION(#3939)
SHAPE_REPRESENTATION_RELATIONSHIP()
);
#2901=(
REPRESENTATION_RELATIONSHIP(' ',' ',#5303,#5302)
REPRESENTATION_RELATIONSHIP_WITH_TRANSFORMATION(#3940)
SHAPE_REPRESENTATION_RELATIONSHIP()
);
#2902=(
REPRESENTATION_RELATIONSHIP(' ',' ',#5303,#5302)
REPRESENTATION_RELATIONSHIP_WITH_TRANSFORMATION(#3941)
SHAPE_REPRESENTATION_RELATIONSHIP()
);
#2903=(
REPRESENTATION_RELATIONSHIP(' ',' ',#5303,#5302)
REPRESENTATION_RELATIONSHIP_WITH_TRANSFORMATION(#3942)
SHAPE_REPRESENTATION_RELATIONSHIP()
);
#2904=(
REPRESENTATION_RELATIONSHIP(' ',' ',#5304,#5302)
REPRESENTATION_RELATIONSHIP_WITH_TRANSFORMATION(#3943)
SHAPE_REPRESENTATION_RELATIONSHIP()
);
#2905=(
REPRESENTATION_RELATIONSHIP(' ',' ',#5303,#5302)
REPRESENTATION_RELATIONSHIP_WITH_TRANSFORMATION(#3944)
SHAPE_REPRESENTATION_RELATIONSHIP()
);
#2906=(
REPRESENTATION_RELATIONSHIP(' ',' ',#5303,#5302)
REPRESENTATION_RELATIONSHIP_WITH_TRANSFORMATION(#3945)
SHAPE_REPRESENTATION_RELATIONSHIP()
);
#2907=(
REPRESENTATION_RELATIONSHIP(' ',' ',#5303,#5302)
REPRESENTATION_RELATIONSHIP_WITH_TRANSFORMATION(#3946)
SHAPE_REPRESENTATION_RELATIONSHIP()
);
#2908=(
REPRESENTATION_RELATIONSHIP(' ',' ',#5303,#5302)
REPRESENTATION_RELATIONSHIP_WITH_TRANSFORMATION(#3947)
SHAPE_REPRESENTATION_RELATIONSHIP()
);
#2909=(
REPRESENTATION_RELATIONSHIP(' ',' ',#5303,#5302)
REPRESENTATION_RELATIONSHIP_WITH_TRANSFORMATION(#3948)
SHAPE_REPRESENTATION_RELATIONSHIP()
);
#2910=(
REPRESENTATION_RELATIONSHIP(' ',' ',#5303,#5302)
REPRESENTATION_RELATIONSHIP_WITH_TRANSFORMATION(#3949)
SHAPE_REPRESENTATION_RELATIONSHIP()
);
#2911=(
REPRESENTATION_RELATIONSHIP(' ',' ',#5303,#5302)
REPRESENTATION_RELATIONSHIP_WITH_TRANSFORMATION(#3950)
SHAPE_REPRESENTATION_RELATIONSHIP()
);
#2912=(
REPRESENTATION_RELATIONSHIP(' ',' ',#5303,#5302)
REPRESENTATION_RELATIONSHIP_WITH_TRANSFORMATION(#3951)
SHAPE_REPRESENTATION_RELATIONSHIP()
);
#2913=(
REPRESENTATION_RELATIONSHIP(' ',' ',#5303,#5302)
REPRESENTATION_RELATIONSHIP_WITH_TRANSFORMATION(#3952)
SHAPE_REPRESENTATION_RELATIONSHIP()
);
#2914=(
REPRESENTATION_RELATIONSHIP(' ',' ',#5303,#5302)
REPRESENTATION_RELATIONSHIP_WITH_TRANSFORMATION(#3953)
SHAPE_REPRESENTATION_RELATIONSHIP()
);
#2915=(
REPRESENTATION_RELATIONSHIP(' ',' ',#5305,#5302)
REPRESENTATION_RELATIONSHIP_WITH_TRANSFORMATION(#3954)
SHAPE_REPRESENTATION_RELATIONSHIP()
);
#2916=(
REPRESENTATION_RELATIONSHIP(' ',' ',#5308,#5302)
REPRESENTATION_RELATIONSHIP_WITH_TRANSFORMATION(#3955)
SHAPE_REPRESENTATION_RELATIONSHIP()
);
#2917=(
REPRESENTATION_RELATIONSHIP(' ',' ',#5303,#5302)
REPRESENTATION_RELATIONSHIP_WITH_TRANSFORMATION(#3956)
SHAPE_REPRESENTATION_RELATIONSHIP()
);
#2918=(
REPRESENTATION_RELATIONSHIP(' ',' ',#5303,#5302)
REPRESENTATION_RELATIONSHIP_WITH_TRANSFORMATION(#3957)
SHAPE_REPRESENTATION_RELATIONSHIP()
);
#2919=(
REPRESENTATION_RELATIONSHIP(' ',' ',#5303,#5302)
REPRESENTATION_RELATIONSHIP_WITH_TRANSFORMATION(#3958)
SHAPE_REPRESENTATION_RELATIONSHIP()
);
#2920=(
REPRESENTATION_RELATIONSHIP(' ',' ',#5303,#5302)
REPRESENTATION_RELATIONSHIP_WITH_TRANSFORMATION(#3959)
SHAPE_REPRESENTATION_RELATIONSHIP()
);
#2921=(
REPRESENTATION_RELATIONSHIP(' ',' ',#5303,#5302)
REPRESENTATION_RELATIONSHIP_WITH_TRANSFORMATION(#3960)
SHAPE_REPRESENTATION_RELATIONSHIP()
);
#2922=(
REPRESENTATION_RELATIONSHIP(' ',' ',#5303,#5302)
REPRESENTATION_RELATIONSHIP_WITH_TRANSFORMATION(#3961)
SHAPE_REPRESENTATION_RELATIONSHIP()
);
#2923=(
REPRESENTATION_RELATIONSHIP(' ',' ',#5303,#5302)
REPRESENTATION_RELATIONSHIP_WITH_TRANSFORMATION(#3962)
SHAPE_REPRESENTATION_RELATIONSHIP()
);
#2924=(
REPRESENTATION_RELATIONSHIP(' ',' ',#5303,#5302)
REPRESENTATION_RELATIONSHIP_WITH_TRANSFORMATION(#3963)
SHAPE_REPRESENTATION_RELATIONSHIP()
);
#2925=(
REPRESENTATION_RELATIONSHIP(' ',' ',#5303,#5302)
REPRESENTATION_RELATIONSHIP_WITH_TRANSFORMATION(#3964)
SHAPE_REPRESENTATION_RELATIONSHIP()
);
#2926=(
REPRESENTATION_RELATIONSHIP(' ',' ',#5303,#5302)
REPRESENTATION_RELATIONSHIP_WITH_TRANSFORMATION(#3965)
SHAPE_REPRESENTATION_RELATIONSHIP()
);
#2927=(
REPRESENTATION_RELATIONSHIP(' ',' ',#5303,#5302)
REPRESENTATION_RELATIONSHIP_WITH_TRANSFORMATION(#3966)
SHAPE_REPRESENTATION_RELATIONSHIP()
);
#2928=(
REPRESENTATION_RELATIONSHIP(' ',' ',#5303,#5302)
REPRESENTATION_RELATIONSHIP_WITH_TRANSFORMATION(#3967)
SHAPE_REPRESENTATION_RELATIONSHIP()
);
#2929=(
REPRESENTATION_RELATIONSHIP(' ',' ',#5303,#5302)
REPRESENTATION_RELATIONSHIP_WITH_TRANSFORMATION(#3968)
SHAPE_REPRESENTATION_RELATIONSHIP()
);
#2930=(
REPRESENTATION_RELATIONSHIP(' ',' ',#5303,#5302)
REPRESENTATION_RELATIONSHIP_WITH_TRANSFORMATION(#3969)
SHAPE_REPRESENTATION_RELATIONSHIP()
);
#2931=(
REPRESENTATION_RELATIONSHIP(' ',' ',#5303,#5302)
REPRESENTATION_RELATIONSHIP_WITH_TRANSFORMATION(#3970)
SHAPE_REPRESENTATION_RELATIONSHIP()
);
#2932=(
REPRESENTATION_RELATIONSHIP(' ',' ',#5303,#5302)
REPRESENTATION_RELATIONSHIP_WITH_TRANSFORMATION(#3971)
SHAPE_REPRESENTATION_RELATIONSHIP()
);
#2933=(
REPRESENTATION_RELATIONSHIP(' ',' ',#5310,#5302)
REPRESENTATION_RELATIONSHIP_WITH_TRANSFORMATION(#3972)
SHAPE_REPRESENTATION_RELATIONSHIP()
);
#2934=(
REPRESENTATION_RELATIONSHIP(' ',' ',#5303,#5302)
REPRESENTATION_RELATIONSHIP_WITH_TRANSFORMATION(#3973)
SHAPE_REPRESENTATION_RELATIONSHIP()
);
#2935=(
REPRESENTATION_RELATIONSHIP(' ',' ',#5303,#5302)
REPRESENTATION_RELATIONSHIP_WITH_TRANSFORMATION(#3974)
SHAPE_REPRESENTATION_RELATIONSHIP()
);
#2936=(
REPRESENTATION_RELATIONSHIP(' ',' ',#5303,#5302)
REPRESENTATION_RELATIONSHIP_WITH_TRANSFORMATION(#3975)
SHAPE_REPRESENTATION_RELATIONSHIP()
);
#2937=(
REPRESENTATION_RELATIONSHIP(' ',' ',#5303,#5302)
REPRESENTATION_RELATIONSHIP_WITH_TRANSFORMATION(#3976)
SHAPE_REPRESENTATION_RELATIONSHIP()
);
#2938=(
REPRESENTATION_RELATIONSHIP(' ',' ',#5303,#5302)
REPRESENTATION_RELATIONSHIP_WITH_TRANSFORMATION(#3977)
SHAPE_REPRESENTATION_RELATIONSHIP()
);
#2939=(
REPRESENTATION_RELATIONSHIP(' ',' ',#5304,#5302)
REPRESENTATION_RELATIONSHIP_WITH_TRANSFORMATION(#3978)
SHAPE_REPRESENTATION_RELATIONSHIP()
);
#2940=(
REPRESENTATION_RELATIONSHIP(' ',' ',#5303,#5302)
REPRESENTATION_RELATIONSHIP_WITH_TRANSFORMATION(#3979)
SHAPE_REPRESENTATION_RELATIONSHIP()
);
#2941=(
REPRESENTATION_RELATIONSHIP(' ',' ',#5303,#5302)
REPRESENTATION_RELATIONSHIP_WITH_TRANSFORMATION(#3980)
SHAPE_REPRESENTATION_RELATIONSHIP()
);
#2942=(
REPRESENTATION_RELATIONSHIP(' ',' ',#5303,#5302)
REPRESENTATION_RELATIONSHIP_WITH_TRANSFORMATION(#3981)
SHAPE_REPRESENTATION_RELATIONSHIP()
);
#2943=(
REPRESENTATION_RELATIONSHIP(' ',' ',#5306,#5302)
REPRESENTATION_RELATIONSHIP_WITH_TRANSFORMATION(#3982)
SHAPE_REPRESENTATION_RELATIONSHIP()
);
#2944=(
REPRESENTATION_RELATIONSHIP(' ',' ',#5303,#5302)
REPRESENTATION_RELATIONSHIP_WITH_TRANSFORMATION(#3983)
SHAPE_REPRESENTATION_RELATIONSHIP()
);
#2945=(
REPRESENTATION_RELATIONSHIP(' ',' ',#5303,#5302)
REPRESENTATION_RELATIONSHIP_WITH_TRANSFORMATION(#3984)
SHAPE_REPRESENTATION_RELATIONSHIP()
);
#2946=(
REPRESENTATION_RELATIONSHIP(' ',' ',#5303,#5302)
REPRESENTATION_RELATIONSHIP_WITH_TRANSFORMATION(#3985)
SHAPE_REPRESENTATION_RELATIONSHIP()
);
#2947=(
REPRESENTATION_RELATIONSHIP(' ',' ',#5303,#5302)
REPRESENTATION_RELATIONSHIP_WITH_TRANSFORMATION(#3986)
SHAPE_REPRESENTATION_RELATIONSHIP()
);
#2948=(
REPRESENTATION_RELATIONSHIP(' ',' ',#5305,#5302)
REPRESENTATION_RELATIONSHIP_WITH_TRANSFORMATION(#3987)
SHAPE_REPRESENTATION_RELATIONSHIP()
);
#2949=(
REPRESENTATION_RELATIONSHIP(' ',' ',#5309,#5302)
REPRESENTATION_RELATIONSHIP_WITH_TRANSFORMATION(#3988)
SHAPE_REPRESENTATION_RELATIONSHIP()
);
#2950=(
REPRESENTATION_RELATIONSHIP(' ',' ',#5303,#5302)
REPRESENTATION_RELATIONSHIP_WITH_TRANSFORMATION(#3989)
SHAPE_REPRESENTATION_RELATIONSHIP()
);
#2951=(
REPRESENTATION_RELATIONSHIP(' ',' ',#5303,#5302)
REPRESENTATION_RELATIONSHIP_WITH_TRANSFORMATION(#3990)
SHAPE_REPRESENTATION_RELATIONSHIP()
);
#2952=(
REPRESENTATION_RELATIONSHIP(' ',' ',#5303,#5302)
REPRESENTATION_RELATIONSHIP_WITH_TRANSFORMATION(#3991)
SHAPE_REPRESENTATION_RELATIONSHIP()
);
#2953=(
REPRESENTATION_RELATIONSHIP(' ',' ',#5303,#5302)
REPRESENTATION_RELATIONSHIP_WITH_TRANSFORMATION(#3992)
SHAPE_REPRESENTATION_RELATIONSHIP()
);
#2954=(
REPRESENTATION_RELATIONSHIP(' ',' ',#5303,#5302)
REPRESENTATION_RELATIONSHIP_WITH_TRANSFORMATION(#3993)
SHAPE_REPRESENTATION_RELATIONSHIP()
);
#2955=(
REPRESENTATION_RELATIONSHIP(' ',' ',#5303,#5302)
REPRESENTATION_RELATIONSHIP_WITH_TRANSFORMATION(#3994)
SHAPE_REPRESENTATION_RELATIONSHIP()
);
#2956=(
REPRESENTATION_RELATIONSHIP(' ',' ',#5303,#5302)
REPRESENTATION_RELATIONSHIP_WITH_TRANSFORMATION(#3995)
SHAPE_REPRESENTATION_RELATIONSHIP()
);
#2957=(
REPRESENTATION_RELATIONSHIP(' ',' ',#5307,#5302)
REPRESENTATION_RELATIONSHIP_WITH_TRANSFORMATION(#3996)
SHAPE_REPRESENTATION_RELATIONSHIP()
);
#2958=(
REPRESENTATION_RELATIONSHIP(' ',' ',#5305,#5302)
REPRESENTATION_RELATIONSHIP_WITH_TRANSFORMATION(#3997)
SHAPE_REPRESENTATION_RELATIONSHIP()
);
#2959=(
REPRESENTATION_RELATIONSHIP(' ',' ',#5308,#5302)
REPRESENTATION_RELATIONSHIP_WITH_TRANSFORMATION(#3998)
SHAPE_REPRESENTATION_RELATIONSHIP()
);
#2960=(
REPRESENTATION_RELATIONSHIP(' ',' ',#5303,#5302)
REPRESENTATION_RELATIONSHIP_WITH_TRANSFORMATION(#3999)
SHAPE_REPRESENTATION_RELATIONSHIP()
);
#2961=(
REPRESENTATION_RELATIONSHIP(' ',' ',#5309,#5302)
REPRESENTATION_RELATIONSHIP_WITH_TRANSFORMATION(#4000)
SHAPE_REPRESENTATION_RELATIONSHIP()
);
#2962=(
REPRESENTATION_RELATIONSHIP(' ',' ',#5303,#5302)
REPRESENTATION_RELATIONSHIP_WITH_TRANSFORMATION(#4001)
SHAPE_REPRESENTATION_RELATIONSHIP()
);
#2963=(
REPRESENTATION_RELATIONSHIP(' ',' ',#5303,#5302)
REPRESENTATION_RELATIONSHIP_WITH_TRANSFORMATION(#4002)
SHAPE_REPRESENTATION_RELATIONSHIP()
);
#2964=(
REPRESENTATION_RELATIONSHIP(' ',' ',#5303,#5302)
REPRESENTATION_RELATIONSHIP_WITH_TRANSFORMATION(#4003)
SHAPE_REPRESENTATION_RELATIONSHIP()
);
#2965=(
REPRESENTATION_RELATIONSHIP(' ',' ',#5303,#5302)
REPRESENTATION_RELATIONSHIP_WITH_TRANSFORMATION(#4004)
SHAPE_REPRESENTATION_RELATIONSHIP()
);
#2966=(
REPRESENTATION_RELATIONSHIP(' ',' ',#5303,#5302)
REPRESENTATION_RELATIONSHIP_WITH_TRANSFORMATION(#4005)
SHAPE_REPRESENTATION_RELATIONSHIP()
);
#2967=(
REPRESENTATION_RELATIONSHIP(' ',' ',#5303,#5302)
REPRESENTATION_RELATIONSHIP_WITH_TRANSFORMATION(#4006)
SHAPE_REPRESENTATION_RELATIONSHIP()
);
#2968=(
REPRESENTATION_RELATIONSHIP(' ',' ',#5303,#5302)
REPRESENTATION_RELATIONSHIP_WITH_TRANSFORMATION(#4007)
SHAPE_REPRESENTATION_RELATIONSHIP()
);
#2969=(
REPRESENTATION_RELATIONSHIP(' ',' ',#5303,#5302)
REPRESENTATION_RELATIONSHIP_WITH_TRANSFORMATION(#4008)
SHAPE_REPRESENTATION_RELATIONSHIP()
);
#2970=(
REPRESENTATION_RELATIONSHIP(' ',' ',#5303,#5302)
REPRESENTATION_RELATIONSHIP_WITH_TRANSFORMATION(#4009)
SHAPE_REPRESENTATION_RELATIONSHIP()
);
#2971=(
REPRESENTATION_RELATIONSHIP(' ',' ',#5303,#5302)
REPRESENTATION_RELATIONSHIP_WITH_TRANSFORMATION(#4010)
SHAPE_REPRESENTATION_RELATIONSHIP()
);
#2972=(
REPRESENTATION_RELATIONSHIP(' ',' ',#5303,#5302)
REPRESENTATION_RELATIONSHIP_WITH_TRANSFORMATION(#4011)
SHAPE_REPRESENTATION_RELATIONSHIP()
);
#2973=(
REPRESENTATION_RELATIONSHIP(' ',' ',#5303,#5302)
REPRESENTATION_RELATIONSHIP_WITH_TRANSFORMATION(#4012)
SHAPE_REPRESENTATION_RELATIONSHIP()
);
#2974=(
REPRESENTATION_RELATIONSHIP(' ',' ',#5303,#5302)
REPRESENTATION_RELATIONSHIP_WITH_TRANSFORMATION(#4013)
SHAPE_REPRESENTATION_RELATIONSHIP()
);
#2975=(
REPRESENTATION_RELATIONSHIP(' ',' ',#5303,#5302)
REPRESENTATION_RELATIONSHIP_WITH_TRANSFORMATION(#4014)
SHAPE_REPRESENTATION_RELATIONSHIP()
);
#2976=(
REPRESENTATION_RELATIONSHIP(' ',' ',#5310,#5302)
REPRESENTATION_RELATIONSHIP_WITH_TRANSFORMATION(#4015)
SHAPE_REPRESENTATION_RELATIONSHIP()
);
#2977=(
REPRESENTATION_RELATIONSHIP(' ',' ',#5303,#5302)
REPRESENTATION_RELATIONSHIP_WITH_TRANSFORMATION(#4016)
SHAPE_REPRESENTATION_RELATIONSHIP()
);
#2978=(
REPRESENTATION_RELATIONSHIP(' ',' ',#5303,#5302)
REPRESENTATION_RELATIONSHIP_WITH_TRANSFORMATION(#4017)
SHAPE_REPRESENTATION_RELATIONSHIP()
);
#2979=(
REPRESENTATION_RELATIONSHIP(' ',' ',#5303,#5302)
REPRESENTATION_RELATIONSHIP_WITH_TRANSFORMATION(#4018)
SHAPE_REPRESENTATION_RELATIONSHIP()
);
#2980=(
REPRESENTATION_RELATIONSHIP(' ',' ',#5309,#5302)
REPRESENTATION_RELATIONSHIP_WITH_TRANSFORMATION(#4019)
SHAPE_REPRESENTATION_RELATIONSHIP()
);
#2981=(
REPRESENTATION_RELATIONSHIP(' ',' ',#5304,#5302)
REPRESENTATION_RELATIONSHIP_WITH_TRANSFORMATION(#4020)
SHAPE_REPRESENTATION_RELATIONSHIP()
);
#2982=(
REPRESENTATION_RELATIONSHIP(' ',' ',#5303,#5302)
REPRESENTATION_RELATIONSHIP_WITH_TRANSFORMATION(#4021)
SHAPE_REPRESENTATION_RELATIONSHIP()
);
#2983=(
REPRESENTATION_RELATIONSHIP(' ',' ',#5303,#5302)
REPRESENTATION_RELATIONSHIP_WITH_TRANSFORMATION(#4022)
SHAPE_REPRESENTATION_RELATIONSHIP()
);
#2984=(
REPRESENTATION_RELATIONSHIP(' ',' ',#5303,#5302)
REPRESENTATION_RELATIONSHIP_WITH_TRANSFORMATION(#4023)
SHAPE_REPRESENTATION_RELATIONSHIP()
);
#2985=(
REPRESENTATION_RELATIONSHIP(' ',' ',#5309,#5302)
REPRESENTATION_RELATIONSHIP_WITH_TRANSFORMATION(#4024)
SHAPE_REPRESENTATION_RELATIONSHIP()
);
#2986=(
REPRESENTATION_RELATIONSHIP(' ',' ',#5303,#5302)
REPRESENTATION_RELATIONSHIP_WITH_TRANSFORMATION(#4025)
SHAPE_REPRESENTATION_RELATIONSHIP()
);
#2987=(
REPRESENTATION_RELATIONSHIP(' ',' ',#5303,#5302)
REPRESENTATION_RELATIONSHIP_WITH_TRANSFORMATION(#4026)
SHAPE_REPRESENTATION_RELATIONSHIP()
);
#2988=(
REPRESENTATION_RELATIONSHIP(' ',' ',#5303,#5302)
REPRESENTATION_RELATIONSHIP_WITH_TRANSFORMATION(#4027)
SHAPE_REPRESENTATION_RELATIONSHIP()
);
#2989=(
REPRESENTATION_RELATIONSHIP(' ',' ',#5303,#5302)
REPRESENTATION_RELATIONSHIP_WITH_TRANSFORMATION(#4028)
SHAPE_REPRESENTATION_RELATIONSHIP()
);
#2990=(
REPRESENTATION_RELATIONSHIP(' ',' ',#5303,#5302)
REPRESENTATION_RELATIONSHIP_WITH_TRANSFORMATION(#4029)
SHAPE_REPRESENTATION_RELATIONSHIP()
);
#2991=(
REPRESENTATION_RELATIONSHIP(' ',' ',#5303,#5302)
REPRESENTATION_RELATIONSHIP_WITH_TRANSFORMATION(#4030)
SHAPE_REPRESENTATION_RELATIONSHIP()
);
#2992=(
REPRESENTATION_RELATIONSHIP(' ',' ',#5303,#5302)
REPRESENTATION_RELATIONSHIP_WITH_TRANSFORMATION(#4031)
SHAPE_REPRESENTATION_RELATIONSHIP()
);
#2993=(
REPRESENTATION_RELATIONSHIP(' ',' ',#5307,#5302)
REPRESENTATION_RELATIONSHIP_WITH_TRANSFORMATION(#4032)
SHAPE_REPRESENTATION_RELATIONSHIP()
);
#2994=(
REPRESENTATION_RELATIONSHIP(' ',' ',#5303,#5302)
REPRESENTATION_RELATIONSHIP_WITH_TRANSFORMATION(#4033)
SHAPE_REPRESENTATION_RELATIONSHIP()
);
#2995=(
REPRESENTATION_RELATIONSHIP(' ',' ',#5309,#5302)
REPRESENTATION_RELATIONSHIP_WITH_TRANSFORMATION(#4034)
SHAPE_REPRESENTATION_RELATIONSHIP()
);
#2996=(
REPRESENTATION_RELATIONSHIP(' ',' ',#5303,#5302)
REPRESENTATION_RELATIONSHIP_WITH_TRANSFORMATION(#4035)
SHAPE_REPRESENTATION_RELATIONSHIP()
);
#2997=(
REPRESENTATION_RELATIONSHIP(' ',' ',#5303,#5302)
REPRESENTATION_RELATIONSHIP_WITH_TRANSFORMATION(#4036)
SHAPE_REPRESENTATION_RELATIONSHIP()
);
#2998=(
REPRESENTATION_RELATIONSHIP(' ',' ',#5305,#5302)
REPRESENTATION_RELATIONSHIP_WITH_TRANSFORMATION(#4037)
SHAPE_REPRESENTATION_RELATIONSHIP()
);
#2999=(
REPRESENTATION_RELATIONSHIP(' ',' ',#5303,#5302)
REPRESENTATION_RELATIONSHIP_WITH_TRANSFORMATION(#4038)
SHAPE_REPRESENTATION_RELATIONSHIP()
);
#3000=(
REPRESENTATION_RELATIONSHIP(' ',' ',#5303,#5302)
REPRESENTATION_RELATIONSHIP_WITH_TRANSFORMATION(#4039)
SHAPE_REPRESENTATION_RELATIONSHIP()
);
#3001=(
REPRESENTATION_RELATIONSHIP(' ',' ',#5303,#5302)
REPRESENTATION_RELATIONSHIP_WITH_TRANSFORMATION(#4040)
SHAPE_REPRESENTATION_RELATIONSHIP()
);
#3002=(
REPRESENTATION_RELATIONSHIP(' ',' ',#5303,#5302)
REPRESENTATION_RELATIONSHIP_WITH_TRANSFORMATION(#4041)
SHAPE_REPRESENTATION_RELATIONSHIP()
);
#3003=(
REPRESENTATION_RELATIONSHIP(' ',' ',#5303,#5302)
REPRESENTATION_RELATIONSHIP_WITH_TRANSFORMATION(#4042)
SHAPE_REPRESENTATION_RELATIONSHIP()
);
#3004=(
REPRESENTATION_RELATIONSHIP(' ',' ',#5303,#5302)
REPRESENTATION_RELATIONSHIP_WITH_TRANSFORMATION(#4043)
SHAPE_REPRESENTATION_RELATIONSHIP()
);
#3005=(
REPRESENTATION_RELATIONSHIP(' ',' ',#5303,#5302)
REPRESENTATION_RELATIONSHIP_WITH_TRANSFORMATION(#4044)
SHAPE_REPRESENTATION_RELATIONSHIP()
);
#3006=(
REPRESENTATION_RELATIONSHIP(' ',' ',#5303,#5302)
REPRESENTATION_RELATIONSHIP_WITH_TRANSFORMATION(#4045)
SHAPE_REPRESENTATION_RELATIONSHIP()
);
#3007=(
REPRESENTATION_RELATIONSHIP(' ',' ',#5303,#5302)
REPRESENTATION_RELATIONSHIP_WITH_TRANSFORMATION(#4046)
SHAPE_REPRESENTATION_RELATIONSHIP()
);
#3008=(
REPRESENTATION_RELATIONSHIP(' ',' ',#5303,#5302)
REPRESENTATION_RELATIONSHIP_WITH_TRANSFORMATION(#4047)
SHAPE_REPRESENTATION_RELATIONSHIP()
);
#3009=(
REPRESENTATION_RELATIONSHIP(' ',' ',#5303,#5302)
REPRESENTATION_RELATIONSHIP_WITH_TRANSFORMATION(#4048)
SHAPE_REPRESENTATION_RELATIONSHIP()
);
#3010=(
REPRESENTATION_RELATIONSHIP(' ',' ',#5303,#5302)
REPRESENTATION_RELATIONSHIP_WITH_TRANSFORMATION(#4049)
SHAPE_REPRESENTATION_RELATIONSHIP()
);
#3011=(
REPRESENTATION_RELATIONSHIP(' ',' ',#5303,#5302)
REPRESENTATION_RELATIONSHIP_WITH_TRANSFORMATION(#4050)
SHAPE_REPRESENTATION_RELATIONSHIP()
);
#3012=(
REPRESENTATION_RELATIONSHIP(' ',' ',#5303,#5302)
REPRESENTATION_RELATIONSHIP_WITH_TRANSFORMATION(#4051)
SHAPE_REPRESENTATION_RELATIONSHIP()
);
#3013=(
REPRESENTATION_RELATIONSHIP(' ',' ',#5303,#5302)
REPRESENTATION_RELATIONSHIP_WITH_TRANSFORMATION(#4052)
SHAPE_REPRESENTATION_RELATIONSHIP()
);
#3014=(
REPRESENTATION_RELATIONSHIP(' ',' ',#5303,#5302)
REPRESENTATION_RELATIONSHIP_WITH_TRANSFORMATION(#4053)
SHAPE_REPRESENTATION_RELATIONSHIP()
);
#3015=(
REPRESENTATION_RELATIONSHIP(' ',' ',#5303,#5302)
REPRESENTATION_RELATIONSHIP_WITH_TRANSFORMATION(#4054)
SHAPE_REPRESENTATION_RELATIONSHIP()
);
#3016=(
REPRESENTATION_RELATIONSHIP(' ',' ',#5303,#5302)
REPRESENTATION_RELATIONSHIP_WITH_TRANSFORMATION(#4055)
SHAPE_REPRESENTATION_RELATIONSHIP()
);
#3017=(
REPRESENTATION_RELATIONSHIP(' ',' ',#5303,#5302)
REPRESENTATION_RELATIONSHIP_WITH_TRANSFORMATION(#4056)
SHAPE_REPRESENTATION_RELATIONSHIP()
);
#3018=(
REPRESENTATION_RELATIONSHIP(' ',' ',#5303,#5302)
REPRESENTATION_RELATIONSHIP_WITH_TRANSFORMATION(#4057)
SHAPE_REPRESENTATION_RELATIONSHIP()
);
#3019=(
REPRESENTATION_RELATIONSHIP(' ',' ',#5303,#5302)
REPRESENTATION_RELATIONSHIP_WITH_TRANSFORMATION(#4058)
SHAPE_REPRESENTATION_RELATIONSHIP()
);
#3020=(
REPRESENTATION_RELATIONSHIP(' ',' ',#5303,#5302)
REPRESENTATION_RELATIONSHIP_WITH_TRANSFORMATION(#4059)
SHAPE_REPRESENTATION_RELATIONSHIP()
);
#3021=(
REPRESENTATION_RELATIONSHIP(' ',' ',#5303,#5302)
REPRESENTATION_RELATIONSHIP_WITH_TRANSFORMATION(#4060)
SHAPE_REPRESENTATION_RELATIONSHIP()
);
#3022=(
REPRESENTATION_RELATIONSHIP(' ',' ',#5306,#5302)
REPRESENTATION_RELATIONSHIP_WITH_TRANSFORMATION(#4061)
SHAPE_REPRESENTATION_RELATIONSHIP()
);
#3023=(
REPRESENTATION_RELATIONSHIP(' ',' ',#5303,#5302)
REPRESENTATION_RELATIONSHIP_WITH_TRANSFORMATION(#4062)
SHAPE_REPRESENTATION_RELATIONSHIP()
);
#3024=(
REPRESENTATION_RELATIONSHIP(' ',' ',#5303,#5302)
REPRESENTATION_RELATIONSHIP_WITH_TRANSFORMATION(#4063)
SHAPE_REPRESENTATION_RELATIONSHIP()
);
#3025=(
REPRESENTATION_RELATIONSHIP(' ',' ',#5303,#5302)
REPRESENTATION_RELATIONSHIP_WITH_TRANSFORMATION(#4064)
SHAPE_REPRESENTATION_RELATIONSHIP()
);
#3026=(
REPRESENTATION_RELATIONSHIP(' ',' ',#5306,#5302)
REPRESENTATION_RELATIONSHIP_WITH_TRANSFORMATION(#4065)
SHAPE_REPRESENTATION_RELATIONSHIP()
);
#3027=(
REPRESENTATION_RELATIONSHIP(' ',' ',#5303,#5302)
REPRESENTATION_RELATIONSHIP_WITH_TRANSFORMATION(#4066)
SHAPE_REPRESENTATION_RELATIONSHIP()
);
#3028=(
REPRESENTATION_RELATIONSHIP(' ',' ',#5303,#5302)
REPRESENTATION_RELATIONSHIP_WITH_TRANSFORMATION(#4067)
SHAPE_REPRESENTATION_RELATIONSHIP()
);
#3029=(
REPRESENTATION_RELATIONSHIP(' ',' ',#5303,#5302)
REPRESENTATION_RELATIONSHIP_WITH_TRANSFORMATION(#4068)
SHAPE_REPRESENTATION_RELATIONSHIP()
);
#3030=(
REPRESENTATION_RELATIONSHIP(' ',' ',#5303,#5302)
REPRESENTATION_RELATIONSHIP_WITH_TRANSFORMATION(#4069)
SHAPE_REPRESENTATION_RELATIONSHIP()
);
#3031=(
REPRESENTATION_RELATIONSHIP(' ',' ',#5303,#5302)
REPRESENTATION_RELATIONSHIP_WITH_TRANSFORMATION(#4070)
SHAPE_REPRESENTATION_RELATIONSHIP()
);
#3032=(
REPRESENTATION_RELATIONSHIP(' ',' ',#5303,#5302)
REPRESENTATION_RELATIONSHIP_WITH_TRANSFORMATION(#4071)
SHAPE_REPRESENTATION_RELATIONSHIP()
);
#3033=(
REPRESENTATION_RELATIONSHIP(' ',' ',#5303,#5302)
REPRESENTATION_RELATIONSHIP_WITH_TRANSFORMATION(#4072)
SHAPE_REPRESENTATION_RELATIONSHIP()
);
#3034=(
REPRESENTATION_RELATIONSHIP(' ',' ',#5303,#5302)
REPRESENTATION_RELATIONSHIP_WITH_TRANSFORMATION(#4073)
SHAPE_REPRESENTATION_RELATIONSHIP()
);
#3035=(
REPRESENTATION_RELATIONSHIP(' ',' ',#5303,#5302)
REPRESENTATION_RELATIONSHIP_WITH_TRANSFORMATION(#4074)
SHAPE_REPRESENTATION_RELATIONSHIP()
);
#3036=(
REPRESENTATION_RELATIONSHIP(' ',' ',#5311,#5302)
REPRESENTATION_RELATIONSHIP_WITH_TRANSFORMATION(#4075)
SHAPE_REPRESENTATION_RELATIONSHIP()
);
#3037=(
REPRESENTATION_RELATIONSHIP(' ',' ',#5303,#5302)
REPRESENTATION_RELATIONSHIP_WITH_TRANSFORMATION(#4076)
SHAPE_REPRESENTATION_RELATIONSHIP()
);
#3038=(
REPRESENTATION_RELATIONSHIP(' ',' ',#5303,#5302)
REPRESENTATION_RELATIONSHIP_WITH_TRANSFORMATION(#4077)
SHAPE_REPRESENTATION_RELATIONSHIP()
);
#3039=(
REPRESENTATION_RELATIONSHIP(' ',' ',#5303,#5302)
REPRESENTATION_RELATIONSHIP_WITH_TRANSFORMATION(#4078)
SHAPE_REPRESENTATION_RELATIONSHIP()
);
#3040=(
REPRESENTATION_RELATIONSHIP(' ',' ',#5303,#5302)
REPRESENTATION_RELATIONSHIP_WITH_TRANSFORMATION(#4079)
SHAPE_REPRESENTATION_RELATIONSHIP()
);
#3041=(
REPRESENTATION_RELATIONSHIP(' ',' ',#5303,#5302)
REPRESENTATION_RELATIONSHIP_WITH_TRANSFORMATION(#4080)
SHAPE_REPRESENTATION_RELATIONSHIP()
);
#3042=(
REPRESENTATION_RELATIONSHIP(' ',' ',#5310,#5302)
REPRESENTATION_RELATIONSHIP_WITH_TRANSFORMATION(#4081)
SHAPE_REPRESENTATION_RELATIONSHIP()
);
#3043=(
REPRESENTATION_RELATIONSHIP(' ',' ',#5303,#5302)
REPRESENTATION_RELATIONSHIP_WITH_TRANSFORMATION(#4082)
SHAPE_REPRESENTATION_RELATIONSHIP()
);
#3044=(
REPRESENTATION_RELATIONSHIP(' ',' ',#5303,#5302)
REPRESENTATION_RELATIONSHIP_WITH_TRANSFORMATION(#4083)
SHAPE_REPRESENTATION_RELATIONSHIP()
);
#3045=(
REPRESENTATION_RELATIONSHIP(' ',' ',#5303,#5302)
REPRESENTATION_RELATIONSHIP_WITH_TRANSFORMATION(#4084)
SHAPE_REPRESENTATION_RELATIONSHIP()
);
#3046=(
REPRESENTATION_RELATIONSHIP(' ',' ',#5303,#5302)
REPRESENTATION_RELATIONSHIP_WITH_TRANSFORMATION(#4085)
SHAPE_REPRESENTATION_RELATIONSHIP()
);
#3047=(
REPRESENTATION_RELATIONSHIP(' ',' ',#5303,#5302)
REPRESENTATION_RELATIONSHIP_WITH_TRANSFORMATION(#4086)
SHAPE_REPRESENTATION_RELATIONSHIP()
);
#3048=(
REPRESENTATION_RELATIONSHIP(' ',' ',#5303,#5302)
REPRESENTATION_RELATIONSHIP_WITH_TRANSFORMATION(#4087)
SHAPE_REPRESENTATION_RELATIONSHIP()
);
#3049=(
REPRESENTATION_RELATIONSHIP(' ',' ',#5303,#5302)
REPRESENTATION_RELATIONSHIP_WITH_TRANSFORMATION(#4088)
SHAPE_REPRESENTATION_RELATIONSHIP()
);
#3050=(
REPRESENTATION_RELATIONSHIP(' ',' ',#5303,#5302)
REPRESENTATION_RELATIONSHIP_WITH_TRANSFORMATION(#4089)
SHAPE_REPRESENTATION_RELATIONSHIP()
);
#3051=(
REPRESENTATION_RELATIONSHIP(' ',' ',#5303,#5302)
REPRESENTATION_RELATIONSHIP_WITH_TRANSFORMATION(#4090)
SHAPE_REPRESENTATION_RELATIONSHIP()
);
#3052=(
REPRESENTATION_RELATIONSHIP(' ',' ',#5303,#5302)
REPRESENTATION_RELATIONSHIP_WITH_TRANSFORMATION(#4091)
SHAPE_REPRESENTATION_RELATIONSHIP()
);
#3053=(
REPRESENTATION_RELATIONSHIP(' ',' ',#5303,#5302)
REPRESENTATION_RELATIONSHIP_WITH_TRANSFORMATION(#4092)
SHAPE_REPRESENTATION_RELATIONSHIP()
);
#3054=(
REPRESENTATION_RELATIONSHIP(' ',' ',#5303,#5302)
REPRESENTATION_RELATIONSHIP_WITH_TRANSFORMATION(#4093)
SHAPE_REPRESENTATION_RELATIONSHIP()
);
#3055=(
REPRESENTATION_RELATIONSHIP(' ',' ',#5303,#5302)
REPRESENTATION_RELATIONSHIP_WITH_TRANSFORMATION(#4094)
SHAPE_REPRESENTATION_RELATIONSHIP()
);
#3056=(
REPRESENTATION_RELATIONSHIP(' ',' ',#5303,#5302)
REPRESENTATION_RELATIONSHIP_WITH_TRANSFORMATION(#4095)
SHAPE_REPRESENTATION_RELATIONSHIP()
);
#3057=(
REPRESENTATION_RELATIONSHIP(' ',' ',#5303,#5302)
REPRESENTATION_RELATIONSHIP_WITH_TRANSFORMATION(#4096)
SHAPE_REPRESENTATION_RELATIONSHIP()
);
#3058=(
REPRESENTATION_RELATIONSHIP(' ',' ',#5303,#5302)
REPRESENTATION_RELATIONSHIP_WITH_TRANSFORMATION(#4097)
SHAPE_REPRESENTATION_RELATIONSHIP()
);
#3059=(
REPRESENTATION_RELATIONSHIP(' ',' ',#5303,#5302)
REPRESENTATION_RELATIONSHIP_WITH_TRANSFORMATION(#4098)
SHAPE_REPRESENTATION_RELATIONSHIP()
);
#3060=(
REPRESENTATION_RELATIONSHIP(' ',' ',#5303,#5302)
REPRESENTATION_RELATIONSHIP_WITH_TRANSFORMATION(#4099)
SHAPE_REPRESENTATION_RELATIONSHIP()
);
#3061=(
REPRESENTATION_RELATIONSHIP(' ',' ',#5303,#5302)
REPRESENTATION_RELATIONSHIP_WITH_TRANSFORMATION(#4100)
SHAPE_REPRESENTATION_RELATIONSHIP()
);
#3062=(
REPRESENTATION_RELATIONSHIP(' ',' ',#5303,#5302)
REPRESENTATION_RELATIONSHIP_WITH_TRANSFORMATION(#4101)
SHAPE_REPRESENTATION_RELATIONSHIP()
);
#3063=(
REPRESENTATION_RELATIONSHIP(' ',' ',#5303,#5302)
REPRESENTATION_RELATIONSHIP_WITH_TRANSFORMATION(#4102)
SHAPE_REPRESENTATION_RELATIONSHIP()
);
#3064=(
REPRESENTATION_RELATIONSHIP(' ',' ',#5303,#5302)
REPRESENTATION_RELATIONSHIP_WITH_TRANSFORMATION(#4103)
SHAPE_REPRESENTATION_RELATIONSHIP()
);
#3065=(
REPRESENTATION_RELATIONSHIP(' ',' ',#5303,#5302)
REPRESENTATION_RELATIONSHIP_WITH_TRANSFORMATION(#4104)
SHAPE_REPRESENTATION_RELATIONSHIP()
);
#3066=(
REPRESENTATION_RELATIONSHIP(' ',' ',#5303,#5302)
REPRESENTATION_RELATIONSHIP_WITH_TRANSFORMATION(#4105)
SHAPE_REPRESENTATION_RELATIONSHIP()
);
#3067=(
REPRESENTATION_RELATIONSHIP(' ',' ',#5303,#5302)
REPRESENTATION_RELATIONSHIP_WITH_TRANSFORMATION(#4106)
SHAPE_REPRESENTATION_RELATIONSHIP()
);
#3068=(
REPRESENTATION_RELATIONSHIP(' ',' ',#5303,#5302)
REPRESENTATION_RELATIONSHIP_WITH_TRANSFORMATION(#4107)
SHAPE_REPRESENTATION_RELATIONSHIP()
);
#3069=(
REPRESENTATION_RELATIONSHIP(' ',' ',#5303,#5302)
REPRESENTATION_RELATIONSHIP_WITH_TRANSFORMATION(#4108)
SHAPE_REPRESENTATION_RELATIONSHIP()
);
#3070=(
REPRESENTATION_RELATIONSHIP(' ',' ',#5303,#5302)
REPRESENTATION_RELATIONSHIP_WITH_TRANSFORMATION(#4109)
SHAPE_REPRESENTATION_RELATIONSHIP()
);
#3071=(
REPRESENTATION_RELATIONSHIP(' ',' ',#5303,#5302)
REPRESENTATION_RELATIONSHIP_WITH_TRANSFORMATION(#4110)
SHAPE_REPRESENTATION_RELATIONSHIP()
);
#3072=(
REPRESENTATION_RELATIONSHIP(' ',' ',#5303,#5302)
REPRESENTATION_RELATIONSHIP_WITH_TRANSFORMATION(#4111)
SHAPE_REPRESENTATION_RELATIONSHIP()
);
#3073=(
REPRESENTATION_RELATIONSHIP(' ',' ',#5310,#5302)
REPRESENTATION_RELATIONSHIP_WITH_TRANSFORMATION(#4112)
SHAPE_REPRESENTATION_RELATIONSHIP()
);
#3074=(
REPRESENTATION_RELATIONSHIP(' ',' ',#5303,#5302)
REPRESENTATION_RELATIONSHIP_WITH_TRANSFORMATION(#4113)
SHAPE_REPRESENTATION_RELATIONSHIP()
);
#3075=(
REPRESENTATION_RELATIONSHIP(' ',' ',#5303,#5302)
REPRESENTATION_RELATIONSHIP_WITH_TRANSFORMATION(#4114)
SHAPE_REPRESENTATION_RELATIONSHIP()
);
#3076=(
REPRESENTATION_RELATIONSHIP(' ',' ',#5309,#5302)
REPRESENTATION_RELATIONSHIP_WITH_TRANSFORMATION(#4115)
SHAPE_REPRESENTATION_RELATIONSHIP()
);
#3077=(
REPRESENTATION_RELATIONSHIP(' ',' ',#5303,#5302)
REPRESENTATION_RELATIONSHIP_WITH_TRANSFORMATION(#4116)
SHAPE_REPRESENTATION_RELATIONSHIP()
);
#3078=(
REPRESENTATION_RELATIONSHIP(' ',' ',#5303,#5302)
REPRESENTATION_RELATIONSHIP_WITH_TRANSFORMATION(#4117)
SHAPE_REPRESENTATION_RELATIONSHIP()
);
#3079=(
REPRESENTATION_RELATIONSHIP(' ',' ',#5303,#5302)
REPRESENTATION_RELATIONSHIP_WITH_TRANSFORMATION(#4118)
SHAPE_REPRESENTATION_RELATIONSHIP()
);
#3080=(
REPRESENTATION_RELATIONSHIP(' ',' ',#5303,#5302)
REPRESENTATION_RELATIONSHIP_WITH_TRANSFORMATION(#4119)
SHAPE_REPRESENTATION_RELATIONSHIP()
);
#3081=(
REPRESENTATION_RELATIONSHIP(' ',' ',#5308,#5302)
REPRESENTATION_RELATIONSHIP_WITH_TRANSFORMATION(#4120)
SHAPE_REPRESENTATION_RELATIONSHIP()
);
#3082=(
REPRESENTATION_RELATIONSHIP(' ',' ',#5303,#5302)
REPRESENTATION_RELATIONSHIP_WITH_TRANSFORMATION(#4121)
SHAPE_REPRESENTATION_RELATIONSHIP()
);
#3083=(
REPRESENTATION_RELATIONSHIP(' ',' ',#5303,#5302)
REPRESENTATION_RELATIONSHIP_WITH_TRANSFORMATION(#4122)
SHAPE_REPRESENTATION_RELATIONSHIP()
);
#3084=(
REPRESENTATION_RELATIONSHIP(' ',' ',#5303,#5302)
REPRESENTATION_RELATIONSHIP_WITH_TRANSFORMATION(#4123)
SHAPE_REPRESENTATION_RELATIONSHIP()
);
#3085=(
REPRESENTATION_RELATIONSHIP(' ',' ',#5303,#5302)
REPRESENTATION_RELATIONSHIP_WITH_TRANSFORMATION(#4124)
SHAPE_REPRESENTATION_RELATIONSHIP()
);
#3086=(
REPRESENTATION_RELATIONSHIP(' ',' ',#5303,#5302)
REPRESENTATION_RELATIONSHIP_WITH_TRANSFORMATION(#4125)
SHAPE_REPRESENTATION_RELATIONSHIP()
);
#3087=(
REPRESENTATION_RELATIONSHIP(' ',' ',#5303,#5302)
REPRESENTATION_RELATIONSHIP_WITH_TRANSFORMATION(#4126)
SHAPE_REPRESENTATION_RELATIONSHIP()
);
#3088=(
REPRESENTATION_RELATIONSHIP(' ',' ',#5303,#5302)
REPRESENTATION_RELATIONSHIP_WITH_TRANSFORMATION(#4127)
SHAPE_REPRESENTATION_RELATIONSHIP()
);
#3089=(
REPRESENTATION_RELATIONSHIP(' ',' ',#5303,#5302)
REPRESENTATION_RELATIONSHIP_WITH_TRANSFORMATION(#4128)
SHAPE_REPRESENTATION_RELATIONSHIP()
);
#3090=(
REPRESENTATION_RELATIONSHIP(' ',' ',#5308,#5302)
REPRESENTATION_RELATIONSHIP_WITH_TRANSFORMATION(#4129)
SHAPE_REPRESENTATION_RELATIONSHIP()
);
#3091=(
REPRESENTATION_RELATIONSHIP(' ',' ',#5304,#5302)
REPRESENTATION_RELATIONSHIP_WITH_TRANSFORMATION(#4130)
SHAPE_REPRESENTATION_RELATIONSHIP()
);
#3092=(
REPRESENTATION_RELATIONSHIP(' ',' ',#5303,#5302)
REPRESENTATION_RELATIONSHIP_WITH_TRANSFORMATION(#4131)
SHAPE_REPRESENTATION_RELATIONSHIP()
);
#3093=(
REPRESENTATION_RELATIONSHIP(' ',' ',#5307,#5302)
REPRESENTATION_RELATIONSHIP_WITH_TRANSFORMATION(#4132)
SHAPE_REPRESENTATION_RELATIONSHIP()
);
#3094=(
REPRESENTATION_RELATIONSHIP(' ',' ',#5303,#5302)
REPRESENTATION_RELATIONSHIP_WITH_TRANSFORMATION(#4133)
SHAPE_REPRESENTATION_RELATIONSHIP()
);
#3095=(
REPRESENTATION_RELATIONSHIP(' ',' ',#5303,#5302)
REPRESENTATION_RELATIONSHIP_WITH_TRANSFORMATION(#4134)
SHAPE_REPRESENTATION_RELATIONSHIP()
);
#3096=(
REPRESENTATION_RELATIONSHIP(' ',' ',#5303,#5302)
REPRESENTATION_RELATIONSHIP_WITH_TRANSFORMATION(#4135)
SHAPE_REPRESENTATION_RELATIONSHIP()
);
#3097=(
REPRESENTATION_RELATIONSHIP(' ',' ',#5303,#5302)
REPRESENTATION_RELATIONSHIP_WITH_TRANSFORMATION(#4136)
SHAPE_REPRESENTATION_RELATIONSHIP()
);
#3098=(
REPRESENTATION_RELATIONSHIP(' ',' ',#5303,#5302)
REPRESENTATION_RELATIONSHIP_WITH_TRANSFORMATION(#4137)
SHAPE_REPRESENTATION_RELATIONSHIP()
);
#3099=(
REPRESENTATION_RELATIONSHIP(' ',' ',#5303,#5302)
REPRESENTATION_RELATIONSHIP_WITH_TRANSFORMATION(#4138)
SHAPE_REPRESENTATION_RELATIONSHIP()
);
#3100=(
REPRESENTATION_RELATIONSHIP(' ',' ',#5303,#5302)
REPRESENTATION_RELATIONSHIP_WITH_TRANSFORMATION(#4139)
SHAPE_REPRESENTATION_RELATIONSHIP()
);
#3101=(
REPRESENTATION_RELATIONSHIP(' ',' ',#5303,#5302)
REPRESENTATION_RELATIONSHIP_WITH_TRANSFORMATION(#4140)
SHAPE_REPRESENTATION_RELATIONSHIP()
);
#3102=(
REPRESENTATION_RELATIONSHIP(' ',' ',#5303,#5302)
REPRESENTATION_RELATIONSHIP_WITH_TRANSFORMATION(#4141)
SHAPE_REPRESENTATION_RELATIONSHIP()
);
#3103=(
REPRESENTATION_RELATIONSHIP(' ',' ',#5308,#5302)
REPRESENTATION_RELATIONSHIP_WITH_TRANSFORMATION(#4142)
SHAPE_REPRESENTATION_RELATIONSHIP()
);
#3104=(
REPRESENTATION_RELATIONSHIP(' ',' ',#5310,#5302)
REPRESENTATION_RELATIONSHIP_WITH_TRANSFORMATION(#4143)
SHAPE_REPRESENTATION_RELATIONSHIP()
);
#3105=(
REPRESENTATION_RELATIONSHIP(' ',' ',#5303,#5302)
REPRESENTATION_RELATIONSHIP_WITH_TRANSFORMATION(#4144)
SHAPE_REPRESENTATION_RELATIONSHIP()
);
#3106=(
REPRESENTATION_RELATIONSHIP(' ',' ',#5308,#5302)
REPRESENTATION_RELATIONSHIP_WITH_TRANSFORMATION(#4145)
SHAPE_REPRESENTATION_RELATIONSHIP()
);
#3107=(
REPRESENTATION_RELATIONSHIP(' ',' ',#5308,#5302)
REPRESENTATION_RELATIONSHIP_WITH_TRANSFORMATION(#4146)
SHAPE_REPRESENTATION_RELATIONSHIP()
);
#3108=(
REPRESENTATION_RELATIONSHIP(' ',' ',#5303,#5302)
REPRESENTATION_RELATIONSHIP_WITH_TRANSFORMATION(#4147)
SHAPE_REPRESENTATION_RELATIONSHIP()
);
#3109=(
REPRESENTATION_RELATIONSHIP(' ',' ',#5307,#5302)
REPRESENTATION_RELATIONSHIP_WITH_TRANSFORMATION(#4148)
SHAPE_REPRESENTATION_RELATIONSHIP()
);
#3110=(
REPRESENTATION_RELATIONSHIP(' ',' ',#5303,#5302)
REPRESENTATION_RELATIONSHIP_WITH_TRANSFORMATION(#4149)
SHAPE_REPRESENTATION_RELATIONSHIP()
);
#3111=(
REPRESENTATION_RELATIONSHIP(' ',' ',#5303,#5302)
REPRESENTATION_RELATIONSHIP_WITH_TRANSFORMATION(#4150)
SHAPE_REPRESENTATION_RELATIONSHIP()
);
#3112=(
REPRESENTATION_RELATIONSHIP(' ',' ',#5303,#5302)
REPRESENTATION_RELATIONSHIP_WITH_TRANSFORMATION(#4151)
SHAPE_REPRESENTATION_RELATIONSHIP()
);
#3113=(
REPRESENTATION_RELATIONSHIP(' ',' ',#5305,#5302)
REPRESENTATION_RELATIONSHIP_WITH_TRANSFORMATION(#4152)
SHAPE_REPRESENTATION_RELATIONSHIP()
);
#3114=(
REPRESENTATION_RELATIONSHIP(' ',' ',#5304,#5302)
REPRESENTATION_RELATIONSHIP_WITH_TRANSFORMATION(#4153)
SHAPE_REPRESENTATION_RELATIONSHIP()
);
#3115=(
REPRESENTATION_RELATIONSHIP(' ',' ',#5303,#5302)
REPRESENTATION_RELATIONSHIP_WITH_TRANSFORMATION(#4154)
SHAPE_REPRESENTATION_RELATIONSHIP()
);
#3116=(
REPRESENTATION_RELATIONSHIP(' ',' ',#5303,#5302)
REPRESENTATION_RELATIONSHIP_WITH_TRANSFORMATION(#4155)
SHAPE_REPRESENTATION_RELATIONSHIP()
);
#3117=(
REPRESENTATION_RELATIONSHIP(' ',' ',#5303,#5302)
REPRESENTATION_RELATIONSHIP_WITH_TRANSFORMATION(#4156)
SHAPE_REPRESENTATION_RELATIONSHIP()
);
#3118=(
REPRESENTATION_RELATIONSHIP(' ',' ',#5308,#5302)
REPRESENTATION_RELATIONSHIP_WITH_TRANSFORMATION(#4157)
SHAPE_REPRESENTATION_RELATIONSHIP()
);
#3119=(
REPRESENTATION_RELATIONSHIP(' ',' ',#5303,#5302)
REPRESENTATION_RELATIONSHIP_WITH_TRANSFORMATION(#4158)
SHAPE_REPRESENTATION_RELATIONSHIP()
);
#3120=(
REPRESENTATION_RELATIONSHIP(' ',' ',#5303,#5302)
REPRESENTATION_RELATIONSHIP_WITH_TRANSFORMATION(#4159)
SHAPE_REPRESENTATION_RELATIONSHIP()
);
#3121=(
REPRESENTATION_RELATIONSHIP(' ',' ',#5303,#5302)
REPRESENTATION_RELATIONSHIP_WITH_TRANSFORMATION(#4160)
SHAPE_REPRESENTATION_RELATIONSHIP()
);
#3122=(
REPRESENTATION_RELATIONSHIP(' ',' ',#5310,#5302)
REPRESENTATION_RELATIONSHIP_WITH_TRANSFORMATION(#4161)
SHAPE_REPRESENTATION_RELATIONSHIP()
);
#3123=(
REPRESENTATION_RELATIONSHIP(' ',' ',#5303,#5302)
REPRESENTATION_RELATIONSHIP_WITH_TRANSFORMATION(#4162)
SHAPE_REPRESENTATION_RELATIONSHIP()
);
#3124=(
REPRESENTATION_RELATIONSHIP(' ',' ',#5310,#5302)
REPRESENTATION_RELATIONSHIP_WITH_TRANSFORMATION(#4163)
SHAPE_REPRESENTATION_RELATIONSHIP()
);
#3125=(
REPRESENTATION_RELATIONSHIP(' ',' ',#5303,#5302)
REPRESENTATION_RELATIONSHIP_WITH_TRANSFORMATION(#4164)
SHAPE_REPRESENTATION_RELATIONSHIP()
);
#3126=(
REPRESENTATION_RELATIONSHIP(' ',' ',#5303,#5302)
REPRESENTATION_RELATIONSHIP_WITH_TRANSFORMATION(#4165)
SHAPE_REPRESENTATION_RELATIONSHIP()
);
#3127=ITEM_DEFINED_TRANSFORMATION(' ',' ',#5313,#5320);
#3128=ITEM_DEFINED_TRANSFORMATION(' ',' ',#5313,#5321);
#3129=ITEM_DEFINED_TRANSFORMATION(' ',' ',#5313,#5322);
#3130=ITEM_DEFINED_TRANSFORMATION(' ',' ',#5313,#5323);
#3131=ITEM_DEFINED_TRANSFORMATION(' ',' ',#5313,#5324);
#3132=ITEM_DEFINED_TRANSFORMATION(' ',' ',#5313,#5331);
#3133=ITEM_DEFINED_TRANSFORMATION(' ',' ',#5313,#5332);
#3134=ITEM_DEFINED_TRANSFORMATION(' ',' ',#5313,#5333);
#3135=ITEM_DEFINED_TRANSFORMATION(' ',' ',#5313,#5334);
#3136=ITEM_DEFINED_TRANSFORMATION(' ',' ',#5313,#5335);
#3137=ITEM_DEFINED_TRANSFORMATION(' ',' ',#5313,#5336);
#3138=ITEM_DEFINED_TRANSFORMATION(' ',' ',#5313,#5337);
#3139=ITEM_DEFINED_TRANSFORMATION(' ',' ',#5313,#5338);
#3140=ITEM_DEFINED_TRANSFORMATION(' ',' ',#5313,#5339);
#3141=ITEM_DEFINED_TRANSFORMATION(' ',' ',#5313,#5340);
#3142=ITEM_DEFINED_TRANSFORMATION(' ',' ',#5313,#5341);
#3143=ITEM_DEFINED_TRANSFORMATION(' ',' ',#5313,#5342);
#3144=ITEM_DEFINED_TRANSFORMATION(' ',' ',#5313,#5343);
#3145=ITEM_DEFINED_TRANSFORMATION(' ',' ',#5313,#5344);
#3146=ITEM_DEFINED_TRANSFORMATION(' ',' ',#5313,#5345);
#3147=ITEM_DEFINED_TRANSFORMATION(' ',' ',#5313,#5346);
#3148=ITEM_DEFINED_TRANSFORMATION(' ',' ',#5313,#5347);
#3149=ITEM_DEFINED_TRANSFORMATION(' ',' ',#5313,#5354);
#3150=ITEM_DEFINED_TRANSFORMATION(' ',' ',#5313,#5355);
#3151=ITEM_DEFINED_TRANSFORMATION(' ',' ',#5313,#5356);
#3152=ITEM_DEFINED_TRANSFORMATION(' ',' ',#5313,#5357);
#3153=ITEM_DEFINED_TRANSFORMATION(' ',' ',#5313,#5358);
#3154=ITEM_DEFINED_TRANSFORMATION(' ',' ',#5313,#5359);
#3155=ITEM_DEFINED_TRANSFORMATION(' ',' ',#5313,#5360);
#3156=ITEM_DEFINED_TRANSFORMATION(' ',' ',#5313,#5361);
#3157=ITEM_DEFINED_TRANSFORMATION(' ',' ',#5313,#5362);
#3158=ITEM_DEFINED_TRANSFORMATION(' ',' ',#5313,#5363);
#3159=ITEM_DEFINED_TRANSFORMATION(' ',' ',#5313,#5364);
#3160=ITEM_DEFINED_TRANSFORMATION(' ',' ',#5313,#5371);
#3161=ITEM_DEFINED_TRANSFORMATION(' ',' ',#5313,#5372);
#3162=ITEM_DEFINED_TRANSFORMATION(' ',' ',#5313,#5373);
#3163=ITEM_DEFINED_TRANSFORMATION(' ',' ',#5313,#5374);
#3164=ITEM_DEFINED_TRANSFORMATION(' ',' ',#5313,#5375);
#3165=ITEM_DEFINED_TRANSFORMATION(' ',' ',#5313,#5376);
#3166=ITEM_DEFINED_TRANSFORMATION(' ',' ',#5313,#5377);
#3167=ITEM_DEFINED_TRANSFORMATION(' ',' ',#5313,#5378);
#3168=ITEM_DEFINED_TRANSFORMATION(' ',' ',#5313,#5379);
#3169=ITEM_DEFINED_TRANSFORMATION(' ',' ',#5313,#5380);
#3170=ITEM_DEFINED_TRANSFORMATION(' ',' ',#5313,#5381);
#3171=ITEM_DEFINED_TRANSFORMATION(' ',' ',#5313,#5382);
#3172=ITEM_DEFINED_TRANSFORMATION(' ',' ',#5313,#5383);
#3173=ITEM_DEFINED_TRANSFORMATION(' ',' ',#5313,#5390);
#3174=ITEM_DEFINED_TRANSFORMATION(' ',' ',#5313,#5391);
#3175=ITEM_DEFINED_TRANSFORMATION(' ',' ',#5313,#5392);
#3176=ITEM_DEFINED_TRANSFORMATION(' ',' ',#5313,#5393);
#3177=ITEM_DEFINED_TRANSFORMATION(' ',' ',#5313,#5394);
#3178=ITEM_DEFINED_TRANSFORMATION(' ',' ',#5313,#5395);
#3179=ITEM_DEFINED_TRANSFORMATION(' ',' ',#5313,#5396);
#3180=ITEM_DEFINED_TRANSFORMATION(' ',' ',#5313,#5397);
#3181=ITEM_DEFINED_TRANSFORMATION(' ',' ',#5313,#5398);
#3182=ITEM_DEFINED_TRANSFORMATION(' ',' ',#5313,#5399);
#3183=ITEM_DEFINED_TRANSFORMATION(' ',' ',#5313,#5400);
#3184=ITEM_DEFINED_TRANSFORMATION(' ',' ',#5313,#5401);
#3185=ITEM_DEFINED_TRANSFORMATION(' ',' ',#5313,#5402);
#3186=ITEM_DEFINED_TRANSFORMATION(' ',' ',#5313,#5403);
#3187=ITEM_DEFINED_TRANSFORMATION(' ',' ',#5313,#5410);
#3188=ITEM_DEFINED_TRANSFORMATION(' ',' ',#5313,#5417);
#3189=ITEM_DEFINED_TRANSFORMATION(' ',' ',#5313,#5424);
#3190=ITEM_DEFINED_TRANSFORMATION(' ',' ',#5313,#5425);
#3191=ITEM_DEFINED_TRANSFORMATION(' ',' ',#5313,#5426);
#3192=ITEM_DEFINED_TRANSFORMATION(' ',' ',#5313,#5427);
#3193=ITEM_DEFINED_TRANSFORMATION(' ',' ',#5313,#5428);
#3194=ITEM_DEFINED_TRANSFORMATION(' ',' ',#5313,#5429);
#3195=ITEM_DEFINED_TRANSFORMATION(' ',' ',#5313,#5430);
#3196=ITEM_DEFINED_TRANSFORMATION(' ',' ',#5313,#5431);
#3197=ITEM_DEFINED_TRANSFORMATION(' ',' ',#5313,#5432);
#3198=ITEM_DEFINED_TRANSFORMATION(' ',' ',#5313,#5433);
#3199=ITEM_DEFINED_TRANSFORMATION(' ',' ',#5313,#5434);
#3200=ITEM_DEFINED_TRANSFORMATION(' ',' ',#5313,#5435);
#3201=ITEM_DEFINED_TRANSFORMATION(' ',' ',#5313,#5436);
#3202=ITEM_DEFINED_TRANSFORMATION(' ',' ',#5313,#5437);
#3203=ITEM_DEFINED_TRANSFORMATION(' ',' ',#5313,#5438);
#3204=ITEM_DEFINED_TRANSFORMATION(' ',' ',#5313,#5439);
#3205=ITEM_DEFINED_TRANSFORMATION(' ',' ',#5313,#5440);
#3206=ITEM_DEFINED_TRANSFORMATION(' ',' ',#5313,#5441);
#3207=ITEM_DEFINED_TRANSFORMATION(' ',' ',#5313,#5442);
#3208=ITEM_DEFINED_TRANSFORMATION(' ',' ',#5313,#5443);
#3209=ITEM_DEFINED_TRANSFORMATION(' ',' ',#5313,#5444);
#3210=ITEM_DEFINED_TRANSFORMATION(' ',' ',#5313,#5445);
#3211=ITEM_DEFINED_TRANSFORMATION(' ',' ',#5313,#5446);
#3212=ITEM_DEFINED_TRANSFORMATION(' ',' ',#5313,#5447);
#3213=ITEM_DEFINED_TRANSFORMATION(' ',' ',#5313,#5448);
#3214=ITEM_DEFINED_TRANSFORMATION(' ',' ',#5313,#5449);
#3215=ITEM_DEFINED_TRANSFORMATION(' ',' ',#5313,#5450);
#3216=ITEM_DEFINED_TRANSFORMATION(' ',' ',#5313,#5451);
#3217=ITEM_DEFINED_TRANSFORMATION(' ',' ',#5313,#5452);
#3218=ITEM_DEFINED_TRANSFORMATION(' ',' ',#5313,#5453);
#3219=ITEM_DEFINED_TRANSFORMATION(' ',' ',#5313,#5454);
#3220=ITEM_DEFINED_TRANSFORMATION(' ',' ',#5313,#5455);
#3221=ITEM_DEFINED_TRANSFORMATION(' ',' ',#5313,#5456);
#3222=ITEM_DEFINED_TRANSFORMATION(' ',' ',#5313,#5457);
#3223=ITEM_DEFINED_TRANSFORMATION(' ',' ',#5313,#5458);
#3224=ITEM_DEFINED_TRANSFORMATION(' ',' ',#5313,#5459);
#3225=ITEM_DEFINED_TRANSFORMATION(' ',' ',#5313,#5460);
#3226=ITEM_DEFINED_TRANSFORMATION(' ',' ',#5313,#5461);
#3227=ITEM_DEFINED_TRANSFORMATION(' ',' ',#5313,#5462);
#3228=ITEM_DEFINED_TRANSFORMATION(' ',' ',#5313,#5463);
#3229=ITEM_DEFINED_TRANSFORMATION(' ',' ',#5313,#5464);
#3230=ITEM_DEFINED_TRANSFORMATION(' ',' ',#5313,#5465);
#3231=ITEM_DEFINED_TRANSFORMATION(' ',' ',#5313,#5466);
#3232=ITEM_DEFINED_TRANSFORMATION(' ',' ',#5313,#5467);
#3233=ITEM_DEFINED_TRANSFORMATION(' ',' ',#5313,#5468);
#3234=ITEM_DEFINED_TRANSFORMATION(' ',' ',#5313,#5469);
#3235=ITEM_DEFINED_TRANSFORMATION(' ',' ',#5313,#5481);
#3236=ITEM_DEFINED_TRANSFORMATION(' ',' ',#5313,#5482);
#3237=ITEM_DEFINED_TRANSFORMATION(' ',' ',#5313,#5483);
#3238=ITEM_DEFINED_TRANSFORMATION(' ',' ',#5313,#5484);
#3239=ITEM_DEFINED_TRANSFORMATION(' ',' ',#5313,#5485);
#3240=ITEM_DEFINED_TRANSFORMATION(' ',' ',#5313,#5486);
#3241=ITEM_DEFINED_TRANSFORMATION(' ',' ',#5313,#5487);
#3242=ITEM_DEFINED_TRANSFORMATION(' ',' ',#5313,#5488);
#3243=ITEM_DEFINED_TRANSFORMATION(' ',' ',#5313,#5489);
#3244=ITEM_DEFINED_TRANSFORMATION(' ',' ',#5313,#5490);
#3245=ITEM_DEFINED_TRANSFORMATION(' ',' ',#5313,#5491);
#3246=ITEM_DEFINED_TRANSFORMATION(' ',' ',#5313,#5492);
#3247=ITEM_DEFINED_TRANSFORMATION(' ',' ',#5313,#5493);
#3248=ITEM_DEFINED_TRANSFORMATION(' ',' ',#5313,#5494);
#3249=ITEM_DEFINED_TRANSFORMATION(' ',' ',#5313,#5495);
#3250=ITEM_DEFINED_TRANSFORMATION(' ',' ',#5313,#5496);
#3251=ITEM_DEFINED_TRANSFORMATION(' ',' ',#5313,#5497);
#3252=ITEM_DEFINED_TRANSFORMATION(' ',' ',#5313,#5498);
#3253=ITEM_DEFINED_TRANSFORMATION(' ',' ',#5313,#5499);
#3254=ITEM_DEFINED_TRANSFORMATION(' ',' ',#5313,#5500);
#3255=ITEM_DEFINED_TRANSFORMATION(' ',' ',#5313,#5501);
#3256=ITEM_DEFINED_TRANSFORMATION(' ',' ',#5313,#5502);
#3257=ITEM_DEFINED_TRANSFORMATION(' ',' ',#5313,#5503);
#3258=ITEM_DEFINED_TRANSFORMATION(' ',' ',#5313,#5504);
#3259=ITEM_DEFINED_TRANSFORMATION(' ',' ',#5313,#5505);
#3260=ITEM_DEFINED_TRANSFORMATION(' ',' ',#5313,#5506);
#3261=ITEM_DEFINED_TRANSFORMATION(' ',' ',#5313,#5507);
#3262=ITEM_DEFINED_TRANSFORMATION(' ',' ',#5313,#5508);
#3263=ITEM_DEFINED_TRANSFORMATION(' ',' ',#5313,#5509);
#3264=ITEM_DEFINED_TRANSFORMATION(' ',' ',#5313,#5510);
#3265=ITEM_DEFINED_TRANSFORMATION(' ',' ',#5313,#5511);
#3266=ITEM_DEFINED_TRANSFORMATION(' ',' ',#5313,#5512);
#3267=ITEM_DEFINED_TRANSFORMATION(' ',' ',#5313,#5513);
#3268=ITEM_DEFINED_TRANSFORMATION(' ',' ',#5313,#5514);
#3269=ITEM_DEFINED_TRANSFORMATION(' ',' ',#5313,#5515);
#3270=ITEM_DEFINED_TRANSFORMATION(' ',' ',#5313,#5516);
#3271=ITEM_DEFINED_TRANSFORMATION(' ',' ',#5313,#5517);
#3272=ITEM_DEFINED_TRANSFORMATION(' ',' ',#5313,#5518);
#3273=ITEM_DEFINED_TRANSFORMATION(' ',' ',#5313,#5519);
#3274=ITEM_DEFINED_TRANSFORMATION(' ',' ',#5313,#5520);
#3275=ITEM_DEFINED_TRANSFORMATION(' ',' ',#5313,#5521);
#3276=ITEM_DEFINED_TRANSFORMATION(' ',' ',#5313,#5522);
#3277=ITEM_DEFINED_TRANSFORMATION(' ',' ',#5313,#5523);
#3278=ITEM_DEFINED_TRANSFORMATION(' ',' ',#5313,#5524);
#3279=ITEM_DEFINED_TRANSFORMATION(' ',' ',#5313,#5525);
#3280=ITEM_DEFINED_TRANSFORMATION(' ',' ',#5313,#5526);
#3281=ITEM_DEFINED_TRANSFORMATION(' ',' ',#5313,#5527);
#3282=ITEM_DEFINED_TRANSFORMATION(' ',' ',#5313,#5528);
#3283=ITEM_DEFINED_TRANSFORMATION(' ',' ',#5313,#5529);
#3284=ITEM_DEFINED_TRANSFORMATION(' ',' ',#5313,#5530);
#3285=ITEM_DEFINED_TRANSFORMATION(' ',' ',#5313,#5531);
#3286=ITEM_DEFINED_TRANSFORMATION(' ',' ',#5313,#5532);
#3287=ITEM_DEFINED_TRANSFORMATION(' ',' ',#5313,#5533);
#3288=ITEM_DEFINED_TRANSFORMATION(' ',' ',#5313,#5534);
#3289=ITEM_DEFINED_TRANSFORMATION(' ',' ',#5313,#5535);
#3290=ITEM_DEFINED_TRANSFORMATION(' ',' ',#5313,#5536);
#3291=ITEM_DEFINED_TRANSFORMATION(' ',' ',#5313,#5537);
#3292=ITEM_DEFINED_TRANSFORMATION(' ',' ',#5313,#5538);
#3293=ITEM_DEFINED_TRANSFORMATION(' ',' ',#5313,#5539);
#3294=ITEM_DEFINED_TRANSFORMATION(' ',' ',#5313,#5540);
#3295=ITEM_DEFINED_TRANSFORMATION(' ',' ',#5313,#5541);
#3296=ITEM_DEFINED_TRANSFORMATION(' ',' ',#5313,#5542);
#3297=ITEM_DEFINED_TRANSFORMATION(' ',' ',#5313,#5543);
#3298=ITEM_DEFINED_TRANSFORMATION(' ',' ',#5313,#5544);
#3299=ITEM_DEFINED_TRANSFORMATION(' ',' ',#5313,#5545);
#3300=ITEM_DEFINED_TRANSFORMATION(' ',' ',#5313,#5546);
#3301=ITEM_DEFINED_TRANSFORMATION(' ',' ',#5313,#5547);
#3302=ITEM_DEFINED_TRANSFORMATION(' ',' ',#5313,#5548);
#3303=ITEM_DEFINED_TRANSFORMATION(' ',' ',#5313,#5549);
#3304=ITEM_DEFINED_TRANSFORMATION(' ',' ',#5313,#5550);
#3305=ITEM_DEFINED_TRANSFORMATION(' ',' ',#5313,#5551);
#3306=ITEM_DEFINED_TRANSFORMATION(' ',' ',#5313,#5552);
#3307=ITEM_DEFINED_TRANSFORMATION(' ',' ',#5313,#5553);
#3308=ITEM_DEFINED_TRANSFORMATION(' ',' ',#5313,#5554);
#3309=ITEM_DEFINED_TRANSFORMATION(' ',' ',#5313,#5555);
#3310=ITEM_DEFINED_TRANSFORMATION(' ',' ',#5313,#5556);
#3311=ITEM_DEFINED_TRANSFORMATION(' ',' ',#5313,#5557);
#3312=ITEM_DEFINED_TRANSFORMATION(' ',' ',#5313,#5558);
#3313=ITEM_DEFINED_TRANSFORMATION(' ',' ',#5313,#5559);
#3314=ITEM_DEFINED_TRANSFORMATION(' ',' ',#5313,#5560);
#3315=ITEM_DEFINED_TRANSFORMATION(' ',' ',#5313,#5561);
#3316=ITEM_DEFINED_TRANSFORMATION(' ',' ',#5313,#5562);
#3317=ITEM_DEFINED_TRANSFORMATION(' ',' ',#5313,#5563);
#3318=ITEM_DEFINED_TRANSFORMATION(' ',' ',#5313,#5564);
#3319=ITEM_DEFINED_TRANSFORMATION(' ',' ',#5313,#5565);
#3320=ITEM_DEFINED_TRANSFORMATION(' ',' ',#5313,#5566);
#3321=ITEM_DEFINED_TRANSFORMATION(' ',' ',#5313,#5567);
#3322=ITEM_DEFINED_TRANSFORMATION(' ',' ',#5313,#5568);
#3323=ITEM_DEFINED_TRANSFORMATION(' ',' ',#5313,#5569);
#3324=ITEM_DEFINED_TRANSFORMATION(' ',' ',#5313,#5570);
#3325=ITEM_DEFINED_TRANSFORMATION(' ',' ',#5313,#5571);
#3326=ITEM_DEFINED_TRANSFORMATION(' ',' ',#5313,#5572);
#3327=ITEM_DEFINED_TRANSFORMATION(' ',' ',#5313,#5573);
#3328=ITEM_DEFINED_TRANSFORMATION(' ',' ',#5313,#5574);
#3329=ITEM_DEFINED_TRANSFORMATION(' ',' ',#5313,#5575);
#3330=ITEM_DEFINED_TRANSFORMATION(' ',' ',#5313,#5576);
#3331=ITEM_DEFINED_TRANSFORMATION(' ',' ',#5313,#5577);
#3332=ITEM_DEFINED_TRANSFORMATION(' ',' ',#5313,#5578);
#3333=ITEM_DEFINED_TRANSFORMATION(' ',' ',#5313,#5579);
#3334=ITEM_DEFINED_TRANSFORMATION(' ',' ',#5313,#5580);
#3335=ITEM_DEFINED_TRANSFORMATION(' ',' ',#5313,#5581);
#3336=ITEM_DEFINED_TRANSFORMATION(' ',' ',#5313,#5582);
#3337=ITEM_DEFINED_TRANSFORMATION(' ',' ',#5313,#5583);
#3338=ITEM_DEFINED_TRANSFORMATION(' ',' ',#5313,#5584);
#3339=ITEM_DEFINED_TRANSFORMATION(' ',' ',#5313,#5585);
#3340=ITEM_DEFINED_TRANSFORMATION(' ',' ',#5313,#5586);
#3341=ITEM_DEFINED_TRANSFORMATION(' ',' ',#5313,#5587);
#3342=ITEM_DEFINED_TRANSFORMATION(' ',' ',#5313,#5588);
#3343=ITEM_DEFINED_TRANSFORMATION(' ',' ',#5313,#5589);
#3344=ITEM_DEFINED_TRANSFORMATION(' ',' ',#5313,#5590);
#3345=ITEM_DEFINED_TRANSFORMATION(' ',' ',#5313,#5591);
#3346=ITEM_DEFINED_TRANSFORMATION(' ',' ',#5313,#5592);
#3347=ITEM_DEFINED_TRANSFORMATION(' ',' ',#5313,#5593);
#3348=ITEM_DEFINED_TRANSFORMATION(' ',' ',#5313,#5594);
#3349=ITEM_DEFINED_TRANSFORMATION(' ',' ',#5313,#5595);
#3350=ITEM_DEFINED_TRANSFORMATION(' ',' ',#5313,#5596);
#3351=ITEM_DEFINED_TRANSFORMATION(' ',' ',#5313,#5597);
#3352=ITEM_DEFINED_TRANSFORMATION(' ',' ',#5313,#5598);
#3353=ITEM_DEFINED_TRANSFORMATION(' ',' ',#5313,#5599);
#3354=ITEM_DEFINED_TRANSFORMATION(' ',' ',#5313,#5600);
#3355=ITEM_DEFINED_TRANSFORMATION(' ',' ',#5313,#5601);
#3356=ITEM_DEFINED_TRANSFORMATION(' ',' ',#5313,#5602);
#3357=ITEM_DEFINED_TRANSFORMATION(' ',' ',#5313,#5603);
#3358=ITEM_DEFINED_TRANSFORMATION(' ',' ',#5313,#5604);
#3359=ITEM_DEFINED_TRANSFORMATION(' ',' ',#5313,#5605);
#3360=ITEM_DEFINED_TRANSFORMATION(' ',' ',#5313,#5606);
#3361=ITEM_DEFINED_TRANSFORMATION(' ',' ',#5313,#5607);
#3362=ITEM_DEFINED_TRANSFORMATION(' ',' ',#5313,#5608);
#3363=ITEM_DEFINED_TRANSFORMATION(' ',' ',#5313,#5609);
#3364=ITEM_DEFINED_TRANSFORMATION(' ',' ',#5313,#5610);
#3365=ITEM_DEFINED_TRANSFORMATION(' ',' ',#5313,#5611);
#3366=ITEM_DEFINED_TRANSFORMATION(' ',' ',#5313,#5612);
#3367=ITEM_DEFINED_TRANSFORMATION(' ',' ',#5313,#5613);
#3368=ITEM_DEFINED_TRANSFORMATION(' ',' ',#5313,#5614);
#3369=ITEM_DEFINED_TRANSFORMATION(' ',' ',#5313,#5615);
#3370=ITEM_DEFINED_TRANSFORMATION(' ',' ',#5313,#5616);
#3371=ITEM_DEFINED_TRANSFORMATION(' ',' ',#5313,#5617);
#3372=ITEM_DEFINED_TRANSFORMATION(' ',' ',#5313,#5618);
#3373=ITEM_DEFINED_TRANSFORMATION(' ',' ',#5313,#5619);
#3374=ITEM_DEFINED_TRANSFORMATION(' ',' ',#5313,#5620);
#3375=ITEM_DEFINED_TRANSFORMATION(' ',' ',#5313,#5621);
#3376=ITEM_DEFINED_TRANSFORMATION(' ',' ',#5313,#5622);
#3377=ITEM_DEFINED_TRANSFORMATION(' ',' ',#5313,#5623);
#3378=ITEM_DEFINED_TRANSFORMATION(' ',' ',#5313,#5624);
#3379=ITEM_DEFINED_TRANSFORMATION(' ',' ',#5313,#5625);
#3380=ITEM_DEFINED_TRANSFORMATION(' ',' ',#5313,#5626);
#3381=ITEM_DEFINED_TRANSFORMATION(' ',' ',#5313,#5627);
#3382=ITEM_DEFINED_TRANSFORMATION(' ',' ',#5313,#5628);
#3383=ITEM_DEFINED_TRANSFORMATION(' ',' ',#5313,#5629);
#3384=ITEM_DEFINED_TRANSFORMATION(' ',' ',#5313,#5630);
#3385=ITEM_DEFINED_TRANSFORMATION(' ',' ',#5313,#5631);
#3386=ITEM_DEFINED_TRANSFORMATION(' ',' ',#5313,#5632);
#3387=ITEM_DEFINED_TRANSFORMATION(' ',' ',#5313,#5633);
#3388=ITEM_DEFINED_TRANSFORMATION(' ',' ',#5313,#5634);
#3389=ITEM_DEFINED_TRANSFORMATION(' ',' ',#5313,#5635);
#3390=ITEM_DEFINED_TRANSFORMATION(' ',' ',#5313,#5636);
#3391=ITEM_DEFINED_TRANSFORMATION(' ',' ',#5313,#5637);
#3392=ITEM_DEFINED_TRANSFORMATION(' ',' ',#5313,#5638);
#3393=ITEM_DEFINED_TRANSFORMATION(' ',' ',#5313,#5639);
#3394=ITEM_DEFINED_TRANSFORMATION(' ',' ',#5313,#5640);
#3395=ITEM_DEFINED_TRANSFORMATION(' ',' ',#5313,#5641);
#3396=ITEM_DEFINED_TRANSFORMATION(' ',' ',#5313,#5642);
#3397=ITEM_DEFINED_TRANSFORMATION(' ',' ',#5313,#5643);
#3398=ITEM_DEFINED_TRANSFORMATION(' ',' ',#5313,#5644);
#3399=ITEM_DEFINED_TRANSFORMATION(' ',' ',#5313,#5645);
#3400=ITEM_DEFINED_TRANSFORMATION(' ',' ',#5313,#5646);
#3401=ITEM_DEFINED_TRANSFORMATION(' ',' ',#5313,#5647);
#3402=ITEM_DEFINED_TRANSFORMATION(' ',' ',#5313,#5648);
#3403=ITEM_DEFINED_TRANSFORMATION(' ',' ',#5313,#5649);
#3404=ITEM_DEFINED_TRANSFORMATION(' ',' ',#5313,#5650);
#3405=ITEM_DEFINED_TRANSFORMATION(' ',' ',#5313,#5651);
#3406=ITEM_DEFINED_TRANSFORMATION(' ',' ',#5313,#5652);
#3407=ITEM_DEFINED_TRANSFORMATION(' ',' ',#5313,#5653);
#3408=ITEM_DEFINED_TRANSFORMATION(' ',' ',#5313,#5654);
#3409=ITEM_DEFINED_TRANSFORMATION(' ',' ',#5313,#5655);
#3410=ITEM_DEFINED_TRANSFORMATION(' ',' ',#5313,#5656);
#3411=ITEM_DEFINED_TRANSFORMATION(' ',' ',#5313,#5657);
#3412=ITEM_DEFINED_TRANSFORMATION(' ',' ',#5313,#5658);
#3413=ITEM_DEFINED_TRANSFORMATION(' ',' ',#5313,#5659);
#3414=ITEM_DEFINED_TRANSFORMATION(' ',' ',#5313,#5660);
#3415=ITEM_DEFINED_TRANSFORMATION(' ',' ',#5313,#5661);
#3416=ITEM_DEFINED_TRANSFORMATION(' ',' ',#5313,#5662);
#3417=ITEM_DEFINED_TRANSFORMATION(' ',' ',#5313,#5663);
#3418=ITEM_DEFINED_TRANSFORMATION(' ',' ',#5313,#5664);
#3419=ITEM_DEFINED_TRANSFORMATION(' ',' ',#5313,#5665);
#3420=ITEM_DEFINED_TRANSFORMATION(' ',' ',#5313,#5666);
#3421=ITEM_DEFINED_TRANSFORMATION(' ',' ',#5313,#5667);
#3422=ITEM_DEFINED_TRANSFORMATION(' ',' ',#5313,#5668);
#3423=ITEM_DEFINED_TRANSFORMATION(' ',' ',#5313,#5669);
#3424=ITEM_DEFINED_TRANSFORMATION(' ',' ',#5313,#5670);
#3425=ITEM_DEFINED_TRANSFORMATION(' ',' ',#5313,#5671);
#3426=ITEM_DEFINED_TRANSFORMATION(' ',' ',#5313,#5672);
#3427=ITEM_DEFINED_TRANSFORMATION(' ',' ',#5313,#5673);
#3428=ITEM_DEFINED_TRANSFORMATION(' ',' ',#5313,#5674);
#3429=ITEM_DEFINED_TRANSFORMATION(' ',' ',#5313,#5675);
#3430=ITEM_DEFINED_TRANSFORMATION(' ',' ',#5313,#5676);
#3431=ITEM_DEFINED_TRANSFORMATION(' ',' ',#5313,#5677);
#3432=ITEM_DEFINED_TRANSFORMATION(' ',' ',#5313,#5678);
#3433=ITEM_DEFINED_TRANSFORMATION(' ',' ',#5313,#5679);
#3434=ITEM_DEFINED_TRANSFORMATION(' ',' ',#5313,#5680);
#3435=ITEM_DEFINED_TRANSFORMATION(' ',' ',#5313,#5681);
#3436=ITEM_DEFINED_TRANSFORMATION(' ',' ',#5313,#5682);
#3437=ITEM_DEFINED_TRANSFORMATION(' ',' ',#5313,#5683);
#3438=ITEM_DEFINED_TRANSFORMATION(' ',' ',#5313,#5684);
#3439=ITEM_DEFINED_TRANSFORMATION(' ',' ',#5313,#5685);
#3440=ITEM_DEFINED_TRANSFORMATION(' ',' ',#5313,#5686);
#3441=ITEM_DEFINED_TRANSFORMATION(' ',' ',#5313,#5687);
#3442=ITEM_DEFINED_TRANSFORMATION(' ',' ',#5313,#5688);
#3443=ITEM_DEFINED_TRANSFORMATION(' ',' ',#5313,#5689);
#3444=ITEM_DEFINED_TRANSFORMATION(' ',' ',#5313,#5690);
#3445=ITEM_DEFINED_TRANSFORMATION(' ',' ',#5313,#5691);
#3446=ITEM_DEFINED_TRANSFORMATION(' ',' ',#5313,#5692);
#3447=ITEM_DEFINED_TRANSFORMATION(' ',' ',#5313,#5693);
#3448=ITEM_DEFINED_TRANSFORMATION(' ',' ',#5313,#5694);
#3449=ITEM_DEFINED_TRANSFORMATION(' ',' ',#5313,#5695);
#3450=ITEM_DEFINED_TRANSFORMATION(' ',' ',#5313,#5696);
#3451=ITEM_DEFINED_TRANSFORMATION(' ',' ',#5313,#5697);
#3452=ITEM_DEFINED_TRANSFORMATION(' ',' ',#5313,#5698);
#3453=ITEM_DEFINED_TRANSFORMATION(' ',' ',#5313,#5699);
#3454=ITEM_DEFINED_TRANSFORMATION(' ',' ',#5313,#5700);
#3455=ITEM_DEFINED_TRANSFORMATION(' ',' ',#5313,#5701);
#3456=ITEM_DEFINED_TRANSFORMATION(' ',' ',#5313,#5702);
#3457=ITEM_DEFINED_TRANSFORMATION(' ',' ',#5313,#5703);
#3458=ITEM_DEFINED_TRANSFORMATION(' ',' ',#5313,#5704);
#3459=ITEM_DEFINED_TRANSFORMATION(' ',' ',#5313,#5705);
#3460=ITEM_DEFINED_TRANSFORMATION(' ',' ',#5313,#5706);
#3461=ITEM_DEFINED_TRANSFORMATION(' ',' ',#5313,#5707);
#3462=ITEM_DEFINED_TRANSFORMATION(' ',' ',#5313,#5708);
#3463=ITEM_DEFINED_TRANSFORMATION(' ',' ',#5313,#5709);
#3464=ITEM_DEFINED_TRANSFORMATION(' ',' ',#5313,#5710);
#3465=ITEM_DEFINED_TRANSFORMATION(' ',' ',#5313,#5711);
#3466=ITEM_DEFINED_TRANSFORMATION(' ',' ',#5313,#5712);
#3467=ITEM_DEFINED_TRANSFORMATION(' ',' ',#5313,#5713);
#3468=ITEM_DEFINED_TRANSFORMATION(' ',' ',#5313,#5714);
#3469=ITEM_DEFINED_TRANSFORMATION(' ',' ',#5313,#5715);
#3470=ITEM_DEFINED_TRANSFORMATION(' ',' ',#5313,#5716);
#3471=ITEM_DEFINED_TRANSFORMATION(' ',' ',#5313,#5717);
#3472=ITEM_DEFINED_TRANSFORMATION(' ',' ',#5313,#5718);
#3473=ITEM_DEFINED_TRANSFORMATION(' ',' ',#5313,#5719);
#3474=ITEM_DEFINED_TRANSFORMATION(' ',' ',#5313,#5720);
#3475=ITEM_DEFINED_TRANSFORMATION(' ',' ',#5313,#5721);
#3476=ITEM_DEFINED_TRANSFORMATION(' ',' ',#5313,#5722);
#3477=ITEM_DEFINED_TRANSFORMATION(' ',' ',#5313,#5723);
#3478=ITEM_DEFINED_TRANSFORMATION(' ',' ',#5313,#5724);
#3479=ITEM_DEFINED_TRANSFORMATION(' ',' ',#5313,#5725);
#3480=ITEM_DEFINED_TRANSFORMATION(' ',' ',#5313,#5726);
#3481=ITEM_DEFINED_TRANSFORMATION(' ',' ',#5313,#5727);
#3482=ITEM_DEFINED_TRANSFORMATION(' ',' ',#5313,#5728);
#3483=ITEM_DEFINED_TRANSFORMATION(' ',' ',#5313,#5729);
#3484=ITEM_DEFINED_TRANSFORMATION(' ',' ',#5313,#5730);
#3485=ITEM_DEFINED_TRANSFORMATION(' ',' ',#5313,#5731);
#3486=ITEM_DEFINED_TRANSFORMATION(' ',' ',#5313,#5732);
#3487=ITEM_DEFINED_TRANSFORMATION(' ',' ',#5313,#5733);
#3488=ITEM_DEFINED_TRANSFORMATION(' ',' ',#5313,#5734);
#3489=ITEM_DEFINED_TRANSFORMATION(' ',' ',#5313,#5735);
#3490=ITEM_DEFINED_TRANSFORMATION(' ',' ',#5313,#5736);
#3491=ITEM_DEFINED_TRANSFORMATION(' ',' ',#5313,#5737);
#3492=ITEM_DEFINED_TRANSFORMATION(' ',' ',#5313,#5738);
#3493=ITEM_DEFINED_TRANSFORMATION(' ',' ',#5313,#5739);
#3494=ITEM_DEFINED_TRANSFORMATION(' ',' ',#5313,#5740);
#3495=ITEM_DEFINED_TRANSFORMATION(' ',' ',#5313,#5741);
#3496=ITEM_DEFINED_TRANSFORMATION(' ',' ',#5313,#5742);
#3497=ITEM_DEFINED_TRANSFORMATION(' ',' ',#5313,#5743);
#3498=ITEM_DEFINED_TRANSFORMATION(' ',' ',#5313,#5744);
#3499=ITEM_DEFINED_TRANSFORMATION(' ',' ',#5313,#5745);
#3500=ITEM_DEFINED_TRANSFORMATION(' ',' ',#5313,#5746);
#3501=ITEM_DEFINED_TRANSFORMATION(' ',' ',#5313,#5747);
#3502=ITEM_DEFINED_TRANSFORMATION(' ',' ',#5313,#5748);
#3503=ITEM_DEFINED_TRANSFORMATION(' ',' ',#5313,#5749);
#3504=ITEM_DEFINED_TRANSFORMATION(' ',' ',#5313,#5750);
#3505=ITEM_DEFINED_TRANSFORMATION(' ',' ',#5313,#5751);
#3506=ITEM_DEFINED_TRANSFORMATION(' ',' ',#5313,#5752);
#3507=ITEM_DEFINED_TRANSFORMATION(' ',' ',#5313,#5753);
#3508=ITEM_DEFINED_TRANSFORMATION(' ',' ',#5313,#5754);
#3509=ITEM_DEFINED_TRANSFORMATION(' ',' ',#5313,#5755);
#3510=ITEM_DEFINED_TRANSFORMATION(' ',' ',#5313,#5756);
#3511=ITEM_DEFINED_TRANSFORMATION(' ',' ',#5313,#5757);
#3512=ITEM_DEFINED_TRANSFORMATION(' ',' ',#5313,#5758);
#3513=ITEM_DEFINED_TRANSFORMATION(' ',' ',#5313,#5759);
#3514=ITEM_DEFINED_TRANSFORMATION(' ',' ',#5313,#5760);
#3515=ITEM_DEFINED_TRANSFORMATION(' ',' ',#5313,#5761);
#3516=ITEM_DEFINED_TRANSFORMATION(' ',' ',#5313,#5762);
#3517=ITEM_DEFINED_TRANSFORMATION(' ',' ',#5313,#5763);
#3518=ITEM_DEFINED_TRANSFORMATION(' ',' ',#5313,#5764);
#3519=ITEM_DEFINED_TRANSFORMATION(' ',' ',#5313,#5765);
#3520=ITEM_DEFINED_TRANSFORMATION(' ',' ',#5313,#5766);
#3521=ITEM_DEFINED_TRANSFORMATION(' ',' ',#5313,#5767);
#3522=ITEM_DEFINED_TRANSFORMATION(' ',' ',#5313,#5768);
#3523=ITEM_DEFINED_TRANSFORMATION(' ',' ',#5313,#5769);
#3524=ITEM_DEFINED_TRANSFORMATION(' ',' ',#5313,#5770);
#3525=ITEM_DEFINED_TRANSFORMATION(' ',' ',#5313,#5771);
#3526=ITEM_DEFINED_TRANSFORMATION(' ',' ',#5313,#5772);
#3527=ITEM_DEFINED_TRANSFORMATION(' ',' ',#5313,#5773);
#3528=ITEM_DEFINED_TRANSFORMATION(' ',' ',#5313,#5774);
#3529=ITEM_DEFINED_TRANSFORMATION(' ',' ',#5313,#5775);
#3530=ITEM_DEFINED_TRANSFORMATION(' ',' ',#5313,#5776);
#3531=ITEM_DEFINED_TRANSFORMATION(' ',' ',#5313,#5777);
#3532=ITEM_DEFINED_TRANSFORMATION(' ',' ',#5313,#5778);
#3533=ITEM_DEFINED_TRANSFORMATION(' ',' ',#5313,#5779);
#3534=ITEM_DEFINED_TRANSFORMATION(' ',' ',#5313,#5780);
#3535=ITEM_DEFINED_TRANSFORMATION(' ',' ',#5313,#5781);
#3536=ITEM_DEFINED_TRANSFORMATION(' ',' ',#5313,#5782);
#3537=ITEM_DEFINED_TRANSFORMATION(' ',' ',#5313,#5783);
#3538=ITEM_DEFINED_TRANSFORMATION(' ',' ',#5313,#5784);
#3539=ITEM_DEFINED_TRANSFORMATION(' ',' ',#5313,#5785);
#3540=ITEM_DEFINED_TRANSFORMATION(' ',' ',#5313,#5786);
#3541=ITEM_DEFINED_TRANSFORMATION(' ',' ',#5313,#5787);
#3542=ITEM_DEFINED_TRANSFORMATION(' ',' ',#5313,#5788);
#3543=ITEM_DEFINED_TRANSFORMATION(' ',' ',#5313,#5789);
#3544=ITEM_DEFINED_TRANSFORMATION(' ',' ',#5313,#5790);
#3545=ITEM_DEFINED_TRANSFORMATION(' ',' ',#5313,#5791);
#3546=ITEM_DEFINED_TRANSFORMATION(' ',' ',#5313,#5792);
#3547=ITEM_DEFINED_TRANSFORMATION(' ',' ',#5313,#5793);
#3548=ITEM_DEFINED_TRANSFORMATION(' ',' ',#5313,#5794);
#3549=ITEM_DEFINED_TRANSFORMATION(' ',' ',#5313,#5795);
#3550=ITEM_DEFINED_TRANSFORMATION(' ',' ',#5313,#5796);
#3551=ITEM_DEFINED_TRANSFORMATION(' ',' ',#5313,#5797);
#3552=ITEM_DEFINED_TRANSFORMATION(' ',' ',#5313,#5798);
#3553=ITEM_DEFINED_TRANSFORMATION(' ',' ',#5313,#5799);
#3554=ITEM_DEFINED_TRANSFORMATION(' ',' ',#5313,#5800);
#3555=ITEM_DEFINED_TRANSFORMATION(' ',' ',#5313,#5801);
#3556=ITEM_DEFINED_TRANSFORMATION(' ',' ',#5313,#5802);
#3557=ITEM_DEFINED_TRANSFORMATION(' ',' ',#5313,#5803);
#3558=ITEM_DEFINED_TRANSFORMATION(' ',' ',#5313,#5804);
#3559=ITEM_DEFINED_TRANSFORMATION(' ',' ',#5313,#5805);
#3560=ITEM_DEFINED_TRANSFORMATION(' ',' ',#5313,#5806);
#3561=ITEM_DEFINED_TRANSFORMATION(' ',' ',#5313,#5807);
#3562=ITEM_DEFINED_TRANSFORMATION(' ',' ',#5313,#5808);
#3563=ITEM_DEFINED_TRANSFORMATION(' ',' ',#5313,#5809);
#3564=ITEM_DEFINED_TRANSFORMATION(' ',' ',#5313,#5810);
#3565=ITEM_DEFINED_TRANSFORMATION(' ',' ',#5313,#5811);
#3566=ITEM_DEFINED_TRANSFORMATION(' ',' ',#5313,#5812);
#3567=ITEM_DEFINED_TRANSFORMATION(' ',' ',#5313,#5813);
#3568=ITEM_DEFINED_TRANSFORMATION(' ',' ',#5313,#5814);
#3569=ITEM_DEFINED_TRANSFORMATION(' ',' ',#5313,#5815);
#3570=ITEM_DEFINED_TRANSFORMATION(' ',' ',#5313,#5816);
#3571=ITEM_DEFINED_TRANSFORMATION(' ',' ',#5313,#5817);
#3572=ITEM_DEFINED_TRANSFORMATION(' ',' ',#5313,#5818);
#3573=ITEM_DEFINED_TRANSFORMATION(' ',' ',#5313,#5819);
#3574=ITEM_DEFINED_TRANSFORMATION(' ',' ',#5313,#5820);
#3575=ITEM_DEFINED_TRANSFORMATION(' ',' ',#5313,#5821);
#3576=ITEM_DEFINED_TRANSFORMATION(' ',' ',#5313,#5822);
#3577=ITEM_DEFINED_TRANSFORMATION(' ',' ',#5313,#5823);
#3578=ITEM_DEFINED_TRANSFORMATION(' ',' ',#5313,#5824);
#3579=ITEM_DEFINED_TRANSFORMATION(' ',' ',#5313,#5825);
#3580=ITEM_DEFINED_TRANSFORMATION(' ',' ',#5313,#5826);
#3581=ITEM_DEFINED_TRANSFORMATION(' ',' ',#5313,#5827);
#3582=ITEM_DEFINED_TRANSFORMATION(' ',' ',#5313,#5828);
#3583=ITEM_DEFINED_TRANSFORMATION(' ',' ',#5313,#5829);
#3584=ITEM_DEFINED_TRANSFORMATION(' ',' ',#5313,#5830);
#3585=ITEM_DEFINED_TRANSFORMATION(' ',' ',#5313,#5831);
#3586=ITEM_DEFINED_TRANSFORMATION(' ',' ',#5313,#5832);
#3587=ITEM_DEFINED_TRANSFORMATION(' ',' ',#5313,#5833);
#3588=ITEM_DEFINED_TRANSFORMATION(' ',' ',#5313,#5834);
#3589=ITEM_DEFINED_TRANSFORMATION(' ',' ',#5313,#5835);
#3590=ITEM_DEFINED_TRANSFORMATION(' ',' ',#5313,#5836);
#3591=ITEM_DEFINED_TRANSFORMATION(' ',' ',#5313,#5837);
#3592=ITEM_DEFINED_TRANSFORMATION(' ',' ',#5313,#5838);
#3593=ITEM_DEFINED_TRANSFORMATION(' ',' ',#5313,#5839);
#3594=ITEM_DEFINED_TRANSFORMATION(' ',' ',#5313,#5840);
#3595=ITEM_DEFINED_TRANSFORMATION(' ',' ',#5313,#5841);
#3596=ITEM_DEFINED_TRANSFORMATION(' ',' ',#5313,#5842);
#3597=ITEM_DEFINED_TRANSFORMATION(' ',' ',#5313,#5843);
#3598=ITEM_DEFINED_TRANSFORMATION(' ',' ',#5313,#5844);
#3599=ITEM_DEFINED_TRANSFORMATION(' ',' ',#5313,#5845);
#3600=ITEM_DEFINED_TRANSFORMATION(' ',' ',#5313,#5846);
#3601=ITEM_DEFINED_TRANSFORMATION(' ',' ',#5313,#5847);
#3602=ITEM_DEFINED_TRANSFORMATION(' ',' ',#5313,#5848);
#3603=ITEM_DEFINED_TRANSFORMATION(' ',' ',#5313,#5849);
#3604=ITEM_DEFINED_TRANSFORMATION(' ',' ',#5313,#5850);
#3605=ITEM_DEFINED_TRANSFORMATION(' ',' ',#5313,#5851);
#3606=ITEM_DEFINED_TRANSFORMATION(' ',' ',#5313,#5852);
#3607=ITEM_DEFINED_TRANSFORMATION(' ',' ',#5313,#5853);
#3608=ITEM_DEFINED_TRANSFORMATION(' ',' ',#5313,#5854);
#3609=ITEM_DEFINED_TRANSFORMATION(' ',' ',#5313,#5855);
#3610=ITEM_DEFINED_TRANSFORMATION(' ',' ',#5313,#5856);
#3611=ITEM_DEFINED_TRANSFORMATION(' ',' ',#5313,#5857);
#3612=ITEM_DEFINED_TRANSFORMATION(' ',' ',#5313,#5858);
#3613=ITEM_DEFINED_TRANSFORMATION(' ',' ',#5313,#5859);
#3614=ITEM_DEFINED_TRANSFORMATION(' ',' ',#5313,#5860);
#3615=ITEM_DEFINED_TRANSFORMATION(' ',' ',#5313,#5861);
#3616=ITEM_DEFINED_TRANSFORMATION(' ',' ',#5313,#5862);
#3617=ITEM_DEFINED_TRANSFORMATION(' ',' ',#5313,#5863);
#3618=ITEM_DEFINED_TRANSFORMATION(' ',' ',#5313,#5864);
#3619=ITEM_DEFINED_TRANSFORMATION(' ',' ',#5313,#5865);
#3620=ITEM_DEFINED_TRANSFORMATION(' ',' ',#5313,#5866);
#3621=ITEM_DEFINED_TRANSFORMATION(' ',' ',#5313,#5867);
#3622=ITEM_DEFINED_TRANSFORMATION(' ',' ',#5313,#5868);
#3623=ITEM_DEFINED_TRANSFORMATION(' ',' ',#5313,#5869);
#3624=ITEM_DEFINED_TRANSFORMATION(' ',' ',#5313,#5870);
#3625=ITEM_DEFINED_TRANSFORMATION(' ',' ',#5313,#5871);
#3626=ITEM_DEFINED_TRANSFORMATION(' ',' ',#5313,#5872);
#3627=ITEM_DEFINED_TRANSFORMATION(' ',' ',#5313,#5873);
#3628=ITEM_DEFINED_TRANSFORMATION(' ',' ',#5313,#5874);
#3629=ITEM_DEFINED_TRANSFORMATION(' ',' ',#5313,#5875);
#3630=ITEM_DEFINED_TRANSFORMATION(' ',' ',#5313,#5876);
#3631=ITEM_DEFINED_TRANSFORMATION(' ',' ',#5313,#5877);
#3632=ITEM_DEFINED_TRANSFORMATION(' ',' ',#5313,#5878);
#3633=ITEM_DEFINED_TRANSFORMATION(' ',' ',#5313,#5879);
#3634=ITEM_DEFINED_TRANSFORMATION(' ',' ',#5313,#5880);
#3635=ITEM_DEFINED_TRANSFORMATION(' ',' ',#5313,#5881);
#3636=ITEM_DEFINED_TRANSFORMATION(' ',' ',#5313,#5882);
#3637=ITEM_DEFINED_TRANSFORMATION(' ',' ',#5313,#5883);
#3638=ITEM_DEFINED_TRANSFORMATION(' ',' ',#5313,#5884);
#3639=ITEM_DEFINED_TRANSFORMATION(' ',' ',#5313,#5885);
#3640=ITEM_DEFINED_TRANSFORMATION(' ',' ',#5313,#5886);
#3641=ITEM_DEFINED_TRANSFORMATION(' ',' ',#5313,#5887);
#3642=ITEM_DEFINED_TRANSFORMATION(' ',' ',#5313,#5894);
#3643=ITEM_DEFINED_TRANSFORMATION(' ',' ',#5313,#5895);
#3644=ITEM_DEFINED_TRANSFORMATION(' ',' ',#5313,#5896);
#3645=ITEM_DEFINED_TRANSFORMATION(' ',' ',#5313,#5897);
#3646=ITEM_DEFINED_TRANSFORMATION(' ',' ',#5313,#5898);
#3647=ITEM_DEFINED_TRANSFORMATION(' ',' ',#5313,#5899);
#3648=ITEM_DEFINED_TRANSFORMATION(' ',' ',#5313,#5900);
#3649=ITEM_DEFINED_TRANSFORMATION(' ',' ',#5313,#5901);
#3650=ITEM_DEFINED_TRANSFORMATION(' ',' ',#5313,#5902);
#3651=ITEM_DEFINED_TRANSFORMATION(' ',' ',#5313,#5903);
#3652=ITEM_DEFINED_TRANSFORMATION(' ',' ',#5313,#5904);
#3653=ITEM_DEFINED_TRANSFORMATION(' ',' ',#5313,#5905);
#3654=ITEM_DEFINED_TRANSFORMATION(' ',' ',#5313,#5906);
#3655=ITEM_DEFINED_TRANSFORMATION(' ',' ',#5313,#5907);
#3656=ITEM_DEFINED_TRANSFORMATION(' ',' ',#5313,#5908);
#3657=ITEM_DEFINED_TRANSFORMATION(' ',' ',#5313,#5909);
#3658=ITEM_DEFINED_TRANSFORMATION(' ',' ',#5313,#5910);
#3659=ITEM_DEFINED_TRANSFORMATION(' ',' ',#5313,#5911);
#3660=ITEM_DEFINED_TRANSFORMATION(' ',' ',#5313,#5912);
#3661=ITEM_DEFINED_TRANSFORMATION(' ',' ',#5313,#5913);
#3662=ITEM_DEFINED_TRANSFORMATION(' ',' ',#5313,#5914);
#3663=ITEM_DEFINED_TRANSFORMATION(' ',' ',#5313,#5915);
#3664=ITEM_DEFINED_TRANSFORMATION(' ',' ',#5313,#5916);
#3665=ITEM_DEFINED_TRANSFORMATION(' ',' ',#5313,#5917);
#3666=ITEM_DEFINED_TRANSFORMATION(' ',' ',#5313,#5918);
#3667=ITEM_DEFINED_TRANSFORMATION(' ',' ',#5313,#5919);
#3668=ITEM_DEFINED_TRANSFORMATION(' ',' ',#5313,#5920);
#3669=ITEM_DEFINED_TRANSFORMATION(' ',' ',#5313,#5921);
#3670=ITEM_DEFINED_TRANSFORMATION(' ',' ',#5313,#5922);
#3671=ITEM_DEFINED_TRANSFORMATION(' ',' ',#5313,#5923);
#3672=ITEM_DEFINED_TRANSFORMATION(' ',' ',#5313,#5924);
#3673=ITEM_DEFINED_TRANSFORMATION(' ',' ',#5313,#5925);
#3674=ITEM_DEFINED_TRANSFORMATION(' ',' ',#5313,#5926);
#3675=ITEM_DEFINED_TRANSFORMATION(' ',' ',#5313,#5927);
#3676=ITEM_DEFINED_TRANSFORMATION(' ',' ',#5313,#5928);
#3677=ITEM_DEFINED_TRANSFORMATION(' ',' ',#5313,#5929);
#3678=ITEM_DEFINED_TRANSFORMATION(' ',' ',#5313,#5930);
#3679=ITEM_DEFINED_TRANSFORMATION(' ',' ',#5313,#5931);
#3680=ITEM_DEFINED_TRANSFORMATION(' ',' ',#5313,#5932);
#3681=ITEM_DEFINED_TRANSFORMATION(' ',' ',#5313,#5933);
#3682=ITEM_DEFINED_TRANSFORMATION(' ',' ',#5313,#5934);
#3683=ITEM_DEFINED_TRANSFORMATION(' ',' ',#5313,#5935);
#3684=ITEM_DEFINED_TRANSFORMATION(' ',' ',#5313,#5936);
#3685=ITEM_DEFINED_TRANSFORMATION(' ',' ',#5313,#5937);
#3686=ITEM_DEFINED_TRANSFORMATION(' ',' ',#5313,#5938);
#3687=ITEM_DEFINED_TRANSFORMATION(' ',' ',#5313,#5939);
#3688=ITEM_DEFINED_TRANSFORMATION(' ',' ',#5313,#5940);
#3689=ITEM_DEFINED_TRANSFORMATION(' ',' ',#5313,#5941);
#3690=ITEM_DEFINED_TRANSFORMATION(' ',' ',#5313,#5942);
#3691=ITEM_DEFINED_TRANSFORMATION(' ',' ',#5313,#5943);
#3692=ITEM_DEFINED_TRANSFORMATION(' ',' ',#5313,#5944);
#3693=ITEM_DEFINED_TRANSFORMATION(' ',' ',#5313,#5945);
#3694=ITEM_DEFINED_TRANSFORMATION(' ',' ',#5313,#5946);
#3695=ITEM_DEFINED_TRANSFORMATION(' ',' ',#5313,#5947);
#3696=ITEM_DEFINED_TRANSFORMATION(' ',' ',#5313,#5948);
#3697=ITEM_DEFINED_TRANSFORMATION(' ',' ',#5313,#5949);
#3698=ITEM_DEFINED_TRANSFORMATION(' ',' ',#5313,#5950);
#3699=ITEM_DEFINED_TRANSFORMATION(' ',' ',#5313,#5951);
#3700=ITEM_DEFINED_TRANSFORMATION(' ',' ',#5313,#5952);
#3701=ITEM_DEFINED_TRANSFORMATION(' ',' ',#5313,#5953);
#3702=ITEM_DEFINED_TRANSFORMATION(' ',' ',#5313,#5954);
#3703=ITEM_DEFINED_TRANSFORMATION(' ',' ',#5313,#5955);
#3704=ITEM_DEFINED_TRANSFORMATION(' ',' ',#5313,#5956);
#3705=ITEM_DEFINED_TRANSFORMATION(' ',' ',#5313,#5957);
#3706=ITEM_DEFINED_TRANSFORMATION(' ',' ',#5313,#5958);
#3707=ITEM_DEFINED_TRANSFORMATION(' ',' ',#5313,#5959);
#3708=ITEM_DEFINED_TRANSFORMATION(' ',' ',#5313,#5960);
#3709=ITEM_DEFINED_TRANSFORMATION(' ',' ',#5313,#5961);
#3710=ITEM_DEFINED_TRANSFORMATION(' ',' ',#5313,#5962);
#3711=ITEM_DEFINED_TRANSFORMATION(' ',' ',#5313,#5963);
#3712=ITEM_DEFINED_TRANSFORMATION(' ',' ',#5313,#5964);
#3713=ITEM_DEFINED_TRANSFORMATION(' ',' ',#5313,#5965);
#3714=ITEM_DEFINED_TRANSFORMATION(' ',' ',#5313,#5966);
#3715=ITEM_DEFINED_TRANSFORMATION(' ',' ',#5313,#5967);
#3716=ITEM_DEFINED_TRANSFORMATION(' ',' ',#5313,#5968);
#3717=ITEM_DEFINED_TRANSFORMATION(' ',' ',#5313,#5969);
#3718=ITEM_DEFINED_TRANSFORMATION(' ',' ',#5313,#5970);
#3719=ITEM_DEFINED_TRANSFORMATION(' ',' ',#5313,#5971);
#3720=ITEM_DEFINED_TRANSFORMATION(' ',' ',#5313,#5972);
#3721=ITEM_DEFINED_TRANSFORMATION(' ',' ',#5313,#5973);
#3722=ITEM_DEFINED_TRANSFORMATION(' ',' ',#5313,#5974);
#3723=ITEM_DEFINED_TRANSFORMATION(' ',' ',#5313,#5975);
#3724=ITEM_DEFINED_TRANSFORMATION(' ',' ',#5313,#5976);
#3725=ITEM_DEFINED_TRANSFORMATION(' ',' ',#5313,#5977);
#3726=ITEM_DEFINED_TRANSFORMATION(' ',' ',#5313,#5978);
#3727=ITEM_DEFINED_TRANSFORMATION(' ',' ',#5313,#5979);
#3728=ITEM_DEFINED_TRANSFORMATION(' ',' ',#5313,#5980);
#3729=ITEM_DEFINED_TRANSFORMATION(' ',' ',#5313,#5981);
#3730=ITEM_DEFINED_TRANSFORMATION(' ',' ',#5313,#5982);
#3731=ITEM_DEFINED_TRANSFORMATION(' ',' ',#5313,#5983);
#3732=ITEM_DEFINED_TRANSFORMATION(' ',' ',#5313,#5984);
#3733=ITEM_DEFINED_TRANSFORMATION(' ',' ',#5313,#5985);
#3734=ITEM_DEFINED_TRANSFORMATION(' ',' ',#5313,#5986);
#3735=ITEM_DEFINED_TRANSFORMATION(' ',' ',#5313,#5987);
#3736=ITEM_DEFINED_TRANSFORMATION(' ',' ',#5313,#5988);
#3737=ITEM_DEFINED_TRANSFORMATION(' ',' ',#5313,#5989);
#3738=ITEM_DEFINED_TRANSFORMATION(' ',' ',#5313,#5990);
#3739=ITEM_DEFINED_TRANSFORMATION(' ',' ',#5313,#5991);
#3740=ITEM_DEFINED_TRANSFORMATION(' ',' ',#5313,#5992);
#3741=ITEM_DEFINED_TRANSFORMATION(' ',' ',#5313,#5993);
#3742=ITEM_DEFINED_TRANSFORMATION(' ',' ',#5313,#5994);
#3743=ITEM_DEFINED_TRANSFORMATION(' ',' ',#5313,#5995);
#3744=ITEM_DEFINED_TRANSFORMATION(' ',' ',#5313,#5996);
#3745=ITEM_DEFINED_TRANSFORMATION(' ',' ',#5313,#5997);
#3746=ITEM_DEFINED_TRANSFORMATION(' ',' ',#5313,#5998);
#3747=ITEM_DEFINED_TRANSFORMATION(' ',' ',#5313,#5999);
#3748=ITEM_DEFINED_TRANSFORMATION(' ',' ',#5313,#6000);
#3749=ITEM_DEFINED_TRANSFORMATION(' ',' ',#5313,#6001);
#3750=ITEM_DEFINED_TRANSFORMATION(' ',' ',#5313,#6002);
#3751=ITEM_DEFINED_TRANSFORMATION(' ',' ',#5313,#6003);
#3752=ITEM_DEFINED_TRANSFORMATION(' ',' ',#5313,#6004);
#3753=ITEM_DEFINED_TRANSFORMATION(' ',' ',#5313,#6005);
#3754=ITEM_DEFINED_TRANSFORMATION(' ',' ',#5313,#6006);
#3755=ITEM_DEFINED_TRANSFORMATION(' ',' ',#5313,#6007);
#3756=ITEM_DEFINED_TRANSFORMATION(' ',' ',#5313,#6008);
#3757=ITEM_DEFINED_TRANSFORMATION(' ',' ',#5313,#6009);
#3758=ITEM_DEFINED_TRANSFORMATION(' ',' ',#5313,#6010);
#3759=ITEM_DEFINED_TRANSFORMATION(' ',' ',#5313,#6011);
#3760=ITEM_DEFINED_TRANSFORMATION(' ',' ',#5313,#6012);
#3761=ITEM_DEFINED_TRANSFORMATION(' ',' ',#5313,#6013);
#3762=ITEM_DEFINED_TRANSFORMATION(' ',' ',#5313,#6014);
#3763=ITEM_DEFINED_TRANSFORMATION(' ',' ',#5313,#6015);
#3764=ITEM_DEFINED_TRANSFORMATION(' ',' ',#5313,#6016);
#3765=ITEM_DEFINED_TRANSFORMATION(' ',' ',#5313,#6017);
#3766=ITEM_DEFINED_TRANSFORMATION(' ',' ',#5313,#6018);
#3767=ITEM_DEFINED_TRANSFORMATION(' ',' ',#5313,#6019);
#3768=ITEM_DEFINED_TRANSFORMATION(' ',' ',#5313,#6020);
#3769=ITEM_DEFINED_TRANSFORMATION(' ',' ',#5313,#6021);
#3770=ITEM_DEFINED_TRANSFORMATION(' ',' ',#5313,#6022);
#3771=ITEM_DEFINED_TRANSFORMATION(' ',' ',#5313,#6023);
#3772=ITEM_DEFINED_TRANSFORMATION(' ',' ',#5313,#6024);
#3773=ITEM_DEFINED_TRANSFORMATION(' ',' ',#5313,#6025);
#3774=ITEM_DEFINED_TRANSFORMATION(' ',' ',#5313,#6026);
#3775=ITEM_DEFINED_TRANSFORMATION(' ',' ',#5313,#6027);
#3776=ITEM_DEFINED_TRANSFORMATION(' ',' ',#5313,#6028);
#3777=ITEM_DEFINED_TRANSFORMATION(' ',' ',#5313,#6029);
#3778=ITEM_DEFINED_TRANSFORMATION(' ',' ',#5313,#6030);
#3779=ITEM_DEFINED_TRANSFORMATION(' ',' ',#5313,#6031);
#3780=ITEM_DEFINED_TRANSFORMATION(' ',' ',#5313,#6032);
#3781=ITEM_DEFINED_TRANSFORMATION(' ',' ',#5313,#6033);
#3782=ITEM_DEFINED_TRANSFORMATION(' ',' ',#5313,#6034);
#3783=ITEM_DEFINED_TRANSFORMATION(' ',' ',#5313,#6035);
#3784=ITEM_DEFINED_TRANSFORMATION(' ',' ',#5313,#6036);
#3785=ITEM_DEFINED_TRANSFORMATION(' ',' ',#5313,#6037);
#3786=ITEM_DEFINED_TRANSFORMATION(' ',' ',#5313,#6038);
#3787=ITEM_DEFINED_TRANSFORMATION(' ',' ',#5313,#6039);
#3788=ITEM_DEFINED_TRANSFORMATION(' ',' ',#5313,#6040);
#3789=ITEM_DEFINED_TRANSFORMATION(' ',' ',#5313,#6041);
#3790=ITEM_DEFINED_TRANSFORMATION(' ',' ',#5313,#6042);
#3791=ITEM_DEFINED_TRANSFORMATION(' ',' ',#5313,#6043);
#3792=ITEM_DEFINED_TRANSFORMATION(' ',' ',#5313,#6044);
#3793=ITEM_DEFINED_TRANSFORMATION(' ',' ',#5313,#6045);
#3794=ITEM_DEFINED_TRANSFORMATION(' ',' ',#5313,#6046);
#3795=ITEM_DEFINED_TRANSFORMATION(' ',' ',#5313,#6047);
#3796=ITEM_DEFINED_TRANSFORMATION(' ',' ',#5313,#6048);
#3797=ITEM_DEFINED_TRANSFORMATION(' ',' ',#5313,#6049);
#3798=ITEM_DEFINED_TRANSFORMATION(' ',' ',#5313,#6050);
#3799=ITEM_DEFINED_TRANSFORMATION(' ',' ',#5313,#6051);
#3800=ITEM_DEFINED_TRANSFORMATION(' ',' ',#5313,#6052);
#3801=ITEM_DEFINED_TRANSFORMATION(' ',' ',#5313,#6053);
#3802=ITEM_DEFINED_TRANSFORMATION(' ',' ',#5313,#6054);
#3803=ITEM_DEFINED_TRANSFORMATION(' ',' ',#5313,#6055);
#3804=ITEM_DEFINED_TRANSFORMATION(' ',' ',#5313,#6056);
#3805=ITEM_DEFINED_TRANSFORMATION(' ',' ',#5313,#6057);
#3806=ITEM_DEFINED_TRANSFORMATION(' ',' ',#5313,#6058);
#3807=ITEM_DEFINED_TRANSFORMATION(' ',' ',#5313,#6059);
#3808=ITEM_DEFINED_TRANSFORMATION(' ',' ',#5313,#6060);
#3809=ITEM_DEFINED_TRANSFORMATION(' ',' ',#5313,#6061);
#3810=ITEM_DEFINED_TRANSFORMATION(' ',' ',#5313,#6062);
#3811=ITEM_DEFINED_TRANSFORMATION(' ',' ',#5313,#6063);
#3812=ITEM_DEFINED_TRANSFORMATION(' ',' ',#5313,#6064);
#3813=ITEM_DEFINED_TRANSFORMATION(' ',' ',#5313,#6065);
#3814=ITEM_DEFINED_TRANSFORMATION(' ',' ',#5313,#6066);
#3815=ITEM_DEFINED_TRANSFORMATION(' ',' ',#5313,#6067);
#3816=ITEM_DEFINED_TRANSFORMATION(' ',' ',#5313,#6068);
#3817=ITEM_DEFINED_TRANSFORMATION(' ',' ',#5313,#6069);
#3818=ITEM_DEFINED_TRANSFORMATION(' ',' ',#5313,#6070);
#3819=ITEM_DEFINED_TRANSFORMATION(' ',' ',#5313,#6071);
#3820=ITEM_DEFINED_TRANSFORMATION(' ',' ',#5313,#6072);
#3821=ITEM_DEFINED_TRANSFORMATION(' ',' ',#5313,#6073);
#3822=ITEM_DEFINED_TRANSFORMATION(' ',' ',#5313,#6074);
#3823=ITEM_DEFINED_TRANSFORMATION(' ',' ',#5313,#6075);
#3824=ITEM_DEFINED_TRANSFORMATION(' ',' ',#5313,#6076);
#3825=ITEM_DEFINED_TRANSFORMATION(' ',' ',#5313,#6077);
#3826=ITEM_DEFINED_TRANSFORMATION(' ',' ',#5313,#6078);
#3827=ITEM_DEFINED_TRANSFORMATION(' ',' ',#5313,#6079);
#3828=ITEM_DEFINED_TRANSFORMATION(' ',' ',#5313,#6080);
#3829=ITEM_DEFINED_TRANSFORMATION(' ',' ',#5313,#6081);
#3830=ITEM_DEFINED_TRANSFORMATION(' ',' ',#5313,#6082);
#3831=ITEM_DEFINED_TRANSFORMATION(' ',' ',#5313,#6083);
#3832=ITEM_DEFINED_TRANSFORMATION(' ',' ',#5313,#6084);
#3833=ITEM_DEFINED_TRANSFORMATION(' ',' ',#5313,#6085);
#3834=ITEM_DEFINED_TRANSFORMATION(' ',' ',#5313,#6086);
#3835=ITEM_DEFINED_TRANSFORMATION(' ',' ',#5313,#6087);
#3836=ITEM_DEFINED_TRANSFORMATION(' ',' ',#5313,#6088);
#3837=ITEM_DEFINED_TRANSFORMATION(' ',' ',#5313,#6089);
#3838=ITEM_DEFINED_TRANSFORMATION(' ',' ',#5313,#6090);
#3839=ITEM_DEFINED_TRANSFORMATION(' ',' ',#5313,#6091);
#3840=ITEM_DEFINED_TRANSFORMATION(' ',' ',#5313,#6092);
#3841=ITEM_DEFINED_TRANSFORMATION(' ',' ',#5313,#6093);
#3842=ITEM_DEFINED_TRANSFORMATION(' ',' ',#5313,#6094);
#3843=ITEM_DEFINED_TRANSFORMATION(' ',' ',#5313,#6095);
#3844=ITEM_DEFINED_TRANSFORMATION(' ',' ',#5313,#6096);
#3845=ITEM_DEFINED_TRANSFORMATION(' ',' ',#5313,#6097);
#3846=ITEM_DEFINED_TRANSFORMATION(' ',' ',#5313,#6098);
#3847=ITEM_DEFINED_TRANSFORMATION(' ',' ',#5313,#6099);
#3848=ITEM_DEFINED_TRANSFORMATION(' ',' ',#5313,#6100);
#3849=ITEM_DEFINED_TRANSFORMATION(' ',' ',#5313,#6101);
#3850=ITEM_DEFINED_TRANSFORMATION(' ',' ',#5313,#6102);
#3851=ITEM_DEFINED_TRANSFORMATION(' ',' ',#5313,#6103);
#3852=ITEM_DEFINED_TRANSFORMATION(' ',' ',#5313,#6104);
#3853=ITEM_DEFINED_TRANSFORMATION(' ',' ',#5313,#6105);
#3854=ITEM_DEFINED_TRANSFORMATION(' ',' ',#5313,#6106);
#3855=ITEM_DEFINED_TRANSFORMATION(' ',' ',#5313,#6107);
#3856=ITEM_DEFINED_TRANSFORMATION(' ',' ',#5313,#6108);
#3857=ITEM_DEFINED_TRANSFORMATION(' ',' ',#5313,#6109);
#3858=ITEM_DEFINED_TRANSFORMATION(' ',' ',#5313,#6110);
#3859=ITEM_DEFINED_TRANSFORMATION(' ',' ',#5313,#6111);
#3860=ITEM_DEFINED_TRANSFORMATION(' ',' ',#5313,#6112);
#3861=ITEM_DEFINED_TRANSFORMATION(' ',' ',#5313,#6113);
#3862=ITEM_DEFINED_TRANSFORMATION(' ',' ',#5313,#6114);
#3863=ITEM_DEFINED_TRANSFORMATION(' ',' ',#5313,#6115);
#3864=ITEM_DEFINED_TRANSFORMATION(' ',' ',#5313,#6116);
#3865=ITEM_DEFINED_TRANSFORMATION(' ',' ',#5313,#6117);
#3866=ITEM_DEFINED_TRANSFORMATION(' ',' ',#5313,#6118);
#3867=ITEM_DEFINED_TRANSFORMATION(' ',' ',#5313,#6119);
#3868=ITEM_DEFINED_TRANSFORMATION(' ',' ',#5313,#6120);
#3869=ITEM_DEFINED_TRANSFORMATION(' ',' ',#5313,#6121);
#3870=ITEM_DEFINED_TRANSFORMATION(' ',' ',#5313,#6122);
#3871=ITEM_DEFINED_TRANSFORMATION(' ',' ',#5313,#6123);
#3872=ITEM_DEFINED_TRANSFORMATION(' ',' ',#5313,#6124);
#3873=ITEM_DEFINED_TRANSFORMATION(' ',' ',#5313,#6125);
#3874=ITEM_DEFINED_TRANSFORMATION(' ',' ',#5313,#6126);
#3875=ITEM_DEFINED_TRANSFORMATION(' ',' ',#5313,#6127);
#3876=ITEM_DEFINED_TRANSFORMATION(' ',' ',#5313,#6128);
#3877=ITEM_DEFINED_TRANSFORMATION(' ',' ',#5313,#6129);
#3878=ITEM_DEFINED_TRANSFORMATION(' ',' ',#5313,#6130);
#3879=ITEM_DEFINED_TRANSFORMATION(' ',' ',#5313,#6131);
#3880=ITEM_DEFINED_TRANSFORMATION(' ',' ',#5313,#6132);
#3881=ITEM_DEFINED_TRANSFORMATION(' ',' ',#5313,#6133);
#3882=ITEM_DEFINED_TRANSFORMATION(' ',' ',#5313,#6134);
#3883=ITEM_DEFINED_TRANSFORMATION(' ',' ',#5313,#6135);
#3884=ITEM_DEFINED_TRANSFORMATION(' ',' ',#5313,#6136);
#3885=ITEM_DEFINED_TRANSFORMATION(' ',' ',#5313,#6137);
#3886=ITEM_DEFINED_TRANSFORMATION(' ',' ',#5313,#6138);
#3887=ITEM_DEFINED_TRANSFORMATION(' ',' ',#5313,#6139);
#3888=ITEM_DEFINED_TRANSFORMATION(' ',' ',#5313,#6140);
#3889=ITEM_DEFINED_TRANSFORMATION(' ',' ',#5313,#6141);
#3890=ITEM_DEFINED_TRANSFORMATION(' ',' ',#5313,#6142);
#3891=ITEM_DEFINED_TRANSFORMATION(' ',' ',#5313,#6143);
#3892=ITEM_DEFINED_TRANSFORMATION(' ',' ',#5313,#6144);
#3893=ITEM_DEFINED_TRANSFORMATION(' ',' ',#5313,#6145);
#3894=ITEM_DEFINED_TRANSFORMATION(' ',' ',#5313,#6146);
#3895=ITEM_DEFINED_TRANSFORMATION(' ',' ',#5313,#6147);
#3896=ITEM_DEFINED_TRANSFORMATION(' ',' ',#5313,#6148);
#3897=ITEM_DEFINED_TRANSFORMATION(' ',' ',#5313,#6149);
#3898=ITEM_DEFINED_TRANSFORMATION(' ',' ',#5313,#6150);
#3899=ITEM_DEFINED_TRANSFORMATION(' ',' ',#5313,#6151);
#3900=ITEM_DEFINED_TRANSFORMATION(' ',' ',#5313,#6152);
#3901=ITEM_DEFINED_TRANSFORMATION(' ',' ',#5313,#6153);
#3902=ITEM_DEFINED_TRANSFORMATION(' ',' ',#5313,#6154);
#3903=ITEM_DEFINED_TRANSFORMATION(' ',' ',#5313,#6155);
#3904=ITEM_DEFINED_TRANSFORMATION(' ',' ',#5313,#6156);
#3905=ITEM_DEFINED_TRANSFORMATION(' ',' ',#5313,#6157);
#3906=ITEM_DEFINED_TRANSFORMATION(' ',' ',#5313,#6158);
#3907=ITEM_DEFINED_TRANSFORMATION(' ',' ',#5313,#6159);
#3908=ITEM_DEFINED_TRANSFORMATION(' ',' ',#5313,#6160);
#3909=ITEM_DEFINED_TRANSFORMATION(' ',' ',#5313,#6161);
#3910=ITEM_DEFINED_TRANSFORMATION(' ',' ',#5313,#6162);
#3911=ITEM_DEFINED_TRANSFORMATION(' ',' ',#5313,#6163);
#3912=ITEM_DEFINED_TRANSFORMATION(' ',' ',#5313,#6164);
#3913=ITEM_DEFINED_TRANSFORMATION(' ',' ',#5313,#6165);
#3914=ITEM_DEFINED_TRANSFORMATION(' ',' ',#5313,#6166);
#3915=ITEM_DEFINED_TRANSFORMATION(' ',' ',#5313,#6167);
#3916=ITEM_DEFINED_TRANSFORMATION(' ',' ',#5313,#6168);
#3917=ITEM_DEFINED_TRANSFORMATION(' ',' ',#5313,#6169);
#3918=ITEM_DEFINED_TRANSFORMATION(' ',' ',#5313,#6170);
#3919=ITEM_DEFINED_TRANSFORMATION(' ',' ',#5313,#6171);
#3920=ITEM_DEFINED_TRANSFORMATION(' ',' ',#5313,#6172);
#3921=ITEM_DEFINED_TRANSFORMATION(' ',' ',#5313,#6173);
#3922=ITEM_DEFINED_TRANSFORMATION(' ',' ',#5313,#6174);
#3923=ITEM_DEFINED_TRANSFORMATION(' ',' ',#5313,#6175);
#3924=ITEM_DEFINED_TRANSFORMATION(' ',' ',#5313,#6176);
#3925=ITEM_DEFINED_TRANSFORMATION(' ',' ',#5313,#6177);
#3926=ITEM_DEFINED_TRANSFORMATION(' ',' ',#5313,#6178);
#3927=ITEM_DEFINED_TRANSFORMATION(' ',' ',#5313,#6179);
#3928=ITEM_DEFINED_TRANSFORMATION(' ',' ',#5313,#6180);
#3929=ITEM_DEFINED_TRANSFORMATION(' ',' ',#5313,#6181);
#3930=ITEM_DEFINED_TRANSFORMATION(' ',' ',#5313,#6182);
#3931=ITEM_DEFINED_TRANSFORMATION(' ',' ',#5313,#6183);
#3932=ITEM_DEFINED_TRANSFORMATION(' ',' ',#5313,#6184);
#3933=ITEM_DEFINED_TRANSFORMATION(' ',' ',#5313,#6185);
#3934=ITEM_DEFINED_TRANSFORMATION(' ',' ',#5313,#6186);
#3935=ITEM_DEFINED_TRANSFORMATION(' ',' ',#5313,#6187);
#3936=ITEM_DEFINED_TRANSFORMATION(' ',' ',#5313,#6188);
#3937=ITEM_DEFINED_TRANSFORMATION(' ',' ',#5313,#6189);
#3938=ITEM_DEFINED_TRANSFORMATION(' ',' ',#5313,#6190);
#3939=ITEM_DEFINED_TRANSFORMATION(' ',' ',#5313,#6191);
#3940=ITEM_DEFINED_TRANSFORMATION(' ',' ',#5313,#6192);
#3941=ITEM_DEFINED_TRANSFORMATION(' ',' ',#5313,#6193);
#3942=ITEM_DEFINED_TRANSFORMATION(' ',' ',#5313,#6194);
#3943=ITEM_DEFINED_TRANSFORMATION(' ',' ',#5313,#6195);
#3944=ITEM_DEFINED_TRANSFORMATION(' ',' ',#5313,#6196);
#3945=ITEM_DEFINED_TRANSFORMATION(' ',' ',#5313,#6197);
#3946=ITEM_DEFINED_TRANSFORMATION(' ',' ',#5313,#6198);
#3947=ITEM_DEFINED_TRANSFORMATION(' ',' ',#5313,#6199);
#3948=ITEM_DEFINED_TRANSFORMATION(' ',' ',#5313,#6200);
#3949=ITEM_DEFINED_TRANSFORMATION(' ',' ',#5313,#6201);
#3950=ITEM_DEFINED_TRANSFORMATION(' ',' ',#5313,#6202);
#3951=ITEM_DEFINED_TRANSFORMATION(' ',' ',#5313,#6203);
#3952=ITEM_DEFINED_TRANSFORMATION(' ',' ',#5313,#6204);
#3953=ITEM_DEFINED_TRANSFORMATION(' ',' ',#5313,#6205);
#3954=ITEM_DEFINED_TRANSFORMATION(' ',' ',#5313,#6206);
#3955=ITEM_DEFINED_TRANSFORMATION(' ',' ',#5313,#6207);
#3956=ITEM_DEFINED_TRANSFORMATION(' ',' ',#5313,#6208);
#3957=ITEM_DEFINED_TRANSFORMATION(' ',' ',#5313,#6209);
#3958=ITEM_DEFINED_TRANSFORMATION(' ',' ',#5313,#6210);
#3959=ITEM_DEFINED_TRANSFORMATION(' ',' ',#5313,#6211);
#3960=ITEM_DEFINED_TRANSFORMATION(' ',' ',#5313,#6212);
#3961=ITEM_DEFINED_TRANSFORMATION(' ',' ',#5313,#6213);
#3962=ITEM_DEFINED_TRANSFORMATION(' ',' ',#5313,#6214);
#3963=ITEM_DEFINED_TRANSFORMATION(' ',' ',#5313,#6215);
#3964=ITEM_DEFINED_TRANSFORMATION(' ',' ',#5313,#6216);
#3965=ITEM_DEFINED_TRANSFORMATION(' ',' ',#5313,#6217);
#3966=ITEM_DEFINED_TRANSFORMATION(' ',' ',#5313,#6218);
#3967=ITEM_DEFINED_TRANSFORMATION(' ',' ',#5313,#6219);
#3968=ITEM_DEFINED_TRANSFORMATION(' ',' ',#5313,#6220);
#3969=ITEM_DEFINED_TRANSFORMATION(' ',' ',#5313,#6221);
#3970=ITEM_DEFINED_TRANSFORMATION(' ',' ',#5313,#6222);
#3971=ITEM_DEFINED_TRANSFORMATION(' ',' ',#5313,#6223);
#3972=ITEM_DEFINED_TRANSFORMATION(' ',' ',#5313,#6224);
#3973=ITEM_DEFINED_TRANSFORMATION(' ',' ',#5313,#6225);
#3974=ITEM_DEFINED_TRANSFORMATION(' ',' ',#5313,#6226);
#3975=ITEM_DEFINED_TRANSFORMATION(' ',' ',#5313,#6227);
#3976=ITEM_DEFINED_TRANSFORMATION(' ',' ',#5313,#6228);
#3977=ITEM_DEFINED_TRANSFORMATION(' ',' ',#5313,#6229);
#3978=ITEM_DEFINED_TRANSFORMATION(' ',' ',#5313,#6230);
#3979=ITEM_DEFINED_TRANSFORMATION(' ',' ',#5313,#6231);
#3980=ITEM_DEFINED_TRANSFORMATION(' ',' ',#5313,#6232);
#3981=ITEM_DEFINED_TRANSFORMATION(' ',' ',#5313,#6233);
#3982=ITEM_DEFINED_TRANSFORMATION(' ',' ',#5313,#6234);
#3983=ITEM_DEFINED_TRANSFORMATION(' ',' ',#5313,#6235);
#3984=ITEM_DEFINED_TRANSFORMATION(' ',' ',#5313,#6236);
#3985=ITEM_DEFINED_TRANSFORMATION(' ',' ',#5313,#6237);
#3986=ITEM_DEFINED_TRANSFORMATION(' ',' ',#5313,#6238);
#3987=ITEM_DEFINED_TRANSFORMATION(' ',' ',#5313,#6239);
#3988=ITEM_DEFINED_TRANSFORMATION(' ',' ',#5313,#6240);
#3989=ITEM_DEFINED_TRANSFORMATION(' ',' ',#5313,#6241);
#3990=ITEM_DEFINED_TRANSFORMATION(' ',' ',#5313,#6242);
#3991=ITEM_DEFINED_TRANSFORMATION(' ',' ',#5313,#6243);
#3992=ITEM_DEFINED_TRANSFORMATION(' ',' ',#5313,#6244);
#3993=ITEM_DEFINED_TRANSFORMATION(' ',' ',#5313,#6245);
#3994=ITEM_DEFINED_TRANSFORMATION(' ',' ',#5313,#6246);
#3995=ITEM_DEFINED_TRANSFORMATION(' ',' ',#5313,#6247);
#3996=ITEM_DEFINED_TRANSFORMATION(' ',' ',#5313,#6248);
#3997=ITEM_DEFINED_TRANSFORMATION(' ',' ',#5313,#6249);
#3998=ITEM_DEFINED_TRANSFORMATION(' ',' ',#5313,#6250);
#3999=ITEM_DEFINED_TRANSFORMATION(' ',' ',#5313,#6251);
#4000=ITEM_DEFINED_TRANSFORMATION(' ',' ',#5313,#6252);
#4001=ITEM_DEFINED_TRANSFORMATION(' ',' ',#5313,#6253);
#4002=ITEM_DEFINED_TRANSFORMATION(' ',' ',#5313,#6254);
#4003=ITEM_DEFINED_TRANSFORMATION(' ',' ',#5313,#6255);
#4004=ITEM_DEFINED_TRANSFORMATION(' ',' ',#5313,#6256);
#4005=ITEM_DEFINED_TRANSFORMATION(' ',' ',#5313,#6257);
#4006=ITEM_DEFINED_TRANSFORMATION(' ',' ',#5313,#6258);
#4007=ITEM_DEFINED_TRANSFORMATION(' ',' ',#5313,#6259);
#4008=ITEM_DEFINED_TRANSFORMATION(' ',' ',#5313,#6260);
#4009=ITEM_DEFINED_TRANSFORMATION(' ',' ',#5313,#6261);
#4010=ITEM_DEFINED_TRANSFORMATION(' ',' ',#5313,#6262);
#4011=ITEM_DEFINED_TRANSFORMATION(' ',' ',#5313,#6263);
#4012=ITEM_DEFINED_TRANSFORMATION(' ',' ',#5313,#6264);
#4013=ITEM_DEFINED_TRANSFORMATION(' ',' ',#5313,#6265);
#4014=ITEM_DEFINED_TRANSFORMATION(' ',' ',#5313,#6266);
#4015=ITEM_DEFINED_TRANSFORMATION(' ',' ',#5313,#6267);
#4016=ITEM_DEFINED_TRANSFORMATION(' ',' ',#5313,#6268);
#4017=ITEM_DEFINED_TRANSFORMATION(' ',' ',#5313,#6269);
#4018=ITEM_DEFINED_TRANSFORMATION(' ',' ',#5313,#6270);
#4019=ITEM_DEFINED_TRANSFORMATION(' ',' ',#5313,#6271);
#4020=ITEM_DEFINED_TRANSFORMATION(' ',' ',#5313,#6272);
#4021=ITEM_DEFINED_TRANSFORMATION(' ',' ',#5313,#6273);
#4022=ITEM_DEFINED_TRANSFORMATION(' ',' ',#5313,#6274);
#4023=ITEM_DEFINED_TRANSFORMATION(' ',' ',#5313,#6275);
#4024=ITEM_DEFINED_TRANSFORMATION(' ',' ',#5313,#6276);
#4025=ITEM_DEFINED_TRANSFORMATION(' ',' ',#5313,#6277);
#4026=ITEM_DEFINED_TRANSFORMATION(' ',' ',#5313,#6278);
#4027=ITEM_DEFINED_TRANSFORMATION(' ',' ',#5313,#6279);
#4028=ITEM_DEFINED_TRANSFORMATION(' ',' ',#5313,#6280);
#4029=ITEM_DEFINED_TRANSFORMATION(' ',' ',#5313,#6281);
#4030=ITEM_DEFINED_TRANSFORMATION(' ',' ',#5313,#6282);
#4031=ITEM_DEFINED_TRANSFORMATION(' ',' ',#5313,#6283);
#4032=ITEM_DEFINED_TRANSFORMATION(' ',' ',#5313,#6284);
#4033=ITEM_DEFINED_TRANSFORMATION(' ',' ',#5313,#6285);
#4034=ITEM_DEFINED_TRANSFORMATION(' ',' ',#5313,#6286);
#4035=ITEM_DEFINED_TRANSFORMATION(' ',' ',#5313,#6287);
#4036=ITEM_DEFINED_TRANSFORMATION(' ',' ',#5313,#6288);
#4037=ITEM_DEFINED_TRANSFORMATION(' ',' ',#5313,#6289);
#4038=ITEM_DEFINED_TRANSFORMATION(' ',' ',#5313,#6290);
#4039=ITEM_DEFINED_TRANSFORMATION(' ',' ',#5313,#6291);
#4040=ITEM_DEFINED_TRANSFORMATION(' ',' ',#5313,#6292);
#4041=ITEM_DEFINED_TRANSFORMATION(' ',' ',#5313,#6293);
#4042=ITEM_DEFINED_TRANSFORMATION(' ',' ',#5313,#6294);
#4043=ITEM_DEFINED_TRANSFORMATION(' ',' ',#5313,#6295);
#4044=ITEM_DEFINED_TRANSFORMATION(' ',' ',#5313,#6296);
#4045=ITEM_DEFINED_TRANSFORMATION(' ',' ',#5313,#6297);
#4046=ITEM_DEFINED_TRANSFORMATION(' ',' ',#5313,#6298);
#4047=ITEM_DEFINED_TRANSFORMATION(' ',' ',#5313,#6299);
#4048=ITEM_DEFINED_TRANSFORMATION(' ',' ',#5313,#6300);
#4049=ITEM_DEFINED_TRANSFORMATION(' ',' ',#5313,#6301);
#4050=ITEM_DEFINED_TRANSFORMATION(' ',' ',#5313,#6302);
#4051=ITEM_DEFINED_TRANSFORMATION(' ',' ',#5313,#6303);
#4052=ITEM_DEFINED_TRANSFORMATION(' ',' ',#5313,#6304);
#4053=ITEM_DEFINED_TRANSFORMATION(' ',' ',#5313,#6305);
#4054=ITEM_DEFINED_TRANSFORMATION(' ',' ',#5313,#6306);
#4055=ITEM_DEFINED_TRANSFORMATION(' ',' ',#5313,#6307);
#4056=ITEM_DEFINED_TRANSFORMATION(' ',' ',#5313,#6308);
#4057=ITEM_DEFINED_TRANSFORMATION(' ',' ',#5313,#6309);
#4058=ITEM_DEFINED_TRANSFORMATION(' ',' ',#5313,#6310);
#4059=ITEM_DEFINED_TRANSFORMATION(' ',' ',#5313,#6311);
#4060=ITEM_DEFINED_TRANSFORMATION(' ',' ',#5313,#6312);
#4061=ITEM_DEFINED_TRANSFORMATION(' ',' ',#5313,#6313);
#4062=ITEM_DEFINED_TRANSFORMATION(' ',' ',#5313,#6314);
#4063=ITEM_DEFINED_TRANSFORMATION(' ',' ',#5313,#6315);
#4064=ITEM_DEFINED_TRANSFORMATION(' ',' ',#5313,#6316);
#4065=ITEM_DEFINED_TRANSFORMATION(' ',' ',#5313,#6317);
#4066=ITEM_DEFINED_TRANSFORMATION(' ',' ',#5313,#6318);
#4067=ITEM_DEFINED_TRANSFORMATION(' ',' ',#5313,#6319);
#4068=ITEM_DEFINED_TRANSFORMATION(' ',' ',#5313,#6320);
#4069=ITEM_DEFINED_TRANSFORMATION(' ',' ',#5313,#6321);
#4070=ITEM_DEFINED_TRANSFORMATION(' ',' ',#5313,#6322);
#4071=ITEM_DEFINED_TRANSFORMATION(' ',' ',#5313,#6323);
#4072=ITEM_DEFINED_TRANSFORMATION(' ',' ',#5313,#6324);
#4073=ITEM_DEFINED_TRANSFORMATION(' ',' ',#5313,#6325);
#4074=ITEM_DEFINED_TRANSFORMATION(' ',' ',#5313,#6326);
#4075=ITEM_DEFINED_TRANSFORMATION(' ',' ',#5313,#6327);
#4076=ITEM_DEFINED_TRANSFORMATION(' ',' ',#5313,#6328);
#4077=ITEM_DEFINED_TRANSFORMATION(' ',' ',#5313,#6329);
#4078=ITEM_DEFINED_TRANSFORMATION(' ',' ',#5313,#6330);
#4079=ITEM_DEFINED_TRANSFORMATION(' ',' ',#5313,#6331);
#4080=ITEM_DEFINED_TRANSFORMATION(' ',' ',#5313,#6332);
#4081=ITEM_DEFINED_TRANSFORMATION(' ',' ',#5313,#6333);
#4082=ITEM_DEFINED_TRANSFORMATION(' ',' ',#5313,#6334);
#4083=ITEM_DEFINED_TRANSFORMATION(' ',' ',#5313,#6335);
#4084=ITEM_DEFINED_TRANSFORMATION(' ',' ',#5313,#6336);
#4085=ITEM_DEFINED_TRANSFORMATION(' ',' ',#5313,#6337);
#4086=ITEM_DEFINED_TRANSFORMATION(' ',' ',#5313,#6338);
#4087=ITEM_DEFINED_TRANSFORMATION(' ',' ',#5313,#6339);
#4088=ITEM_DEFINED_TRANSFORMATION(' ',' ',#5313,#6340);
#4089=ITEM_DEFINED_TRANSFORMATION(' ',' ',#5313,#6341);
#4090=ITEM_DEFINED_TRANSFORMATION(' ',' ',#5313,#6342);
#4091=ITEM_DEFINED_TRANSFORMATION(' ',' ',#5313,#6343);
#4092=ITEM_DEFINED_TRANSFORMATION(' ',' ',#5313,#6344);
#4093=ITEM_DEFINED_TRANSFORMATION(' ',' ',#5313,#6345);
#4094=ITEM_DEFINED_TRANSFORMATION(' ',' ',#5313,#6346);
#4095=ITEM_DEFINED_TRANSFORMATION(' ',' ',#5313,#6347);
#4096=ITEM_DEFINED_TRANSFORMATION(' ',' ',#5313,#6348);
#4097=ITEM_DEFINED_TRANSFORMATION(' ',' ',#5313,#6349);
#4098=ITEM_DEFINED_TRANSFORMATION(' ',' ',#5313,#6350);
#4099=ITEM_DEFINED_TRANSFORMATION(' ',' ',#5313,#6351);
#4100=ITEM_DEFINED_TRANSFORMATION(' ',' ',#5313,#6352);
#4101=ITEM_DEFINED_TRANSFORMATION(' ',' ',#5313,#6353);
#4102=ITEM_DEFINED_TRANSFORMATION(' ',' ',#5313,#6354);
#4103=ITEM_DEFINED_TRANSFORMATION(' ',' ',#5313,#6355);
#4104=ITEM_DEFINED_TRANSFORMATION(' ',' ',#5313,#6356);
#4105=ITEM_DEFINED_TRANSFORMATION(' ',' ',#5313,#6357);
#4106=ITEM_DEFINED_TRANSFORMATION(' ',' ',#5313,#6358);
#4107=ITEM_DEFINED_TRANSFORMATION(' ',' ',#5313,#6359);
#4108=ITEM_DEFINED_TRANSFORMATION(' ',' ',#5313,#6360);
#4109=ITEM_DEFINED_TRANSFORMATION(' ',' ',#5313,#6361);
#4110=ITEM_DEFINED_TRANSFORMATION(' ',' ',#5313,#6362);
#4111=ITEM_DEFINED_TRANSFORMATION(' ',' ',#5313,#6363);
#4112=ITEM_DEFINED_TRANSFORMATION(' ',' ',#5313,#6364);
#4113=ITEM_DEFINED_TRANSFORMATION(' ',' ',#5313,#6365);
#4114=ITEM_DEFINED_TRANSFORMATION(' ',' ',#5313,#6366);
#4115=ITEM_DEFINED_TRANSFORMATION(' ',' ',#5313,#6367);
#4116=ITEM_DEFINED_TRANSFORMATION(' ',' ',#5313,#6368);
#4117=ITEM_DEFINED_TRANSFORMATION(' ',' ',#5313,#6369);
#4118=ITEM_DEFINED_TRANSFORMATION(' ',' ',#5313,#6370);
#4119=ITEM_DEFINED_TRANSFORMATION(' ',' ',#5313,#6371);
#4120=ITEM_DEFINED_TRANSFORMATION(' ',' ',#5313,#6372);
#4121=ITEM_DEFINED_TRANSFORMATION(' ',' ',#5313,#6373);
#4122=ITEM_DEFINED_TRANSFORMATION(' ',' ',#5313,#6374);
#4123=ITEM_DEFINED_TRANSFORMATION(' ',' ',#5313,#6375);
#4124=ITEM_DEFINED_TRANSFORMATION(' ',' ',#5313,#6376);
#4125=ITEM_DEFINED_TRANSFORMATION(' ',' ',#5313,#6377);
#4126=ITEM_DEFINED_TRANSFORMATION(' ',' ',#5313,#6378);
#4127=ITEM_DEFINED_TRANSFORMATION(' ',' ',#5313,#6379);
#4128=ITEM_DEFINED_TRANSFORMATION(' ',' ',#5313,#6380);
#4129=ITEM_DEFINED_TRANSFORMATION(' ',' ',#5313,#6381);
#4130=ITEM_DEFINED_TRANSFORMATION(' ',' ',#5313,#6382);
#4131=ITEM_DEFINED_TRANSFORMATION(' ',' ',#5313,#6383);
#4132=ITEM_DEFINED_TRANSFORMATION(' ',' ',#5313,#6384);
#4133=ITEM_DEFINED_TRANSFORMATION(' ',' ',#5313,#6385);
#4134=ITEM_DEFINED_TRANSFORMATION(' ',' ',#5313,#6386);
#4135=ITEM_DEFINED_TRANSFORMATION(' ',' ',#5313,#6387);
#4136=ITEM_DEFINED_TRANSFORMATION(' ',' ',#5313,#6388);
#4137=ITEM_DEFINED_TRANSFORMATION(' ',' ',#5313,#6389);
#4138=ITEM_DEFINED_TRANSFORMATION(' ',' ',#5313,#6390);
#4139=ITEM_DEFINED_TRANSFORMATION(' ',' ',#5313,#6391);
#4140=ITEM_DEFINED_TRANSFORMATION(' ',' ',#5313,#6392);
#4141=ITEM_DEFINED_TRANSFORMATION(' ',' ',#5313,#6393);
#4142=ITEM_DEFINED_TRANSFORMATION(' ',' ',#5313,#6394);
#4143=ITEM_DEFINED_TRANSFORMATION(' ',' ',#5313,#6395);
#4144=ITEM_DEFINED_TRANSFORMATION(' ',' ',#5313,#6396);
#4145=ITEM_DEFINED_TRANSFORMATION(' ',' ',#5313,#6397);
#4146=ITEM_DEFINED_TRANSFORMATION(' ',' ',#5313,#6398);
#4147=ITEM_DEFINED_TRANSFORMATION(' ',' ',#5313,#6399);
#4148=ITEM_DEFINED_TRANSFORMATION(' ',' ',#5313,#6400);
#4149=ITEM_DEFINED_TRANSFORMATION(' ',' ',#5313,#6401);
#4150=ITEM_DEFINED_TRANSFORMATION(' ',' ',#5313,#6402);
#4151=ITEM_DEFINED_TRANSFORMATION(' ',' ',#5313,#6403);
#4152=ITEM_DEFINED_TRANSFORMATION(' ',' ',#5313,#6404);
#4153=ITEM_DEFINED_TRANSFORMATION(' ',' ',#5313,#6405);
#4154=ITEM_DEFINED_TRANSFORMATION(' ',' ',#5313,#6406);
#4155=ITEM_DEFINED_TRANSFORMATION(' ',' ',#5313,#6407);
#4156=ITEM_DEFINED_TRANSFORMATION(' ',' ',#5313,#6408);
#4157=ITEM_DEFINED_TRANSFORMATION(' ',' ',#5313,#6409);
#4158=ITEM_DEFINED_TRANSFORMATION(' ',' ',#5313,#6410);
#4159=ITEM_DEFINED_TRANSFORMATION(' ',' ',#5313,#6411);
#4160=ITEM_DEFINED_TRANSFORMATION(' ',' ',#5313,#6412);
#4161=ITEM_DEFINED_TRANSFORMATION(' ',' ',#5313,#6413);
#4162=ITEM_DEFINED_TRANSFORMATION(' ',' ',#5313,#6414);
#4163=ITEM_DEFINED_TRANSFORMATION(' ',' ',#5313,#6415);
#4164=ITEM_DEFINED_TRANSFORMATION(' ',' ',#5313,#6416);
#4165=ITEM_DEFINED_TRANSFORMATION(' ',' ',#5313,#6417);
#4166=SHAPE_REPRESENTATION_RELATIONSHIP('','',#5303,#4176);
#4167=SHAPE_REPRESENTATION_RELATIONSHIP('','',#5304,#4177);
#4168=SHAPE_REPRESENTATION_RELATIONSHIP('','',#5305,#4178);
#4169=SHAPE_REPRESENTATION_RELATIONSHIP('','',#5306,#4179);
#4170=SHAPE_REPRESENTATION_RELATIONSHIP('','',#5307,#4180);
#4171=SHAPE_REPRESENTATION_RELATIONSHIP('','',#5308,#4181);
#4172=SHAPE_REPRESENTATION_RELATIONSHIP('','',#5309,#4182);
#4173=SHAPE_REPRESENTATION_RELATIONSHIP('','',#5310,#4183);
#4174=SHAPE_REPRESENTATION_RELATIONSHIP('','',#5311,#4184);
#4175=SHAPE_REPRESENTATION_RELATIONSHIP('','',#5312,#4185);
#4176=ADVANCED_BREP_SHAPE_REPRESENTATION('',(#5281),#10087);
#4177=ADVANCED_BREP_SHAPE_REPRESENTATION('',(#5282),#10088);
#4178=ADVANCED_BREP_SHAPE_REPRESENTATION('',(#5283),#10089);
#4179=ADVANCED_BREP_SHAPE_REPRESENTATION('',(#5284),#10090);
#4180=ADVANCED_BREP_SHAPE_REPRESENTATION('',(#5285),#10091);
#4181=ADVANCED_BREP_SHAPE_REPRESENTATION('',(#5286),#10092);
#4182=ADVANCED_BREP_SHAPE_REPRESENTATION('',(#5287),#10093);
#4183=ADVANCED_BREP_SHAPE_REPRESENTATION('',(#5288),#10094);
#4184=ADVANCED_BREP_SHAPE_REPRESENTATION('',(#5289),#10095);
#4185=ADVANCED_BREP_SHAPE_REPRESENTATION('',(#5290),#10096);
#4186=ORIENTED_EDGE('',*,*,#4450,.T.);
#4187=ORIENTED_EDGE('',*,*,#4451,.T.);
#4188=ORIENTED_EDGE('',*,*,#4452,.F.);
#4189=ORIENTED_EDGE('',*,*,#4453,.F.);
#4190=ORIENTED_EDGE('',*,*,#4454,.F.);
#4191=ORIENTED_EDGE('',*,*,#4455,.T.);
#4192=ORIENTED_EDGE('',*,*,#4456,.T.);
#4193=ORIENTED_EDGE('',*,*,#4457,.F.);
#4194=ORIENTED_EDGE('',*,*,#4451,.F.);
#4195=ORIENTED_EDGE('',*,*,#4458,.F.);
#4196=ORIENTED_EDGE('',*,*,#4457,.T.);
#4197=ORIENTED_EDGE('',*,*,#4459,.T.);
#4198=ORIENTED_EDGE('',*,*,#4452,.T.);
#4199=ORIENTED_EDGE('',*,*,#4459,.F.);
#4200=ORIENTED_EDGE('',*,*,#4456,.F.);
#4201=ORIENTED_EDGE('',*,*,#4460,.T.);
#4202=ORIENTED_EDGE('',*,*,#4453,.T.);
#4203=ORIENTED_EDGE('',*,*,#4460,.F.);
#4204=ORIENTED_EDGE('',*,*,#4455,.F.);
#4205=ORIENTED_EDGE('',*,*,#4461,.T.);
#4206=ORIENTED_EDGE('',*,*,#4450,.F.);
#4207=ORIENTED_EDGE('',*,*,#4461,.F.);
#4208=ORIENTED_EDGE('',*,*,#4454,.T.);
#4209=ORIENTED_EDGE('',*,*,#4458,.T.);
#4210=ORIENTED_EDGE('',*,*,#4462,.T.);
#4211=ORIENTED_EDGE('',*,*,#4463,.T.);
#4212=ORIENTED_EDGE('',*,*,#4464,.F.);
#4213=ORIENTED_EDGE('',*,*,#4465,.F.);
#4214=ORIENTED_EDGE('',*,*,#4466,.F.);
#4215=ORIENTED_EDGE('',*,*,#4467,.T.);
#4216=ORIENTED_EDGE('',*,*,#4468,.T.);
#4217=ORIENTED_EDGE('',*,*,#4469,.F.);
#4218=ORIENTED_EDGE('',*,*,#4463,.F.);
#4219=ORIENTED_EDGE('',*,*,#4470,.F.);
#4220=ORIENTED_EDGE('',*,*,#4469,.T.);
#4221=ORIENTED_EDGE('',*,*,#4471,.T.);
#4222=ORIENTED_EDGE('',*,*,#4464,.T.);
#4223=ORIENTED_EDGE('',*,*,#4471,.F.);
#4224=ORIENTED_EDGE('',*,*,#4468,.F.);
#4225=ORIENTED_EDGE('',*,*,#4472,.T.);
#4226=ORIENTED_EDGE('',*,*,#4465,.T.);
#4227=ORIENTED_EDGE('',*,*,#4472,.F.);
#4228=ORIENTED_EDGE('',*,*,#4467,.F.);
#4229=ORIENTED_EDGE('',*,*,#4473,.T.);
#4230=ORIENTED_EDGE('',*,*,#4462,.F.);
#4231=ORIENTED_EDGE('',*,*,#4473,.F.);
#4232=ORIENTED_EDGE('',*,*,#4466,.T.);
#4233=ORIENTED_EDGE('',*,*,#4470,.T.);
#4234=ORIENTED_EDGE('',*,*,#4474,.T.);
#4235=ORIENTED_EDGE('',*,*,#4475,.T.);
#4236=ORIENTED_EDGE('',*,*,#4476,.F.);
#4237=ORIENTED_EDGE('',*,*,#4477,.F.);
#4238=ORIENTED_EDGE('',*,*,#4478,.F.);
#4239=ORIENTED_EDGE('',*,*,#4479,.T.);
#4240=ORIENTED_EDGE('',*,*,#4480,.T.);
#4241=ORIENTED_EDGE('',*,*,#4481,.F.);
#4242=ORIENTED_EDGE('',*,*,#4475,.F.);
#4243=ORIENTED_EDGE('',*,*,#4482,.F.);
#4244=ORIENTED_EDGE('',*,*,#4481,.T.);
#4245=ORIENTED_EDGE('',*,*,#4483,.T.);
#4246=ORIENTED_EDGE('',*,*,#4476,.T.);
#4247=ORIENTED_EDGE('',*,*,#4483,.F.);
#4248=ORIENTED_EDGE('',*,*,#4480,.F.);
#4249=ORIENTED_EDGE('',*,*,#4484,.T.);
#4250=ORIENTED_EDGE('',*,*,#4477,.T.);
#4251=ORIENTED_EDGE('',*,*,#4484,.F.);
#4252=ORIENTED_EDGE('',*,*,#4479,.F.);
#4253=ORIENTED_EDGE('',*,*,#4485,.T.);
#4254=ORIENTED_EDGE('',*,*,#4474,.F.);
#4255=ORIENTED_EDGE('',*,*,#4485,.F.);
#4256=ORIENTED_EDGE('',*,*,#4478,.T.);
#4257=ORIENTED_EDGE('',*,*,#4482,.T.);
#4258=ORIENTED_EDGE('',*,*,#4486,.T.);
#4259=ORIENTED_EDGE('',*,*,#4487,.T.);
#4260=ORIENTED_EDGE('',*,*,#4488,.F.);
#4261=ORIENTED_EDGE('',*,*,#4489,.F.);
#4262=ORIENTED_EDGE('',*,*,#4490,.F.);
#4263=ORIENTED_EDGE('',*,*,#4491,.T.);
#4264=ORIENTED_EDGE('',*,*,#4492,.T.);
#4265=ORIENTED_EDGE('',*,*,#4493,.F.);
#4266=ORIENTED_EDGE('',*,*,#4487,.F.);
#4267=ORIENTED_EDGE('',*,*,#4494,.F.);
#4268=ORIENTED_EDGE('',*,*,#4493,.T.);
#4269=ORIENTED_EDGE('',*,*,#4495,.T.);
#4270=ORIENTED_EDGE('',*,*,#4488,.T.);
#4271=ORIENTED_EDGE('',*,*,#4495,.F.);
#4272=ORIENTED_EDGE('',*,*,#4492,.F.);
#4273=ORIENTED_EDGE('',*,*,#4496,.T.);
#4274=ORIENTED_EDGE('',*,*,#4489,.T.);
#4275=ORIENTED_EDGE('',*,*,#4496,.F.);
#4276=ORIENTED_EDGE('',*,*,#4491,.F.);
#4277=ORIENTED_EDGE('',*,*,#4497,.T.);
#4278=ORIENTED_EDGE('',*,*,#4486,.F.);
#4279=ORIENTED_EDGE('',*,*,#4497,.F.);
#4280=ORIENTED_EDGE('',*,*,#4490,.T.);
#4281=ORIENTED_EDGE('',*,*,#4494,.T.);
#4282=ORIENTED_EDGE('',*,*,#4498,.T.);
#4283=ORIENTED_EDGE('',*,*,#4499,.T.);
#4284=ORIENTED_EDGE('',*,*,#4500,.F.);
#4285=ORIENTED_EDGE('',*,*,#4501,.F.);
#4286=ORIENTED_EDGE('',*,*,#4502,.F.);
#4287=ORIENTED_EDGE('',*,*,#4503,.T.);
#4288=ORIENTED_EDGE('',*,*,#4504,.T.);
#4289=ORIENTED_EDGE('',*,*,#4505,.F.);
#4290=ORIENTED_EDGE('',*,*,#4499,.F.);
#4291=ORIENTED_EDGE('',*,*,#4506,.F.);
#4292=ORIENTED_EDGE('',*,*,#4505,.T.);
#4293=ORIENTED_EDGE('',*,*,#4507,.T.);
#4294=ORIENTED_EDGE('',*,*,#4500,.T.);
#4295=ORIENTED_EDGE('',*,*,#4507,.F.);
#4296=ORIENTED_EDGE('',*,*,#4504,.F.);
#4297=ORIENTED_EDGE('',*,*,#4508,.T.);
#4298=ORIENTED_EDGE('',*,*,#4501,.T.);
#4299=ORIENTED_EDGE('',*,*,#4508,.F.);
#4300=ORIENTED_EDGE('',*,*,#4503,.F.);
#4301=ORIENTED_EDGE('',*,*,#4509,.T.);
#4302=ORIENTED_EDGE('',*,*,#4498,.F.);
#4303=ORIENTED_EDGE('',*,*,#4509,.F.);
#4304=ORIENTED_EDGE('',*,*,#4502,.T.);
#4305=ORIENTED_EDGE('',*,*,#4506,.T.);
#4306=ORIENTED_EDGE('',*,*,#4510,.T.);
#4307=ORIENTED_EDGE('',*,*,#4511,.T.);
#4308=ORIENTED_EDGE('',*,*,#4512,.F.);
#4309=ORIENTED_EDGE('',*,*,#4513,.F.);
#4310=ORIENTED_EDGE('',*,*,#4514,.F.);
#4311=ORIENTED_EDGE('',*,*,#4515,.T.);
#4312=ORIENTED_EDGE('',*,*,#4516,.T.);
#4313=ORIENTED_EDGE('',*,*,#4517,.F.);
#4314=ORIENTED_EDGE('',*,*,#4511,.F.);
#4315=ORIENTED_EDGE('',*,*,#4518,.F.);
#4316=ORIENTED_EDGE('',*,*,#4517,.T.);
#4317=ORIENTED_EDGE('',*,*,#4519,.T.);
#4318=ORIENTED_EDGE('',*,*,#4512,.T.);
#4319=ORIENTED_EDGE('',*,*,#4519,.F.);
#4320=ORIENTED_EDGE('',*,*,#4516,.F.);
#4321=ORIENTED_EDGE('',*,*,#4520,.T.);
#4322=ORIENTED_EDGE('',*,*,#4513,.T.);
#4323=ORIENTED_EDGE('',*,*,#4520,.F.);
#4324=ORIENTED_EDGE('',*,*,#4515,.F.);
#4325=ORIENTED_EDGE('',*,*,#4521,.T.);
#4326=ORIENTED_EDGE('',*,*,#4510,.F.);
#4327=ORIENTED_EDGE('',*,*,#4521,.F.);
#4328=ORIENTED_EDGE('',*,*,#4514,.T.);
#4329=ORIENTED_EDGE('',*,*,#4518,.T.);
#4330=ORIENTED_EDGE('',*,*,#4522,.T.);
#4331=ORIENTED_EDGE('',*,*,#4523,.T.);
#4332=ORIENTED_EDGE('',*,*,#4524,.F.);
#4333=ORIENTED_EDGE('',*,*,#4525,.F.);
#4334=ORIENTED_EDGE('',*,*,#4526,.F.);
#4335=ORIENTED_EDGE('',*,*,#4527,.T.);
#4336=ORIENTED_EDGE('',*,*,#4528,.T.);
#4337=ORIENTED_EDGE('',*,*,#4529,.F.);
#4338=ORIENTED_EDGE('',*,*,#4523,.F.);
#4339=ORIENTED_EDGE('',*,*,#4530,.F.);
#4340=ORIENTED_EDGE('',*,*,#4529,.T.);
#4341=ORIENTED_EDGE('',*,*,#4531,.T.);
#4342=ORIENTED_EDGE('',*,*,#4524,.T.);
#4343=ORIENTED_EDGE('',*,*,#4531,.F.);
#4344=ORIENTED_EDGE('',*,*,#4528,.F.);
#4345=ORIENTED_EDGE('',*,*,#4532,.T.);
#4346=ORIENTED_EDGE('',*,*,#4525,.T.);
#4347=ORIENTED_EDGE('',*,*,#4532,.F.);
#4348=ORIENTED_EDGE('',*,*,#4527,.F.);
#4349=ORIENTED_EDGE('',*,*,#4533,.T.);
#4350=ORIENTED_EDGE('',*,*,#4522,.F.);
#4351=ORIENTED_EDGE('',*,*,#4533,.F.);
#4352=ORIENTED_EDGE('',*,*,#4526,.T.);
#4353=ORIENTED_EDGE('',*,*,#4530,.T.);
#4354=ORIENTED_EDGE('',*,*,#4534,.T.);
#4355=ORIENTED_EDGE('',*,*,#4535,.T.);
#4356=ORIENTED_EDGE('',*,*,#4536,.F.);
#4357=ORIENTED_EDGE('',*,*,#4537,.F.);
#4358=ORIENTED_EDGE('',*,*,#4538,.F.);
#4359=ORIENTED_EDGE('',*,*,#4539,.T.);
#4360=ORIENTED_EDGE('',*,*,#4540,.T.);
#4361=ORIENTED_EDGE('',*,*,#4541,.F.);
#4362=ORIENTED_EDGE('',*,*,#4535,.F.);
#4363=ORIENTED_EDGE('',*,*,#4542,.F.);
#4364=ORIENTED_EDGE('',*,*,#4541,.T.);
#4365=ORIENTED_EDGE('',*,*,#4543,.T.);
#4366=ORIENTED_EDGE('',*,*,#4536,.T.);
#4367=ORIENTED_EDGE('',*,*,#4543,.F.);
#4368=ORIENTED_EDGE('',*,*,#4540,.F.);
#4369=ORIENTED_EDGE('',*,*,#4544,.T.);
#4370=ORIENTED_EDGE('',*,*,#4537,.T.);
#4371=ORIENTED_EDGE('',*,*,#4544,.F.);
#4372=ORIENTED_EDGE('',*,*,#4539,.F.);
#4373=ORIENTED_EDGE('',*,*,#4545,.T.);
#4374=ORIENTED_EDGE('',*,*,#4534,.F.);
#4375=ORIENTED_EDGE('',*,*,#4545,.F.);
#4376=ORIENTED_EDGE('',*,*,#4538,.T.);
#4377=ORIENTED_EDGE('',*,*,#4542,.T.);
#4378=ORIENTED_EDGE('',*,*,#4546,.T.);
#4379=ORIENTED_EDGE('',*,*,#4547,.T.);
#4380=ORIENTED_EDGE('',*,*,#4548,.F.);
#4381=ORIENTED_EDGE('',*,*,#4549,.F.);
#4382=ORIENTED_EDGE('',*,*,#4550,.T.);
#4383=ORIENTED_EDGE('',*,*,#4551,.F.);
#4384=ORIENTED_EDGE('',*,*,#4547,.F.);
#4385=ORIENTED_EDGE('',*,*,#4552,.T.);
#4386=ORIENTED_EDGE('',*,*,#4553,.F.);
#4387=ORIENTED_EDGE('',*,*,#4554,.F.);
#4388=ORIENTED_EDGE('',*,*,#4548,.T.);
#4389=ORIENTED_EDGE('',*,*,#4551,.T.);
#4390=ORIENTED_EDGE('',*,*,#4555,.F.);
#4391=ORIENTED_EDGE('',*,*,#4556,.F.);
#4392=ORIENTED_EDGE('',*,*,#4549,.T.);
#4393=ORIENTED_EDGE('',*,*,#4554,.T.);
#4394=ORIENTED_EDGE('',*,*,#4557,.T.);
#4395=ORIENTED_EDGE('',*,*,#4552,.F.);
#4396=ORIENTED_EDGE('',*,*,#4546,.F.);
#4397=ORIENTED_EDGE('',*,*,#4556,.T.);
#4398=ORIENTED_EDGE('',*,*,#4558,.F.);
#4399=ORIENTED_EDGE('',*,*,#4559,.T.);
#4400=ORIENTED_EDGE('',*,*,#4560,.T.);
#4401=ORIENTED_EDGE('',*,*,#4561,.F.);
#4402=ORIENTED_EDGE('',*,*,#4562,.F.);
#4403=ORIENTED_EDGE('',*,*,#4563,.F.);
#4404=ORIENTED_EDGE('',*,*,#4561,.T.);
#4405=ORIENTED_EDGE('',*,*,#4564,.T.);
#4406=ORIENTED_EDGE('',*,*,#4565,.T.);
#4407=ORIENTED_EDGE('',*,*,#4564,.F.);
#4408=ORIENTED_EDGE('',*,*,#4560,.F.);
#4409=ORIENTED_EDGE('',*,*,#4566,.T.);
#4410=ORIENTED_EDGE('',*,*,#4567,.T.);
#4411=ORIENTED_EDGE('',*,*,#4566,.F.);
#4412=ORIENTED_EDGE('',*,*,#4559,.F.);
#4413=ORIENTED_EDGE('',*,*,#4568,.T.);
#4414=ORIENTED_EDGE('',*,*,#4569,.F.);
#4415=ORIENTED_EDGE('',*,*,#4568,.F.);
#4416=ORIENTED_EDGE('',*,*,#4558,.T.);
#4417=ORIENTED_EDGE('',*,*,#4563,.T.);
#4418=ORIENTED_EDGE('',*,*,#4557,.F.);
#4419=ORIENTED_EDGE('',*,*,#4555,.T.);
#4420=ORIENTED_EDGE('',*,*,#4553,.T.);
#4421=ORIENTED_EDGE('',*,*,#4550,.F.);
#4422=ORIENTED_EDGE('',*,*,#4569,.T.);
#4423=ORIENTED_EDGE('',*,*,#4562,.T.);
#4424=ORIENTED_EDGE('',*,*,#4565,.F.);
#4425=ORIENTED_EDGE('',*,*,#4567,.F.);
#4426=ORIENTED_EDGE('',*,*,#4570,.T.);
#4427=ORIENTED_EDGE('',*,*,#4571,.T.);
#4428=ORIENTED_EDGE('',*,*,#4572,.F.);
#4429=ORIENTED_EDGE('',*,*,#4573,.F.);
#4430=ORIENTED_EDGE('',*,*,#4574,.F.);
#4431=ORIENTED_EDGE('',*,*,#4575,.T.);
#4432=ORIENTED_EDGE('',*,*,#4576,.T.);
#4433=ORIENTED_EDGE('',*,*,#4577,.F.);
#4434=ORIENTED_EDGE('',*,*,#4571,.F.);
#4435=ORIENTED_EDGE('',*,*,#4578,.F.);
#4436=ORIENTED_EDGE('',*,*,#4577,.T.);
#4437=ORIENTED_EDGE('',*,*,#4579,.T.);
#4438=ORIENTED_EDGE('',*,*,#4572,.T.);
#4439=ORIENTED_EDGE('',*,*,#4579,.F.);
#4440=ORIENTED_EDGE('',*,*,#4576,.F.);
#4441=ORIENTED_EDGE('',*,*,#4580,.T.);
#4442=ORIENTED_EDGE('',*,*,#4573,.T.);
#4443=ORIENTED_EDGE('',*,*,#4580,.F.);
#4444=ORIENTED_EDGE('',*,*,#4575,.F.);
#4445=ORIENTED_EDGE('',*,*,#4581,.T.);
#4446=ORIENTED_EDGE('',*,*,#4570,.F.);
#4447=ORIENTED_EDGE('',*,*,#4581,.F.);
#4448=ORIENTED_EDGE('',*,*,#4574,.T.);
#4449=ORIENTED_EDGE('',*,*,#4578,.T.);
#4450=EDGE_CURVE('',#4582,#4583,#4670,.T.);
#4451=EDGE_CURVE('',#4583,#4584,#4671,.T.);
#4452=EDGE_CURVE('',#4585,#4584,#4672,.T.);
#4453=EDGE_CURVE('',#4582,#4585,#4673,.T.);
#4454=EDGE_CURVE('',#4586,#4587,#4674,.T.);
#4455=EDGE_CURVE('',#4586,#4588,#4675,.T.);
#4456=EDGE_CURVE('',#4588,#4589,#4676,.T.);
#4457=EDGE_CURVE('',#4587,#4589,#4677,.T.);
#4458=EDGE_CURVE('',#4587,#4583,#4678,.T.);
#4459=EDGE_CURVE('',#4589,#4584,#4679,.T.);
#4460=EDGE_CURVE('',#4588,#4585,#4680,.T.);
#4461=EDGE_CURVE('',#4586,#4582,#4681,.T.);
#4462=EDGE_CURVE('',#4590,#4591,#4682,.T.);
#4463=EDGE_CURVE('',#4591,#4592,#4683,.T.);
#4464=EDGE_CURVE('',#4593,#4592,#4684,.T.);
#4465=EDGE_CURVE('',#4590,#4593,#4685,.T.);
#4466=EDGE_CURVE('',#4594,#4595,#4686,.T.);
#4467=EDGE_CURVE('',#4594,#4596,#4687,.T.);
#4468=EDGE_CURVE('',#4596,#4597,#4688,.T.);
#4469=EDGE_CURVE('',#4595,#4597,#4689,.T.);
#4470=EDGE_CURVE('',#4595,#4591,#4690,.T.);
#4471=EDGE_CURVE('',#4597,#4592,#4691,.T.);
#4472=EDGE_CURVE('',#4596,#4593,#4692,.T.);
#4473=EDGE_CURVE('',#4594,#4590,#4693,.T.);
#4474=EDGE_CURVE('',#4598,#4599,#4694,.T.);
#4475=EDGE_CURVE('',#4599,#4600,#4695,.T.);
#4476=EDGE_CURVE('',#4601,#4600,#4696,.T.);
#4477=EDGE_CURVE('',#4598,#4601,#4697,.T.);
#4478=EDGE_CURVE('',#4602,#4603,#4698,.T.);
#4479=EDGE_CURVE('',#4602,#4604,#4699,.T.);
#4480=EDGE_CURVE('',#4604,#4605,#4700,.T.);
#4481=EDGE_CURVE('',#4603,#4605,#4701,.T.);
#4482=EDGE_CURVE('',#4603,#4599,#4702,.T.);
#4483=EDGE_CURVE('',#4605,#4600,#4703,.T.);
#4484=EDGE_CURVE('',#4604,#4601,#4704,.T.);
#4485=EDGE_CURVE('',#4602,#4598,#4705,.T.);
#4486=EDGE_CURVE('',#4606,#4607,#4706,.T.);
#4487=EDGE_CURVE('',#4607,#4608,#4707,.T.);
#4488=EDGE_CURVE('',#4609,#4608,#4708,.T.);
#4489=EDGE_CURVE('',#4606,#4609,#4709,.T.);
#4490=EDGE_CURVE('',#4610,#4611,#4710,.T.);
#4491=EDGE_CURVE('',#4610,#4612,#4711,.T.);
#4492=EDGE_CURVE('',#4612,#4613,#4712,.T.);
#4493=EDGE_CURVE('',#4611,#4613,#4713,.T.);
#4494=EDGE_CURVE('',#4611,#4607,#4714,.T.);
#4495=EDGE_CURVE('',#4613,#4608,#4715,.T.);
#4496=EDGE_CURVE('',#4612,#4609,#4716,.T.);
#4497=EDGE_CURVE('',#4610,#4606,#4717,.T.);
#4498=EDGE_CURVE('',#4614,#4615,#4718,.T.);
#4499=EDGE_CURVE('',#4615,#4616,#4719,.T.);
#4500=EDGE_CURVE('',#4617,#4616,#4720,.T.);
#4501=EDGE_CURVE('',#4614,#4617,#4721,.T.);
#4502=EDGE_CURVE('',#4618,#4619,#4722,.T.);
#4503=EDGE_CURVE('',#4618,#4620,#4723,.T.);
#4504=EDGE_CURVE('',#4620,#4621,#4724,.T.);
#4505=EDGE_CURVE('',#4619,#4621,#4725,.T.);
#4506=EDGE_CURVE('',#4619,#4615,#4726,.T.);
#4507=EDGE_CURVE('',#4621,#4616,#4727,.T.);
#4508=EDGE_CURVE('',#4620,#4617,#4728,.T.);
#4509=EDGE_CURVE('',#4618,#4614,#4729,.T.);
#4510=EDGE_CURVE('',#4622,#4623,#4730,.T.);
#4511=EDGE_CURVE('',#4623,#4624,#4731,.T.);
#4512=EDGE_CURVE('',#4625,#4624,#4732,.T.);
#4513=EDGE_CURVE('',#4622,#4625,#4733,.T.);
#4514=EDGE_CURVE('',#4626,#4627,#4734,.T.);
#4515=EDGE_CURVE('',#4626,#4628,#4735,.T.);
#4516=EDGE_CURVE('',#4628,#4629,#4736,.T.);
#4517=EDGE_CURVE('',#4627,#4629,#4737,.T.);
#4518=EDGE_CURVE('',#4627,#4623,#4738,.T.);
#4519=EDGE_CURVE('',#4629,#4624,#4739,.T.);
#4520=EDGE_CURVE('',#4628,#4625,#4740,.T.);
#4521=EDGE_CURVE('',#4626,#4622,#4741,.T.);
#4522=EDGE_CURVE('',#4630,#4631,#4742,.T.);
#4523=EDGE_CURVE('',#4631,#4632,#4743,.T.);
#4524=EDGE_CURVE('',#4633,#4632,#4744,.T.);
#4525=EDGE_CURVE('',#4630,#4633,#4745,.T.);
#4526=EDGE_CURVE('',#4634,#4635,#4746,.T.);
#4527=EDGE_CURVE('',#4634,#4636,#4747,.T.);
#4528=EDGE_CURVE('',#4636,#4637,#4748,.T.);
#4529=EDGE_CURVE('',#4635,#4637,#4749,.T.);
#4530=EDGE_CURVE('',#4635,#4631,#4750,.T.);
#4531=EDGE_CURVE('',#4637,#4632,#4751,.T.);
#4532=EDGE_CURVE('',#4636,#4633,#4752,.T.);
#4533=EDGE_CURVE('',#4634,#4630,#4753,.T.);
#4534=EDGE_CURVE('',#4638,#4639,#4754,.T.);
#4535=EDGE_CURVE('',#4639,#4640,#4755,.T.);
#4536=EDGE_CURVE('',#4641,#4640,#4756,.T.);
#4537=EDGE_CURVE('',#4638,#4641,#4757,.T.);
#4538=EDGE_CURVE('',#4642,#4643,#4758,.T.);
#4539=EDGE_CURVE('',#4642,#4644,#4759,.T.);
#4540=EDGE_CURVE('',#4644,#4645,#4760,.T.);
#4541=EDGE_CURVE('',#4643,#4645,#4761,.T.);
#4542=EDGE_CURVE('',#4643,#4639,#4762,.T.);
#4543=EDGE_CURVE('',#4645,#4640,#4763,.T.);
#4544=EDGE_CURVE('',#4644,#4641,#4764,.T.);
#4545=EDGE_CURVE('',#4642,#4638,#4765,.T.);
#4546=EDGE_CURVE('',#4646,#4647,#4766,.T.);
#4547=EDGE_CURVE('',#4647,#4648,#4767,.T.);
#4548=EDGE_CURVE('',#4649,#4648,#4768,.T.);
#4549=EDGE_CURVE('',#4646,#4649,#4769,.T.);
#4550=EDGE_CURVE('',#4650,#4651,#4770,.T.);
#4551=EDGE_CURVE('',#4648,#4651,#4771,.T.);
#4552=EDGE_CURVE('',#4647,#4650,#4772,.T.);
#4553=EDGE_CURVE('',#4652,#4651,#4773,.T.);
#4554=EDGE_CURVE('',#4649,#4652,#4774,.T.);
#4555=EDGE_CURVE('',#4653,#4652,#4775,.T.);
#4556=EDGE_CURVE('',#4646,#4653,#4776,.T.);
#4557=EDGE_CURVE('',#4653,#4650,#4777,.T.);
#4558=EDGE_CURVE('',#4654,#4655,#4778,.T.);
#4559=EDGE_CURVE('',#4654,#4656,#4779,.T.);
#4560=EDGE_CURVE('',#4656,#4657,#4780,.T.);
#4561=EDGE_CURVE('',#4655,#4657,#4781,.T.);
#4562=EDGE_CURVE('',#4658,#4659,#4782,.T.);
#4563=EDGE_CURVE('',#4655,#4658,#4783,.T.);
#4564=EDGE_CURVE('',#4657,#4659,#4784,.T.);
#4565=EDGE_CURVE('',#4660,#4659,#4785,.T.);
#4566=EDGE_CURVE('',#4656,#4660,#4786,.T.);
#4567=EDGE_CURVE('',#4661,#4660,#4787,.T.);
#4568=EDGE_CURVE('',#4654,#4661,#4788,.T.);
#4569=EDGE_CURVE('',#4661,#4658,#4789,.T.);
#4570=EDGE_CURVE('',#4662,#4663,#4790,.T.);
#4571=EDGE_CURVE('',#4663,#4664,#4791,.T.);
#4572=EDGE_CURVE('',#4665,#4664,#4792,.T.);
#4573=EDGE_CURVE('',#4662,#4665,#4793,.T.);
#4574=EDGE_CURVE('',#4666,#4667,#4794,.T.);
#4575=EDGE_CURVE('',#4666,#4668,#4795,.T.);
#4576=EDGE_CURVE('',#4668,#4669,#4796,.T.);
#4577=EDGE_CURVE('',#4667,#4669,#4797,.T.);
#4578=EDGE_CURVE('',#4667,#4663,#4798,.T.);
#4579=EDGE_CURVE('',#4669,#4664,#4799,.T.);
#4580=EDGE_CURVE('',#4668,#4665,#4800,.T.);
#4581=EDGE_CURVE('',#4666,#4662,#4801,.T.);
#4582=VERTEX_POINT('',#8763);
#4583=VERTEX_POINT('',#8764);
#4584=VERTEX_POINT('',#8766);
#4585=VERTEX_POINT('',#8768);
#4586=VERTEX_POINT('',#8772);
#4587=VERTEX_POINT('',#8773);
#4588=VERTEX_POINT('',#8775);
#4589=VERTEX_POINT('',#8777);
#4590=VERTEX_POINT('',#8794);
#4591=VERTEX_POINT('',#8795);
#4592=VERTEX_POINT('',#8797);
#4593=VERTEX_POINT('',#8799);
#4594=VERTEX_POINT('',#8803);
#4595=VERTEX_POINT('',#8804);
#4596=VERTEX_POINT('',#8806);
#4597=VERTEX_POINT('',#8808);
#4598=VERTEX_POINT('',#8837);
#4599=VERTEX_POINT('',#8838);
#4600=VERTEX_POINT('',#8840);
#4601=VERTEX_POINT('',#8842);
#4602=VERTEX_POINT('',#8846);
#4603=VERTEX_POINT('',#8847);
#4604=VERTEX_POINT('',#8849);
#4605=VERTEX_POINT('',#8851);
#4606=VERTEX_POINT('',#8874);
#4607=VERTEX_POINT('',#8875);
#4608=VERTEX_POINT('',#8877);
#4609=VERTEX_POINT('',#8879);
#4610=VERTEX_POINT('',#8883);
#4611=VERTEX_POINT('',#8884);
#4612=VERTEX_POINT('',#8886);
#4613=VERTEX_POINT('',#8888);
#4614=VERTEX_POINT('',#8913);
#4615=VERTEX_POINT('',#8914);
#4616=VERTEX_POINT('',#8916);
#4617=VERTEX_POINT('',#8918);
#4618=VERTEX_POINT('',#8922);
#4619=VERTEX_POINT('',#8923);
#4620=VERTEX_POINT('',#8925);
#4621=VERTEX_POINT('',#8927);
#4622=VERTEX_POINT('',#8953);
#4623=VERTEX_POINT('',#8954);
#4624=VERTEX_POINT('',#8956);
#4625=VERTEX_POINT('',#8958);
#4626=VERTEX_POINT('',#8962);
#4627=VERTEX_POINT('',#8963);
#4628=VERTEX_POINT('',#8965);
#4629=VERTEX_POINT('',#8967);
#4630=VERTEX_POINT('',#8980);
#4631=VERTEX_POINT('',#8981);
#4632=VERTEX_POINT('',#8983);
#4633=VERTEX_POINT('',#8985);
#4634=VERTEX_POINT('',#8989);
#4635=VERTEX_POINT('',#8990);
#4636=VERTEX_POINT('',#8992);
#4637=VERTEX_POINT('',#8994);
#4638=VERTEX_POINT('',#9007);
#4639=VERTEX_POINT('',#9008);
#4640=VERTEX_POINT('',#9010);
#4641=VERTEX_POINT('',#9012);
#4642=VERTEX_POINT('',#9016);
#4643=VERTEX_POINT('',#9017);
#4644=VERTEX_POINT('',#9019);
#4645=VERTEX_POINT('',#9021);
#4646=VERTEX_POINT('',#9079);
#4647=VERTEX_POINT('',#9080);
#4648=VERTEX_POINT('',#9082);
#4649=VERTEX_POINT('',#9084);
#4650=VERTEX_POINT('',#9088);
#4651=VERTEX_POINT('',#9089);
#4652=VERTEX_POINT('',#9094);
#4653=VERTEX_POINT('',#9098);
#4654=VERTEX_POINT('',#9104);
#4655=VERTEX_POINT('',#9105);
#4656=VERTEX_POINT('',#9107);
#4657=VERTEX_POINT('',#9109);
#4658=VERTEX_POINT('',#9113);
#4659=VERTEX_POINT('',#9114);
#4660=VERTEX_POINT('',#9119);
#4661=VERTEX_POINT('',#9123);
#4662=VERTEX_POINT('',#9537);
#4663=VERTEX_POINT('',#9538);
#4664=VERTEX_POINT('',#9540);
#4665=VERTEX_POINT('',#9542);
#4666=VERTEX_POINT('',#9546);
#4667=VERTEX_POINT('',#9547);
#4668=VERTEX_POINT('',#9549);
#4669=VERTEX_POINT('',#9551);
#4670=LINE('',#8762,#4802);
#4671=LINE('',#8765,#4803);
#4672=LINE('',#8767,#4804);
#4673=LINE('',#8769,#4805);
#4674=LINE('',#8771,#4806);
#4675=LINE('',#8774,#4807);
#4676=LINE('',#8776,#4808);
#4677=LINE('',#8778,#4809);
#4678=LINE('',#8780,#4810);
#4679=LINE('',#8781,#4811);
#4680=LINE('',#8783,#4812);
#4681=LINE('',#8785,#4813);
#4682=LINE('',#8793,#4814);
#4683=LINE('',#8796,#4815);
#4684=LINE('',#8798,#4816);
#4685=LINE('',#8800,#4817);
#4686=LINE('',#8802,#4818);
#4687=LINE('',#8805,#4819);
#4688=LINE('',#8807,#4820);
#4689=LINE('',#8809,#4821);
#4690=LINE('',#8811,#4822);
#4691=LINE('',#8812,#4823);
#4692=LINE('',#8814,#4824);
#4693=LINE('',#8816,#4825);
#4694=LINE('',#8836,#4826);
#4695=LINE('',#8839,#4827);
#4696=LINE('',#8841,#4828);
#4697=LINE('',#8843,#4829);
#4698=LINE('',#8845,#4830);
#4699=LINE('',#8848,#4831);
#4700=LINE('',#8850,#4832);
#4701=LINE('',#8852,#4833);
#4702=LINE('',#8854,#4834);
#4703=LINE('',#8855,#4835);
#4704=LINE('',#8857,#4836);
#4705=LINE('',#8859,#4837);
#4706=LINE('',#8873,#4838);
#4707=LINE('',#8876,#4839);
#4708=LINE('',#8878,#4840);
#4709=LINE('',#8880,#4841);
#4710=LINE('',#8882,#4842);
#4711=LINE('',#8885,#4843);
#4712=LINE('',#8887,#4844);
#4713=LINE('',#8889,#4845);
#4714=LINE('',#8891,#4846);
#4715=LINE('',#8892,#4847);
#4716=LINE('',#8894,#4848);
#4717=LINE('',#8896,#4849);
#4718=LINE('',#8912,#4850);
#4719=LINE('',#8915,#4851);
#4720=LINE('',#8917,#4852);
#4721=LINE('',#8919,#4853);
#4722=LINE('',#8921,#4854);
#4723=LINE('',#8924,#4855);
#4724=LINE('',#8926,#4856);
#4725=LINE('',#8928,#4857);
#4726=LINE('',#8930,#4858);
#4727=LINE('',#8931,#4859);
#4728=LINE('',#8933,#4860);
#4729=LINE('',#8935,#4861);
#4730=LINE('',#8952,#4862);
#4731=LINE('',#8955,#4863);
#4732=LINE('',#8957,#4864);
#4733=LINE('',#8959,#4865);
#4734=LINE('',#8961,#4866);
#4735=LINE('',#8964,#4867);
#4736=LINE('',#8966,#4868);
#4737=LINE('',#8968,#4869);
#4738=LINE('',#8970,#4870);
#4739=LINE('',#8971,#4871);
#4740=LINE('',#8973,#4872);
#4741=LINE('',#8975,#4873);
#4742=LINE('',#8979,#4874);
#4743=LINE('',#8982,#4875);
#4744=LINE('',#8984,#4876);
#4745=LINE('',#8986,#4877);
#4746=LINE('',#8988,#4878);
#4747=LINE('',#8991,#4879);
#4748=LINE('',#8993,#4880);
#4749=LINE('',#8995,#4881);
#4750=LINE('',#8997,#4882);
#4751=LINE('',#8998,#4883);
#4752=LINE('',#9000,#4884);
#4753=LINE('',#9002,#4885);
#4754=LINE('',#9006,#4886);
#4755=LINE('',#9009,#4887);
#4756=LINE('',#9011,#4888);
#4757=LINE('',#9013,#4889);
#4758=LINE('',#9015,#4890);
#4759=LINE('',#9018,#4891);
#4760=LINE('',#9020,#4892);
#4761=LINE('',#9022,#4893);
#4762=LINE('',#9024,#4894);
#4763=LINE('',#9025,#4895);
#4764=LINE('',#9027,#4896);
#4765=LINE('',#9029,#4897);
#4766=LINE('',#9078,#4898);
#4767=LINE('',#9081,#4899);
#4768=LINE('',#9083,#4900);
#4769=LINE('',#9085,#4901);
#4770=LINE('',#9087,#4902);
#4771=LINE('',#9090,#4903);
#4772=LINE('',#9091,#4904);
#4773=LINE('',#9093,#4905);
#4774=LINE('',#9095,#4906);
#4775=LINE('',#9097,#4907);
#4776=LINE('',#9099,#4908);
#4777=LINE('',#9101,#4909);
#4778=LINE('',#9103,#4910);
#4779=LINE('',#9106,#4911);
#4780=LINE('',#9108,#4912);
#4781=LINE('',#9110,#4913);
#4782=LINE('',#9112,#4914);
#4783=LINE('',#9115,#4915);
#4784=LINE('',#9116,#4916);
#4785=LINE('',#9118,#4917);
#4786=LINE('',#9120,#4918);
#4787=LINE('',#9122,#4919);
#4788=LINE('',#9124,#4920);
#4789=LINE('',#9126,#4921);
#4790=LINE('',#9536,#4922);
#4791=LINE('',#9539,#4923);
#4792=LINE('',#9541,#4924);
#4793=LINE('',#9543,#4925);
#4794=LINE('',#9545,#4926);
#4795=LINE('',#9548,#4927);
#4796=LINE('',#9550,#4928);
#4797=LINE('',#9552,#4929);
#4798=LINE('',#9554,#4930);
#4799=LINE('',#9555,#4931);
#4800=LINE('',#9557,#4932);
#4801=LINE('',#9559,#4933);
#4802=VECTOR('',#6422,1.);
#4803=VECTOR('',#6423,1.);
#4804=VECTOR('',#6424,1.);
#4805=VECTOR('',#6425,1.);
#4806=VECTOR('',#6428,1.);
#4807=VECTOR('',#6429,1.);
#4808=VECTOR('',#6430,1.);
#4809=VECTOR('',#6431,1.);
#4810=VECTOR('',#6434,1.);
#4811=VECTOR('',#6435,1.);
#4812=VECTOR('',#6438,1.);
#4813=VECTOR('',#6441,1.);
#4814=VECTOR('',#6456,1.);
#4815=VECTOR('',#6457,1.);
#4816=VECTOR('',#6458,1.);
#4817=VECTOR('',#6459,1.);
#4818=VECTOR('',#6462,1.);
#4819=VECTOR('',#6463,1.);
#4820=VECTOR('',#6464,1.);
#4821=VECTOR('',#6465,1.);
#4822=VECTOR('',#6468,1.);
#4823=VECTOR('',#6469,1.);
#4824=VECTOR('',#6472,1.);
#4825=VECTOR('',#6475,1.);
#4826=VECTOR('',#6514,1.);
#4827=VECTOR('',#6515,1.);
#4828=VECTOR('',#6516,1.);
#4829=VECTOR('',#6517,1.);
#4830=VECTOR('',#6520,1.);
#4831=VECTOR('',#6521,1.);
#4832=VECTOR('',#6522,1.);
#4833=VECTOR('',#6523,1.);
#4834=VECTOR('',#6526,1.);
#4835=VECTOR('',#6527,1.);
#4836=VECTOR('',#6530,1.);
#4837=VECTOR('',#6533,1.);
#4838=VECTOR('',#6560,1.);
#4839=VECTOR('',#6561,1.);
#4840=VECTOR('',#6562,1.);
#4841=VECTOR('',#6563,1.);
#4842=VECTOR('',#6566,1.);
#4843=VECTOR('',#6567,1.);
#4844=VECTOR('',#6568,1.);
#4845=VECTOR('',#6569,1.);
#4846=VECTOR('',#6572,1.);
#4847=VECTOR('',#6573,1.);
#4848=VECTOR('',#6576,1.);
#4849=VECTOR('',#6579,1.);
#4850=VECTOR('',#6610,1.);
#4851=VECTOR('',#6611,1.);
#4852=VECTOR('',#6612,1.);
#4853=VECTOR('',#6613,1.);
#4854=VECTOR('',#6616,1.);
#4855=VECTOR('',#6617,1.);
#4856=VECTOR('',#6618,1.);
#4857=VECTOR('',#6619,1.);
#4858=VECTOR('',#6622,1.);
#4859=VECTOR('',#6623,1.);
#4860=VECTOR('',#6626,1.);
#4861=VECTOR('',#6629,1.);
#4862=VECTOR('',#6662,1.);
#4863=VECTOR('',#6663,1.);
#4864=VECTOR('',#6664,1.);
#4865=VECTOR('',#6665,1.);
#4866=VECTOR('',#6668,1.);
#4867=VECTOR('',#6669,1.);
#4868=VECTOR('',#6670,1.);
#4869=VECTOR('',#6671,1.);
#4870=VECTOR('',#6674,1.);
#4871=VECTOR('',#6675,1.);
#4872=VECTOR('',#6678,1.);
#4873=VECTOR('',#6681,1.);
#4874=VECTOR('',#6688,1.);
#4875=VECTOR('',#6689,1.);
#4876=VECTOR('',#6690,1.);
#4877=VECTOR('',#6691,1.);
#4878=VECTOR('',#6694,1.);
#4879=VECTOR('',#6695,1.);
#4880=VECTOR('',#6696,1.);
#4881=VECTOR('',#6697,1.);
#4882=VECTOR('',#6700,1.);
#4883=VECTOR('',#6701,1.);
#4884=VECTOR('',#6704,1.);
#4885=VECTOR('',#6707,1.);
#4886=VECTOR('',#6714,1.);
#4887=VECTOR('',#6715,1.);
#4888=VECTOR('',#6716,1.);
#4889=VECTOR('',#6717,1.);
#4890=VECTOR('',#6720,1.);
#4891=VECTOR('',#6721,1.);
#4892=VECTOR('',#6722,1.);
#4893=VECTOR('',#6723,1.);
#4894=VECTOR('',#6726,1.);
#4895=VECTOR('',#6727,1.);
#4896=VECTOR('',#6730,1.);
#4897=VECTOR('',#6733,1.);
#4898=VECTOR('',#6830,1.);
#4899=VECTOR('',#6831,1.);
#4900=VECTOR('',#6832,1.);
#4901=VECTOR('',#6833,1.);
#4902=VECTOR('',#6836,1.);
#4903=VECTOR('',#6837,1.);
#4904=VECTOR('',#6838,1.);
#4905=VECTOR('',#6841,1.);
#4906=VECTOR('',#6842,1.);
#4907=VECTOR('',#6845,1.);
#4908=VECTOR('',#6846,1.);
#4909=VECTOR('',#6849,1.);
#4910=VECTOR('',#6852,1.);
#4911=VECTOR('',#6853,1.);
#4912=VECTOR('',#6854,1.);
#4913=VECTOR('',#6855,1.);
#4914=VECTOR('',#6858,1.);
#4915=VECTOR('',#6859,1.);
#4916=VECTOR('',#6860,1.);
#4917=VECTOR('',#6863,1.);
#4918=VECTOR('',#6864,1.);
#4919=VECTOR('',#6867,1.);
#4920=VECTOR('',#6868,1.);
#4921=VECTOR('',#6871,1.);
#4922=VECTOR('',#7690,1.);
#4923=VECTOR('',#7691,1.);
#4924=VECTOR('',#7692,1.);
#4925=VECTOR('',#7693,1.);
#4926=VECTOR('',#7696,1.);
#4927=VECTOR('',#7697,1.);
#4928=VECTOR('',#7698,1.);
#4929=VECTOR('',#7699,1.);
#4930=VECTOR('',#7702,1.);
#4931=VECTOR('',#7703,1.);
#4932=VECTOR('',#7706,1.);
#4933=VECTOR('',#7709,1.);
#4934=EDGE_LOOP('',(#4186,#4187,#4188,#4189));
#4935=EDGE_LOOP('',(#4190,#4191,#4192,#4193));
#4936=EDGE_LOOP('',(#4194,#4195,#4196,#4197));
#4937=EDGE_LOOP('',(#4198,#4199,#4200,#4201));
#4938=EDGE_LOOP('',(#4202,#4203,#4204,#4205));
#4939=EDGE_LOOP('',(#4206,#4207,#4208,#4209));
#4940=EDGE_LOOP('',(#4210,#4211,#4212,#4213));
#4941=EDGE_LOOP('',(#4214,#4215,#4216,#4217));
#4942=EDGE_LOOP('',(#4218,#4219,#4220,#4221));
#4943=EDGE_LOOP('',(#4222,#4223,#4224,#4225));
#4944=EDGE_LOOP('',(#4226,#4227,#4228,#4229));
#4945=EDGE_LOOP('',(#4230,#4231,#4232,#4233));
#4946=EDGE_LOOP('',(#4234,#4235,#4236,#4237));
#4947=EDGE_LOOP('',(#4238,#4239,#4240,#4241));
#4948=EDGE_LOOP('',(#4242,#4243,#4244,#4245));
#4949=EDGE_LOOP('',(#4246,#4247,#4248,#4249));
#4950=EDGE_LOOP('',(#4250,#4251,#4252,#4253));
#4951=EDGE_LOOP('',(#4254,#4255,#4256,#4257));
#4952=EDGE_LOOP('',(#4258,#4259,#4260,#4261));
#4953=EDGE_LOOP('',(#4262,#4263,#4264,#4265));
#4954=EDGE_LOOP('',(#4266,#4267,#4268,#4269));
#4955=EDGE_LOOP('',(#4270,#4271,#4272,#4273));
#4956=EDGE_LOOP('',(#4274,#4275,#4276,#4277));
#4957=EDGE_LOOP('',(#4278,#4279,#4280,#4281));
#4958=EDGE_LOOP('',(#4282,#4283,#4284,#4285));
#4959=EDGE_LOOP('',(#4286,#4287,#4288,#4289));
#4960=EDGE_LOOP('',(#4290,#4291,#4292,#4293));
#4961=EDGE_LOOP('',(#4294,#4295,#4296,#4297));
#4962=EDGE_LOOP('',(#4298,#4299,#4300,#4301));
#4963=EDGE_LOOP('',(#4302,#4303,#4304,#4305));
#4964=EDGE_LOOP('',(#4306,#4307,#4308,#4309));
#4965=EDGE_LOOP('',(#4310,#4311,#4312,#4313));
#4966=EDGE_LOOP('',(#4314,#4315,#4316,#4317));
#4967=EDGE_LOOP('',(#4318,#4319,#4320,#4321));
#4968=EDGE_LOOP('',(#4322,#4323,#4324,#4325));
#4969=EDGE_LOOP('',(#4326,#4327,#4328,#4329));
#4970=EDGE_LOOP('',(#4330,#4331,#4332,#4333));
#4971=EDGE_LOOP('',(#4334,#4335,#4336,#4337));
#4972=EDGE_LOOP('',(#4338,#4339,#4340,#4341));
#4973=EDGE_LOOP('',(#4342,#4343,#4344,#4345));
#4974=EDGE_LOOP('',(#4346,#4347,#4348,#4349));
#4975=EDGE_LOOP('',(#4350,#4351,#4352,#4353));
#4976=EDGE_LOOP('',(#4354,#4355,#4356,#4357));
#4977=EDGE_LOOP('',(#4358,#4359,#4360,#4361));
#4978=EDGE_LOOP('',(#4362,#4363,#4364,#4365));
#4979=EDGE_LOOP('',(#4366,#4367,#4368,#4369));
#4980=EDGE_LOOP('',(#4370,#4371,#4372,#4373));
#4981=EDGE_LOOP('',(#4374,#4375,#4376,#4377));
#4982=EDGE_LOOP('',(#4378,#4379,#4380,#4381));
#4983=EDGE_LOOP('',(#4382,#4383,#4384,#4385));
#4984=EDGE_LOOP('',(#4386,#4387,#4388,#4389));
#4985=EDGE_LOOP('',(#4390,#4391,#4392,#4393));
#4986=EDGE_LOOP('',(#4394,#4395,#4396,#4397));
#4987=EDGE_LOOP('',(#4398,#4399,#4400,#4401));
#4988=EDGE_LOOP('',(#4402,#4403,#4404,#4405));
#4989=EDGE_LOOP('',(#4406,#4407,#4408,#4409));
#4990=EDGE_LOOP('',(#4410,#4411,#4412,#4413));
#4991=EDGE_LOOP('',(#4414,#4415,#4416,#4417));
#4992=EDGE_LOOP('',(#4418,#4419,#4420,#4421));
#4993=EDGE_LOOP('',(#4422,#4423,#4424,#4425));
#4994=EDGE_LOOP('',(#4426,#4427,#4428,#4429));
#4995=EDGE_LOOP('',(#4430,#4431,#4432,#4433));
#4996=EDGE_LOOP('',(#4434,#4435,#4436,#4437));
#4997=EDGE_LOOP('',(#4438,#4439,#4440,#4441));
#4998=EDGE_LOOP('',(#4442,#4443,#4444,#4445));
#4999=EDGE_LOOP('',(#4446,#4447,#4448,#4449));
#5000=FACE_BOUND('',#4934,.T.);
#5001=FACE_BOUND('',#4935,.T.);
#5002=FACE_BOUND('',#4936,.T.);
#5003=FACE_BOUND('',#4937,.T.);
#5004=FACE_BOUND('',#4938,.T.);
#5005=FACE_BOUND('',#4939,.T.);
#5006=FACE_BOUND('',#4940,.T.);
#5007=FACE_BOUND('',#4941,.T.);
#5008=FACE_BOUND('',#4942,.T.);
#5009=FACE_BOUND('',#4943,.T.);
#5010=FACE_BOUND('',#4944,.T.);
#5011=FACE_BOUND('',#4945,.T.);
#5012=FACE_BOUND('',#4946,.T.);
#5013=FACE_BOUND('',#4947,.T.);
#5014=FACE_BOUND('',#4948,.T.);
#5015=FACE_BOUND('',#4949,.T.);
#5016=FACE_BOUND('',#4950,.T.);
#5017=FACE_BOUND('',#4951,.T.);
#5018=FACE_BOUND('',#4952,.T.);
#5019=FACE_BOUND('',#4953,.T.);
#5020=FACE_BOUND('',#4954,.T.);
#5021=FACE_BOUND('',#4955,.T.);
#5022=FACE_BOUND('',#4956,.T.);
#5023=FACE_BOUND('',#4957,.T.);
#5024=FACE_BOUND('',#4958,.T.);
#5025=FACE_BOUND('',#4959,.T.);
#5026=FACE_BOUND('',#4960,.T.);
#5027=FACE_BOUND('',#4961,.T.);
#5028=FACE_BOUND('',#4962,.T.);
#5029=FACE_BOUND('',#4963,.T.);
#5030=FACE_BOUND('',#4964,.T.);
#5031=FACE_BOUND('',#4965,.T.);
#5032=FACE_BOUND('',#4966,.T.);
#5033=FACE_BOUND('',#4967,.T.);
#5034=FACE_BOUND('',#4968,.T.);
#5035=FACE_BOUND('',#4969,.T.);
#5036=FACE_BOUND('',#4970,.T.);
#5037=FACE_BOUND('',#4971,.T.);
#5038=FACE_BOUND('',#4972,.T.);
#5039=FACE_BOUND('',#4973,.T.);
#5040=FACE_BOUND('',#4974,.T.);
#5041=FACE_BOUND('',#4975,.T.);
#5042=FACE_BOUND('',#4976,.T.);
#5043=FACE_BOUND('',#4977,.T.);
#5044=FACE_BOUND('',#4978,.T.);
#5045=FACE_BOUND('',#4979,.T.);
#5046=FACE_BOUND('',#4980,.T.);
#5047=FACE_BOUND('',#4981,.T.);
#5048=FACE_BOUND('',#4982,.T.);
#5049=FACE_BOUND('',#4983,.T.);
#5050=FACE_BOUND('',#4984,.T.);
#5051=FACE_BOUND('',#4985,.T.);
#5052=FACE_BOUND('',#4986,.T.);
#5053=FACE_BOUND('',#4987,.T.);
#5054=FACE_BOUND('',#4988,.T.);
#5055=FACE_BOUND('',#4989,.T.);
#5056=FACE_BOUND('',#4990,.T.);
#5057=FACE_BOUND('',#4991,.T.);
#5058=FACE_BOUND('',#4992,.T.);
#5059=FACE_BOUND('',#4993,.T.);
#5060=FACE_BOUND('',#4994,.T.);
#5061=FACE_BOUND('',#4995,.T.);
#5062=FACE_BOUND('',#4996,.T.);
#5063=FACE_BOUND('',#4997,.T.);
#5064=FACE_BOUND('',#4998,.T.);
#5065=FACE_BOUND('',#4999,.T.);
#5066=PLANE('',#5314);
#5067=PLANE('',#5315);
#5068=PLANE('',#5316);
#5069=PLANE('',#5317);
#5070=PLANE('',#5318);
#5071=PLANE('',#5319);
#5072=PLANE('',#5325);
#5073=PLANE('',#5326);
#5074=PLANE('',#5327);
#5075=PLANE('',#5328);
#5076=PLANE('',#5329);
#5077=PLANE('',#5330);
#5078=PLANE('',#5348);
#5079=PLANE('',#5349);
#5080=PLANE('',#5350);
#5081=PLANE('',#5351);
#5082=PLANE('',#5352);
#5083=PLANE('',#5353);
#5084=PLANE('',#5365);
#5085=PLANE('',#5366);
#5086=PLANE('',#5367);
#5087=PLANE('',#5368);
#5088=PLANE('',#5369);
#5089=PLANE('',#5370);
#5090=PLANE('',#5384);
#5091=PLANE('',#5385);
#5092=PLANE('',#5386);
#5093=PLANE('',#5387);
#5094=PLANE('',#5388);
#5095=PLANE('',#5389);
#5096=PLANE('',#5404);
#5097=PLANE('',#5405);
#5098=PLANE('',#5406);
#5099=PLANE('',#5407);
#5100=PLANE('',#5408);
#5101=PLANE('',#5409);
#5102=PLANE('',#5411);
#5103=PLANE('',#5412);
#5104=PLANE('',#5413);
#5105=PLANE('',#5414);
#5106=PLANE('',#5415);
#5107=PLANE('',#5416);
#5108=PLANE('',#5418);
#5109=PLANE('',#5419);
#5110=PLANE('',#5420);
#5111=PLANE('',#5421);
#5112=PLANE('',#5422);
#5113=PLANE('',#5423);
#5114=PLANE('',#5470);
#5115=PLANE('',#5471);
#5116=PLANE('',#5472);
#5117=PLANE('',#5473);
#5118=PLANE('',#5474);
#5119=PLANE('',#5475);
#5120=PLANE('',#5476);
#5121=PLANE('',#5477);
#5122=PLANE('',#5478);
#5123=PLANE('',#5479);
#5124=PLANE('',#5480);
#5125=PLANE('',#5888);
#5126=PLANE('',#5889);
#5127=PLANE('',#5890);
#5128=PLANE('',#5891);
#5129=PLANE('',#5892);
#5130=PLANE('',#5893);
#5131=ADVANCED_FACE('',(#5000),#5066,.F.);
#5132=ADVANCED_FACE('',(#5001),#5067,.T.);
#5133=ADVANCED_FACE('',(#5002),#5068,.T.);
#5134=ADVANCED_FACE('',(#5003),#5069,.F.);
#5135=ADVANCED_FACE('',(#5004),#5070,.F.);
#5136=ADVANCED_FACE('',(#5005),#5071,.T.);
#5137=ADVANCED_FACE('',(#5006),#5072,.F.);
#5138=ADVANCED_FACE('',(#5007),#5073,.T.);
#5139=ADVANCED_FACE('',(#5008),#5074,.T.);
#5140=ADVANCED_FACE('',(#5009),#5075,.F.);
#5141=ADVANCED_FACE('',(#5010),#5076,.F.);
#5142=ADVANCED_FACE('',(#5011),#5077,.T.);
#5143=ADVANCED_FACE('',(#5012),#5078,.F.);
#5144=ADVANCED_FACE('',(#5013),#5079,.T.);
#5145=ADVANCED_FACE('',(#5014),#5080,.T.);
#5146=ADVANCED_FACE('',(#5015),#5081,.F.);
#5147=ADVANCED_FACE('',(#5016),#5082,.F.);
#5148=ADVANCED_FACE('',(#5017),#5083,.T.);
#5149=ADVANCED_FACE('',(#5018),#5084,.F.);
#5150=ADVANCED_FACE('',(#5019),#5085,.T.);
#5151=ADVANCED_FACE('',(#5020),#5086,.T.);
#5152=ADVANCED_FACE('',(#5021),#5087,.F.);
#5153=ADVANCED_FACE('',(#5022),#5088,.F.);
#5154=ADVANCED_FACE('',(#5023),#5089,.T.);
#5155=ADVANCED_FACE('',(#5024),#5090,.F.);
#5156=ADVANCED_FACE('',(#5025),#5091,.T.);
#5157=ADVANCED_FACE('',(#5026),#5092,.T.);
#5158=ADVANCED_FACE('',(#5027),#5093,.F.);
#5159=ADVANCED_FACE('',(#5028),#5094,.F.);
#5160=ADVANCED_FACE('',(#5029),#5095,.T.);
#5161=ADVANCED_FACE('',(#5030),#5096,.F.);
#5162=ADVANCED_FACE('',(#5031),#5097,.T.);
#5163=ADVANCED_FACE('',(#5032),#5098,.T.);
#5164=ADVANCED_FACE('',(#5033),#5099,.F.);
#5165=ADVANCED_FACE('',(#5034),#5100,.F.);
#5166=ADVANCED_FACE('',(#5035),#5101,.T.);
#5167=ADVANCED_FACE('',(#5036),#5102,.F.);
#5168=ADVANCED_FACE('',(#5037),#5103,.T.);
#5169=ADVANCED_FACE('',(#5038),#5104,.T.);
#5170=ADVANCED_FACE('',(#5039),#5105,.F.);
#5171=ADVANCED_FACE('',(#5040),#5106,.F.);
#5172=ADVANCED_FACE('',(#5041),#5107,.T.);
#5173=ADVANCED_FACE('',(#5042),#5108,.F.);
#5174=ADVANCED_FACE('',(#5043),#5109,.T.);
#5175=ADVANCED_FACE('',(#5044),#5110,.T.);
#5176=ADVANCED_FACE('',(#5045),#5111,.F.);
#5177=ADVANCED_FACE('',(#5046),#5112,.F.);
#5178=ADVANCED_FACE('',(#5047),#5113,.T.);
#5179=ADVANCED_FACE('',(#5048),#5114,.F.);
#5180=ADVANCED_FACE('',(#5049),#5115,.F.);
#5181=ADVANCED_FACE('',(#5050),#5116,.T.);
#5182=ADVANCED_FACE('',(#5051),#5117,.T.);
#5183=ADVANCED_FACE('',(#5052),#5118,.F.);
#5184=ADVANCED_FACE('',(#5053),#5119,.T.);
#5185=ADVANCED_FACE('',(#5054),#5120,.T.);
#5186=ADVANCED_FACE('',(#5055),#5121,.F.);
#5187=ADVANCED_FACE('',(#5056),#5122,.F.);
#5188=ADVANCED_FACE('',(#5057),#5123,.T.);
#5189=ADVANCED_FACE('',(#5058,#5059),#5124,.F.);
#5190=ADVANCED_FACE('',(#5060),#5125,.F.);
#5191=ADVANCED_FACE('',(#5061),#5126,.T.);
#5192=ADVANCED_FACE('',(#5062),#5127,.T.);
#5193=ADVANCED_FACE('',(#5063),#5128,.F.);
#5194=ADVANCED_FACE('',(#5064),#5129,.F.);
#5195=ADVANCED_FACE('',(#5065),#5130,.T.);
#5196=CLOSED_SHELL('',(#5131,#5132,#5133,#5134,#5135,#5136));
#5197=CLOSED_SHELL('',(#5137,#5138,#5139,#5140,#5141,#5142));
#5198=CLOSED_SHELL('',(#5143,#5144,#5145,#5146,#5147,#5148));
#5199=CLOSED_SHELL('',(#5149,#5150,#5151,#5152,#5153,#5154));
#5200=CLOSED_SHELL('',(#5155,#5156,#5157,#5158,#5159,#5160));
#5201=CLOSED_SHELL('',(#5161,#5162,#5163,#5164,#5165,#5166));
#5202=CLOSED_SHELL('',(#5167,#5168,#5169,#5170,#5171,#5172));
#5203=CLOSED_SHELL('',(#5173,#5174,#5175,#5176,#5177,#5178));
#5204=CLOSED_SHELL('',(#5179,#5180,#5181,#5182,#5183,#5184,#5185,#5186,
#5187,#5188,#5189));
#5205=CLOSED_SHELL('',(#5190,#5191,#5192,#5193,#5194,#5195));
#5206=STYLED_ITEM('',(#5216),#5281);
#5207=STYLED_ITEM('',(#5217),#5282);
#5208=STYLED_ITEM('',(#5218),#5283);
#5209=STYLED_ITEM('',(#5219),#5284);
#5210=STYLED_ITEM('',(#5220),#5285);
#5211=STYLED_ITEM('',(#5221),#5286);
#5212=STYLED_ITEM('',(#5222),#5287);
#5213=STYLED_ITEM('',(#5223),#5288);
#5214=STYLED_ITEM('',(#5224),#5289);
#5215=STYLED_ITEM('',(#5225),#5290);
#5216=PRESENTATION_STYLE_ASSIGNMENT((#5226));
#5217=PRESENTATION_STYLE_ASSIGNMENT((#5227));
#5218=PRESENTATION_STYLE_ASSIGNMENT((#5228));
#5219=PRESENTATION_STYLE_ASSIGNMENT((#5229));
#5220=PRESENTATION_STYLE_ASSIGNMENT((#5230));
#5221=PRESENTATION_STYLE_ASSIGNMENT((#5231));
#5222=PRESENTATION_STYLE_ASSIGNMENT((#5232));
#5223=PRESENTATION_STYLE_ASSIGNMENT((#5233));
#5224=PRESENTATION_STYLE_ASSIGNMENT((#5234));
#5225=PRESENTATION_STYLE_ASSIGNMENT((#5235));
#5226=SURFACE_STYLE_USAGE(.BOTH.,#5236);
#5227=SURFACE_STYLE_USAGE(.BOTH.,#5237);
#5228=SURFACE_STYLE_USAGE(.BOTH.,#5238);
#5229=SURFACE_STYLE_USAGE(.BOTH.,#5239);
#5230=SURFACE_STYLE_USAGE(.BOTH.,#5240);
#5231=SURFACE_STYLE_USAGE(.BOTH.,#5241);
#5232=SURFACE_STYLE_USAGE(.BOTH.,#5242);
#5233=SURFACE_STYLE_USAGE(.BOTH.,#5243);
#5234=SURFACE_STYLE_USAGE(.BOTH.,#5244);
#5235=SURFACE_STYLE_USAGE(.BOTH.,#5245);
#5236=SURFACE_SIDE_STYLE('',(#5246));
#5237=SURFACE_SIDE_STYLE('',(#5247));
#5238=SURFACE_SIDE_STYLE('',(#5248));
#5239=SURFACE_SIDE_STYLE('',(#5249));
#5240=SURFACE_SIDE_STYLE('',(#5250));
#5241=SURFACE_SIDE_STYLE('',(#5251));
#5242=SURFACE_SIDE_STYLE('',(#5252));
#5243=SURFACE_SIDE_STYLE('',(#5253));
#5244=SURFACE_SIDE_STYLE('',(#5254));
#5245=SURFACE_SIDE_STYLE('',(#5255));
#5246=SURFACE_STYLE_FILL_AREA(#5256);
#5247=SURFACE_STYLE_FILL_AREA(#5257);
#5248=SURFACE_STYLE_FILL_AREA(#5258);
#5249=SURFACE_STYLE_FILL_AREA(#5259);
#5250=SURFACE_STYLE_FILL_AREA(#5260);
#5251=SURFACE_STYLE_FILL_AREA(#5261);
#5252=SURFACE_STYLE_FILL_AREA(#5262);
#5253=SURFACE_STYLE_FILL_AREA(#5263);
#5254=SURFACE_STYLE_FILL_AREA(#5264);
#5255=SURFACE_STYLE_FILL_AREA(#5265);
#5256=FILL_AREA_STYLE('',(#5266));
#5257=FILL_AREA_STYLE('',(#5267));
#5258=FILL_AREA_STYLE('',(#5268));
#5259=FILL_AREA_STYLE('',(#5269));
#5260=FILL_AREA_STYLE('',(#5270));
#5261=FILL_AREA_STYLE('',(#5271));
#5262=FILL_AREA_STYLE('',(#5272));
#5263=FILL_AREA_STYLE('',(#5273));
#5264=FILL_AREA_STYLE('',(#5274));
#5265=FILL_AREA_STYLE('',(#5275));
#5266=FILL_AREA_STYLE_COLOUR('',#5276);
#5267=FILL_AREA_STYLE_COLOUR('',#5277);
#5268=FILL_AREA_STYLE_COLOUR('',#5277);
#5269=FILL_AREA_STYLE_COLOUR('',#5277);
#5270=FILL_AREA_STYLE_COLOUR('',#5277);
#5271=FILL_AREA_STYLE_COLOUR('',#5277);
#5272=FILL_AREA_STYLE_COLOUR('',#5277);
#5273=FILL_AREA_STYLE_COLOUR('',#5278);
#5274=FILL_AREA_STYLE_COLOUR('',#5279);
#5275=FILL_AREA_STYLE_COLOUR('',#5280);
#5276=COLOUR_RGB('',0.850980392156863,0.913725490196078,0.952941176470588);
#5277=COLOUR_RGB('',0.647058823529412,0.647058823529412,0.647058823529412);
#5278=COLOUR_RGB('',0.196078431372549,0.43921568627451,0.0784313725490196);
#5279=COLOUR_RGB('',0.188235294117647,0.188235294117647,0.188235294117647);
#5280=COLOUR_RGB('',0.901960784313726,0.901960784313726,0.901960784313726);
#5281=MANIFOLD_SOLID_BREP('Part 1',#5196);
#5282=MANIFOLD_SOLID_BREP('Part 2',#5197);
#5283=MANIFOLD_SOLID_BREP('Part 6',#5198);
#5284=MANIFOLD_SOLID_BREP('Part 5',#5199);
#5285=MANIFOLD_SOLID_BREP('Part 3',#5200);
#5286=MANIFOLD_SOLID_BREP('Part 4',#5201);
#5287=MANIFOLD_SOLID_BREP('Part 7',#5202);
#5288=MANIFOLD_SOLID_BREP('Part 1',#5203);
#5289=MANIFOLD_SOLID_BREP('Part 1',#5204);
#5290=MANIFOLD_SOLID_BREP('Part 1',#5205);
#5291=SHAPE_DEFINITION_REPRESENTATION(#10111,#5302);
#5292=SHAPE_DEFINITION_REPRESENTATION(#10112,#5303);
#5293=SHAPE_DEFINITION_REPRESENTATION(#10118,#5304);
#5294=SHAPE_DEFINITION_REPRESENTATION(#10136,#5305);
#5295=SHAPE_DEFINITION_REPRESENTATION(#10148,#5306);
#5296=SHAPE_DEFINITION_REPRESENTATION(#10162,#5307);
#5297=SHAPE_DEFINITION_REPRESENTATION(#10177,#5308);
#5298=SHAPE_DEFINITION_REPRESENTATION(#10179,#5309);
#5299=SHAPE_DEFINITION_REPRESENTATION(#10181,#5310);
#5300=SHAPE_DEFINITION_REPRESENTATION(#10228,#5311);
#5301=SHAPE_DEFINITION_REPRESENTATION(#10636,#5312);
#5302=SHAPE_REPRESENTATION('dmod',(#5313,#5320,#5321,#5322,#5323,#5324,
#5331,#5332,#5333,#5334,#5335,#5336,#5337,#5338,#5339,#5340,#5341,#5342,
#5343,#5344,#5345,#5346,#5347,#5354,#5355,#5356,#5357,#5358,#5359,#5360,
#5361,#5362,#5363,#5364,#5371,#5372,#5373,#5374,#5375,#5376,#5377,#5378,
#5379,#5380,#5381,#5382,#5383,#5390,#5391,#5392,#5393,#5394,#5395,#5396,
#5397,#5398,#5399,#5400,#5401,#5402,#5403,#5410,#5417,#5424,#5425,#5426,
#5427,#5428,#5429,#5430,#5431,#5432,#5433,#5434,#5435,#5436,#5437,#5438,
#5439,#5440,#5441,#5442,#5443,#5444,#5445,#5446,#5447,#5448,#5449,#5450,
#5451,#5452,#5453,#5454,#5455,#5456,#5457,#5458,#5459,#5460,#5461,#5462,
#5463,#5464,#5465,#5466,#5467,#5468,#5469,#5481,#5482,#5483,#5484,#5485,
#5486,#5487,#5488,#5489,#5490,#5491,#5492,#5493,#5494,#5495,#5496,#5497,
#5498,#5499,#5500,#5501,#5502,#5503,#5504,#5505,#5506,#5507,#5508,#5509,
#5510,#5511,#5512,#5513,#5514,#5515,#5516,#5517,#5518,#5519,#5520,#5521,
#5522,#5523,#5524,#5525,#5526,#5527,#5528,#5529,#5530,#5531,#5532,#5533,
#5534,#5535,#5536,#5537,#5538,#5539,#5540,#5541,#5542,#5543,#5544,#5545,
#5546,#5547,#5548,#5549,#5550,#5551,#5552,#5553,#5554,#5555,#5556,#5557,
#5558,#5559,#5560,#5561,#5562,#5563,#5564,#5565,#5566,#5567,#5568,#5569,
#5570,#5571,#5572,#5573,#5574,#5575,#5576,#5577,#5578,#5579,#5580,#5581,
#5582,#5583,#5584,#5585,#5586,#5587,#5588,#5589,#5590,#5591,#5592,#5593,
#5594,#5595,#5596,#5597,#5598,#5599,#5600,#5601,#5602,#5603,#5604,#5605,
#5606,#5607,#5608,#5609,#5610,#5611,#5612,#5613,#5614,#5615,#5616,#5617,
#5618,#5619,#5620,#5621,#5622,#5623,#5624,#5625,#5626,#5627,#5628,#5629,
#5630,#5631,#5632,#5633,#5634,#5635,#5636,#5637,#5638,#5639,#5640,#5641,
#5642,#5643,#5644,#5645,#5646,#5647,#5648,#5649,#5650,#5651,#5652,#5653,
#5654,#5655,#5656,#5657,#5658,#5659,#5660,#5661,#5662,#5663,#5664,#5665,
#5666,#5667,#5668,#5669,#5670,#5671,#5672,#5673,#5674,#5675,#5676,#5677,
#5678,#5679,#5680,#5681,#5682,#5683,#5684,#5685,#5686,#5687,#5688,#5689,
#5690,#5691,#5692,#5693,#5694,#5695,#5696,#5697,#5698,#5699,#5700,#5701,
#5702,#5703,#5704,#5705,#5706,#5707,#5708,#5709,#5710,#5711,#5712,#5713,
#5714,#5715,#5716,#5717,#5718,#5719,#5720,#5721,#5722,#5723,#5724,#5725,
#5726,#5727,#5728,#5729,#5730,#5731,#5732,#5733,#5734,#5735,#5736,#5737,
#5738,#5739,#5740,#5741,#5742,#5743,#5744,#5745,#5746,#5747,#5748,#5749,
#5750,#5751,#5752,#5753,#5754,#5755,#5756,#5757,#5758,#5759,#5760,#5761,
#5762,#5763,#5764,#5765,#5766,#5767,#5768,#5769,#5770,#5771,#5772,#5773,
#5774,#5775,#5776,#5777,#5778,#5779,#5780,#5781,#5782,#5783,#5784,#5785,
#5786,#5787,#5788,#5789,#5790,#5791,#5792,#5793,#5794,#5795,#5796,#5797,
#5798,#5799,#5800,#5801,#5802,#5803,#5804,#5805,#5806,#5807,#5808,#5809,
#5810,#5811,#5812,#5813,#5814,#5815,#5816,#5817,#5818,#5819,#5820,#5821,
#5822,#5823,#5824,#5825,#5826,#5827,#5828,#5829,#5830,#5831,#5832,#5833,
#5834,#5835,#5836,#5837,#5838,#5839,#5840,#5841,#5842,#5843,#5844,#5845,
#5846,#5847,#5848,#5849,#5850,#5851,#5852,#5853,#5854,#5855,#5856,#5857,
#5858,#5859,#5860,#5861,#5862,#5863,#5864,#5865,#5866,#5867,#5868,#5869,
#5870,#5871,#5872,#5873,#5874,#5875,#5876,#5877,#5878,#5879,#5880,#5881,
#5882,#5883,#5884,#5885,#5886,#5887,#5894,#5895,#5896,#5897,#5898,#5899,
#5900,#5901,#5902,#5903,#5904,#5905,#5906,#5907,#5908,#5909,#5910,#5911,
#5912,#5913,#5914,#5915,#5916,#5917,#5918,#5919,#5920,#5921,#5922,#5923,
#5924,#5925,#5926,#5927,#5928,#5929,#5930,#5931,#5932,#5933,#5934,#5935,
#5936,#5937,#5938,#5939,#5940,#5941,#5942,#5943,#5944,#5945,#5946,#5947,
#5948,#5949,#5950,#5951,#5952,#5953,#5954,#5955,#5956,#5957,#5958,#5959,
#5960,#5961,#5962,#5963,#5964,#5965,#5966,#5967,#5968,#5969,#5970,#5971,
#5972,#5973,#5974,#5975,#5976,#5977,#5978,#5979,#5980,#5981,#5982,#5983,
#5984,#5985,#5986,#5987,#5988,#5989,#5990,#5991,#5992,#5993,#5994,#5995,
#5996,#5997,#5998,#5999,#6000,#6001,#6002,#6003,#6004,#6005,#6006,#6007,
#6008,#6009,#6010,#6011,#6012,#6013,#6014,#6015,#6016,#6017,#6018,#6019,
#6020,#6021,#6022,#6023,#6024,#6025,#6026,#6027,#6028,#6029,#6030,#6031,
#6032,#6033,#6034,#6035,#6036,#6037,#6038,#6039,#6040,#6041,#6042,#6043,
#6044,#6045,#6046,#6047,#6048,#6049,#6050,#6051,#6052,#6053,#6054,#6055,
#6056,#6057,#6058,#6059,#6060,#6061,#6062,#6063,#6064,#6065,#6066,#6067,
#6068,#6069,#6070,#6071,#6072,#6073,#6074,#6075,#6076,#6077,#6078,#6079,
#6080,#6081,#6082,#6083,#6084,#6085,#6086,#6087,#6088,#6089,#6090,#6091,
#6092,#6093,#6094,#6095,#6096,#6097,#6098,#6099,#6100,#6101,#6102,#6103,
#6104,#6105,#6106,#6107,#6108,#6109,#6110,#6111,#6112,#6113,#6114,#6115,
#6116,#6117,#6118,#6119,#6120,#6121,#6122,#6123,#6124,#6125,#6126,#6127,
#6128,#6129,#6130,#6131,#6132,#6133,#6134,#6135,#6136,#6137,#6138,#6139,
#6140,#6141,#6142,#6143,#6144,#6145,#6146,#6147,#6148,#6149,#6150,#6151,
#6152,#6153,#6154,#6155,#6156,#6157,#6158,#6159,#6160,#6161,#6162,#6163,
#6164,#6165,#6166,#6167,#6168,#6169,#6170,#6171,#6172,#6173,#6174,#6175,
#6176,#6177,#6178,#6179,#6180,#6181,#6182,#6183,#6184,#6185,#6186,#6187,
#6188,#6189,#6190,#6191,#6192,#6193,#6194,#6195,#6196,#6197,#6198,#6199,
#6200,#6201,#6202,#6203,#6204,#6205,#6206,#6207,#6208,#6209,#6210,#6211,
#6212,#6213,#6214,#6215,#6216,#6217,#6218,#6219,#6220,#6221,#6222,#6223,
#6224,#6225,#6226,#6227,#6228,#6229,#6230,#6231,#6232,#6233,#6234,#6235,
#6236,#6237,#6238,#6239,#6240,#6241,#6242,#6243,#6244,#6245,#6246,#6247,
#6248,#6249,#6250,#6251,#6252,#6253,#6254,#6255,#6256,#6257,#6258,#6259,
#6260,#6261,#6262,#6263,#6264,#6265,#6266,#6267,#6268,#6269,#6270,#6271,
#6272,#6273,#6274,#6275,#6276,#6277,#6278,#6279,#6280,#6281,#6282,#6283,
#6284,#6285,#6286,#6287,#6288,#6289,#6290,#6291,#6292,#6293,#6294,#6295,
#6296,#6297,#6298,#6299,#6300,#6301,#6302,#6303,#6304,#6305,#6306,#6307,
#6308,#6309,#6310,#6311,#6312,#6313,#6314,#6315,#6316,#6317,#6318,#6319,
#6320,#6321,#6322,#6323,#6324,#6325,#6326,#6327,#6328,#6329,#6330,#6331,
#6332,#6333,#6334,#6335,#6336,#6337,#6338,#6339,#6340,#6341,#6342,#6343,
#6344,#6345,#6346,#6347,#6348,#6349,#6350,#6351,#6352,#6353,#6354,#6355,
#6356,#6357,#6358,#6359,#6360,#6361,#6362,#6363,#6364,#6365,#6366,#6367,
#6368,#6369,#6370,#6371,#6372,#6373,#6374,#6375,#6376,#6377,#6378,#6379,
#6380,#6381,#6382,#6383,#6384,#6385,#6386,#6387,#6388,#6389,#6390,#6391,
#6392,#6393,#6394,#6395,#6396,#6397,#6398,#6399,#6400,#6401,#6402,#6403,
#6404,#6405,#6406,#6407,#6408,#6409,#6410,#6411,#6412,#6413,#6414,#6415,
#6416,#6417),#10086);
#5303=SHAPE_REPRESENTATION('Part 1',(#5313),#10087);
#5304=SHAPE_REPRESENTATION('Part 2',(#5313),#10088);
#5305=SHAPE_REPRESENTATION('Part 6',(#5313),#10089);
#5306=SHAPE_REPRESENTATION('Part 5',(#5313),#10090);
#5307=SHAPE_REPRESENTATION('Part 3',(#5313),#10091);
#5308=SHAPE_REPRESENTATION('Part 4',(#5313),#10092);
#5309=SHAPE_REPRESENTATION('Part 7',(#5313),#10093);
#5310=SHAPE_REPRESENTATION('Part 1',(#5313),#10094);
#5311=SHAPE_REPRESENTATION('Part 1',(#5313),#10095);
#5312=SHAPE_REPRESENTATION('Part 1',(#5313),#10096);
#5313=AXIS2_PLACEMENT_3D('',#8760,#6418,#6419);
#5314=AXIS2_PLACEMENT_3D('',#8761,#6420,#6421);
#5315=AXIS2_PLACEMENT_3D('',#8770,#6426,#6427);
#5316=AXIS2_PLACEMENT_3D('',#8779,#6432,#6433);
#5317=AXIS2_PLACEMENT_3D('',#8782,#6436,#6437);
#5318=AXIS2_PLACEMENT_3D('',#8784,#6439,#6440);
#5319=AXIS2_PLACEMENT_3D('',#8786,#6442,#6443);
#5320=AXIS2_PLACEMENT_3D('',#8787,#6444,#6445);
#5321=AXIS2_PLACEMENT_3D('',#8788,#6446,#6447);
#5322=AXIS2_PLACEMENT_3D('',#8789,#6448,#6449);
#5323=AXIS2_PLACEMENT_3D('',#8790,#6450,#6451);
#5324=AXIS2_PLACEMENT_3D('',#8791,#6452,#6453);
#5325=AXIS2_PLACEMENT_3D('',#8792,#6454,#6455);
#5326=AXIS2_PLACEMENT_3D('',#8801,#6460,#6461);
#5327=AXIS2_PLACEMENT_3D('',#8810,#6466,#6467);
#5328=AXIS2_PLACEMENT_3D('',#8813,#6470,#6471);
#5329=AXIS2_PLACEMENT_3D('',#8815,#6473,#6474);
#5330=AXIS2_PLACEMENT_3D('',#8817,#6476,#6477);
#5331=AXIS2_PLACEMENT_3D('',#8818,#6478,#6479);
#5332=AXIS2_PLACEMENT_3D('',#8819,#6480,#6481);
#5333=AXIS2_PLACEMENT_3D('',#8820,#6482,#6483);
#5334=AXIS2_PLACEMENT_3D('',#8821,#6484,#6485);
#5335=AXIS2_PLACEMENT_3D('',#8822,#6486,#6487);
#5336=AXIS2_PLACEMENT_3D('',#8823,#6488,#6489);
#5337=AXIS2_PLACEMENT_3D('',#8824,#6490,#6491);
#5338=AXIS2_PLACEMENT_3D('',#8825,#6492,#6493);
#5339=AXIS2_PLACEMENT_3D('',#8826,#6494,#6495);
#5340=AXIS2_PLACEMENT_3D('',#8827,#6496,#6497);
#5341=AXIS2_PLACEMENT_3D('',#8828,#6498,#6499);
#5342=AXIS2_PLACEMENT_3D('',#8829,#6500,#6501);
#5343=AXIS2_PLACEMENT_3D('',#8830,#6502,#6503);
#5344=AXIS2_PLACEMENT_3D('',#8831,#6504,#6505);
#5345=AXIS2_PLACEMENT_3D('',#8832,#6506,#6507);
#5346=AXIS2_PLACEMENT_3D('',#8833,#6508,#6509);
#5347=AXIS2_PLACEMENT_3D('',#8834,#6510,#6511);
#5348=AXIS2_PLACEMENT_3D('',#8835,#6512,#6513);
#5349=AXIS2_PLACEMENT_3D('',#8844,#6518,#6519);
#5350=AXIS2_PLACEMENT_3D('',#8853,#6524,#6525);
#5351=AXIS2_PLACEMENT_3D('',#8856,#6528,#6529);
#5352=AXIS2_PLACEMENT_3D('',#8858,#6531,#6532);
#5353=AXIS2_PLACEMENT_3D('',#8860,#6534,#6535);
#5354=AXIS2_PLACEMENT_3D('',#8861,#6536,#6537);
#5355=AXIS2_PLACEMENT_3D('',#8862,#6538,#6539);
#5356=AXIS2_PLACEMENT_3D('',#8863,#6540,#6541);
#5357=AXIS2_PLACEMENT_3D('',#8864,#6542,#6543);
#5358=AXIS2_PLACEMENT_3D('',#8865,#6544,#6545);
#5359=AXIS2_PLACEMENT_3D('',#8866,#6546,#6547);
#5360=AXIS2_PLACEMENT_3D('',#8867,#6548,#6549);
#5361=AXIS2_PLACEMENT_3D('',#8868,#6550,#6551);
#5362=AXIS2_PLACEMENT_3D('',#8869,#6552,#6553);
#5363=AXIS2_PLACEMENT_3D('',#8870,#6554,#6555);
#5364=AXIS2_PLACEMENT_3D('',#8871,#6556,#6557);
#5365=AXIS2_PLACEMENT_3D('',#8872,#6558,#6559);
#5366=AXIS2_PLACEMENT_3D('',#8881,#6564,#6565);
#5367=AXIS2_PLACEMENT_3D('',#8890,#6570,#6571);
#5368=AXIS2_PLACEMENT_3D('',#8893,#6574,#6575);
#5369=AXIS2_PLACEMENT_3D('',#8895,#6577,#6578);
#5370=AXIS2_PLACEMENT_3D('',#8897,#6580,#6581);
#5371=AXIS2_PLACEMENT_3D('',#8898,#6582,#6583);
#5372=AXIS2_PLACEMENT_3D('',#8899,#6584,#6585);
#5373=AXIS2_PLACEMENT_3D('',#8900,#6586,#6587);
#5374=AXIS2_PLACEMENT_3D('',#8901,#6588,#6589);
#5375=AXIS2_PLACEMENT_3D('',#8902,#6590,#6591);
#5376=AXIS2_PLACEMENT_3D('',#8903,#6592,#6593);
#5377=AXIS2_PLACEMENT_3D('',#8904,#6594,#6595);
#5378=AXIS2_PLACEMENT_3D('',#8905,#6596,#6597);
#5379=AXIS2_PLACEMENT_3D('',#8906,#6598,#6599);
#5380=AXIS2_PLACEMENT_3D('',#8907,#6600,#6601);
#5381=AXIS2_PLACEMENT_3D('',#8908,#6602,#6603);
#5382=AXIS2_PLACEMENT_3D('',#8909,#6604,#6605);
#5383=AXIS2_PLACEMENT_3D('',#8910,#6606,#6607);
#5384=AXIS2_PLACEMENT_3D('',#8911,#6608,#6609);
#5385=AXIS2_PLACEMENT_3D('',#8920,#6614,#6615);
#5386=AXIS2_PLACEMENT_3D('',#8929,#6620,#6621);
#5387=AXIS2_PLACEMENT_3D('',#8932,#6624,#6625);
#5388=AXIS2_PLACEMENT_3D('',#8934,#6627,#6628);
#5389=AXIS2_PLACEMENT_3D('',#8936,#6630,#6631);
#5390=AXIS2_PLACEMENT_3D('',#8937,#6632,#6633);
#5391=AXIS2_PLACEMENT_3D('',#8938,#6634,#6635);
#5392=AXIS2_PLACEMENT_3D('',#8939,#6636,#6637);
#5393=AXIS2_PLACEMENT_3D('',#8940,#6638,#6639);
#5394=AXIS2_PLACEMENT_3D('',#8941,#6640,#6641);
#5395=AXIS2_PLACEMENT_3D('',#8942,#6642,#6643);
#5396=AXIS2_PLACEMENT_3D('',#8943,#6644,#6645);
#5397=AXIS2_PLACEMENT_3D('',#8944,#6646,#6647);
#5398=AXIS2_PLACEMENT_3D('',#8945,#6648,#6649);
#5399=AXIS2_PLACEMENT_3D('',#8946,#6650,#6651);
#5400=AXIS2_PLACEMENT_3D('',#8947,#6652,#6653);
#5401=AXIS2_PLACEMENT_3D('',#8948,#6654,#6655);
#5402=AXIS2_PLACEMENT_3D('',#8949,#6656,#6657);
#5403=AXIS2_PLACEMENT_3D('',#8950,#6658,#6659);
#5404=AXIS2_PLACEMENT_3D('',#8951,#6660,#6661);
#5405=AXIS2_PLACEMENT_3D('',#8960,#6666,#6667);
#5406=AXIS2_PLACEMENT_3D('',#8969,#6672,#6673);
#5407=AXIS2_PLACEMENT_3D('',#8972,#6676,#6677);
#5408=AXIS2_PLACEMENT_3D('',#8974,#6679,#6680);
#5409=AXIS2_PLACEMENT_3D('',#8976,#6682,#6683);
#5410=AXIS2_PLACEMENT_3D('',#8977,#6684,#6685);
#5411=AXIS2_PLACEMENT_3D('',#8978,#6686,#6687);
#5412=AXIS2_PLACEMENT_3D('',#8987,#6692,#6693);
#5413=AXIS2_PLACEMENT_3D('',#8996,#6698,#6699);
#5414=AXIS2_PLACEMENT_3D('',#8999,#6702,#6703);
#5415=AXIS2_PLACEMENT_3D('',#9001,#6705,#6706);
#5416=AXIS2_PLACEMENT_3D('',#9003,#6708,#6709);
#5417=AXIS2_PLACEMENT_3D('',#9004,#6710,#6711);
#5418=AXIS2_PLACEMENT_3D('',#9005,#6712,#6713);
#5419=AXIS2_PLACEMENT_3D('',#9014,#6718,#6719);
#5420=AXIS2_PLACEMENT_3D('',#9023,#6724,#6725);
#5421=AXIS2_PLACEMENT_3D('',#9026,#6728,#6729);
#5422=AXIS2_PLACEMENT_3D('',#9028,#6731,#6732);
#5423=AXIS2_PLACEMENT_3D('',#9030,#6734,#6735);
#5424=AXIS2_PLACEMENT_3D('',#9031,#6736,#6737);
#5425=AXIS2_PLACEMENT_3D('',#9032,#6738,#6739);
#5426=AXIS2_PLACEMENT_3D('',#9033,#6740,#6741);
#5427=AXIS2_PLACEMENT_3D('',#9034,#6742,#6743);
#5428=AXIS2_PLACEMENT_3D('',#9035,#6744,#6745);
#5429=AXIS2_PLACEMENT_3D('',#9036,#6746,#6747);
#5430=AXIS2_PLACEMENT_3D('',#9037,#6748,#6749);
#5431=AXIS2_PLACEMENT_3D('',#9038,#6750,#6751);
#5432=AXIS2_PLACEMENT_3D('',#9039,#6752,#6753);
#5433=AXIS2_PLACEMENT_3D('',#9040,#6754,#6755);
#5434=AXIS2_PLACEMENT_3D('',#9041,#6756,#6757);
#5435=AXIS2_PLACEMENT_3D('',#9042,#6758,#6759);
#5436=AXIS2_PLACEMENT_3D('',#9043,#6760,#6761);
#5437=AXIS2_PLACEMENT_3D('',#9044,#6762,#6763);
#5438=AXIS2_PLACEMENT_3D('',#9045,#6764,#6765);
#5439=AXIS2_PLACEMENT_3D('',#9046,#6766,#6767);
#5440=AXIS2_PLACEMENT_3D('',#9047,#6768,#6769);
#5441=AXIS2_PLACEMENT_3D('',#9048,#6770,#6771);
#5442=AXIS2_PLACEMENT_3D('',#9049,#6772,#6773);
#5443=AXIS2_PLACEMENT_3D('',#9050,#6774,#6775);
#5444=AXIS2_PLACEMENT_3D('',#9051,#6776,#6777);
#5445=AXIS2_PLACEMENT_3D('',#9052,#6778,#6779);
#5446=AXIS2_PLACEMENT_3D('',#9053,#6780,#6781);
#5447=AXIS2_PLACEMENT_3D('',#9054,#6782,#6783);
#5448=AXIS2_PLACEMENT_3D('',#9055,#6784,#6785);
#5449=AXIS2_PLACEMENT_3D('',#9056,#6786,#6787);
#5450=AXIS2_PLACEMENT_3D('',#9057,#6788,#6789);
#5451=AXIS2_PLACEMENT_3D('',#9058,#6790,#6791);
#5452=AXIS2_PLACEMENT_3D('',#9059,#6792,#6793);
#5453=AXIS2_PLACEMENT_3D('',#9060,#6794,#6795);
#5454=AXIS2_PLACEMENT_3D('',#9061,#6796,#6797);
#5455=AXIS2_PLACEMENT_3D('',#9062,#6798,#6799);
#5456=AXIS2_PLACEMENT_3D('',#9063,#6800,#6801);
#5457=AXIS2_PLACEMENT_3D('',#9064,#6802,#6803);
#5458=AXIS2_PLACEMENT_3D('',#9065,#6804,#6805);
#5459=AXIS2_PLACEMENT_3D('',#9066,#6806,#6807);
#5460=AXIS2_PLACEMENT_3D('',#9067,#6808,#6809);
#5461=AXIS2_PLACEMENT_3D('',#9068,#6810,#6811);
#5462=AXIS2_PLACEMENT_3D('',#9069,#6812,#6813);
#5463=AXIS2_PLACEMENT_3D('',#9070,#6814,#6815);
#5464=AXIS2_PLACEMENT_3D('',#9071,#6816,#6817);
#5465=AXIS2_PLACEMENT_3D('',#9072,#6818,#6819);
#5466=AXIS2_PLACEMENT_3D('',#9073,#6820,#6821);
#5467=AXIS2_PLACEMENT_3D('',#9074,#6822,#6823);
#5468=AXIS2_PLACEMENT_3D('',#9075,#6824,#6825);
#5469=AXIS2_PLACEMENT_3D('',#9076,#6826,#6827);
#5470=AXIS2_PLACEMENT_3D('',#9077,#6828,#6829);
#5471=AXIS2_PLACEMENT_3D('',#9086,#6834,#6835);
#5472=AXIS2_PLACEMENT_3D('',#9092,#6839,#6840);
#5473=AXIS2_PLACEMENT_3D('',#9096,#6843,#6844);
#5474=AXIS2_PLACEMENT_3D('',#9100,#6847,#6848);
#5475=AXIS2_PLACEMENT_3D('',#9102,#6850,#6851);
#5476=AXIS2_PLACEMENT_3D('',#9111,#6856,#6857);
#5477=AXIS2_PLACEMENT_3D('',#9117,#6861,#6862);
#5478=AXIS2_PLACEMENT_3D('',#9121,#6865,#6866);
#5479=AXIS2_PLACEMENT_3D('',#9125,#6869,#6870);
#5480=AXIS2_PLACEMENT_3D('',#9127,#6872,#6873);
#5481=AXIS2_PLACEMENT_3D('',#9128,#6874,#6875);
#5482=AXIS2_PLACEMENT_3D('',#9129,#6876,#6877);
#5483=AXIS2_PLACEMENT_3D('',#9130,#6878,#6879);
#5484=AXIS2_PLACEMENT_3D('',#9131,#6880,#6881);
#5485=AXIS2_PLACEMENT_3D('',#9132,#6882,#6883);
#5486=AXIS2_PLACEMENT_3D('',#9133,#6884,#6885);
#5487=AXIS2_PLACEMENT_3D('',#9134,#6886,#6887);
#5488=AXIS2_PLACEMENT_3D('',#9135,#6888,#6889);
#5489=AXIS2_PLACEMENT_3D('',#9136,#6890,#6891);
#5490=AXIS2_PLACEMENT_3D('',#9137,#6892,#6893);
#5491=AXIS2_PLACEMENT_3D('',#9138,#6894,#6895);
#5492=AXIS2_PLACEMENT_3D('',#9139,#6896,#6897);
#5493=AXIS2_PLACEMENT_3D('',#9140,#6898,#6899);
#5494=AXIS2_PLACEMENT_3D('',#9141,#6900,#6901);
#5495=AXIS2_PLACEMENT_3D('',#9142,#6902,#6903);
#5496=AXIS2_PLACEMENT_3D('',#9143,#6904,#6905);
#5497=AXIS2_PLACEMENT_3D('',#9144,#6906,#6907);
#5498=AXIS2_PLACEMENT_3D('',#9145,#6908,#6909);
#5499=AXIS2_PLACEMENT_3D('',#9146,#6910,#6911);
#5500=AXIS2_PLACEMENT_3D('',#9147,#6912,#6913);
#5501=AXIS2_PLACEMENT_3D('',#9148,#6914,#6915);
#5502=AXIS2_PLACEMENT_3D('',#9149,#6916,#6917);
#5503=AXIS2_PLACEMENT_3D('',#9150,#6918,#6919);
#5504=AXIS2_PLACEMENT_3D('',#9151,#6920,#6921);
#5505=AXIS2_PLACEMENT_3D('',#9152,#6922,#6923);
#5506=AXIS2_PLACEMENT_3D('',#9153,#6924,#6925);
#5507=AXIS2_PLACEMENT_3D('',#9154,#6926,#6927);
#5508=AXIS2_PLACEMENT_3D('',#9155,#6928,#6929);
#5509=AXIS2_PLACEMENT_3D('',#9156,#6930,#6931);
#5510=AXIS2_PLACEMENT_3D('',#9157,#6932,#6933);
#5511=AXIS2_PLACEMENT_3D('',#9158,#6934,#6935);
#5512=AXIS2_PLACEMENT_3D('',#9159,#6936,#6937);
#5513=AXIS2_PLACEMENT_3D('',#9160,#6938,#6939);
#5514=AXIS2_PLACEMENT_3D('',#9161,#6940,#6941);
#5515=AXIS2_PLACEMENT_3D('',#9162,#6942,#6943);
#5516=AXIS2_PLACEMENT_3D('',#9163,#6944,#6945);
#5517=AXIS2_PLACEMENT_3D('',#9164,#6946,#6947);
#5518=AXIS2_PLACEMENT_3D('',#9165,#6948,#6949);
#5519=AXIS2_PLACEMENT_3D('',#9166,#6950,#6951);
#5520=AXIS2_PLACEMENT_3D('',#9167,#6952,#6953);
#5521=AXIS2_PLACEMENT_3D('',#9168,#6954,#6955);
#5522=AXIS2_PLACEMENT_3D('',#9169,#6956,#6957);
#5523=AXIS2_PLACEMENT_3D('',#9170,#6958,#6959);
#5524=AXIS2_PLACEMENT_3D('',#9171,#6960,#6961);
#5525=AXIS2_PLACEMENT_3D('',#9172,#6962,#6963);
#5526=AXIS2_PLACEMENT_3D('',#9173,#6964,#6965);
#5527=AXIS2_PLACEMENT_3D('',#9174,#6966,#6967);
#5528=AXIS2_PLACEMENT_3D('',#9175,#6968,#6969);
#5529=AXIS2_PLACEMENT_3D('',#9176,#6970,#6971);
#5530=AXIS2_PLACEMENT_3D('',#9177,#6972,#6973);
#5531=AXIS2_PLACEMENT_3D('',#9178,#6974,#6975);
#5532=AXIS2_PLACEMENT_3D('',#9179,#6976,#6977);
#5533=AXIS2_PLACEMENT_3D('',#9180,#6978,#6979);
#5534=AXIS2_PLACEMENT_3D('',#9181,#6980,#6981);
#5535=AXIS2_PLACEMENT_3D('',#9182,#6982,#6983);
#5536=AXIS2_PLACEMENT_3D('',#9183,#6984,#6985);
#5537=AXIS2_PLACEMENT_3D('',#9184,#6986,#6987);
#5538=AXIS2_PLACEMENT_3D('',#9185,#6988,#6989);
#5539=AXIS2_PLACEMENT_3D('',#9186,#6990,#6991);
#5540=AXIS2_PLACEMENT_3D('',#9187,#6992,#6993);
#5541=AXIS2_PLACEMENT_3D('',#9188,#6994,#6995);
#5542=AXIS2_PLACEMENT_3D('',#9189,#6996,#6997);
#5543=AXIS2_PLACEMENT_3D('',#9190,#6998,#6999);
#5544=AXIS2_PLACEMENT_3D('',#9191,#7000,#7001);
#5545=AXIS2_PLACEMENT_3D('',#9192,#7002,#7003);
#5546=AXIS2_PLACEMENT_3D('',#9193,#7004,#7005);
#5547=AXIS2_PLACEMENT_3D('',#9194,#7006,#7007);
#5548=AXIS2_PLACEMENT_3D('',#9195,#7008,#7009);
#5549=AXIS2_PLACEMENT_3D('',#9196,#7010,#7011);
#5550=AXIS2_PLACEMENT_3D('',#9197,#7012,#7013);
#5551=AXIS2_PLACEMENT_3D('',#9198,#7014,#7015);
#5552=AXIS2_PLACEMENT_3D('',#9199,#7016,#7017);
#5553=AXIS2_PLACEMENT_3D('',#9200,#7018,#7019);
#5554=AXIS2_PLACEMENT_3D('',#9201,#7020,#7021);
#5555=AXIS2_PLACEMENT_3D('',#9202,#7022,#7023);
#5556=AXIS2_PLACEMENT_3D('',#9203,#7024,#7025);
#5557=AXIS2_PLACEMENT_3D('',#9204,#7026,#7027);
#5558=AXIS2_PLACEMENT_3D('',#9205,#7028,#7029);
#5559=AXIS2_PLACEMENT_3D('',#9206,#7030,#7031);
#5560=AXIS2_PLACEMENT_3D('',#9207,#7032,#7033);
#5561=AXIS2_PLACEMENT_3D('',#9208,#7034,#7035);
#5562=AXIS2_PLACEMENT_3D('',#9209,#7036,#7037);
#5563=AXIS2_PLACEMENT_3D('',#9210,#7038,#7039);
#5564=AXIS2_PLACEMENT_3D('',#9211,#7040,#7041);
#5565=AXIS2_PLACEMENT_3D('',#9212,#7042,#7043);
#5566=AXIS2_PLACEMENT_3D('',#9213,#7044,#7045);
#5567=AXIS2_PLACEMENT_3D('',#9214,#7046,#7047);
#5568=AXIS2_PLACEMENT_3D('',#9215,#7048,#7049);
#5569=AXIS2_PLACEMENT_3D('',#9216,#7050,#7051);
#5570=AXIS2_PLACEMENT_3D('',#9217,#7052,#7053);
#5571=AXIS2_PLACEMENT_3D('',#9218,#7054,#7055);
#5572=AXIS2_PLACEMENT_3D('',#9219,#7056,#7057);
#5573=AXIS2_PLACEMENT_3D('',#9220,#7058,#7059);
#5574=AXIS2_PLACEMENT_3D('',#9221,#7060,#7061);
#5575=AXIS2_PLACEMENT_3D('',#9222,#7062,#7063);
#5576=AXIS2_PLACEMENT_3D('',#9223,#7064,#7065);
#5577=AXIS2_PLACEMENT_3D('',#9224,#7066,#7067);
#5578=AXIS2_PLACEMENT_3D('',#9225,#7068,#7069);
#5579=AXIS2_PLACEMENT_3D('',#9226,#7070,#7071);
#5580=AXIS2_PLACEMENT_3D('',#9227,#7072,#7073);
#5581=AXIS2_PLACEMENT_3D('',#9228,#7074,#7075);
#5582=AXIS2_PLACEMENT_3D('',#9229,#7076,#7077);
#5583=AXIS2_PLACEMENT_3D('',#9230,#7078,#7079);
#5584=AXIS2_PLACEMENT_3D('',#9231,#7080,#7081);
#5585=AXIS2_PLACEMENT_3D('',#9232,#7082,#7083);
#5586=AXIS2_PLACEMENT_3D('',#9233,#7084,#7085);
#5587=AXIS2_PLACEMENT_3D('',#9234,#7086,#7087);
#5588=AXIS2_PLACEMENT_3D('',#9235,#7088,#7089);
#5589=AXIS2_PLACEMENT_3D('',#9236,#7090,#7091);
#5590=AXIS2_PLACEMENT_3D('',#9237,#7092,#7093);
#5591=AXIS2_PLACEMENT_3D('',#9238,#7094,#7095);
#5592=AXIS2_PLACEMENT_3D('',#9239,#7096,#7097);
#5593=AXIS2_PLACEMENT_3D('',#9240,#7098,#7099);
#5594=AXIS2_PLACEMENT_3D('',#9241,#7100,#7101);
#5595=AXIS2_PLACEMENT_3D('',#9242,#7102,#7103);
#5596=AXIS2_PLACEMENT_3D('',#9243,#7104,#7105);
#5597=AXIS2_PLACEMENT_3D('',#9244,#7106,#7107);
#5598=AXIS2_PLACEMENT_3D('',#9245,#7108,#7109);
#5599=AXIS2_PLACEMENT_3D('',#9246,#7110,#7111);
#5600=AXIS2_PLACEMENT_3D('',#9247,#7112,#7113);
#5601=AXIS2_PLACEMENT_3D('',#9248,#7114,#7115);
#5602=AXIS2_PLACEMENT_3D('',#9249,#7116,#7117);
#5603=AXIS2_PLACEMENT_3D('',#9250,#7118,#7119);
#5604=AXIS2_PLACEMENT_3D('',#9251,#7120,#7121);
#5605=AXIS2_PLACEMENT_3D('',#9252,#7122,#7123);
#5606=AXIS2_PLACEMENT_3D('',#9253,#7124,#7125);
#5607=AXIS2_PLACEMENT_3D('',#9254,#7126,#7127);
#5608=AXIS2_PLACEMENT_3D('',#9255,#7128,#7129);
#5609=AXIS2_PLACEMENT_3D('',#9256,#7130,#7131);
#5610=AXIS2_PLACEMENT_3D('',#9257,#7132,#7133);
#5611=AXIS2_PLACEMENT_3D('',#9258,#7134,#7135);
#5612=AXIS2_PLACEMENT_3D('',#9259,#7136,#7137);
#5613=AXIS2_PLACEMENT_3D('',#9260,#7138,#7139);
#5614=AXIS2_PLACEMENT_3D('',#9261,#7140,#7141);
#5615=AXIS2_PLACEMENT_3D('',#9262,#7142,#7143);
#5616=AXIS2_PLACEMENT_3D('',#9263,#7144,#7145);
#5617=AXIS2_PLACEMENT_3D('',#9264,#7146,#7147);
#5618=AXIS2_PLACEMENT_3D('',#9265,#7148,#7149);
#5619=AXIS2_PLACEMENT_3D('',#9266,#7150,#7151);
#5620=AXIS2_PLACEMENT_3D('',#9267,#7152,#7153);
#5621=AXIS2_PLACEMENT_3D('',#9268,#7154,#7155);
#5622=AXIS2_PLACEMENT_3D('',#9269,#7156,#7157);
#5623=AXIS2_PLACEMENT_3D('',#9270,#7158,#7159);
#5624=AXIS2_PLACEMENT_3D('',#9271,#7160,#7161);
#5625=AXIS2_PLACEMENT_3D('',#9272,#7162,#7163);
#5626=AXIS2_PLACEMENT_3D('',#9273,#7164,#7165);
#5627=AXIS2_PLACEMENT_3D('',#9274,#7166,#7167);
#5628=AXIS2_PLACEMENT_3D('',#9275,#7168,#7169);
#5629=AXIS2_PLACEMENT_3D('',#9276,#7170,#7171);
#5630=AXIS2_PLACEMENT_3D('',#9277,#7172,#7173);
#5631=AXIS2_PLACEMENT_3D('',#9278,#7174,#7175);
#5632=AXIS2_PLACEMENT_3D('',#9279,#7176,#7177);
#5633=AXIS2_PLACEMENT_3D('',#9280,#7178,#7179);
#5634=AXIS2_PLACEMENT_3D('',#9281,#7180,#7181);
#5635=AXIS2_PLACEMENT_3D('',#9282,#7182,#7183);
#5636=AXIS2_PLACEMENT_3D('',#9283,#7184,#7185);
#5637=AXIS2_PLACEMENT_3D('',#9284,#7186,#7187);
#5638=AXIS2_PLACEMENT_3D('',#9285,#7188,#7189);
#5639=AXIS2_PLACEMENT_3D('',#9286,#7190,#7191);
#5640=AXIS2_PLACEMENT_3D('',#9287,#7192,#7193);
#5641=AXIS2_PLACEMENT_3D('',#9288,#7194,#7195);
#5642=AXIS2_PLACEMENT_3D('',#9289,#7196,#7197);
#5643=AXIS2_PLACEMENT_3D('',#9290,#7198,#7199);
#5644=AXIS2_PLACEMENT_3D('',#9291,#7200,#7201);
#5645=AXIS2_PLACEMENT_3D('',#9292,#7202,#7203);
#5646=AXIS2_PLACEMENT_3D('',#9293,#7204,#7205);
#5647=AXIS2_PLACEMENT_3D('',#9294,#7206,#7207);
#5648=AXIS2_PLACEMENT_3D('',#9295,#7208,#7209);
#5649=AXIS2_PLACEMENT_3D('',#9296,#7210,#7211);
#5650=AXIS2_PLACEMENT_3D('',#9297,#7212,#7213);
#5651=AXIS2_PLACEMENT_3D('',#9298,#7214,#7215);
#5652=AXIS2_PLACEMENT_3D('',#9299,#7216,#7217);
#5653=AXIS2_PLACEMENT_3D('',#9300,#7218,#7219);
#5654=AXIS2_PLACEMENT_3D('',#9301,#7220,#7221);
#5655=AXIS2_PLACEMENT_3D('',#9302,#7222,#7223);
#5656=AXIS2_PLACEMENT_3D('',#9303,#7224,#7225);
#5657=AXIS2_PLACEMENT_3D('',#9304,#7226,#7227);
#5658=AXIS2_PLACEMENT_3D('',#9305,#7228,#7229);
#5659=AXIS2_PLACEMENT_3D('',#9306,#7230,#7231);
#5660=AXIS2_PLACEMENT_3D('',#9307,#7232,#7233);
#5661=AXIS2_PLACEMENT_3D('',#9308,#7234,#7235);
#5662=AXIS2_PLACEMENT_3D('',#9309,#7236,#7237);
#5663=AXIS2_PLACEMENT_3D('',#9310,#7238,#7239);
#5664=AXIS2_PLACEMENT_3D('',#9311,#7240,#7241);
#5665=AXIS2_PLACEMENT_3D('',#9312,#7242,#7243);
#5666=AXIS2_PLACEMENT_3D('',#9313,#7244,#7245);
#5667=AXIS2_PLACEMENT_3D('',#9314,#7246,#7247);
#5668=AXIS2_PLACEMENT_3D('',#9315,#7248,#7249);
#5669=AXIS2_PLACEMENT_3D('',#9316,#7250,#7251);
#5670=AXIS2_PLACEMENT_3D('',#9317,#7252,#7253);
#5671=AXIS2_PLACEMENT_3D('',#9318,#7254,#7255);
#5672=AXIS2_PLACEMENT_3D('',#9319,#7256,#7257);
#5673=AXIS2_PLACEMENT_3D('',#9320,#7258,#7259);
#5674=AXIS2_PLACEMENT_3D('',#9321,#7260,#7261);
#5675=AXIS2_PLACEMENT_3D('',#9322,#7262,#7263);
#5676=AXIS2_PLACEMENT_3D('',#9323,#7264,#7265);
#5677=AXIS2_PLACEMENT_3D('',#9324,#7266,#7267);
#5678=AXIS2_PLACEMENT_3D('',#9325,#7268,#7269);
#5679=AXIS2_PLACEMENT_3D('',#9326,#7270,#7271);
#5680=AXIS2_PLACEMENT_3D('',#9327,#7272,#7273);
#5681=AXIS2_PLACEMENT_3D('',#9328,#7274,#7275);
#5682=AXIS2_PLACEMENT_3D('',#9329,#7276,#7277);
#5683=AXIS2_PLACEMENT_3D('',#9330,#7278,#7279);
#5684=AXIS2_PLACEMENT_3D('',#9331,#7280,#7281);
#5685=AXIS2_PLACEMENT_3D('',#9332,#7282,#7283);
#5686=AXIS2_PLACEMENT_3D('',#9333,#7284,#7285);
#5687=AXIS2_PLACEMENT_3D('',#9334,#7286,#7287);
#5688=AXIS2_PLACEMENT_3D('',#9335,#7288,#7289);
#5689=AXIS2_PLACEMENT_3D('',#9336,#7290,#7291);
#5690=AXIS2_PLACEMENT_3D('',#9337,#7292,#7293);
#5691=AXIS2_PLACEMENT_3D('',#9338,#7294,#7295);
#5692=AXIS2_PLACEMENT_3D('',#9339,#7296,#7297);
#5693=AXIS2_PLACEMENT_3D('',#9340,#7298,#7299);
#5694=AXIS2_PLACEMENT_3D('',#9341,#7300,#7301);
#5695=AXIS2_PLACEMENT_3D('',#9342,#7302,#7303);
#5696=AXIS2_PLACEMENT_3D('',#9343,#7304,#7305);
#5697=AXIS2_PLACEMENT_3D('',#9344,#7306,#7307);
#5698=AXIS2_PLACEMENT_3D('',#9345,#7308,#7309);
#5699=AXIS2_PLACEMENT_3D('',#9346,#7310,#7311);
#5700=AXIS2_PLACEMENT_3D('',#9347,#7312,#7313);
#5701=AXIS2_PLACEMENT_3D('',#9348,#7314,#7315);
#5702=AXIS2_PLACEMENT_3D('',#9349,#7316,#7317);
#5703=AXIS2_PLACEMENT_3D('',#9350,#7318,#7319);
#5704=AXIS2_PLACEMENT_3D('',#9351,#7320,#7321);
#5705=AXIS2_PLACEMENT_3D('',#9352,#7322,#7323);
#5706=AXIS2_PLACEMENT_3D('',#9353,#7324,#7325);
#5707=AXIS2_PLACEMENT_3D('',#9354,#7326,#7327);
#5708=AXIS2_PLACEMENT_3D('',#9355,#7328,#7329);
#5709=AXIS2_PLACEMENT_3D('',#9356,#7330,#7331);
#5710=AXIS2_PLACEMENT_3D('',#9357,#7332,#7333);
#5711=AXIS2_PLACEMENT_3D('',#9358,#7334,#7335);
#5712=AXIS2_PLACEMENT_3D('',#9359,#7336,#7337);
#5713=AXIS2_PLACEMENT_3D('',#9360,#7338,#7339);
#5714=AXIS2_PLACEMENT_3D('',#9361,#7340,#7341);
#5715=AXIS2_PLACEMENT_3D('',#9362,#7342,#7343);
#5716=AXIS2_PLACEMENT_3D('',#9363,#7344,#7345);
#5717=AXIS2_PLACEMENT_3D('',#9364,#7346,#7347);
#5718=AXIS2_PLACEMENT_3D('',#9365,#7348,#7349);
#5719=AXIS2_PLACEMENT_3D('',#9366,#7350,#7351);
#5720=AXIS2_PLACEMENT_3D('',#9367,#7352,#7353);
#5721=AXIS2_PLACEMENT_3D('',#9368,#7354,#7355);
#5722=AXIS2_PLACEMENT_3D('',#9369,#7356,#7357);
#5723=AXIS2_PLACEMENT_3D('',#9370,#7358,#7359);
#5724=AXIS2_PLACEMENT_3D('',#9371,#7360,#7361);
#5725=AXIS2_PLACEMENT_3D('',#9372,#7362,#7363);
#5726=AXIS2_PLACEMENT_3D('',#9373,#7364,#7365);
#5727=AXIS2_PLACEMENT_3D('',#9374,#7366,#7367);
#5728=AXIS2_PLACEMENT_3D('',#9375,#7368,#7369);
#5729=AXIS2_PLACEMENT_3D('',#9376,#7370,#7371);
#5730=AXIS2_PLACEMENT_3D('',#9377,#7372,#7373);
#5731=AXIS2_PLACEMENT_3D('',#9378,#7374,#7375);
#5732=AXIS2_PLACEMENT_3D('',#9379,#7376,#7377);
#5733=AXIS2_PLACEMENT_3D('',#9380,#7378,#7379);
#5734=AXIS2_PLACEMENT_3D('',#9381,#7380,#7381);
#5735=AXIS2_PLACEMENT_3D('',#9382,#7382,#7383);
#5736=AXIS2_PLACEMENT_3D('',#9383,#7384,#7385);
#5737=AXIS2_PLACEMENT_3D('',#9384,#7386,#7387);
#5738=AXIS2_PLACEMENT_3D('',#9385,#7388,#7389);
#5739=AXIS2_PLACEMENT_3D('',#9386,#7390,#7391);
#5740=AXIS2_PLACEMENT_3D('',#9387,#7392,#7393);
#5741=AXIS2_PLACEMENT_3D('',#9388,#7394,#7395);
#5742=AXIS2_PLACEMENT_3D('',#9389,#7396,#7397);
#5743=AXIS2_PLACEMENT_3D('',#9390,#7398,#7399);
#5744=AXIS2_PLACEMENT_3D('',#9391,#7400,#7401);
#5745=AXIS2_PLACEMENT_3D('',#9392,#7402,#7403);
#5746=AXIS2_PLACEMENT_3D('',#9393,#7404,#7405);
#5747=AXIS2_PLACEMENT_3D('',#9394,#7406,#7407);
#5748=AXIS2_PLACEMENT_3D('',#9395,#7408,#7409);
#5749=AXIS2_PLACEMENT_3D('',#9396,#7410,#7411);
#5750=AXIS2_PLACEMENT_3D('',#9397,#7412,#7413);
#5751=AXIS2_PLACEMENT_3D('',#9398,#7414,#7415);
#5752=AXIS2_PLACEMENT_3D('',#9399,#7416,#7417);
#5753=AXIS2_PLACEMENT_3D('',#9400,#7418,#7419);
#5754=AXIS2_PLACEMENT_3D('',#9401,#7420,#7421);
#5755=AXIS2_PLACEMENT_3D('',#9402,#7422,#7423);
#5756=AXIS2_PLACEMENT_3D('',#9403,#7424,#7425);
#5757=AXIS2_PLACEMENT_3D('',#9404,#7426,#7427);
#5758=AXIS2_PLACEMENT_3D('',#9405,#7428,#7429);
#5759=AXIS2_PLACEMENT_3D('',#9406,#7430,#7431);
#5760=AXIS2_PLACEMENT_3D('',#9407,#7432,#7433);
#5761=AXIS2_PLACEMENT_3D('',#9408,#7434,#7435);
#5762=AXIS2_PLACEMENT_3D('',#9409,#7436,#7437);
#5763=AXIS2_PLACEMENT_3D('',#9410,#7438,#7439);
#5764=AXIS2_PLACEMENT_3D('',#9411,#7440,#7441);
#5765=AXIS2_PLACEMENT_3D('',#9412,#7442,#7443);
#5766=AXIS2_PLACEMENT_3D('',#9413,#7444,#7445);
#5767=AXIS2_PLACEMENT_3D('',#9414,#7446,#7447);
#5768=AXIS2_PLACEMENT_3D('',#9415,#7448,#7449);
#5769=AXIS2_PLACEMENT_3D('',#9416,#7450,#7451);
#5770=AXIS2_PLACEMENT_3D('',#9417,#7452,#7453);
#5771=AXIS2_PLACEMENT_3D('',#9418,#7454,#7455);
#5772=AXIS2_PLACEMENT_3D('',#9419,#7456,#7457);
#5773=AXIS2_PLACEMENT_3D('',#9420,#7458,#7459);
#5774=AXIS2_PLACEMENT_3D('',#9421,#7460,#7461);
#5775=AXIS2_PLACEMENT_3D('',#9422,#7462,#7463);
#5776=AXIS2_PLACEMENT_3D('',#9423,#7464,#7465);
#5777=AXIS2_PLACEMENT_3D('',#9424,#7466,#7467);
#5778=AXIS2_PLACEMENT_3D('',#9425,#7468,#7469);
#5779=AXIS2_PLACEMENT_3D('',#9426,#7470,#7471);
#5780=AXIS2_PLACEMENT_3D('',#9427,#7472,#7473);
#5781=AXIS2_PLACEMENT_3D('',#9428,#7474,#7475);
#5782=AXIS2_PLACEMENT_3D('',#9429,#7476,#7477);
#5783=AXIS2_PLACEMENT_3D('',#9430,#7478,#7479);
#5784=AXIS2_PLACEMENT_3D('',#9431,#7480,#7481);
#5785=AXIS2_PLACEMENT_3D('',#9432,#7482,#7483);
#5786=AXIS2_PLACEMENT_3D('',#9433,#7484,#7485);
#5787=AXIS2_PLACEMENT_3D('',#9434,#7486,#7487);
#5788=AXIS2_PLACEMENT_3D('',#9435,#7488,#7489);
#5789=AXIS2_PLACEMENT_3D('',#9436,#7490,#7491);
#5790=AXIS2_PLACEMENT_3D('',#9437,#7492,#7493);
#5791=AXIS2_PLACEMENT_3D('',#9438,#7494,#7495);
#5792=AXIS2_PLACEMENT_3D('',#9439,#7496,#7497);
#5793=AXIS2_PLACEMENT_3D('',#9440,#7498,#7499);
#5794=AXIS2_PLACEMENT_3D('',#9441,#7500,#7501);
#5795=AXIS2_PLACEMENT_3D('',#9442,#7502,#7503);
#5796=AXIS2_PLACEMENT_3D('',#9443,#7504,#7505);
#5797=AXIS2_PLACEMENT_3D('',#9444,#7506,#7507);
#5798=AXIS2_PLACEMENT_3D('',#9445,#7508,#7509);
#5799=AXIS2_PLACEMENT_3D('',#9446,#7510,#7511);
#5800=AXIS2_PLACEMENT_3D('',#9447,#7512,#7513);
#5801=AXIS2_PLACEMENT_3D('',#9448,#7514,#7515);
#5802=AXIS2_PLACEMENT_3D('',#9449,#7516,#7517);
#5803=AXIS2_PLACEMENT_3D('',#9450,#7518,#7519);
#5804=AXIS2_PLACEMENT_3D('',#9451,#7520,#7521);
#5805=AXIS2_PLACEMENT_3D('',#9452,#7522,#7523);
#5806=AXIS2_PLACEMENT_3D('',#9453,#7524,#7525);
#5807=AXIS2_PLACEMENT_3D('',#9454,#7526,#7527);
#5808=AXIS2_PLACEMENT_3D('',#9455,#7528,#7529);
#5809=AXIS2_PLACEMENT_3D('',#9456,#7530,#7531);
#5810=AXIS2_PLACEMENT_3D('',#9457,#7532,#7533);
#5811=AXIS2_PLACEMENT_3D('',#9458,#7534,#7535);
#5812=AXIS2_PLACEMENT_3D('',#9459,#7536,#7537);
#5813=AXIS2_PLACEMENT_3D('',#9460,#7538,#7539);
#5814=AXIS2_PLACEMENT_3D('',#9461,#7540,#7541);
#5815=AXIS2_PLACEMENT_3D('',#9462,#7542,#7543);
#5816=AXIS2_PLACEMENT_3D('',#9463,#7544,#7545);
#5817=AXIS2_PLACEMENT_3D('',#9464,#7546,#7547);
#5818=AXIS2_PLACEMENT_3D('',#9465,#7548,#7549);
#5819=AXIS2_PLACEMENT_3D('',#9466,#7550,#7551);
#5820=AXIS2_PLACEMENT_3D('',#9467,#7552,#7553);
#5821=AXIS2_PLACEMENT_3D('',#9468,#7554,#7555);
#5822=AXIS2_PLACEMENT_3D('',#9469,#7556,#7557);
#5823=AXIS2_PLACEMENT_3D('',#9470,#7558,#7559);
#5824=AXIS2_PLACEMENT_3D('',#9471,#7560,#7561);
#5825=AXIS2_PLACEMENT_3D('',#9472,#7562,#7563);
#5826=AXIS2_PLACEMENT_3D('',#9473,#7564,#7565);
#5827=AXIS2_PLACEMENT_3D('',#9474,#7566,#7567);
#5828=AXIS2_PLACEMENT_3D('',#9475,#7568,#7569);
#5829=AXIS2_PLACEMENT_3D('',#9476,#7570,#7571);
#5830=AXIS2_PLACEMENT_3D('',#9477,#7572,#7573);
#5831=AXIS2_PLACEMENT_3D('',#9478,#7574,#7575);
#5832=AXIS2_PLACEMENT_3D('',#9479,#7576,#7577);
#5833=AXIS2_PLACEMENT_3D('',#9480,#7578,#7579);
#5834=AXIS2_PLACEMENT_3D('',#9481,#7580,#7581);
#5835=AXIS2_PLACEMENT_3D('',#9482,#7582,#7583);
#5836=AXIS2_PLACEMENT_3D('',#9483,#7584,#7585);
#5837=AXIS2_PLACEMENT_3D('',#9484,#7586,#7587);
#5838=AXIS2_PLACEMENT_3D('',#9485,#7588,#7589);
#5839=AXIS2_PLACEMENT_3D('',#9486,#7590,#7591);
#5840=AXIS2_PLACEMENT_3D('',#9487,#7592,#7593);
#5841=AXIS2_PLACEMENT_3D('',#9488,#7594,#7595);
#5842=AXIS2_PLACEMENT_3D('',#9489,#7596,#7597);
#5843=AXIS2_PLACEMENT_3D('',#9490,#7598,#7599);
#5844=AXIS2_PLACEMENT_3D('',#9491,#7600,#7601);
#5845=AXIS2_PLACEMENT_3D('',#9492,#7602,#7603);
#5846=AXIS2_PLACEMENT_3D('',#9493,#7604,#7605);
#5847=AXIS2_PLACEMENT_3D('',#9494,#7606,#7607);
#5848=AXIS2_PLACEMENT_3D('',#9495,#7608,#7609);
#5849=AXIS2_PLACEMENT_3D('',#9496,#7610,#7611);
#5850=AXIS2_PLACEMENT_3D('',#9497,#7612,#7613);
#5851=AXIS2_PLACEMENT_3D('',#9498,#7614,#7615);
#5852=AXIS2_PLACEMENT_3D('',#9499,#7616,#7617);
#5853=AXIS2_PLACEMENT_3D('',#9500,#7618,#7619);
#5854=AXIS2_PLACEMENT_3D('',#9501,#7620,#7621);
#5855=AXIS2_PLACEMENT_3D('',#9502,#7622,#7623);
#5856=AXIS2_PLACEMENT_3D('',#9503,#7624,#7625);
#5857=AXIS2_PLACEMENT_3D('',#9504,#7626,#7627);
#5858=AXIS2_PLACEMENT_3D('',#9505,#7628,#7629);
#5859=AXIS2_PLACEMENT_3D('',#9506,#7630,#7631);
#5860=AXIS2_PLACEMENT_3D('',#9507,#7632,#7633);
#5861=AXIS2_PLACEMENT_3D('',#9508,#7634,#7635);
#5862=AXIS2_PLACEMENT_3D('',#9509,#7636,#7637);
#5863=AXIS2_PLACEMENT_3D('',#9510,#7638,#7639);
#5864=AXIS2_PLACEMENT_3D('',#9511,#7640,#7641);
#5865=AXIS2_PLACEMENT_3D('',#9512,#7642,#7643);
#5866=AXIS2_PLACEMENT_3D('',#9513,#7644,#7645);
#5867=AXIS2_PLACEMENT_3D('',#9514,#7646,#7647);
#5868=AXIS2_PLACEMENT_3D('',#9515,#7648,#7649);
#5869=AXIS2_PLACEMENT_3D('',#9516,#7650,#7651);
#5870=AXIS2_PLACEMENT_3D('',#9517,#7652,#7653);
#5871=AXIS2_PLACEMENT_3D('',#9518,#7654,#7655);
#5872=AXIS2_PLACEMENT_3D('',#9519,#7656,#7657);
#5873=AXIS2_PLACEMENT_3D('',#9520,#7658,#7659);
#5874=AXIS2_PLACEMENT_3D('',#9521,#7660,#7661);
#5875=AXIS2_PLACEMENT_3D('',#9522,#7662,#7663);
#5876=AXIS2_PLACEMENT_3D('',#9523,#7664,#7665);
#5877=AXIS2_PLACEMENT_3D('',#9524,#7666,#7667);
#5878=AXIS2_PLACEMENT_3D('',#9525,#7668,#7669);
#5879=AXIS2_PLACEMENT_3D('',#9526,#7670,#7671);
#5880=AXIS2_PLACEMENT_3D('',#9527,#7672,#7673);
#5881=AXIS2_PLACEMENT_3D('',#9528,#7674,#7675);
#5882=AXIS2_PLACEMENT_3D('',#9529,#7676,#7677);
#5883=AXIS2_PLACEMENT_3D('',#9530,#7678,#7679);
#5884=AXIS2_PLACEMENT_3D('',#9531,#7680,#7681);
#5885=AXIS2_PLACEMENT_3D('',#9532,#7682,#7683);
#5886=AXIS2_PLACEMENT_3D('',#9533,#7684,#7685);
#5887=AXIS2_PLACEMENT_3D('',#9534,#7686,#7687);
#5888=AXIS2_PLACEMENT_3D('',#9535,#7688,#7689);
#5889=AXIS2_PLACEMENT_3D('',#9544,#7694,#7695);
#5890=AXIS2_PLACEMENT_3D('',#9553,#7700,#7701);
#5891=AXIS2_PLACEMENT_3D('',#9556,#7704,#7705);
#5892=AXIS2_PLACEMENT_3D('',#9558,#7707,#7708);
#5893=AXIS2_PLACEMENT_3D('',#9560,#7710,#7711);
#5894=AXIS2_PLACEMENT_3D('',#9561,#7712,#7713);
#5895=AXIS2_PLACEMENT_3D('',#9562,#7714,#7715);
#5896=AXIS2_PLACEMENT_3D('',#9563,#7716,#7717);
#5897=AXIS2_PLACEMENT_3D('',#9564,#7718,#7719);
#5898=AXIS2_PLACEMENT_3D('',#9565,#7720,#7721);
#5899=AXIS2_PLACEMENT_3D('',#9566,#7722,#7723);
#5900=AXIS2_PLACEMENT_3D('',#9567,#7724,#7725);
#5901=AXIS2_PLACEMENT_3D('',#9568,#7726,#7727);
#5902=AXIS2_PLACEMENT_3D('',#9569,#7728,#7729);
#5903=AXIS2_PLACEMENT_3D('',#9570,#7730,#7731);
#5904=AXIS2_PLACEMENT_3D('',#9571,#7732,#7733);
#5905=AXIS2_PLACEMENT_3D('',#9572,#7734,#7735);
#5906=AXIS2_PLACEMENT_3D('',#9573,#7736,#7737);
#5907=AXIS2_PLACEMENT_3D('',#9574,#7738,#7739);
#5908=AXIS2_PLACEMENT_3D('',#9575,#7740,#7741);
#5909=AXIS2_PLACEMENT_3D('',#9576,#7742,#7743);
#5910=AXIS2_PLACEMENT_3D('',#9577,#7744,#7745);
#5911=AXIS2_PLACEMENT_3D('',#9578,#7746,#7747);
#5912=AXIS2_PLACEMENT_3D('',#9579,#7748,#7749);
#5913=AXIS2_PLACEMENT_3D('',#9580,#7750,#7751);
#5914=AXIS2_PLACEMENT_3D('',#9581,#7752,#7753);
#5915=AXIS2_PLACEMENT_3D('',#9582,#7754,#7755);
#5916=AXIS2_PLACEMENT_3D('',#9583,#7756,#7757);
#5917=AXIS2_PLACEMENT_3D('',#9584,#7758,#7759);
#5918=AXIS2_PLACEMENT_3D('',#9585,#7760,#7761);
#5919=AXIS2_PLACEMENT_3D('',#9586,#7762,#7763);
#5920=AXIS2_PLACEMENT_3D('',#9587,#7764,#7765);
#5921=AXIS2_PLACEMENT_3D('',#9588,#7766,#7767);
#5922=AXIS2_PLACEMENT_3D('',#9589,#7768,#7769);
#5923=AXIS2_PLACEMENT_3D('',#9590,#7770,#7771);
#5924=AXIS2_PLACEMENT_3D('',#9591,#7772,#7773);
#5925=AXIS2_PLACEMENT_3D('',#9592,#7774,#7775);
#5926=AXIS2_PLACEMENT_3D('',#9593,#7776,#7777);
#5927=AXIS2_PLACEMENT_3D('',#9594,#7778,#7779);
#5928=AXIS2_PLACEMENT_3D('',#9595,#7780,#7781);
#5929=AXIS2_PLACEMENT_3D('',#9596,#7782,#7783);
#5930=AXIS2_PLACEMENT_3D('',#9597,#7784,#7785);
#5931=AXIS2_PLACEMENT_3D('',#9598,#7786,#7787);
#5932=AXIS2_PLACEMENT_3D('',#9599,#7788,#7789);
#5933=AXIS2_PLACEMENT_3D('',#9600,#7790,#7791);
#5934=AXIS2_PLACEMENT_3D('',#9601,#7792,#7793);
#5935=AXIS2_PLACEMENT_3D('',#9602,#7794,#7795);
#5936=AXIS2_PLACEMENT_3D('',#9603,#7796,#7797);
#5937=AXIS2_PLACEMENT_3D('',#9604,#7798,#7799);
#5938=AXIS2_PLACEMENT_3D('',#9605,#7800,#7801);
#5939=AXIS2_PLACEMENT_3D('',#9606,#7802,#7803);
#5940=AXIS2_PLACEMENT_3D('',#9607,#7804,#7805);
#5941=AXIS2_PLACEMENT_3D('',#9608,#7806,#7807);
#5942=AXIS2_PLACEMENT_3D('',#9609,#7808,#7809);
#5943=AXIS2_PLACEMENT_3D('',#9610,#7810,#7811);
#5944=AXIS2_PLACEMENT_3D('',#9611,#7812,#7813);
#5945=AXIS2_PLACEMENT_3D('',#9612,#7814,#7815);
#5946=AXIS2_PLACEMENT_3D('',#9613,#7816,#7817);
#5947=AXIS2_PLACEMENT_3D('',#9614,#7818,#7819);
#5948=AXIS2_PLACEMENT_3D('',#9615,#7820,#7821);
#5949=AXIS2_PLACEMENT_3D('',#9616,#7822,#7823);
#5950=AXIS2_PLACEMENT_3D('',#9617,#7824,#7825);
#5951=AXIS2_PLACEMENT_3D('',#9618,#7826,#7827);
#5952=AXIS2_PLACEMENT_3D('',#9619,#7828,#7829);
#5953=AXIS2_PLACEMENT_3D('',#9620,#7830,#7831);
#5954=AXIS2_PLACEMENT_3D('',#9621,#7832,#7833);
#5955=AXIS2_PLACEMENT_3D('',#9622,#7834,#7835);
#5956=AXIS2_PLACEMENT_3D('',#9623,#7836,#7837);
#5957=AXIS2_PLACEMENT_3D('',#9624,#7838,#7839);
#5958=AXIS2_PLACEMENT_3D('',#9625,#7840,#7841);
#5959=AXIS2_PLACEMENT_3D('',#9626,#7842,#7843);
#5960=AXIS2_PLACEMENT_3D('',#9627,#7844,#7845);
#5961=AXIS2_PLACEMENT_3D('',#9628,#7846,#7847);
#5962=AXIS2_PLACEMENT_3D('',#9629,#7848,#7849);
#5963=AXIS2_PLACEMENT_3D('',#9630,#7850,#7851);
#5964=AXIS2_PLACEMENT_3D('',#9631,#7852,#7853);
#5965=AXIS2_PLACEMENT_3D('',#9632,#7854,#7855);
#5966=AXIS2_PLACEMENT_3D('',#9633,#7856,#7857);
#5967=AXIS2_PLACEMENT_3D('',#9634,#7858,#7859);
#5968=AXIS2_PLACEMENT_3D('',#9635,#7860,#7861);
#5969=AXIS2_PLACEMENT_3D('',#9636,#7862,#7863);
#5970=AXIS2_PLACEMENT_3D('',#9637,#7864,#7865);
#5971=AXIS2_PLACEMENT_3D('',#9638,#7866,#7867);
#5972=AXIS2_PLACEMENT_3D('',#9639,#7868,#7869);
#5973=AXIS2_PLACEMENT_3D('',#9640,#7870,#7871);
#5974=AXIS2_PLACEMENT_3D('',#9641,#7872,#7873);
#5975=AXIS2_PLACEMENT_3D('',#9642,#7874,#7875);
#5976=AXIS2_PLACEMENT_3D('',#9643,#7876,#7877);
#5977=AXIS2_PLACEMENT_3D('',#9644,#7878,#7879);
#5978=AXIS2_PLACEMENT_3D('',#9645,#7880,#7881);
#5979=AXIS2_PLACEMENT_3D('',#9646,#7882,#7883);
#5980=AXIS2_PLACEMENT_3D('',#9647,#7884,#7885);
#5981=AXIS2_PLACEMENT_3D('',#9648,#7886,#7887);
#5982=AXIS2_PLACEMENT_3D('',#9649,#7888,#7889);
#5983=AXIS2_PLACEMENT_3D('',#9650,#7890,#7891);
#5984=AXIS2_PLACEMENT_3D('',#9651,#7892,#7893);
#5985=AXIS2_PLACEMENT_3D('',#9652,#7894,#7895);
#5986=AXIS2_PLACEMENT_3D('',#9653,#7896,#7897);
#5987=AXIS2_PLACEMENT_3D('',#9654,#7898,#7899);
#5988=AXIS2_PLACEMENT_3D('',#9655,#7900,#7901);
#5989=AXIS2_PLACEMENT_3D('',#9656,#7902,#7903);
#5990=AXIS2_PLACEMENT_3D('',#9657,#7904,#7905);
#5991=AXIS2_PLACEMENT_3D('',#9658,#7906,#7907);
#5992=AXIS2_PLACEMENT_3D('',#9659,#7908,#7909);
#5993=AXIS2_PLACEMENT_3D('',#9660,#7910,#7911);
#5994=AXIS2_PLACEMENT_3D('',#9661,#7912,#7913);
#5995=AXIS2_PLACEMENT_3D('',#9662,#7914,#7915);
#5996=AXIS2_PLACEMENT_3D('',#9663,#7916,#7917);
#5997=AXIS2_PLACEMENT_3D('',#9664,#7918,#7919);
#5998=AXIS2_PLACEMENT_3D('',#9665,#7920,#7921);
#5999=AXIS2_PLACEMENT_3D('',#9666,#7922,#7923);
#6000=AXIS2_PLACEMENT_3D('',#9667,#7924,#7925);
#6001=AXIS2_PLACEMENT_3D('',#9668,#7926,#7927);
#6002=AXIS2_PLACEMENT_3D('',#9669,#7928,#7929);
#6003=AXIS2_PLACEMENT_3D('',#9670,#7930,#7931);
#6004=AXIS2_PLACEMENT_3D('',#9671,#7932,#7933);
#6005=AXIS2_PLACEMENT_3D('',#9672,#7934,#7935);
#6006=AXIS2_PLACEMENT_3D('',#9673,#7936,#7937);
#6007=AXIS2_PLACEMENT_3D('',#9674,#7938,#7939);
#6008=AXIS2_PLACEMENT_3D('',#9675,#7940,#7941);
#6009=AXIS2_PLACEMENT_3D('',#9676,#7942,#7943);
#6010=AXIS2_PLACEMENT_3D('',#9677,#7944,#7945);
#6011=AXIS2_PLACEMENT_3D('',#9678,#7946,#7947);
#6012=AXIS2_PLACEMENT_3D('',#9679,#7948,#7949);
#6013=AXIS2_PLACEMENT_3D('',#9680,#7950,#7951);
#6014=AXIS2_PLACEMENT_3D('',#9681,#7952,#7953);
#6015=AXIS2_PLACEMENT_3D('',#9682,#7954,#7955);
#6016=AXIS2_PLACEMENT_3D('',#9683,#7956,#7957);
#6017=AXIS2_PLACEMENT_3D('',#9684,#7958,#7959);
#6018=AXIS2_PLACEMENT_3D('',#9685,#7960,#7961);
#6019=AXIS2_PLACEMENT_3D('',#9686,#7962,#7963);
#6020=AXIS2_PLACEMENT_3D('',#9687,#7964,#7965);
#6021=AXIS2_PLACEMENT_3D('',#9688,#7966,#7967);
#6022=AXIS2_PLACEMENT_3D('',#9689,#7968,#7969);
#6023=AXIS2_PLACEMENT_3D('',#9690,#7970,#7971);
#6024=AXIS2_PLACEMENT_3D('',#9691,#7972,#7973);
#6025=AXIS2_PLACEMENT_3D('',#9692,#7974,#7975);
#6026=AXIS2_PLACEMENT_3D('',#9693,#7976,#7977);
#6027=AXIS2_PLACEMENT_3D('',#9694,#7978,#7979);
#6028=AXIS2_PLACEMENT_3D('',#9695,#7980,#7981);
#6029=AXIS2_PLACEMENT_3D('',#9696,#7982,#7983);
#6030=AXIS2_PLACEMENT_3D('',#9697,#7984,#7985);
#6031=AXIS2_PLACEMENT_3D('',#9698,#7986,#7987);
#6032=AXIS2_PLACEMENT_3D('',#9699,#7988,#7989);
#6033=AXIS2_PLACEMENT_3D('',#9700,#7990,#7991);
#6034=AXIS2_PLACEMENT_3D('',#9701,#7992,#7993);
#6035=AXIS2_PLACEMENT_3D('',#9702,#7994,#7995);
#6036=AXIS2_PLACEMENT_3D('',#9703,#7996,#7997);
#6037=AXIS2_PLACEMENT_3D('',#9704,#7998,#7999);
#6038=AXIS2_PLACEMENT_3D('',#9705,#8000,#8001);
#6039=AXIS2_PLACEMENT_3D('',#9706,#8002,#8003);
#6040=AXIS2_PLACEMENT_3D('',#9707,#8004,#8005);
#6041=AXIS2_PLACEMENT_3D('',#9708,#8006,#8007);
#6042=AXIS2_PLACEMENT_3D('',#9709,#8008,#8009);
#6043=AXIS2_PLACEMENT_3D('',#9710,#8010,#8011);
#6044=AXIS2_PLACEMENT_3D('',#9711,#8012,#8013);
#6045=AXIS2_PLACEMENT_3D('',#9712,#8014,#8015);
#6046=AXIS2_PLACEMENT_3D('',#9713,#8016,#8017);
#6047=AXIS2_PLACEMENT_3D('',#9714,#8018,#8019);
#6048=AXIS2_PLACEMENT_3D('',#9715,#8020,#8021);
#6049=AXIS2_PLACEMENT_3D('',#9716,#8022,#8023);
#6050=AXIS2_PLACEMENT_3D('',#9717,#8024,#8025);
#6051=AXIS2_PLACEMENT_3D('',#9718,#8026,#8027);
#6052=AXIS2_PLACEMENT_3D('',#9719,#8028,#8029);
#6053=AXIS2_PLACEMENT_3D('',#9720,#8030,#8031);
#6054=AXIS2_PLACEMENT_3D('',#9721,#8032,#8033);
#6055=AXIS2_PLACEMENT_3D('',#9722,#8034,#8035);
#6056=AXIS2_PLACEMENT_3D('',#9723,#8036,#8037);
#6057=AXIS2_PLACEMENT_3D('',#9724,#8038,#8039);
#6058=AXIS2_PLACEMENT_3D('',#9725,#8040,#8041);
#6059=AXIS2_PLACEMENT_3D('',#9726,#8042,#8043);
#6060=AXIS2_PLACEMENT_3D('',#9727,#8044,#8045);
#6061=AXIS2_PLACEMENT_3D('',#9728,#8046,#8047);
#6062=AXIS2_PLACEMENT_3D('',#9729,#8048,#8049);
#6063=AXIS2_PLACEMENT_3D('',#9730,#8050,#8051);
#6064=AXIS2_PLACEMENT_3D('',#9731,#8052,#8053);
#6065=AXIS2_PLACEMENT_3D('',#9732,#8054,#8055);
#6066=AXIS2_PLACEMENT_3D('',#9733,#8056,#8057);
#6067=AXIS2_PLACEMENT_3D('',#9734,#8058,#8059);
#6068=AXIS2_PLACEMENT_3D('',#9735,#8060,#8061);
#6069=AXIS2_PLACEMENT_3D('',#9736,#8062,#8063);
#6070=AXIS2_PLACEMENT_3D('',#9737,#8064,#8065);
#6071=AXIS2_PLACEMENT_3D('',#9738,#8066,#8067);
#6072=AXIS2_PLACEMENT_3D('',#9739,#8068,#8069);
#6073=AXIS2_PLACEMENT_3D('',#9740,#8070,#8071);
#6074=AXIS2_PLACEMENT_3D('',#9741,#8072,#8073);
#6075=AXIS2_PLACEMENT_3D('',#9742,#8074,#8075);
#6076=AXIS2_PLACEMENT_3D('',#9743,#8076,#8077);
#6077=AXIS2_PLACEMENT_3D('',#9744,#8078,#8079);
#6078=AXIS2_PLACEMENT_3D('',#9745,#8080,#8081);
#6079=AXIS2_PLACEMENT_3D('',#9746,#8082,#8083);
#6080=AXIS2_PLACEMENT_3D('',#9747,#8084,#8085);
#6081=AXIS2_PLACEMENT_3D('',#9748,#8086,#8087);
#6082=AXIS2_PLACEMENT_3D('',#9749,#8088,#8089);
#6083=AXIS2_PLACEMENT_3D('',#9750,#8090,#8091);
#6084=AXIS2_PLACEMENT_3D('',#9751,#8092,#8093);
#6085=AXIS2_PLACEMENT_3D('',#9752,#8094,#8095);
#6086=AXIS2_PLACEMENT_3D('',#9753,#8096,#8097);
#6087=AXIS2_PLACEMENT_3D('',#9754,#8098,#8099);
#6088=AXIS2_PLACEMENT_3D('',#9755,#8100,#8101);
#6089=AXIS2_PLACEMENT_3D('',#9756,#8102,#8103);
#6090=AXIS2_PLACEMENT_3D('',#9757,#8104,#8105);
#6091=AXIS2_PLACEMENT_3D('',#9758,#8106,#8107);
#6092=AXIS2_PLACEMENT_3D('',#9759,#8108,#8109);
#6093=AXIS2_PLACEMENT_3D('',#9760,#8110,#8111);
#6094=AXIS2_PLACEMENT_3D('',#9761,#8112,#8113);
#6095=AXIS2_PLACEMENT_3D('',#9762,#8114,#8115);
#6096=AXIS2_PLACEMENT_3D('',#9763,#8116,#8117);
#6097=AXIS2_PLACEMENT_3D('',#9764,#8118,#8119);
#6098=AXIS2_PLACEMENT_3D('',#9765,#8120,#8121);
#6099=AXIS2_PLACEMENT_3D('',#9766,#8122,#8123);
#6100=AXIS2_PLACEMENT_3D('',#9767,#8124,#8125);
#6101=AXIS2_PLACEMENT_3D('',#9768,#8126,#8127);
#6102=AXIS2_PLACEMENT_3D('',#9769,#8128,#8129);
#6103=AXIS2_PLACEMENT_3D('',#9770,#8130,#8131);
#6104=AXIS2_PLACEMENT_3D('',#9771,#8132,#8133);
#6105=AXIS2_PLACEMENT_3D('',#9772,#8134,#8135);
#6106=AXIS2_PLACEMENT_3D('',#9773,#8136,#8137);
#6107=AXIS2_PLACEMENT_3D('',#9774,#8138,#8139);
#6108=AXIS2_PLACEMENT_3D('',#9775,#8140,#8141);
#6109=AXIS2_PLACEMENT_3D('',#9776,#8142,#8143);
#6110=AXIS2_PLACEMENT_3D('',#9777,#8144,#8145);
#6111=AXIS2_PLACEMENT_3D('',#9778,#8146,#8147);
#6112=AXIS2_PLACEMENT_3D('',#9779,#8148,#8149);
#6113=AXIS2_PLACEMENT_3D('',#9780,#8150,#8151);
#6114=AXIS2_PLACEMENT_3D('',#9781,#8152,#8153);
#6115=AXIS2_PLACEMENT_3D('',#9782,#8154,#8155);
#6116=AXIS2_PLACEMENT_3D('',#9783,#8156,#8157);
#6117=AXIS2_PLACEMENT_3D('',#9784,#8158,#8159);
#6118=AXIS2_PLACEMENT_3D('',#9785,#8160,#8161);
#6119=AXIS2_PLACEMENT_3D('',#9786,#8162,#8163);
#6120=AXIS2_PLACEMENT_3D('',#9787,#8164,#8165);
#6121=AXIS2_PLACEMENT_3D('',#9788,#8166,#8167);
#6122=AXIS2_PLACEMENT_3D('',#9789,#8168,#8169);
#6123=AXIS2_PLACEMENT_3D('',#9790,#8170,#8171);
#6124=AXIS2_PLACEMENT_3D('',#9791,#8172,#8173);
#6125=AXIS2_PLACEMENT_3D('',#9792,#8174,#8175);
#6126=AXIS2_PLACEMENT_3D('',#9793,#8176,#8177);
#6127=AXIS2_PLACEMENT_3D('',#9794,#8178,#8179);
#6128=AXIS2_PLACEMENT_3D('',#9795,#8180,#8181);
#6129=AXIS2_PLACEMENT_3D('',#9796,#8182,#8183);
#6130=AXIS2_PLACEMENT_3D('',#9797,#8184,#8185);
#6131=AXIS2_PLACEMENT_3D('',#9798,#8186,#8187);
#6132=AXIS2_PLACEMENT_3D('',#9799,#8188,#8189);
#6133=AXIS2_PLACEMENT_3D('',#9800,#8190,#8191);
#6134=AXIS2_PLACEMENT_3D('',#9801,#8192,#8193);
#6135=AXIS2_PLACEMENT_3D('',#9802,#8194,#8195);
#6136=AXIS2_PLACEMENT_3D('',#9803,#8196,#8197);
#6137=AXIS2_PLACEMENT_3D('',#9804,#8198,#8199);
#6138=AXIS2_PLACEMENT_3D('',#9805,#8200,#8201);
#6139=AXIS2_PLACEMENT_3D('',#9806,#8202,#8203);
#6140=AXIS2_PLACEMENT_3D('',#9807,#8204,#8205);
#6141=AXIS2_PLACEMENT_3D('',#9808,#8206,#8207);
#6142=AXIS2_PLACEMENT_3D('',#9809,#8208,#8209);
#6143=AXIS2_PLACEMENT_3D('',#9810,#8210,#8211);
#6144=AXIS2_PLACEMENT_3D('',#9811,#8212,#8213);
#6145=AXIS2_PLACEMENT_3D('',#9812,#8214,#8215);
#6146=AXIS2_PLACEMENT_3D('',#9813,#8216,#8217);
#6147=AXIS2_PLACEMENT_3D('',#9814,#8218,#8219);
#6148=AXIS2_PLACEMENT_3D('',#9815,#8220,#8221);
#6149=AXIS2_PLACEMENT_3D('',#9816,#8222,#8223);
#6150=AXIS2_PLACEMENT_3D('',#9817,#8224,#8225);
#6151=AXIS2_PLACEMENT_3D('',#9818,#8226,#8227);
#6152=AXIS2_PLACEMENT_3D('',#9819,#8228,#8229);
#6153=AXIS2_PLACEMENT_3D('',#9820,#8230,#8231);
#6154=AXIS2_PLACEMENT_3D('',#9821,#8232,#8233);
#6155=AXIS2_PLACEMENT_3D('',#9822,#8234,#8235);
#6156=AXIS2_PLACEMENT_3D('',#9823,#8236,#8237);
#6157=AXIS2_PLACEMENT_3D('',#9824,#8238,#8239);
#6158=AXIS2_PLACEMENT_3D('',#9825,#8240,#8241);
#6159=AXIS2_PLACEMENT_3D('',#9826,#8242,#8243);
#6160=AXIS2_PLACEMENT_3D('',#9827,#8244,#8245);
#6161=AXIS2_PLACEMENT_3D('',#9828,#8246,#8247);
#6162=AXIS2_PLACEMENT_3D('',#9829,#8248,#8249);
#6163=AXIS2_PLACEMENT_3D('',#9830,#8250,#8251);
#6164=AXIS2_PLACEMENT_3D('',#9831,#8252,#8253);
#6165=AXIS2_PLACEMENT_3D('',#9832,#8254,#8255);
#6166=AXIS2_PLACEMENT_3D('',#9833,#8256,#8257);
#6167=AXIS2_PLACEMENT_3D('',#9834,#8258,#8259);
#6168=AXIS2_PLACEMENT_3D('',#9835,#8260,#8261);
#6169=AXIS2_PLACEMENT_3D('',#9836,#8262,#8263);
#6170=AXIS2_PLACEMENT_3D('',#9837,#8264,#8265);
#6171=AXIS2_PLACEMENT_3D('',#9838,#8266,#8267);
#6172=AXIS2_PLACEMENT_3D('',#9839,#8268,#8269);
#6173=AXIS2_PLACEMENT_3D('',#9840,#8270,#8271);
#6174=AXIS2_PLACEMENT_3D('',#9841,#8272,#8273);
#6175=AXIS2_PLACEMENT_3D('',#9842,#8274,#8275);
#6176=AXIS2_PLACEMENT_3D('',#9843,#8276,#8277);
#6177=AXIS2_PLACEMENT_3D('',#9844,#8278,#8279);
#6178=AXIS2_PLACEMENT_3D('',#9845,#8280,#8281);
#6179=AXIS2_PLACEMENT_3D('',#9846,#8282,#8283);
#6180=AXIS2_PLACEMENT_3D('',#9847,#8284,#8285);
#6181=AXIS2_PLACEMENT_3D('',#9848,#8286,#8287);
#6182=AXIS2_PLACEMENT_3D('',#9849,#8288,#8289);
#6183=AXIS2_PLACEMENT_3D('',#9850,#8290,#8291);
#6184=AXIS2_PLACEMENT_3D('',#9851,#8292,#8293);
#6185=AXIS2_PLACEMENT_3D('',#9852,#8294,#8295);
#6186=AXIS2_PLACEMENT_3D('',#9853,#8296,#8297);
#6187=AXIS2_PLACEMENT_3D('',#9854,#8298,#8299);
#6188=AXIS2_PLACEMENT_3D('',#9855,#8300,#8301);
#6189=AXIS2_PLACEMENT_3D('',#9856,#8302,#8303);
#6190=AXIS2_PLACEMENT_3D('',#9857,#8304,#8305);
#6191=AXIS2_PLACEMENT_3D('',#9858,#8306,#8307);
#6192=AXIS2_PLACEMENT_3D('',#9859,#8308,#8309);
#6193=AXIS2_PLACEMENT_3D('',#9860,#8310,#8311);
#6194=AXIS2_PLACEMENT_3D('',#9861,#8312,#8313);
#6195=AXIS2_PLACEMENT_3D('',#9862,#8314,#8315);
#6196=AXIS2_PLACEMENT_3D('',#9863,#8316,#8317);
#6197=AXIS2_PLACEMENT_3D('',#9864,#8318,#8319);
#6198=AXIS2_PLACEMENT_3D('',#9865,#8320,#8321);
#6199=AXIS2_PLACEMENT_3D('',#9866,#8322,#8323);
#6200=AXIS2_PLACEMENT_3D('',#9867,#8324,#8325);
#6201=AXIS2_PLACEMENT_3D('',#9868,#8326,#8327);
#6202=AXIS2_PLACEMENT_3D('',#9869,#8328,#8329);
#6203=AXIS2_PLACEMENT_3D('',#9870,#8330,#8331);
#6204=AXIS2_PLACEMENT_3D('',#9871,#8332,#8333);
#6205=AXIS2_PLACEMENT_3D('',#9872,#8334,#8335);
#6206=AXIS2_PLACEMENT_3D('',#9873,#8336,#8337);
#6207=AXIS2_PLACEMENT_3D('',#9874,#8338,#8339);
#6208=AXIS2_PLACEMENT_3D('',#9875,#8340,#8341);
#6209=AXIS2_PLACEMENT_3D('',#9876,#8342,#8343);
#6210=AXIS2_PLACEMENT_3D('',#9877,#8344,#8345);
#6211=AXIS2_PLACEMENT_3D('',#9878,#8346,#8347);
#6212=AXIS2_PLACEMENT_3D('',#9879,#8348,#8349);
#6213=AXIS2_PLACEMENT_3D('',#9880,#8350,#8351);
#6214=AXIS2_PLACEMENT_3D('',#9881,#8352,#8353);
#6215=AXIS2_PLACEMENT_3D('',#9882,#8354,#8355);
#6216=AXIS2_PLACEMENT_3D('',#9883,#8356,#8357);
#6217=AXIS2_PLACEMENT_3D('',#9884,#8358,#8359);
#6218=AXIS2_PLACEMENT_3D('',#9885,#8360,#8361);
#6219=AXIS2_PLACEMENT_3D('',#9886,#8362,#8363);
#6220=AXIS2_PLACEMENT_3D('',#9887,#8364,#8365);
#6221=AXIS2_PLACEMENT_3D('',#9888,#8366,#8367);
#6222=AXIS2_PLACEMENT_3D('',#9889,#8368,#8369);
#6223=AXIS2_PLACEMENT_3D('',#9890,#8370,#8371);
#6224=AXIS2_PLACEMENT_3D('',#9891,#8372,#8373);
#6225=AXIS2_PLACEMENT_3D('',#9892,#8374,#8375);
#6226=AXIS2_PLACEMENT_3D('',#9893,#8376,#8377);
#6227=AXIS2_PLACEMENT_3D('',#9894,#8378,#8379);
#6228=AXIS2_PLACEMENT_3D('',#9895,#8380,#8381);
#6229=AXIS2_PLACEMENT_3D('',#9896,#8382,#8383);
#6230=AXIS2_PLACEMENT_3D('',#9897,#8384,#8385);
#6231=AXIS2_PLACEMENT_3D('',#9898,#8386,#8387);
#6232=AXIS2_PLACEMENT_3D('',#9899,#8388,#8389);
#6233=AXIS2_PLACEMENT_3D('',#9900,#8390,#8391);
#6234=AXIS2_PLACEMENT_3D('',#9901,#8392,#8393);
#6235=AXIS2_PLACEMENT_3D('',#9902,#8394,#8395);
#6236=AXIS2_PLACEMENT_3D('',#9903,#8396,#8397);
#6237=AXIS2_PLACEMENT_3D('',#9904,#8398,#8399);
#6238=AXIS2_PLACEMENT_3D('',#9905,#8400,#8401);
#6239=AXIS2_PLACEMENT_3D('',#9906,#8402,#8403);
#6240=AXIS2_PLACEMENT_3D('',#9907,#8404,#8405);
#6241=AXIS2_PLACEMENT_3D('',#9908,#8406,#8407);
#6242=AXIS2_PLACEMENT_3D('',#9909,#8408,#8409);
#6243=AXIS2_PLACEMENT_3D('',#9910,#8410,#8411);
#6244=AXIS2_PLACEMENT_3D('',#9911,#8412,#8413);
#6245=AXIS2_PLACEMENT_3D('',#9912,#8414,#8415);
#6246=AXIS2_PLACEMENT_3D('',#9913,#8416,#8417);
#6247=AXIS2_PLACEMENT_3D('',#9914,#8418,#8419);
#6248=AXIS2_PLACEMENT_3D('',#9915,#8420,#8421);
#6249=AXIS2_PLACEMENT_3D('',#9916,#8422,#8423);
#6250=AXIS2_PLACEMENT_3D('',#9917,#8424,#8425);
#6251=AXIS2_PLACEMENT_3D('',#9918,#8426,#8427);
#6252=AXIS2_PLACEMENT_3D('',#9919,#8428,#8429);
#6253=AXIS2_PLACEMENT_3D('',#9920,#8430,#8431);
#6254=AXIS2_PLACEMENT_3D('',#9921,#8432,#8433);
#6255=AXIS2_PLACEMENT_3D('',#9922,#8434,#8435);
#6256=AXIS2_PLACEMENT_3D('',#9923,#8436,#8437);
#6257=AXIS2_PLACEMENT_3D('',#9924,#8438,#8439);
#6258=AXIS2_PLACEMENT_3D('',#9925,#8440,#8441);
#6259=AXIS2_PLACEMENT_3D('',#9926,#8442,#8443);
#6260=AXIS2_PLACEMENT_3D('',#9927,#8444,#8445);
#6261=AXIS2_PLACEMENT_3D('',#9928,#8446,#8447);
#6262=AXIS2_PLACEMENT_3D('',#9929,#8448,#8449);
#6263=AXIS2_PLACEMENT_3D('',#9930,#8450,#8451);
#6264=AXIS2_PLACEMENT_3D('',#9931,#8452,#8453);
#6265=AXIS2_PLACEMENT_3D('',#9932,#8454,#8455);
#6266=AXIS2_PLACEMENT_3D('',#9933,#8456,#8457);
#6267=AXIS2_PLACEMENT_3D('',#9934,#8458,#8459);
#6268=AXIS2_PLACEMENT_3D('',#9935,#8460,#8461);
#6269=AXIS2_PLACEMENT_3D('',#9936,#8462,#8463);
#6270=AXIS2_PLACEMENT_3D('',#9937,#8464,#8465);
#6271=AXIS2_PLACEMENT_3D('',#9938,#8466,#8467);
#6272=AXIS2_PLACEMENT_3D('',#9939,#8468,#8469);
#6273=AXIS2_PLACEMENT_3D('',#9940,#8470,#8471);
#6274=AXIS2_PLACEMENT_3D('',#9941,#8472,#8473);
#6275=AXIS2_PLACEMENT_3D('',#9942,#8474,#8475);
#6276=AXIS2_PLACEMENT_3D('',#9943,#8476,#8477);
#6277=AXIS2_PLACEMENT_3D('',#9944,#8478,#8479);
#6278=AXIS2_PLACEMENT_3D('',#9945,#8480,#8481);
#6279=AXIS2_PLACEMENT_3D('',#9946,#8482,#8483);
#6280=AXIS2_PLACEMENT_3D('',#9947,#8484,#8485);
#6281=AXIS2_PLACEMENT_3D('',#9948,#8486,#8487);
#6282=AXIS2_PLACEMENT_3D('',#9949,#8488,#8489);
#6283=AXIS2_PLACEMENT_3D('',#9950,#8490,#8491);
#6284=AXIS2_PLACEMENT_3D('',#9951,#8492,#8493);
#6285=AXIS2_PLACEMENT_3D('',#9952,#8494,#8495);
#6286=AXIS2_PLACEMENT_3D('',#9953,#8496,#8497);
#6287=AXIS2_PLACEMENT_3D('',#9954,#8498,#8499);
#6288=AXIS2_PLACEMENT_3D('',#9955,#8500,#8501);
#6289=AXIS2_PLACEMENT_3D('',#9956,#8502,#8503);
#6290=AXIS2_PLACEMENT_3D('',#9957,#8504,#8505);
#6291=AXIS2_PLACEMENT_3D('',#9958,#8506,#8507);
#6292=AXIS2_PLACEMENT_3D('',#9959,#8508,#8509);
#6293=AXIS2_PLACEMENT_3D('',#9960,#8510,#8511);
#6294=AXIS2_PLACEMENT_3D('',#9961,#8512,#8513);
#6295=AXIS2_PLACEMENT_3D('',#9962,#8514,#8515);
#6296=AXIS2_PLACEMENT_3D('',#9963,#8516,#8517);
#6297=AXIS2_PLACEMENT_3D('',#9964,#8518,#8519);
#6298=AXIS2_PLACEMENT_3D('',#9965,#8520,#8521);
#6299=AXIS2_PLACEMENT_3D('',#9966,#8522,#8523);
#6300=AXIS2_PLACEMENT_3D('',#9967,#8524,#8525);
#6301=AXIS2_PLACEMENT_3D('',#9968,#8526,#8527);
#6302=AXIS2_PLACEMENT_3D('',#9969,#8528,#8529);
#6303=AXIS2_PLACEMENT_3D('',#9970,#8530,#8531);
#6304=AXIS2_PLACEMENT_3D('',#9971,#8532,#8533);
#6305=AXIS2_PLACEMENT_3D('',#9972,#8534,#8535);
#6306=AXIS2_PLACEMENT_3D('',#9973,#8536,#8537);
#6307=AXIS2_PLACEMENT_3D('',#9974,#8538,#8539);
#6308=AXIS2_PLACEMENT_3D('',#9975,#8540,#8541);
#6309=AXIS2_PLACEMENT_3D('',#9976,#8542,#8543);
#6310=AXIS2_PLACEMENT_3D('',#9977,#8544,#8545);
#6311=AXIS2_PLACEMENT_3D('',#9978,#8546,#8547);
#6312=AXIS2_PLACEMENT_3D('',#9979,#8548,#8549);
#6313=AXIS2_PLACEMENT_3D('',#9980,#8550,#8551);
#6314=AXIS2_PLACEMENT_3D('',#9981,#8552,#8553);
#6315=AXIS2_PLACEMENT_3D('',#9982,#8554,#8555);
#6316=AXIS2_PLACEMENT_3D('',#9983,#8556,#8557);
#6317=AXIS2_PLACEMENT_3D('',#9984,#8558,#8559);
#6318=AXIS2_PLACEMENT_3D('',#9985,#8560,#8561);
#6319=AXIS2_PLACEMENT_3D('',#9986,#8562,#8563);
#6320=AXIS2_PLACEMENT_3D('',#9987,#8564,#8565);
#6321=AXIS2_PLACEMENT_3D('',#9988,#8566,#8567);
#6322=AXIS2_PLACEMENT_3D('',#9989,#8568,#8569);
#6323=AXIS2_PLACEMENT_3D('',#9990,#8570,#8571);
#6324=AXIS2_PLACEMENT_3D('',#9991,#8572,#8573);
#6325=AXIS2_PLACEMENT_3D('',#9992,#8574,#8575);
#6326=AXIS2_PLACEMENT_3D('',#9993,#8576,#8577);
#6327=AXIS2_PLACEMENT_3D('',#9994,#8578,#8579);
#6328=AXIS2_PLACEMENT_3D('',#9995,#8580,#8581);
#6329=AXIS2_PLACEMENT_3D('',#9996,#8582,#8583);
#6330=AXIS2_PLACEMENT_3D('',#9997,#8584,#8585);
#6331=AXIS2_PLACEMENT_3D('',#9998,#8586,#8587);
#6332=AXIS2_PLACEMENT_3D('',#9999,#8588,#8589);
#6333=AXIS2_PLACEMENT_3D('',#10000,#8590,#8591);
#6334=AXIS2_PLACEMENT_3D('',#10001,#8592,#8593);
#6335=AXIS2_PLACEMENT_3D('',#10002,#8594,#8595);
#6336=AXIS2_PLACEMENT_3D('',#10003,#8596,#8597);
#6337=AXIS2_PLACEMENT_3D('',#10004,#8598,#8599);
#6338=AXIS2_PLACEMENT_3D('',#10005,#8600,#8601);
#6339=AXIS2_PLACEMENT_3D('',#10006,#8602,#8603);
#6340=AXIS2_PLACEMENT_3D('',#10007,#8604,#8605);
#6341=AXIS2_PLACEMENT_3D('',#10008,#8606,#8607);
#6342=AXIS2_PLACEMENT_3D('',#10009,#8608,#8609);
#6343=AXIS2_PLACEMENT_3D('',#10010,#8610,#8611);
#6344=AXIS2_PLACEMENT_3D('',#10011,#8612,#8613);
#6345=AXIS2_PLACEMENT_3D('',#10012,#8614,#8615);
#6346=AXIS2_PLACEMENT_3D('',#10013,#8616,#8617);
#6347=AXIS2_PLACEMENT_3D('',#10014,#8618,#8619);
#6348=AXIS2_PLACEMENT_3D('',#10015,#8620,#8621);
#6349=AXIS2_PLACEMENT_3D('',#10016,#8622,#8623);
#6350=AXIS2_PLACEMENT_3D('',#10017,#8624,#8625);
#6351=AXIS2_PLACEMENT_3D('',#10018,#8626,#8627);
#6352=AXIS2_PLACEMENT_3D('',#10019,#8628,#8629);
#6353=AXIS2_PLACEMENT_3D('',#10020,#8630,#8631);
#6354=AXIS2_PLACEMENT_3D('',#10021,#8632,#8633);
#6355=AXIS2_PLACEMENT_3D('',#10022,#8634,#8635);
#6356=AXIS2_PLACEMENT_3D('',#10023,#8636,#8637);
#6357=AXIS2_PLACEMENT_3D('',#10024,#8638,#8639);
#6358=AXIS2_PLACEMENT_3D('',#10025,#8640,#8641);
#6359=AXIS2_PLACEMENT_3D('',#10026,#8642,#8643);
#6360=AXIS2_PLACEMENT_3D('',#10027,#8644,#8645);
#6361=AXIS2_PLACEMENT_3D('',#10028,#8646,#8647);
#6362=AXIS2_PLACEMENT_3D('',#10029,#8648,#8649);
#6363=AXIS2_PLACEMENT_3D('',#10030,#8650,#8651);
#6364=AXIS2_PLACEMENT_3D('',#10031,#8652,#8653);
#6365=AXIS2_PLACEMENT_3D('',#10032,#8654,#8655);
#6366=AXIS2_PLACEMENT_3D('',#10033,#8656,#8657);
#6367=AXIS2_PLACEMENT_3D('',#10034,#8658,#8659);
#6368=AXIS2_PLACEMENT_3D('',#10035,#8660,#8661);
#6369=AXIS2_PLACEMENT_3D('',#10036,#8662,#8663);
#6370=AXIS2_PLACEMENT_3D('',#10037,#8664,#8665);
#6371=AXIS2_PLACEMENT_3D('',#10038,#8666,#8667);
#6372=AXIS2_PLACEMENT_3D('',#10039,#8668,#8669);
#6373=AXIS2_PLACEMENT_3D('',#10040,#8670,#8671);
#6374=AXIS2_PLACEMENT_3D('',#10041,#8672,#8673);
#6375=AXIS2_PLACEMENT_3D('',#10042,#8674,#8675);
#6376=AXIS2_PLACEMENT_3D('',#10043,#8676,#8677);
#6377=AXIS2_PLACEMENT_3D('',#10044,#8678,#8679);
#6378=AXIS2_PLACEMENT_3D('',#10045,#8680,#8681);
#6379=AXIS2_PLACEMENT_3D('',#10046,#8682,#8683);
#6380=AXIS2_PLACEMENT_3D('',#10047,#8684,#8685);
#6381=AXIS2_PLACEMENT_3D('',#10048,#8686,#8687);
#6382=AXIS2_PLACEMENT_3D('',#10049,#8688,#8689);
#6383=AXIS2_PLACEMENT_3D('',#10050,#8690,#8691);
#6384=AXIS2_PLACEMENT_3D('',#10051,#8692,#8693);
#6385=AXIS2_PLACEMENT_3D('',#10052,#8694,#8695);
#6386=AXIS2_PLACEMENT_3D('',#10053,#8696,#8697);
#6387=AXIS2_PLACEMENT_3D('',#10054,#8698,#8699);
#6388=AXIS2_PLACEMENT_3D('',#10055,#8700,#8701);
#6389=AXIS2_PLACEMENT_3D('',#10056,#8702,#8703);
#6390=AXIS2_PLACEMENT_3D('',#10057,#8704,#8705);
#6391=AXIS2_PLACEMENT_3D('',#10058,#8706,#8707);
#6392=AXIS2_PLACEMENT_3D('',#10059,#8708,#8709);
#6393=AXIS2_PLACEMENT_3D('',#10060,#8710,#8711);
#6394=AXIS2_PLACEMENT_3D('',#10061,#8712,#8713);
#6395=AXIS2_PLACEMENT_3D('',#10062,#8714,#8715);
#6396=AXIS2_PLACEMENT_3D('',#10063,#8716,#8717);
#6397=AXIS2_PLACEMENT_3D('',#10064,#8718,#8719);
#6398=AXIS2_PLACEMENT_3D('',#10065,#8720,#8721);
#6399=AXIS2_PLACEMENT_3D('',#10066,#8722,#8723);
#6400=AXIS2_PLACEMENT_3D('',#10067,#8724,#8725);
#6401=AXIS2_PLACEMENT_3D('',#10068,#8726,#8727);
#6402=AXIS2_PLACEMENT_3D('',#10069,#8728,#8729);
#6403=AXIS2_PLACEMENT_3D('',#10070,#8730,#8731);
#6404=AXIS2_PLACEMENT_3D('',#10071,#8732,#8733);
#6405=AXIS2_PLACEMENT_3D('',#10072,#8734,#8735);
#6406=AXIS2_PLACEMENT_3D('',#10073,#8736,#8737);
#6407=AXIS2_PLACEMENT_3D('',#10074,#8738,#8739);
#6408=AXIS2_PLACEMENT_3D('',#10075,#8740,#8741);
#6409=AXIS2_PLACEMENT_3D('',#10076,#8742,#8743);
#6410=AXIS2_PLACEMENT_3D('',#10077,#8744,#8745);
#6411=AXIS2_PLACEMENT_3D('',#10078,#8746,#8747);
#6412=AXIS2_PLACEMENT_3D('',#10079,#8748,#8749);
#6413=AXIS2_PLACEMENT_3D('',#10080,#8750,#8751);
#6414=AXIS2_PLACEMENT_3D('',#10081,#8752,#8753);
#6415=AXIS2_PLACEMENT_3D('',#10082,#8754,#8755);
#6416=AXIS2_PLACEMENT_3D('',#10083,#8756,#8757);
#6417=AXIS2_PLACEMENT_3D('',#10084,#8758,#8759);
#6418=DIRECTION('',(0.,0.,1.));
#6419=DIRECTION('',(1.,0.,0.));
#6420=DIRECTION('',(0.,0.,1.));
#6421=DIRECTION('',(1.,0.,0.));
#6422=DIRECTION('',(-1.,-8.18265790555098E-17,0.));
#6423=DIRECTION('',(1.09792625061823E-16,1.,0.));
#6424=DIRECTION('',(-1.,-1.63653158111019E-16,0.));
#6425=DIRECTION('',(1.09792625061823E-16,1.,0.));
#6426=DIRECTION('',(0.,0.,1.));
#6427=DIRECTION('',(1.,0.,0.));
#6428=DIRECTION('',(-1.,-8.18265790555098E-17,0.));
#6429=DIRECTION('',(1.09792625061823E-16,1.,0.));
#6430=DIRECTION('',(-1.,-1.63653158111019E-16,0.));
#6431=DIRECTION('',(1.09792625061823E-16,1.,0.));
#6432=DIRECTION('',(-1.,0.,0.));
#6433=DIRECTION('',(0.,-1.,0.));
#6434=DIRECTION('',(0.,0.,-1.));
#6435=DIRECTION('',(0.,0.,-1.));
#6436=DIRECTION('',(0.,-1.,0.));
#6437=DIRECTION('',(1.,0.,0.));
#6438=DIRECTION('',(0.,0.,-1.));
#6439=DIRECTION('',(-1.,0.,0.));
#6440=DIRECTION('',(0.,-1.,0.));
#6441=DIRECTION('',(0.,0.,-1.));
#6442=DIRECTION('',(8.18265790555098E-17,-1.,0.));
#6443=DIRECTION('',(1.,8.18265790555098E-17,0.));
#6444=DIRECTION('',(-0.361241666187153,1.11022302458685E-16,-0.932472229404356));
#6445=DIRECTION('',(5.09509004350007E-14,-1.,-1.98575463005071E-14));
#6446=DIRECTION('',(-0.361241666187153,1.11022302458685E-16,-0.932472229404356));
#6447=DIRECTION('',(5.09509004350007E-14,-1.,-1.98575463005071E-14));
#6448=DIRECTION('',(-0.361241666187153,1.11022302458685E-16,-0.932472229404356));
#6449=DIRECTION('',(5.09509004350007E-14,-1.,-1.98575463005071E-14));
#6450=DIRECTION('',(-0.361241666187153,1.11022302458685E-16,-0.932472229404356));
#6451=DIRECTION('',(5.09509004350007E-14,-1.,-1.98575463005071E-14));
#6452=DIRECTION('',(-0.361241666187153,1.11022302458685E-16,-0.932472229404356));
#6453=DIRECTION('',(5.09509004350007E-14,-1.,-1.98575463005071E-14));
#6454=DIRECTION('',(0.,0.,1.));
#6455=DIRECTION('',(1.,0.,0.));
#6456=DIRECTION('',(0.,-1.,0.));
#6457=DIRECTION('',(-1.,0.,0.));
#6458=DIRECTION('',(-6.15268104017848E-17,-1.,0.));
#6459=DIRECTION('',(-1.,0.,0.));
#6460=DIRECTION('',(0.,0.,1.));
#6461=DIRECTION('',(1.,0.,0.));
#6462=DIRECTION('',(0.,-1.,0.));
#6463=DIRECTION('',(-1.,0.,0.));
#6464=DIRECTION('',(-6.15268104017848E-17,-1.,0.));
#6465=DIRECTION('',(-1.,0.,0.));
#6466=DIRECTION('',(0.,-1.,0.));
#6467=DIRECTION('',(0.,0.,-1.));
#6468=DIRECTION('',(0.,0.,-1.));
#6469=DIRECTION('',(0.,0.,-1.));
#6470=DIRECTION('',(1.,-6.15268104017848E-17,0.));
#6471=DIRECTION('',(6.15268104017848E-17,1.,0.));
#6472=DIRECTION('',(0.,0.,-1.));
#6473=DIRECTION('',(0.,-1.,0.));
#6474=DIRECTION('',(0.,0.,-1.));
#6475=DIRECTION('',(0.,0.,-1.));
#6476=DIRECTION('',(1.,0.,0.));
#6477=DIRECTION('',(0.,0.,-1.));
#6478=DIRECTION('',(-0.361241666187153,1.11022302458675E-16,-0.932472229404356));
#6479=DIRECTION('',(0.932472229404356,5.47934654558301E-14,-0.361241666187153));
#6480=DIRECTION('',(-0.361241666187153,1.11022302458685E-16,-0.932472229404356));
#6481=DIRECTION('',(5.09509004350007E-14,-1.,-1.98575463005071E-14));
#6482=DIRECTION('',(-0.361241666187153,1.11022302458685E-16,-0.932472229404356));
#6483=DIRECTION('',(5.09509004350007E-14,-1.,-1.98575463005071E-14));
#6484=DIRECTION('',(-0.361241666187153,1.11022302458685E-16,-0.932472229404356));
#6485=DIRECTION('',(5.09509004350007E-14,-1.,-1.98575463005071E-14));
#6486=DIRECTION('',(-0.361241666187153,1.11022302458685E-16,-0.932472229404356));
#6487=DIRECTION('',(5.09509004350007E-14,-1.,-1.98575463005071E-14));
#6488=DIRECTION('',(-0.361241666187153,1.11022302458685E-16,-0.932472229404356));
#6489=DIRECTION('',(5.09509004350007E-14,-1.,-1.98575463005071E-14));
#6490=DIRECTION('',(-0.361241666187153,1.11022302458685E-16,-0.932472229404356));
#6491=DIRECTION('',(5.09509004350007E-14,-1.,-1.98575463005071E-14));
#6492=DIRECTION('',(-0.361241666187153,1.11022302458685E-16,-0.932472229404356));
#6493=DIRECTION('',(5.09509004350007E-14,-1.,-1.98575463005071E-14));
#6494=DIRECTION('',(-0.361241666187153,1.11022302458685E-16,-0.932472229404356));
#6495=DIRECTION('',(5.09509004350007E-14,-1.,-1.98575463005071E-14));
#6496=DIRECTION('',(-0.361241666187153,1.11022302458685E-16,-0.932472229404356));
#6497=DIRECTION('',(5.09509004350007E-14,-1.,-1.98575463005071E-14));
#6498=DIRECTION('',(-0.361241666187153,1.11022302458685E-16,-0.932472229404356));
#6499=DIRECTION('',(5.09509004350007E-14,-1.,-1.98575463005071E-14));
#6500=DIRECTION('',(-0.361241666187153,1.11022302458685E-16,-0.932472229404356));
#6501=DIRECTION('',(5.09509004350007E-14,-1.,-1.98575463005071E-14));
#6502=DIRECTION('',(-0.361241666187153,1.11022302458685E-16,-0.932472229404356));
#6503=DIRECTION('',(5.09509004350007E-14,-1.,-1.98575463005071E-14));
#6504=DIRECTION('',(-0.361241666187153,1.11022302458685E-16,-0.932472229404356));
#6505=DIRECTION('',(5.09509004350007E-14,-1.,-1.98575463005071E-14));
#6506=DIRECTION('',(-0.361241666187153,1.11022302458685E-16,-0.932472229404356));
#6507=DIRECTION('',(5.09509004350007E-14,-1.,-1.98575463005071E-14));
#6508=DIRECTION('',(-0.361241666187153,1.11022302458685E-16,-0.932472229404356));
#6509=DIRECTION('',(5.09509004350007E-14,-1.,-1.98575463005071E-14));
#6510=DIRECTION('',(-0.361241666187153,1.11022302458685E-16,-0.932472229404356));
#6511=DIRECTION('',(5.09509004350007E-14,-1.,-1.98575463005071E-14));
#6512=DIRECTION('',(0.,0.,1.));
#6513=DIRECTION('',(1.,0.,0.));
#6514=DIRECTION('',(0.,-1.,0.));
#6515=DIRECTION('',(-1.,0.,0.));
#6516=DIRECTION('',(-6.15268104017848E-17,-1.,0.));
#6517=DIRECTION('',(-1.,0.,0.));
#6518=DIRECTION('',(0.,0.,1.));
#6519=DIRECTION('',(1.,0.,0.));
#6520=DIRECTION('',(0.,-1.,0.));
#6521=DIRECTION('',(-1.,0.,0.));
#6522=DIRECTION('',(-6.15268104017848E-17,-1.,0.));
#6523=DIRECTION('',(-1.,0.,0.));
#6524=DIRECTION('',(0.,-1.,0.));
#6525=DIRECTION('',(0.,0.,-1.));
#6526=DIRECTION('',(0.,0.,-1.));
#6527=DIRECTION('',(0.,0.,-1.));
#6528=DIRECTION('',(1.,-6.15268104017848E-17,0.));
#6529=DIRECTION('',(6.15268104017848E-17,1.,0.));
#6530=DIRECTION('',(0.,0.,-1.));
#6531=DIRECTION('',(0.,-1.,0.));
#6532=DIRECTION('',(0.,0.,-1.));
#6533=DIRECTION('',(0.,0.,-1.));
#6534=DIRECTION('',(1.,0.,0.));
#6535=DIRECTION('',(0.,0.,-1.));
#6536=DIRECTION('',(-0.361241666187153,1.11022302458675E-16,-0.932472229404356));
#6537=DIRECTION('',(0.932472229404356,5.47934654558301E-14,-0.361241666187153));
#6538=DIRECTION('',(-0.361241666187153,1.11022302458685E-16,-0.932472229404356));
#6539=DIRECTION('',(5.09509004350007E-14,-1.,-1.98575463005071E-14));
#6540=DIRECTION('',(-0.361241666187153,1.11022302458685E-16,-0.932472229404356));
#6541=DIRECTION('',(5.09509004350007E-14,-1.,-1.98575463005071E-14));
#6542=DIRECTION('',(-0.361241666187153,1.11022302458685E-16,-0.932472229404356));
#6543=DIRECTION('',(5.09509004350007E-14,-1.,-1.98575463005071E-14));
#6544=DIRECTION('',(-0.361241666187153,1.11022302458685E-16,-0.932472229404356));
#6545=DIRECTION('',(5.09509004350007E-14,-1.,-1.98575463005071E-14));
#6546=DIRECTION('',(-0.361241666187153,1.11022302458685E-16,-0.932472229404356));
#6547=DIRECTION('',(5.09509004350007E-14,-1.,-1.98575463005071E-14));
#6548=DIRECTION('',(-0.361241666187153,1.11022302458685E-16,-0.932472229404356));
#6549=DIRECTION('',(5.09509004350007E-14,-1.,-1.98575463005071E-14));
#6550=DIRECTION('',(-0.361241666187153,1.11022302458685E-16,-0.932472229404356));
#6551=DIRECTION('',(5.09509004350007E-14,-1.,-1.98575463005071E-14));
#6552=DIRECTION('',(-0.361241666187153,1.11022302458685E-16,-0.932472229404356));
#6553=DIRECTION('',(5.09509004350007E-14,-1.,-1.98575463005071E-14));
#6554=DIRECTION('',(-0.361241666187153,1.11022302458685E-16,-0.932472229404356));
#6555=DIRECTION('',(5.09509004350007E-14,-1.,-1.98575463005071E-14));
#6556=DIRECTION('',(-0.361241666187153,1.11022302458685E-16,-0.932472229404356));
#6557=DIRECTION('',(5.09509004350007E-14,-1.,-1.98575463005071E-14));
#6558=DIRECTION('',(0.,0.,1.));
#6559=DIRECTION('',(1.,0.,0.));
#6560=DIRECTION('',(0.,-1.,0.));
#6561=DIRECTION('',(-1.,0.,0.));
#6562=DIRECTION('',(-6.15268104017848E-17,-1.,0.));
#6563=DIRECTION('',(-1.,0.,0.));
#6564=DIRECTION('',(0.,0.,1.));
#6565=DIRECTION('',(1.,0.,0.));
#6566=DIRECTION('',(0.,-1.,0.));
#6567=DIRECTION('',(-1.,0.,0.));
#6568=DIRECTION('',(-6.15268104017848E-17,-1.,0.));
#6569=DIRECTION('',(-1.,0.,0.));
#6570=DIRECTION('',(0.,-1.,0.));
#6571=DIRECTION('',(0.,0.,-1.));
#6572=DIRECTION('',(0.,0.,-1.));
#6573=DIRECTION('',(0.,0.,-1.));
#6574=DIRECTION('',(1.,-6.15268104017848E-17,0.));
#6575=DIRECTION('',(6.15268104017848E-17,1.,0.));
#6576=DIRECTION('',(0.,0.,-1.));
#6577=DIRECTION('',(0.,-1.,0.));
#6578=DIRECTION('',(0.,0.,-1.));
#6579=DIRECTION('',(0.,0.,-1.));
#6580=DIRECTION('',(1.,0.,0.));
#6581=DIRECTION('',(0.,0.,-1.));
#6582=DIRECTION('',(-0.361241666187153,1.11022302458675E-16,-0.932472229404356));
#6583=DIRECTION('',(0.932472229404356,5.47934654558301E-14,-0.361241666187153));
#6584=DIRECTION('',(-0.361241666187153,1.11022302458685E-16,-0.932472229404356));
#6585=DIRECTION('',(5.09509004350007E-14,-1.,-1.98575463005071E-14));
#6586=DIRECTION('',(-0.361241666187153,1.11022302458685E-16,-0.932472229404356));
#6587=DIRECTION('',(5.09509004350007E-14,-1.,-1.98575463005071E-14));
#6588=DIRECTION('',(-0.361241666187153,1.11022302458685E-16,-0.932472229404356));
#6589=DIRECTION('',(5.09509004350007E-14,-1.,-1.98575463005071E-14));
#6590=DIRECTION('',(-0.361241666187153,1.11022302458685E-16,-0.932472229404356));
#6591=DIRECTION('',(5.09509004350007E-14,-1.,-1.98575463005071E-14));
#6592=DIRECTION('',(-0.361241666187153,1.11022302458685E-16,-0.932472229404356));
#6593=DIRECTION('',(5.09509004350007E-14,-1.,-1.98575463005071E-14));
#6594=DIRECTION('',(-0.361241666187153,1.11022302458685E-16,-0.932472229404356));
#6595=DIRECTION('',(5.09509004350007E-14,-1.,-1.98575463005071E-14));
#6596=DIRECTION('',(-0.361241666187153,1.11022302458685E-16,-0.932472229404356));
#6597=DIRECTION('',(5.09509004350007E-14,-1.,-1.98575463005071E-14));
#6598=DIRECTION('',(-0.361241666187153,1.11022302458685E-16,-0.932472229404356));
#6599=DIRECTION('',(5.09509004350007E-14,-1.,-1.98575463005071E-14));
#6600=DIRECTION('',(-0.361241666187153,1.11022302458685E-16,-0.932472229404356));
#6601=DIRECTION('',(5.09509004350007E-14,-1.,-1.98575463005071E-14));
#6602=DIRECTION('',(-0.361241666187153,1.11022302458675E-16,-0.932472229404356));
#6603=DIRECTION('',(0.932472229404356,5.47934654558301E-14,-0.361241666187153));
#6604=DIRECTION('',(-0.361241666187153,1.11022302458685E-16,-0.932472229404356));
#6605=DIRECTION('',(5.09509004350007E-14,-1.,-1.98575463005071E-14));
#6606=DIRECTION('',(-0.361241666187153,1.11022302458685E-16,-0.932472229404356));
#6607=DIRECTION('',(5.09509004350007E-14,-1.,-1.98575463005071E-14));
#6608=DIRECTION('',(0.,0.,1.));
#6609=DIRECTION('',(1.,0.,0.));
#6610=DIRECTION('',(0.,-1.,0.));
#6611=DIRECTION('',(-1.,0.,0.));
#6612=DIRECTION('',(-6.15268104017848E-17,-1.,0.));
#6613=DIRECTION('',(-1.,0.,0.));
#6614=DIRECTION('',(0.,0.,1.));
#6615=DIRECTION('',(1.,0.,0.));
#6616=DIRECTION('',(0.,-1.,0.));
#6617=DIRECTION('',(-1.,0.,0.));
#6618=DIRECTION('',(-6.15268104017848E-17,-1.,0.));
#6619=DIRECTION('',(-1.,0.,0.));
#6620=DIRECTION('',(0.,-1.,0.));
#6621=DIRECTION('',(0.,0.,-1.));
#6622=DIRECTION('',(0.,0.,-1.));
#6623=DIRECTION('',(0.,0.,-1.));
#6624=DIRECTION('',(1.,-6.15268104017848E-17,0.));
#6625=DIRECTION('',(6.15268104017848E-17,1.,0.));
#6626=DIRECTION('',(0.,0.,-1.));
#6627=DIRECTION('',(0.,-1.,0.));
#6628=DIRECTION('',(0.,0.,-1.));
#6629=DIRECTION('',(0.,0.,-1.));
#6630=DIRECTION('',(1.,0.,0.));
#6631=DIRECTION('',(0.,0.,-1.));
#6632=DIRECTION('',(-0.361241666187153,1.11022302458675E-16,-0.932472229404356));
#6633=DIRECTION('',(0.932472229404356,5.47934654558301E-14,-0.361241666187153));
#6634=DIRECTION('',(-0.361241666187153,1.11022302458685E-16,-0.932472229404356));
#6635=DIRECTION('',(5.09509004350007E-14,-1.,-1.98575463005071E-14));
#6636=DIRECTION('',(-0.361241666187153,1.11022302458685E-16,-0.932472229404356));
#6637=DIRECTION('',(5.09509004350007E-14,-1.,-1.98575463005071E-14));
#6638=DIRECTION('',(-0.361241666187153,1.11022302458685E-16,-0.932472229404356));
#6639=DIRECTION('',(5.09509004350007E-14,-1.,-1.98575463005071E-14));
#6640=DIRECTION('',(-0.361241666187153,1.11022302458685E-16,-0.932472229404356));
#6641=DIRECTION('',(5.09509004350007E-14,-1.,-1.98575463005071E-14));
#6642=DIRECTION('',(-0.361241666187153,1.11022302458685E-16,-0.932472229404356));
#6643=DIRECTION('',(5.09509004350007E-14,-1.,-1.98575463005071E-14));
#6644=DIRECTION('',(-0.361241666187153,1.11022302458675E-16,-0.932472229404356));
#6645=DIRECTION('',(0.932472229404356,5.47934654558301E-14,-0.361241666187153));
#6646=DIRECTION('',(-0.361241666187153,1.11022302458685E-16,-0.932472229404356));
#6647=DIRECTION('',(5.09509004350007E-14,-1.,-1.98575463005071E-14));
#6648=DIRECTION('',(-0.361241666187153,1.11022302458685E-16,-0.932472229404356));
#6649=DIRECTION('',(5.09509004350007E-14,-1.,-1.98575463005071E-14));
#6650=DIRECTION('',(-0.361241666187153,1.11022302458685E-16,-0.932472229404356));
#6651=DIRECTION('',(5.09509004350007E-14,-1.,-1.98575463005071E-14));
#6652=DIRECTION('',(-0.361241666187153,1.11022302458685E-16,-0.932472229404356));
#6653=DIRECTION('',(5.09509004350007E-14,-1.,-1.98575463005071E-14));
#6654=DIRECTION('',(-0.361241666187153,1.11022302458685E-16,-0.932472229404356));
#6655=DIRECTION('',(5.09509004350007E-14,-1.,-1.98575463005071E-14));
#6656=DIRECTION('',(-0.361241666187153,1.11022302458685E-16,-0.932472229404356));
#6657=DIRECTION('',(5.09509004350007E-14,-1.,-1.98575463005071E-14));
#6658=DIRECTION('',(-0.361241666187153,1.11022302458675E-16,-0.932472229404356));
#6659=DIRECTION('',(0.932472229404356,5.47934654558301E-14,-0.361241666187153));
#6660=DIRECTION('',(0.,0.,1.));
#6661=DIRECTION('',(1.,0.,0.));
#6662=DIRECTION('',(0.,-1.,0.));
#6663=DIRECTION('',(-1.,0.,0.));
#6664=DIRECTION('',(-6.15268104017848E-17,-1.,0.));
#6665=DIRECTION('',(-1.,0.,0.));
#6666=DIRECTION('',(0.,0.,1.));
#6667=DIRECTION('',(1.,0.,0.));
#6668=DIRECTION('',(0.,-1.,0.));
#6669=DIRECTION('',(-1.,0.,0.));
#6670=DIRECTION('',(-6.15268104017848E-17,-1.,0.));
#6671=DIRECTION('',(-1.,0.,0.));
#6672=DIRECTION('',(0.,-1.,0.));
#6673=DIRECTION('',(0.,0.,-1.));
#6674=DIRECTION('',(0.,0.,-1.));
#6675=DIRECTION('',(0.,0.,-1.));
#6676=DIRECTION('',(1.,-6.15268104017848E-17,0.));
#6677=DIRECTION('',(6.15268104017848E-17,1.,0.));
#6678=DIRECTION('',(0.,0.,-1.));
#6679=DIRECTION('',(0.,-1.,0.));
#6680=DIRECTION('',(0.,0.,-1.));
#6681=DIRECTION('',(0.,0.,-1.));
#6682=DIRECTION('',(1.,0.,0.));
#6683=DIRECTION('',(0.,0.,-1.));
#6684=DIRECTION('',(-0.361241666187153,1.11022302458675E-16,-0.932472229404356));
#6685=DIRECTION('',(0.932472229404356,5.47934654558301E-14,-0.361241666187153));
#6686=DIRECTION('',(0.,0.,1.));
#6687=DIRECTION('',(1.,0.,0.));
#6688=DIRECTION('',(0.,-1.,0.));
#6689=DIRECTION('',(-1.,0.,0.));
#6690=DIRECTION('',(-6.15268104017848E-17,-1.,0.));
#6691=DIRECTION('',(-1.,0.,0.));
#6692=DIRECTION('',(0.,0.,1.));
#6693=DIRECTION('',(1.,0.,0.));
#6694=DIRECTION('',(0.,-1.,0.));
#6695=DIRECTION('',(-1.,0.,0.));
#6696=DIRECTION('',(-6.15268104017848E-17,-1.,0.));
#6697=DIRECTION('',(-1.,0.,0.));
#6698=DIRECTION('',(0.,-1.,0.));
#6699=DIRECTION('',(0.,0.,-1.));
#6700=DIRECTION('',(0.,0.,-1.));
#6701=DIRECTION('',(0.,0.,-1.));
#6702=DIRECTION('',(1.,-6.15268104017848E-17,0.));
#6703=DIRECTION('',(6.15268104017848E-17,1.,0.));
#6704=DIRECTION('',(0.,0.,-1.));
#6705=DIRECTION('',(0.,-1.,0.));
#6706=DIRECTION('',(0.,0.,-1.));
#6707=DIRECTION('',(0.,0.,-1.));
#6708=DIRECTION('',(1.,0.,0.));
#6709=DIRECTION('',(0.,0.,-1.));
#6710=DIRECTION('',(-0.361241666187153,1.11022302458675E-16,-0.932472229404356));
#6711=DIRECTION('',(0.932472229404356,5.47934654558301E-14,-0.361241666187153));
#6712=DIRECTION('',(0.,0.,1.));
#6713=DIRECTION('',(1.,0.,0.));
#6714=DIRECTION('',(-1.,0.,0.));
#6715=DIRECTION('',(7.00898374132043E-17,1.,0.));
#6716=DIRECTION('',(-1.,0.,0.));
#6717=DIRECTION('',(7.00898374132043E-17,1.,0.));
#6718=DIRECTION('',(0.,0.,1.));
#6719=DIRECTION('',(1.,0.,0.));
#6720=DIRECTION('',(-1.,0.,0.));
#6721=DIRECTION('',(7.00898374132043E-17,1.,0.));
#6722=DIRECTION('',(-1.,0.,0.));
#6723=DIRECTION('',(7.00898374132043E-17,1.,0.));
#6724=DIRECTION('',(-1.,7.00898374132043E-17,0.));
#6725=DIRECTION('',(-7.00898374132043E-17,-1.,0.));
#6726=DIRECTION('',(0.,0.,-1.));
#6727=DIRECTION('',(0.,0.,-1.));
#6728=DIRECTION('',(0.,-1.,0.));
#6729=DIRECTION('',(0.,0.,-1.));
#6730=DIRECTION('',(0.,0.,-1.));
#6731=DIRECTION('',(-1.,7.00898374132043E-17,0.));
#6732=DIRECTION('',(-7.00898374132043E-17,-1.,0.));
#6733=DIRECTION('',(0.,0.,-1.));
#6734=DIRECTION('',(0.,-1.,0.));
#6735=DIRECTION('',(0.,0.,-1.));
#6736=DIRECTION('',(-0.361241666187153,1.11022302458675E-16,-0.932472229404356));
#6737=DIRECTION('',(0.932472229404356,5.47934654558301E-14,-0.361241666187153));
#6738=DIRECTION('',(-0.361241666187153,1.11022302458685E-16,-0.932472229404356));
#6739=DIRECTION('',(5.09509004350007E-14,-1.,-1.98575463005071E-14));
#6740=DIRECTION('',(-0.361241666187153,1.11022302458685E-16,-0.932472229404356));
#6741=DIRECTION('',(5.09509004350007E-14,-1.,-1.98575463005071E-14));
#6742=DIRECTION('',(-0.361241666187153,1.11022302458685E-16,-0.932472229404356));
#6743=DIRECTION('',(5.09509004350007E-14,-1.,-1.98575463005071E-14));
#6744=DIRECTION('',(-0.361241666187153,1.11022302458675E-16,-0.932472229404356));
#6745=DIRECTION('',(0.932472229404356,5.47934654558301E-14,-0.361241666187153));
#6746=DIRECTION('',(-0.361241666187153,1.11022302458685E-16,-0.932472229404356));
#6747=DIRECTION('',(5.09509004350007E-14,-1.,-1.98575463005071E-14));
#6748=DIRECTION('',(-0.361241666187153,1.11022302458685E-16,-0.932472229404356));
#6749=DIRECTION('',(5.09509004350007E-14,-1.,-1.98575463005071E-14));
#6750=DIRECTION('',(-0.361241666187153,1.11022302458685E-16,-0.932472229404356));
#6751=DIRECTION('',(5.09509004350007E-14,-1.,-1.98575463005071E-14));
#6752=DIRECTION('',(-0.361241666187153,1.11022302458685E-16,-0.932472229404356));
#6753=DIRECTION('',(5.09509004350007E-14,-1.,-1.98575463005071E-14));
#6754=DIRECTION('',(-0.361241666187153,1.11022302458675E-16,-0.932472229404356));
#6755=DIRECTION('',(0.932472229404356,5.47934654558301E-14,-0.361241666187153));
#6756=DIRECTION('',(-0.361241666187153,1.11022302458675E-16,-0.932472229404356));
#6757=DIRECTION('',(0.932472229404356,5.47934654558301E-14,-0.361241666187153));
#6758=DIRECTION('',(-0.361241666187153,1.11022302458685E-16,-0.932472229404356));
#6759=DIRECTION('',(5.09509004350007E-14,-1.,-1.98575463005071E-14));
#6760=DIRECTION('',(-0.361241666187153,1.11022302458685E-16,-0.932472229404356));
#6761=DIRECTION('',(5.09509004350007E-14,-1.,-1.98575463005071E-14));
#6762=DIRECTION('',(-0.361241666187153,1.11022302458685E-16,-0.932472229404356));
#6763=DIRECTION('',(5.09509004350007E-14,-1.,-1.98575463005071E-14));
#6764=DIRECTION('',(-0.361241666187153,1.11022302458685E-16,-0.932472229404356));
#6765=DIRECTION('',(5.09509004350007E-14,-1.,-1.98575463005071E-14));
#6766=DIRECTION('',(-0.361241666187153,1.11022302458685E-16,-0.932472229404356));
#6767=DIRECTION('',(5.09509004350007E-14,-1.,-1.98575463005071E-14));
#6768=DIRECTION('',(-0.361241666187153,1.11022302458685E-16,-0.932472229404356));
#6769=DIRECTION('',(5.09509004350007E-14,-1.,-1.98575463005071E-14));
#6770=DIRECTION('',(-0.361241666187153,1.11022302458685E-16,-0.932472229404356));
#6771=DIRECTION('',(5.09509004350007E-14,-1.,-1.98575463005071E-14));
#6772=DIRECTION('',(-0.361241666187153,1.11022302458675E-16,-0.932472229404356));
#6773=DIRECTION('',(0.932472229404356,5.47934654558301E-14,-0.361241666187153));
#6774=DIRECTION('',(-0.361241666187153,1.11022302458685E-16,-0.932472229404356));
#6775=DIRECTION('',(5.09509004350007E-14,-1.,-1.98575463005071E-14));
#6776=DIRECTION('',(-0.361241666187153,1.11022302458685E-16,-0.932472229404356));
#6777=DIRECTION('',(5.09509004350007E-14,-1.,-1.98575463005071E-14));
#6778=DIRECTION('',(-0.361241666187153,1.11022302458675E-16,-0.932472229404356));
#6779=DIRECTION('',(0.932472229404356,5.47934654558301E-14,-0.361241666187153));
#6780=DIRECTION('',(-0.361241666187153,1.11022302458685E-16,-0.932472229404356));
#6781=DIRECTION('',(5.09509004350007E-14,-1.,-1.98575463005071E-14));
#6782=DIRECTION('',(-0.361241666187153,1.11022302458685E-16,-0.932472229404356));
#6783=DIRECTION('',(5.09509004350007E-14,-1.,-1.98575463005071E-14));
#6784=DIRECTION('',(-0.361241666187153,1.11022302458685E-16,-0.932472229404356));
#6785=DIRECTION('',(5.09509004350007E-14,-1.,-1.98575463005071E-14));
#6786=DIRECTION('',(-0.361241666187153,1.11022302458685E-16,-0.932472229404356));
#6787=DIRECTION('',(5.09509004350007E-14,-1.,-1.98575463005071E-14));
#6788=DIRECTION('',(-0.361241666187153,1.11022302458685E-16,-0.932472229404356));
#6789=DIRECTION('',(5.09509004350007E-14,-1.,-1.98575463005071E-14));
#6790=DIRECTION('',(-0.361241666187153,1.11022302458685E-16,-0.932472229404356));
#6791=DIRECTION('',(5.09509004350007E-14,-1.,-1.98575463005071E-14));
#6792=DIRECTION('',(-0.361241666187153,1.11022302458685E-16,-0.932472229404356));
#6793=DIRECTION('',(5.09509004350007E-14,-1.,-1.98575463005071E-14));
#6794=DIRECTION('',(-0.361241666187153,1.11022302458685E-16,-0.932472229404356));
#6795=DIRECTION('',(5.09509004350007E-14,-1.,-1.98575463005071E-14));
#6796=DIRECTION('',(-0.361241666187153,1.11022302458685E-16,-0.932472229404356));
#6797=DIRECTION('',(5.09509004350007E-14,-1.,-1.98575463005071E-14));
#6798=DIRECTION('',(-0.361241666187153,1.11022302458675E-16,-0.932472229404356));
#6799=DIRECTION('',(0.932472229404356,5.47934654558301E-14,-0.361241666187153));
#6800=DIRECTION('',(-0.361241666187153,1.11022302458685E-16,-0.932472229404356));
#6801=DIRECTION('',(5.09509004350007E-14,-1.,-1.98575463005071E-14));
#6802=DIRECTION('',(-0.361241666187153,1.11022302458685E-16,-0.932472229404356));
#6803=DIRECTION('',(5.09509004350007E-14,-1.,-1.98575463005071E-14));
#6804=DIRECTION('',(-0.361241666187153,1.11022302458685E-16,-0.932472229404356));
#6805=DIRECTION('',(5.09509004350007E-14,-1.,-1.98575463005071E-14));
#6806=DIRECTION('',(-0.361241666187153,1.11022302458685E-16,-0.932472229404356));
#6807=DIRECTION('',(5.09509004350007E-14,-1.,-1.98575463005071E-14));
#6808=DIRECTION('',(-0.361241666187153,1.11022302458685E-16,-0.932472229404356));
#6809=DIRECTION('',(5.09509004350007E-14,-1.,-1.98575463005071E-14));
#6810=DIRECTION('',(-0.361241666187153,1.11022302458685E-16,-0.932472229404356));
#6811=DIRECTION('',(5.09509004350007E-14,-1.,-1.98575463005071E-14));
#6812=DIRECTION('',(-0.361241666187153,1.11022302458685E-16,-0.932472229404356));
#6813=DIRECTION('',(5.09509004350007E-14,-1.,-1.98575463005071E-14));
#6814=DIRECTION('',(-0.361241666187153,1.11022302458685E-16,-0.932472229404356));
#6815=DIRECTION('',(5.09509004350007E-14,-1.,-1.98575463005071E-14));
#6816=DIRECTION('',(-0.361241666187153,1.11022302458685E-16,-0.932472229404356));
#6817=DIRECTION('',(5.09509004350007E-14,-1.,-1.98575463005071E-14));
#6818=DIRECTION('',(-0.361241666187153,1.11022302458675E-16,-0.932472229404356));
#6819=DIRECTION('',(0.932472229404356,5.47934654558301E-14,-0.361241666187153));
#6820=DIRECTION('',(-0.361241666187153,1.11022302458675E-16,-0.932472229404356));
#6821=DIRECTION('',(0.932472229404356,5.47934654558301E-14,-0.361241666187153));
#6822=DIRECTION('',(-0.361241666187153,1.11022302458685E-16,-0.932472229404356));
#6823=DIRECTION('',(5.09509004350007E-14,-1.,-1.98575463005071E-14));
#6824=DIRECTION('',(-0.361241666187153,1.11022302458685E-16,-0.932472229404356));
#6825=DIRECTION('',(5.09509004350007E-14,-1.,-1.98575463005071E-14));
#6826=DIRECTION('',(-0.361241666187153,1.11022302458675E-16,-0.932472229404356));
#6827=DIRECTION('',(0.932472229404356,5.47934654558301E-14,-0.361241666187153));
#6828=DIRECTION('',(0.,0.,1.));
#6829=DIRECTION('',(1.,0.,0.));
#6830=DIRECTION('',(-5.15519606530998E-17,-1.,0.));
#6831=DIRECTION('',(-1.,0.,0.));
#6832=DIRECTION('',(-5.15519606530998E-17,-1.,0.));
#6833=DIRECTION('',(-1.,0.,0.));
#6834=DIRECTION('',(0.,-1.,0.));
#6835=DIRECTION('',(0.,0.,-1.));
#6836=DIRECTION('',(-1.,0.,0.));
#6837=DIRECTION('',(0.,0.,-1.));
#6838=DIRECTION('',(0.,0.,-1.));
#6839=DIRECTION('',(1.,-5.15519606530998E-17,0.));
#6840=DIRECTION('',(5.15519606530998E-17,1.,0.));
#6841=DIRECTION('',(-5.15519606530998E-17,-1.,0.));
#6842=DIRECTION('',(0.,0.,-1.));
#6843=DIRECTION('',(0.,-1.,0.));
#6844=DIRECTION('',(0.,0.,-1.));
#6845=DIRECTION('',(-1.,0.,0.));
#6846=DIRECTION('',(0.,0.,-1.));
#6847=DIRECTION('',(1.,-5.15519606530998E-17,0.));
#6848=DIRECTION('',(5.15519606530998E-17,1.,0.));
#6849=DIRECTION('',(-5.15519606530998E-17,-1.,0.));
#6850=DIRECTION('',(0.,0.,1.));
#6851=DIRECTION('',(1.,0.,0.));
#6852=DIRECTION('',(-5.15519606530998E-17,-1.,0.));
#6853=DIRECTION('',(-1.,0.,0.));
#6854=DIRECTION('',(-5.15519606530998E-17,-1.,0.));
#6855=DIRECTION('',(-1.,0.,0.));
#6856=DIRECTION('',(0.,-1.,0.));
#6857=DIRECTION('',(0.,0.,-1.));
#6858=DIRECTION('',(-1.,0.,0.));
#6859=DIRECTION('',(0.,0.,-1.));
#6860=DIRECTION('',(0.,0.,-1.));
#6861=DIRECTION('',(1.,-5.15519606530998E-17,0.));
#6862=DIRECTION('',(5.15519606530998E-17,1.,0.));
#6863=DIRECTION('',(-5.15519606530998E-17,-1.,0.));
#6864=DIRECTION('',(0.,0.,-1.));
#6865=DIRECTION('',(0.,-1.,0.));
#6866=DIRECTION('',(0.,0.,-1.));
#6867=DIRECTION('',(-1.,0.,0.));
#6868=DIRECTION('',(0.,0.,-1.));
#6869=DIRECTION('',(1.,-5.15519606530998E-17,0.));
#6870=DIRECTION('',(5.15519606530998E-17,1.,0.));
#6871=DIRECTION('',(-5.15519606530998E-17,-1.,0.));
#6872=DIRECTION('',(0.,0.,1.));
#6873=DIRECTION('',(1.,0.,0.));
#6874=DIRECTION('',(-0.361241666187152,1.63800392714088E-15,-0.932472229404356));
#6875=DIRECTION('',(-8.75079132450296E-16,-1.,-1.41761742774187E-15));
#6876=DIRECTION('',(-0.361241666187153,1.11022302458685E-16,-0.932472229404356));
#6877=DIRECTION('',(5.09509004350007E-14,-1.,-1.98575463005071E-14));
#6878=DIRECTION('',(-0.361241666187153,1.11022302458685E-16,-0.932472229404356));
#6879=DIRECTION('',(5.09509004350007E-14,-1.,-1.98575463005071E-14));
#6880=DIRECTION('',(-0.361241666187153,1.11022302458685E-16,-0.932472229404356));
#6881=DIRECTION('',(5.09509004350007E-14,-1.,-1.98575463005071E-14));
#6882=DIRECTION('',(-0.361241666187153,1.11022302458685E-16,-0.932472229404356));
#6883=DIRECTION('',(5.09509004350007E-14,-1.,-1.98575463005071E-14));
#6884=DIRECTION('',(-0.361241666187153,1.11022302458685E-16,-0.932472229404356));
#6885=DIRECTION('',(5.09509004350007E-14,-1.,-1.98575463005071E-14));
#6886=DIRECTION('',(-0.361241666187153,1.11022302458685E-16,-0.932472229404356));
#6887=DIRECTION('',(5.09509004350007E-14,-1.,-1.98575463005071E-14));
#6888=DIRECTION('',(-0.361241666187153,1.11022302458685E-16,-0.932472229404356));
#6889=DIRECTION('',(5.09509004350007E-14,-1.,-1.98575463005071E-14));
#6890=DIRECTION('',(-0.361241666187153,1.11022302458675E-16,-0.932472229404356));
#6891=DIRECTION('',(0.932472229404356,5.47934654558301E-14,-0.361241666187153));
#6892=DIRECTION('',(-0.361241666187153,1.11022302458675E-16,-0.932472229404356));
#6893=DIRECTION('',(0.932472229404356,5.47934654558301E-14,-0.361241666187153));
#6894=DIRECTION('',(-0.361241666187153,1.11022302458685E-16,-0.932472229404356));
#6895=DIRECTION('',(5.09509004350007E-14,-1.,-1.98575463005071E-14));
#6896=DIRECTION('',(-0.361241666187153,1.11022302458685E-16,-0.932472229404356));
#6897=DIRECTION('',(5.09509004350007E-14,-1.,-1.98575463005071E-14));
#6898=DIRECTION('',(-0.361241666187153,1.11022302458685E-16,-0.932472229404356));
#6899=DIRECTION('',(5.09509004350007E-14,-1.,-1.98575463005071E-14));
#6900=DIRECTION('',(-0.361241666187153,1.11022302458685E-16,-0.932472229404356));
#6901=DIRECTION('',(5.09509004350007E-14,-1.,-1.98575463005071E-14));
#6902=DIRECTION('',(-0.361241666187153,1.11022302458685E-16,-0.932472229404356));
#6903=DIRECTION('',(5.09509004350007E-14,-1.,-1.98575463005071E-14));
#6904=DIRECTION('',(-0.361241666187153,1.11022302458685E-16,-0.932472229404356));
#6905=DIRECTION('',(5.09509004350007E-14,-1.,-1.98575463005071E-14));
#6906=DIRECTION('',(-0.361241666187153,1.11022302458685E-16,-0.932472229404356));
#6907=DIRECTION('',(5.09509004350007E-14,-1.,-1.98575463005071E-14));
#6908=DIRECTION('',(-0.361241666187153,1.11022302458685E-16,-0.932472229404356));
#6909=DIRECTION('',(5.09509004350007E-14,-1.,-1.98575463005071E-14));
#6910=DIRECTION('',(-0.361241666187153,1.11022302458685E-16,-0.932472229404356));
#6911=DIRECTION('',(5.09509004350007E-14,-1.,-1.98575463005071E-14));
#6912=DIRECTION('',(-0.361241666187153,1.11022302458685E-16,-0.932472229404356));
#6913=DIRECTION('',(5.09509004350007E-14,-1.,-1.98575463005071E-14));
#6914=DIRECTION('',(-0.361241666187153,1.11022302458675E-16,-0.932472229404356));
#6915=DIRECTION('',(0.932472229404356,5.47934654558301E-14,-0.361241666187153));
#6916=DIRECTION('',(-0.361241666187153,1.11022302458685E-16,-0.932472229404356));
#6917=DIRECTION('',(5.09509004350007E-14,-1.,-1.98575463005071E-14));
#6918=DIRECTION('',(-0.361241666187153,1.11022302458685E-16,-0.932472229404356));
#6919=DIRECTION('',(5.09509004350007E-14,-1.,-1.98575463005071E-14));
#6920=DIRECTION('',(-0.361241666187153,1.11022302458685E-16,-0.932472229404356));
#6921=DIRECTION('',(5.09509004350007E-14,-1.,-1.98575463005071E-14));
#6922=DIRECTION('',(-0.361241666187153,1.11022302458685E-16,-0.932472229404356));
#6923=DIRECTION('',(5.09509004350007E-14,-1.,-1.98575463005071E-14));
#6924=DIRECTION('',(-0.361241666187153,1.11022302458685E-16,-0.932472229404356));
#6925=DIRECTION('',(5.09509004350007E-14,-1.,-1.98575463005071E-14));
#6926=DIRECTION('',(-0.361241666187153,1.11022302458685E-16,-0.932472229404356));
#6927=DIRECTION('',(5.09509004350007E-14,-1.,-1.98575463005071E-14));
#6928=DIRECTION('',(-0.361241666187153,1.11022302458685E-16,-0.932472229404356));
#6929=DIRECTION('',(5.09509004350007E-14,-1.,-1.98575463005071E-14));
#6930=DIRECTION('',(-0.361241666187153,1.11022302458685E-16,-0.932472229404356));
#6931=DIRECTION('',(5.09509004350007E-14,-1.,-1.98575463005071E-14));
#6932=DIRECTION('',(-0.361241666187153,1.11022302458685E-16,-0.932472229404356));
#6933=DIRECTION('',(5.09509004350007E-14,-1.,-1.98575463005071E-14));
#6934=DIRECTION('',(-0.361241666187153,1.11022302458685E-16,-0.932472229404356));
#6935=DIRECTION('',(5.09509004350007E-14,-1.,-1.98575463005071E-14));
#6936=DIRECTION('',(-0.361241666187153,1.11022302458675E-16,-0.932472229404356));
#6937=DIRECTION('',(0.932472229404356,5.47934654558301E-14,-0.361241666187153));
#6938=DIRECTION('',(-0.361241666187153,1.11022302458685E-16,-0.932472229404356));
#6939=DIRECTION('',(5.09509004350007E-14,-1.,-1.98575463005071E-14));
#6940=DIRECTION('',(-0.361241666187153,1.11022302458685E-16,-0.932472229404356));
#6941=DIRECTION('',(5.09509004350007E-14,-1.,-1.98575463005071E-14));
#6942=DIRECTION('',(-0.361241666187153,1.11022302458685E-16,-0.932472229404356));
#6943=DIRECTION('',(5.09509004350007E-14,-1.,-1.98575463005071E-14));
#6944=DIRECTION('',(-0.361241666187153,1.11022302458685E-16,-0.932472229404356));
#6945=DIRECTION('',(5.09509004350007E-14,-1.,-1.98575463005071E-14));
#6946=DIRECTION('',(-0.361241666187153,1.11022302458685E-16,-0.932472229404356));
#6947=DIRECTION('',(5.09509004350007E-14,-1.,-1.98575463005071E-14));
#6948=DIRECTION('',(-0.361241666187153,1.11022302458685E-16,-0.932472229404356));
#6949=DIRECTION('',(5.09509004350007E-14,-1.,-1.98575463005071E-14));
#6950=DIRECTION('',(-0.361241666187153,1.11022302458675E-16,-0.932472229404356));
#6951=DIRECTION('',(0.932472229404356,5.47934654558301E-14,-0.361241666187153));
#6952=DIRECTION('',(-0.361241666187153,1.11022302458675E-16,-0.932472229404356));
#6953=DIRECTION('',(0.932472229404356,5.47934654558301E-14,-0.361241666187153));
#6954=DIRECTION('',(-0.361241666187153,1.11022302458685E-16,-0.932472229404356));
#6955=DIRECTION('',(5.09509004350007E-14,-1.,-1.98575463005071E-14));
#6956=DIRECTION('',(-0.361241666187153,1.11022302458685E-16,-0.932472229404356));
#6957=DIRECTION('',(5.09509004350007E-14,-1.,-1.98575463005071E-14));
#6958=DIRECTION('',(-0.361241666187153,1.11022302458685E-16,-0.932472229404356));
#6959=DIRECTION('',(5.09509004350007E-14,-1.,-1.98575463005071E-14));
#6960=DIRECTION('',(-0.361241666187153,1.11022302458685E-16,-0.932472229404356));
#6961=DIRECTION('',(5.09509004350007E-14,-1.,-1.98575463005071E-14));
#6962=DIRECTION('',(-0.361241666187153,1.11022302458685E-16,-0.932472229404356));
#6963=DIRECTION('',(5.09509004350007E-14,-1.,-1.98575463005071E-14));
#6964=DIRECTION('',(-0.361241666187153,1.11022302458685E-16,-0.932472229404356));
#6965=DIRECTION('',(5.09509004350007E-14,-1.,-1.98575463005071E-14));
#6966=DIRECTION('',(-0.361241666187153,1.11022302458675E-16,-0.932472229404356));
#6967=DIRECTION('',(0.932472229404356,5.47934654558301E-14,-0.361241666187153));
#6968=DIRECTION('',(-0.361241666187153,1.11022302458685E-16,-0.932472229404356));
#6969=DIRECTION('',(5.09509004350007E-14,-1.,-1.98575463005071E-14));
#6970=DIRECTION('',(-0.361241666187153,1.11022302458685E-16,-0.932472229404356));
#6971=DIRECTION('',(5.09509004350007E-14,-1.,-1.98575463005071E-14));
#6972=DIRECTION('',(-0.361241666187153,1.11022302458685E-16,-0.932472229404356));
#6973=DIRECTION('',(5.09509004350007E-14,-1.,-1.98575463005071E-14));
#6974=DIRECTION('',(-0.361241666187153,1.11022302458685E-16,-0.932472229404356));
#6975=DIRECTION('',(5.09509004350007E-14,-1.,-1.98575463005071E-14));
#6976=DIRECTION('',(-0.361241666187153,1.11022302458685E-16,-0.932472229404356));
#6977=DIRECTION('',(5.09509004350007E-14,-1.,-1.98575463005071E-14));
#6978=DIRECTION('',(-0.361241666187153,1.11022302458685E-16,-0.932472229404356));
#6979=DIRECTION('',(5.09509004350007E-14,-1.,-1.98575463005071E-14));
#6980=DIRECTION('',(-0.361241666187153,1.11022302458685E-16,-0.932472229404356));
#6981=DIRECTION('',(5.09509004350007E-14,-1.,-1.98575463005071E-14));
#6982=DIRECTION('',(-0.361241666187153,1.11022302458685E-16,-0.932472229404356));
#6983=DIRECTION('',(5.09509004350007E-14,-1.,-1.98575463005071E-14));
#6984=DIRECTION('',(-0.361241666187153,1.11022302458685E-16,-0.932472229404356));
#6985=DIRECTION('',(5.09509004350007E-14,-1.,-1.98575463005071E-14));
#6986=DIRECTION('',(-0.361241666187153,1.11022302458685E-16,-0.932472229404356));
#6987=DIRECTION('',(5.09509004350007E-14,-1.,-1.98575463005071E-14));
#6988=DIRECTION('',(-0.361241666187153,1.11022302458685E-16,-0.932472229404356));
#6989=DIRECTION('',(5.09509004350007E-14,-1.,-1.98575463005071E-14));
#6990=DIRECTION('',(-0.361241666187153,1.11022302458685E-16,-0.932472229404356));
#6991=DIRECTION('',(5.09509004350007E-14,-1.,-1.98575463005071E-14));
#6992=DIRECTION('',(-0.361241666187153,1.11022302458685E-16,-0.932472229404356));
#6993=DIRECTION('',(5.09509004350007E-14,-1.,-1.98575463005071E-14));
#6994=DIRECTION('',(-0.361241666187153,1.11022302458685E-16,-0.932472229404356));
#6995=DIRECTION('',(5.09509004350007E-14,-1.,-1.98575463005071E-14));
#6996=DIRECTION('',(-0.361241666187153,1.11022302458685E-16,-0.932472229404356));
#6997=DIRECTION('',(5.09509004350007E-14,-1.,-1.98575463005071E-14));
#6998=DIRECTION('',(-0.361241666187153,1.11022302458685E-16,-0.932472229404356));
#6999=DIRECTION('',(5.09509004350007E-14,-1.,-1.98575463005071E-14));
#7000=DIRECTION('',(-0.361241666187153,1.11022302458685E-16,-0.932472229404356));
#7001=DIRECTION('',(5.09509004350007E-14,-1.,-1.98575463005071E-14));
#7002=DIRECTION('',(-0.361241666187153,1.11022302458685E-16,-0.932472229404356));
#7003=DIRECTION('',(5.09509004350007E-14,-1.,-1.98575463005071E-14));
#7004=DIRECTION('',(-0.361241666187153,1.11022302458685E-16,-0.932472229404356));
#7005=DIRECTION('',(5.09509004350007E-14,-1.,-1.98575463005071E-14));
#7006=DIRECTION('',(-0.361241666187153,1.11022302458685E-16,-0.932472229404356));
#7007=DIRECTION('',(5.09509004350007E-14,-1.,-1.98575463005071E-14));
#7008=DIRECTION('',(-0.361241666187153,1.11022302458685E-16,-0.932472229404356));
#7009=DIRECTION('',(5.09509004350007E-14,-1.,-1.98575463005071E-14));
#7010=DIRECTION('',(-0.361241666187153,1.11022302458685E-16,-0.932472229404356));
#7011=DIRECTION('',(5.09509004350007E-14,-1.,-1.98575463005071E-14));
#7012=DIRECTION('',(-0.361241666187153,1.11022302458685E-16,-0.932472229404356));
#7013=DIRECTION('',(5.09509004350007E-14,-1.,-1.98575463005071E-14));
#7014=DIRECTION('',(-0.361241666187153,1.11022302458685E-16,-0.932472229404356));
#7015=DIRECTION('',(5.09509004350007E-14,-1.,-1.98575463005071E-14));
#7016=DIRECTION('',(-0.361241666187153,1.11022302458675E-16,-0.932472229404356));
#7017=DIRECTION('',(0.932472229404356,5.47934654558301E-14,-0.361241666187153));
#7018=DIRECTION('',(-0.361241666187153,1.11022302458685E-16,-0.932472229404356));
#7019=DIRECTION('',(5.09509004350007E-14,-1.,-1.98575463005071E-14));
#7020=DIRECTION('',(-0.361241666187153,1.11022302458685E-16,-0.932472229404356));
#7021=DIRECTION('',(5.09509004350007E-14,-1.,-1.98575463005071E-14));
#7022=DIRECTION('',(-0.361241666187153,1.11022302458685E-16,-0.932472229404356));
#7023=DIRECTION('',(5.09509004350007E-14,-1.,-1.98575463005071E-14));
#7024=DIRECTION('',(-0.361241666187153,1.11022302458675E-16,-0.932472229404356));
#7025=DIRECTION('',(0.932472229404356,5.47934654558301E-14,-0.361241666187153));
#7026=DIRECTION('',(-0.361241666187153,1.11022302458675E-16,-0.932472229404356));
#7027=DIRECTION('',(0.932472229404356,5.47934654558301E-14,-0.361241666187153));
#7028=DIRECTION('',(-0.361241666187153,1.11022302458685E-16,-0.932472229404356));
#7029=DIRECTION('',(5.09509004350007E-14,-1.,-1.98575463005071E-14));
#7030=DIRECTION('',(-0.361241666187153,1.11022302458685E-16,-0.932472229404356));
#7031=DIRECTION('',(5.09509004350007E-14,-1.,-1.98575463005071E-14));
#7032=DIRECTION('',(-0.361241666187153,1.11022302458675E-16,-0.932472229404356));
#7033=DIRECTION('',(0.932472229404356,5.47934654558301E-14,-0.361241666187153));
#7034=DIRECTION('',(-0.361241666187153,1.11022302458675E-16,-0.932472229404356));
#7035=DIRECTION('',(0.932472229404356,5.47934654558301E-14,-0.361241666187153));
#7036=DIRECTION('',(-0.361241666187153,1.11022302458685E-16,-0.932472229404356));
#7037=DIRECTION('',(5.09509004350007E-14,-1.,-1.98575463005071E-14));
#7038=DIRECTION('',(-0.361241666187153,1.11022302458675E-16,-0.932472229404356));
#7039=DIRECTION('',(0.932472229404356,5.47934654558301E-14,-0.361241666187153));
#7040=DIRECTION('',(-0.361241666187153,1.11022302458685E-16,-0.932472229404356));
#7041=DIRECTION('',(5.09509004350007E-14,-1.,-1.98575463005071E-14));
#7042=DIRECTION('',(-0.361241666187153,1.11022302458685E-16,-0.932472229404356));
#7043=DIRECTION('',(5.09509004350007E-14,-1.,-1.98575463005071E-14));
#7044=DIRECTION('',(-0.361241666187153,1.11022302458685E-16,-0.932472229404356));
#7045=DIRECTION('',(5.09509004350007E-14,-1.,-1.98575463005071E-14));
#7046=DIRECTION('',(-0.361241666187153,1.11022302458685E-16,-0.932472229404356));
#7047=DIRECTION('',(5.09509004350007E-14,-1.,-1.98575463005071E-14));
#7048=DIRECTION('',(-0.361241666187153,1.11022302458675E-16,-0.932472229404356));
#7049=DIRECTION('',(0.932472229404356,5.47934654558301E-14,-0.361241666187153));
#7050=DIRECTION('',(-0.361241666187153,1.11022302458685E-16,-0.932472229404356));
#7051=DIRECTION('',(5.09509004350007E-14,-1.,-1.98575463005071E-14));
#7052=DIRECTION('',(-0.361241666187153,1.11022302458685E-16,-0.932472229404356));
#7053=DIRECTION('',(5.09509004350007E-14,-1.,-1.98575463005071E-14));
#7054=DIRECTION('',(-0.361241666187153,1.11022302458685E-16,-0.932472229404356));
#7055=DIRECTION('',(5.09509004350007E-14,-1.,-1.98575463005071E-14));
#7056=DIRECTION('',(-0.361241666187153,1.11022302458685E-16,-0.932472229404356));
#7057=DIRECTION('',(5.09509004350007E-14,-1.,-1.98575463005071E-14));
#7058=DIRECTION('',(-0.361241666187153,1.11022302458675E-16,-0.932472229404356));
#7059=DIRECTION('',(0.932472229404356,5.47934654558301E-14,-0.361241666187153));
#7060=DIRECTION('',(-0.361241666187153,1.11022302458685E-16,-0.932472229404356));
#7061=DIRECTION('',(5.09509004350007E-14,-1.,-1.98575463005071E-14));
#7062=DIRECTION('',(-0.361241666187153,1.11022302458685E-16,-0.932472229404356));
#7063=DIRECTION('',(5.09509004350007E-14,-1.,-1.98575463005071E-14));
#7064=DIRECTION('',(-0.361241666187153,1.11022302458685E-16,-0.932472229404356));
#7065=DIRECTION('',(5.09509004350007E-14,-1.,-1.98575463005071E-14));
#7066=DIRECTION('',(-0.361241666187153,1.11022302458685E-16,-0.932472229404356));
#7067=DIRECTION('',(5.09509004350007E-14,-1.,-1.98575463005071E-14));
#7068=DIRECTION('',(-0.361241666187153,1.11022302458685E-16,-0.932472229404356));
#7069=DIRECTION('',(5.09509004350007E-14,-1.,-1.98575463005071E-14));
#7070=DIRECTION('',(-0.361241666187153,1.11022302458685E-16,-0.932472229404356));
#7071=DIRECTION('',(5.09509004350007E-14,-1.,-1.98575463005071E-14));
#7072=DIRECTION('',(-0.361241666187153,1.11022302458685E-16,-0.932472229404356));
#7073=DIRECTION('',(5.09509004350007E-14,-1.,-1.98575463005071E-14));
#7074=DIRECTION('',(-0.361241666187153,1.11022302458685E-16,-0.932472229404356));
#7075=DIRECTION('',(5.09509004350007E-14,-1.,-1.98575463005071E-14));
#7076=DIRECTION('',(-0.361241666187153,1.11022302458675E-16,-0.932472229404356));
#7077=DIRECTION('',(0.932472229404356,5.47934654558301E-14,-0.361241666187153));
#7078=DIRECTION('',(-0.361241666187153,1.11022302458685E-16,-0.932472229404356));
#7079=DIRECTION('',(5.09509004350007E-14,-1.,-1.98575463005071E-14));
#7080=DIRECTION('',(-0.361241666187153,1.11022302458685E-16,-0.932472229404356));
#7081=DIRECTION('',(5.09509004350007E-14,-1.,-1.98575463005071E-14));
#7082=DIRECTION('',(-0.361241666187153,1.11022302458685E-16,-0.932472229404356));
#7083=DIRECTION('',(5.09509004350007E-14,-1.,-1.98575463005071E-14));
#7084=DIRECTION('',(-0.361241666187153,1.11022302458685E-16,-0.932472229404356));
#7085=DIRECTION('',(5.09509004350007E-14,-1.,-1.98575463005071E-14));
#7086=DIRECTION('',(-0.361241666187153,1.11022302458685E-16,-0.932472229404356));
#7087=DIRECTION('',(5.09509004350007E-14,-1.,-1.98575463005071E-14));
#7088=DIRECTION('',(-0.361241666187153,1.11022302458685E-16,-0.932472229404356));
#7089=DIRECTION('',(5.09509004350007E-14,-1.,-1.98575463005071E-14));
#7090=DIRECTION('',(-0.361241666187153,1.11022302458685E-16,-0.932472229404356));
#7091=DIRECTION('',(5.09509004350007E-14,-1.,-1.98575463005071E-14));
#7092=DIRECTION('',(-0.361241666187153,1.11022302458685E-16,-0.932472229404356));
#7093=DIRECTION('',(5.09509004350007E-14,-1.,-1.98575463005071E-14));
#7094=DIRECTION('',(-0.361241666187153,1.11022302458685E-16,-0.932472229404356));
#7095=DIRECTION('',(5.09509004350007E-14,-1.,-1.98575463005071E-14));
#7096=DIRECTION('',(-0.361241666187153,1.11022302458685E-16,-0.932472229404356));
#7097=DIRECTION('',(5.09509004350007E-14,-1.,-1.98575463005071E-14));
#7098=DIRECTION('',(-0.361241666187153,1.11022302458685E-16,-0.932472229404356));
#7099=DIRECTION('',(5.09509004350007E-14,-1.,-1.98575463005071E-14));
#7100=DIRECTION('',(-0.361241666187153,1.11022302458685E-16,-0.932472229404356));
#7101=DIRECTION('',(5.09509004350007E-14,-1.,-1.98575463005071E-14));
#7102=DIRECTION('',(-0.361241666187153,1.11022302458685E-16,-0.932472229404356));
#7103=DIRECTION('',(5.09509004350007E-14,-1.,-1.98575463005071E-14));
#7104=DIRECTION('',(-0.361241666187153,1.11022302458685E-16,-0.932472229404356));
#7105=DIRECTION('',(5.09509004350007E-14,-1.,-1.98575463005071E-14));
#7106=DIRECTION('',(-0.361241666187153,1.11022302458685E-16,-0.932472229404356));
#7107=DIRECTION('',(5.09509004350007E-14,-1.,-1.98575463005071E-14));
#7108=DIRECTION('',(-0.361241666187153,1.11022302458685E-16,-0.932472229404356));
#7109=DIRECTION('',(5.09509004350007E-14,-1.,-1.98575463005071E-14));
#7110=DIRECTION('',(-0.361241666187153,1.11022302458685E-16,-0.932472229404356));
#7111=DIRECTION('',(5.09509004350007E-14,-1.,-1.98575463005071E-14));
#7112=DIRECTION('',(-0.361241666187153,1.11022302458685E-16,-0.932472229404356));
#7113=DIRECTION('',(5.09509004350007E-14,-1.,-1.98575463005071E-14));
#7114=DIRECTION('',(-0.361241666187153,1.11022302458685E-16,-0.932472229404356));
#7115=DIRECTION('',(5.09509004350007E-14,-1.,-1.98575463005071E-14));
#7116=DIRECTION('',(-0.361241666187153,1.11022302458685E-16,-0.932472229404356));
#7117=DIRECTION('',(5.09509004350007E-14,-1.,-1.98575463005071E-14));
#7118=DIRECTION('',(-0.361241666187153,1.11022302458685E-16,-0.932472229404356));
#7119=DIRECTION('',(5.09509004350007E-14,-1.,-1.98575463005071E-14));
#7120=DIRECTION('',(-0.361241666187153,1.11022302458685E-16,-0.932472229404356));
#7121=DIRECTION('',(5.09509004350007E-14,-1.,-1.98575463005071E-14));
#7122=DIRECTION('',(-0.361241666187153,1.11022302458685E-16,-0.932472229404356));
#7123=DIRECTION('',(5.09509004350007E-14,-1.,-1.98575463005071E-14));
#7124=DIRECTION('',(-0.361241666187153,1.11022302458685E-16,-0.932472229404356));
#7125=DIRECTION('',(5.09509004350007E-14,-1.,-1.98575463005071E-14));
#7126=DIRECTION('',(-0.361241666187153,1.11022302458685E-16,-0.932472229404356));
#7127=DIRECTION('',(5.09509004350007E-14,-1.,-1.98575463005071E-14));
#7128=DIRECTION('',(-0.361241666187153,1.11022302458685E-16,-0.932472229404356));
#7129=DIRECTION('',(5.09509004350007E-14,-1.,-1.98575463005071E-14));
#7130=DIRECTION('',(-0.361241666187153,1.11022302458685E-16,-0.932472229404356));
#7131=DIRECTION('',(5.09509004350007E-14,-1.,-1.98575463005071E-14));
#7132=DIRECTION('',(-0.361241666187153,1.11022302458685E-16,-0.932472229404356));
#7133=DIRECTION('',(5.09509004350007E-14,-1.,-1.98575463005071E-14));
#7134=DIRECTION('',(-0.361241666187153,1.11022302458685E-16,-0.932472229404356));
#7135=DIRECTION('',(5.09509004350007E-14,-1.,-1.98575463005071E-14));
#7136=DIRECTION('',(-0.361241666187153,1.11022302458685E-16,-0.932472229404356));
#7137=DIRECTION('',(5.09509004350007E-14,-1.,-1.98575463005071E-14));
#7138=DIRECTION('',(-0.361241666187153,1.11022302458685E-16,-0.932472229404356));
#7139=DIRECTION('',(5.09509004350007E-14,-1.,-1.98575463005071E-14));
#7140=DIRECTION('',(-0.361241666187153,1.11022302458685E-16,-0.932472229404356));
#7141=DIRECTION('',(5.09509004350007E-14,-1.,-1.98575463005071E-14));
#7142=DIRECTION('',(-0.361241666187153,1.11022302458685E-16,-0.932472229404356));
#7143=DIRECTION('',(5.09509004350007E-14,-1.,-1.98575463005071E-14));
#7144=DIRECTION('',(-0.361241666187153,1.11022302458675E-16,-0.932472229404356));
#7145=DIRECTION('',(0.932472229404356,5.47934654558301E-14,-0.361241666187153));
#7146=DIRECTION('',(-0.361241666187153,1.11022302458685E-16,-0.932472229404356));
#7147=DIRECTION('',(5.09509004350007E-14,-1.,-1.98575463005071E-14));
#7148=DIRECTION('',(-0.361241666187153,1.11022302458675E-16,-0.932472229404356));
#7149=DIRECTION('',(0.932472229404356,5.47934654558301E-14,-0.361241666187153));
#7150=DIRECTION('',(-0.361241666187153,1.11022302458685E-16,-0.932472229404356));
#7151=DIRECTION('',(5.09509004350007E-14,-1.,-1.98575463005071E-14));
#7152=DIRECTION('',(-0.361241666187153,1.11022302458685E-16,-0.932472229404356));
#7153=DIRECTION('',(5.09509004350007E-14,-1.,-1.98575463005071E-14));
#7154=DIRECTION('',(-0.361241666187153,1.11022302458685E-16,-0.932472229404356));
#7155=DIRECTION('',(5.09509004350007E-14,-1.,-1.98575463005071E-14));
#7156=DIRECTION('',(-0.361241666187153,1.11022302458675E-16,-0.932472229404356));
#7157=DIRECTION('',(0.932472229404356,5.47934654558301E-14,-0.361241666187153));
#7158=DIRECTION('',(-0.361241666187153,1.11022302458685E-16,-0.932472229404356));
#7159=DIRECTION('',(5.09509004350007E-14,-1.,-1.98575463005071E-14));
#7160=DIRECTION('',(-0.361241666187153,1.11022302458685E-16,-0.932472229404356));
#7161=DIRECTION('',(5.09509004350007E-14,-1.,-1.98575463005071E-14));
#7162=DIRECTION('',(-0.361241666187153,1.11022302458685E-16,-0.932472229404356));
#7163=DIRECTION('',(5.09509004350007E-14,-1.,-1.98575463005071E-14));
#7164=DIRECTION('',(-0.361241666187153,1.11022302458685E-16,-0.932472229404356));
#7165=DIRECTION('',(5.09509004350007E-14,-1.,-1.98575463005071E-14));
#7166=DIRECTION('',(-0.361241666187153,1.11022302458685E-16,-0.932472229404356));
#7167=DIRECTION('',(5.09509004350007E-14,-1.,-1.98575463005071E-14));
#7168=DIRECTION('',(-0.361241666187153,1.11022302458685E-16,-0.932472229404356));
#7169=DIRECTION('',(5.09509004350007E-14,-1.,-1.98575463005071E-14));
#7170=DIRECTION('',(-0.361241666187153,1.11022302458685E-16,-0.932472229404356));
#7171=DIRECTION('',(5.09509004350007E-14,-1.,-1.98575463005071E-14));
#7172=DIRECTION('',(-0.361241666187153,1.11022302458685E-16,-0.932472229404356));
#7173=DIRECTION('',(5.09509004350007E-14,-1.,-1.98575463005071E-14));
#7174=DIRECTION('',(-0.361241666187153,1.11022302458685E-16,-0.932472229404356));
#7175=DIRECTION('',(5.09509004350007E-14,-1.,-1.98575463005071E-14));
#7176=DIRECTION('',(-0.361241666187153,1.11022302458685E-16,-0.932472229404356));
#7177=DIRECTION('',(5.09509004350007E-14,-1.,-1.98575463005071E-14));
#7178=DIRECTION('',(-0.361241666187153,1.11022302458685E-16,-0.932472229404356));
#7179=DIRECTION('',(5.09509004350007E-14,-1.,-1.98575463005071E-14));
#7180=DIRECTION('',(-0.361241666187153,1.11022302458685E-16,-0.932472229404356));
#7181=DIRECTION('',(5.09509004350007E-14,-1.,-1.98575463005071E-14));
#7182=DIRECTION('',(-0.361241666187153,1.11022302458685E-16,-0.932472229404356));
#7183=DIRECTION('',(5.09509004350007E-14,-1.,-1.98575463005071E-14));
#7184=DIRECTION('',(-0.361241666187153,1.11022302458685E-16,-0.932472229404356));
#7185=DIRECTION('',(5.09509004350007E-14,-1.,-1.98575463005071E-14));
#7186=DIRECTION('',(-0.361241666187153,1.11022302458685E-16,-0.932472229404356));
#7187=DIRECTION('',(5.09509004350007E-14,-1.,-1.98575463005071E-14));
#7188=DIRECTION('',(-0.361241666187153,1.11022302458685E-16,-0.932472229404356));
#7189=DIRECTION('',(5.09509004350007E-14,-1.,-1.98575463005071E-14));
#7190=DIRECTION('',(-0.361241666187153,1.11022302458685E-16,-0.932472229404356));
#7191=DIRECTION('',(5.09509004350007E-14,-1.,-1.98575463005071E-14));
#7192=DIRECTION('',(-0.361241666187153,1.11022302458685E-16,-0.932472229404356));
#7193=DIRECTION('',(5.09509004350007E-14,-1.,-1.98575463005071E-14));
#7194=DIRECTION('',(-0.361241666187153,1.11022302458685E-16,-0.932472229404356));
#7195=DIRECTION('',(5.09509004350007E-14,-1.,-1.98575463005071E-14));
#7196=DIRECTION('',(-0.361241666187153,1.11022302458675E-16,-0.932472229404356));
#7197=DIRECTION('',(0.932472229404356,5.47934654558301E-14,-0.361241666187153));
#7198=DIRECTION('',(-0.361241666187153,1.11022302458675E-16,-0.932472229404356));
#7199=DIRECTION('',(0.932472229404356,5.47934654558301E-14,-0.361241666187153));
#7200=DIRECTION('',(-0.361241666187153,1.11022302458685E-16,-0.932472229404356));
#7201=DIRECTION('',(5.09509004350007E-14,-1.,-1.98575463005071E-14));
#7202=DIRECTION('',(-0.361241666187153,1.11022302458685E-16,-0.932472229404356));
#7203=DIRECTION('',(5.09509004350007E-14,-1.,-1.98575463005071E-14));
#7204=DIRECTION('',(-0.361241666187153,1.11022302458685E-16,-0.932472229404356));
#7205=DIRECTION('',(5.09509004350007E-14,-1.,-1.98575463005071E-14));
#7206=DIRECTION('',(-0.361241666187153,1.11022302458685E-16,-0.932472229404356));
#7207=DIRECTION('',(5.09509004350007E-14,-1.,-1.98575463005071E-14));
#7208=DIRECTION('',(-0.361241666187153,1.11022302458685E-16,-0.932472229404356));
#7209=DIRECTION('',(5.09509004350007E-14,-1.,-1.98575463005071E-14));
#7210=DIRECTION('',(-0.361241666187153,1.11022302458685E-16,-0.932472229404356));
#7211=DIRECTION('',(5.09509004350007E-14,-1.,-1.98575463005071E-14));
#7212=DIRECTION('',(-0.361241666187153,1.11022302458685E-16,-0.932472229404356));
#7213=DIRECTION('',(5.09509004350007E-14,-1.,-1.98575463005071E-14));
#7214=DIRECTION('',(-0.361241666187153,1.11022302458685E-16,-0.932472229404356));
#7215=DIRECTION('',(5.09509004350007E-14,-1.,-1.98575463005071E-14));
#7216=DIRECTION('',(-0.361241666187153,1.11022302458685E-16,-0.932472229404356));
#7217=DIRECTION('',(5.09509004350007E-14,-1.,-1.98575463005071E-14));
#7218=DIRECTION('',(-0.361241666187153,1.11022302458685E-16,-0.932472229404356));
#7219=DIRECTION('',(5.09509004350007E-14,-1.,-1.98575463005071E-14));
#7220=DIRECTION('',(-0.361241666187153,1.11022302458685E-16,-0.932472229404356));
#7221=DIRECTION('',(5.09509004350007E-14,-1.,-1.98575463005071E-14));
#7222=DIRECTION('',(-0.361241666187153,1.11022302458685E-16,-0.932472229404356));
#7223=DIRECTION('',(5.09509004350007E-14,-1.,-1.98575463005071E-14));
#7224=DIRECTION('',(-0.361241666187153,1.11022302458685E-16,-0.932472229404356));
#7225=DIRECTION('',(5.09509004350007E-14,-1.,-1.98575463005071E-14));
#7226=DIRECTION('',(-0.361241666187153,1.11022302458685E-16,-0.932472229404356));
#7227=DIRECTION('',(5.09509004350007E-14,-1.,-1.98575463005071E-14));
#7228=DIRECTION('',(-0.361241666187153,1.11022302458685E-16,-0.932472229404356));
#7229=DIRECTION('',(5.09509004350007E-14,-1.,-1.98575463005071E-14));
#7230=DIRECTION('',(-0.361241666187153,1.11022302458685E-16,-0.932472229404356));
#7231=DIRECTION('',(5.09509004350007E-14,-1.,-1.98575463005071E-14));
#7232=DIRECTION('',(-0.361241666187153,1.11022302458685E-16,-0.932472229404356));
#7233=DIRECTION('',(5.09509004350007E-14,-1.,-1.98575463005071E-14));
#7234=DIRECTION('',(-0.361241666187153,1.11022302458675E-16,-0.932472229404356));
#7235=DIRECTION('',(0.932472229404356,5.47934654558301E-14,-0.361241666187153));
#7236=DIRECTION('',(-0.361241666187153,1.11022302458685E-16,-0.932472229404356));
#7237=DIRECTION('',(5.09509004350007E-14,-1.,-1.98575463005071E-14));
#7238=DIRECTION('',(-0.361241666187153,1.11022302458685E-16,-0.932472229404356));
#7239=DIRECTION('',(5.09509004350007E-14,-1.,-1.98575463005071E-14));
#7240=DIRECTION('',(-0.361241666187153,1.11022302458685E-16,-0.932472229404356));
#7241=DIRECTION('',(5.09509004350007E-14,-1.,-1.98575463005071E-14));
#7242=DIRECTION('',(-0.361241666187153,1.11022302458685E-16,-0.932472229404356));
#7243=DIRECTION('',(5.09509004350007E-14,-1.,-1.98575463005071E-14));
#7244=DIRECTION('',(-0.361241666187153,1.11022302458685E-16,-0.932472229404356));
#7245=DIRECTION('',(5.09509004350007E-14,-1.,-1.98575463005071E-14));
#7246=DIRECTION('',(-0.361241666187153,1.11022302458685E-16,-0.932472229404356));
#7247=DIRECTION('',(5.09509004350007E-14,-1.,-1.98575463005071E-14));
#7248=DIRECTION('',(-0.361241666187153,1.11022302458675E-16,-0.932472229404356));
#7249=DIRECTION('',(0.932472229404356,5.47934654558301E-14,-0.361241666187153));
#7250=DIRECTION('',(-0.361241666187153,1.11022302458675E-16,-0.932472229404356));
#7251=DIRECTION('',(0.932472229404356,5.47934654558301E-14,-0.361241666187153));
#7252=DIRECTION('',(-0.361241666187153,1.11022302458685E-16,-0.932472229404356));
#7253=DIRECTION('',(5.09509004350007E-14,-1.,-1.98575463005071E-14));
#7254=DIRECTION('',(-0.361241666187153,1.11022302458685E-16,-0.932472229404356));
#7255=DIRECTION('',(5.09509004350007E-14,-1.,-1.98575463005071E-14));
#7256=DIRECTION('',(-0.361241666187153,1.11022302458685E-16,-0.932472229404356));
#7257=DIRECTION('',(5.09509004350007E-14,-1.,-1.98575463005071E-14));
#7258=DIRECTION('',(-0.361241666187153,1.11022302458685E-16,-0.932472229404356));
#7259=DIRECTION('',(5.09509004350007E-14,-1.,-1.98575463005071E-14));
#7260=DIRECTION('',(-0.361241666187153,1.11022302458685E-16,-0.932472229404356));
#7261=DIRECTION('',(5.09509004350007E-14,-1.,-1.98575463005071E-14));
#7262=DIRECTION('',(-0.361241666187153,1.11022302458685E-16,-0.932472229404356));
#7263=DIRECTION('',(5.09509004350007E-14,-1.,-1.98575463005071E-14));
#7264=DIRECTION('',(-0.361241666187153,1.11022302458685E-16,-0.932472229404356));
#7265=DIRECTION('',(5.09509004350007E-14,-1.,-1.98575463005071E-14));
#7266=DIRECTION('',(-0.361241666187153,1.11022302458675E-16,-0.932472229404356));
#7267=DIRECTION('',(0.932472229404356,5.47934654558301E-14,-0.361241666187153));
#7268=DIRECTION('',(-0.361241666187153,1.11022302458685E-16,-0.932472229404356));
#7269=DIRECTION('',(5.09509004350007E-14,-1.,-1.98575463005071E-14));
#7270=DIRECTION('',(-0.361241666187153,1.11022302458685E-16,-0.932472229404356));
#7271=DIRECTION('',(5.09509004350007E-14,-1.,-1.98575463005071E-14));
#7272=DIRECTION('',(-0.361241666187153,1.11022302458675E-16,-0.932472229404356));
#7273=DIRECTION('',(0.932472229404356,5.47934654558301E-14,-0.361241666187153));
#7274=DIRECTION('',(-0.361241666187153,1.11022302458685E-16,-0.932472229404356));
#7275=DIRECTION('',(5.09509004350007E-14,-1.,-1.98575463005071E-14));
#7276=DIRECTION('',(-0.361241666187153,1.11022302458675E-16,-0.932472229404356));
#7277=DIRECTION('',(0.932472229404356,5.47934654558301E-14,-0.361241666187153));
#7278=DIRECTION('',(-0.361241666187153,1.11022302458675E-16,-0.932472229404356));
#7279=DIRECTION('',(0.932472229404356,5.47934654558301E-14,-0.361241666187153));
#7280=DIRECTION('',(-0.361241666187153,1.11022302458685E-16,-0.932472229404356));
#7281=DIRECTION('',(5.09509004350007E-14,-1.,-1.98575463005071E-14));
#7282=DIRECTION('',(-0.361241666187153,1.11022302458685E-16,-0.932472229404356));
#7283=DIRECTION('',(5.09509004350007E-14,-1.,-1.98575463005071E-14));
#7284=DIRECTION('',(-0.361241666187153,1.11022302458685E-16,-0.932472229404356));
#7285=DIRECTION('',(5.09509004350007E-14,-1.,-1.98575463005071E-14));
#7286=DIRECTION('',(-0.361241666187153,1.11022302458685E-16,-0.932472229404356));
#7287=DIRECTION('',(5.09509004350007E-14,-1.,-1.98575463005071E-14));
#7288=DIRECTION('',(-0.361241666187153,1.11022302458685E-16,-0.932472229404356));
#7289=DIRECTION('',(5.09509004350007E-14,-1.,-1.98575463005071E-14));
#7290=DIRECTION('',(-0.361241666187153,1.11022302458675E-16,-0.932472229404356));
#7291=DIRECTION('',(0.932472229404356,5.47934654558301E-14,-0.361241666187153));
#7292=DIRECTION('',(-0.361241666187153,1.11022302458675E-16,-0.932472229404356));
#7293=DIRECTION('',(0.932472229404356,5.47934654558301E-14,-0.361241666187153));
#7294=DIRECTION('',(-0.361241666187153,1.11022302458685E-16,-0.932472229404356));
#7295=DIRECTION('',(5.09509004350007E-14,-1.,-1.98575463005071E-14));
#7296=DIRECTION('',(-0.361241666187153,1.11022302458675E-16,-0.932472229404356));
#7297=DIRECTION('',(0.932472229404356,5.47934654558301E-14,-0.361241666187153));
#7298=DIRECTION('',(-0.361241666187152,1.63800392714088E-15,-0.932472229404356));
#7299=DIRECTION('',(-8.75079132450296E-16,-1.,-1.41761742774187E-15));
#7300=DIRECTION('',(-0.361241666187153,1.11022302458685E-16,-0.932472229404356));
#7301=DIRECTION('',(5.09509004350007E-14,-1.,-1.98575463005071E-14));
#7302=DIRECTION('',(-0.361241666187153,1.11022302458685E-16,-0.932472229404356));
#7303=DIRECTION('',(5.09509004350007E-14,-1.,-1.98575463005071E-14));
#7304=DIRECTION('',(-0.361241666187153,1.11022302458685E-16,-0.932472229404356));
#7305=DIRECTION('',(5.09509004350007E-14,-1.,-1.98575463005071E-14));
#7306=DIRECTION('',(-0.361241666187153,1.11022302458685E-16,-0.932472229404356));
#7307=DIRECTION('',(5.09509004350007E-14,-1.,-1.98575463005071E-14));
#7308=DIRECTION('',(-0.361241666187153,1.11022302458675E-16,-0.932472229404356));
#7309=DIRECTION('',(0.932472229404356,5.47934654558301E-14,-0.361241666187153));
#7310=DIRECTION('',(-0.361241666187153,1.11022302458685E-16,-0.932472229404356));
#7311=DIRECTION('',(5.09509004350007E-14,-1.,-1.98575463005071E-14));
#7312=DIRECTION('',(-0.361241666187153,1.11022302458685E-16,-0.932472229404356));
#7313=DIRECTION('',(5.09509004350007E-14,-1.,-1.98575463005071E-14));
#7314=DIRECTION('',(-0.361241666187153,1.11022302458685E-16,-0.932472229404356));
#7315=DIRECTION('',(5.09509004350007E-14,-1.,-1.98575463005071E-14));
#7316=DIRECTION('',(-0.361241666187153,1.11022302458685E-16,-0.932472229404356));
#7317=DIRECTION('',(5.09509004350007E-14,-1.,-1.98575463005071E-14));
#7318=DIRECTION('',(-0.361241666187153,1.11022302458675E-16,-0.932472229404356));
#7319=DIRECTION('',(0.932472229404356,5.47934654558301E-14,-0.361241666187153));
#7320=DIRECTION('',(-0.361241666187153,1.11022302458675E-16,-0.932472229404356));
#7321=DIRECTION('',(0.932472229404356,5.47934654558301E-14,-0.361241666187153));
#7322=DIRECTION('',(-0.361241666187153,1.11022302458685E-16,-0.932472229404356));
#7323=DIRECTION('',(5.09509004350007E-14,-1.,-1.98575463005071E-14));
#7324=DIRECTION('',(-0.361241666187153,1.11022302458685E-16,-0.932472229404356));
#7325=DIRECTION('',(5.09509004350007E-14,-1.,-1.98575463005071E-14));
#7326=DIRECTION('',(-0.361241666187153,1.11022302458685E-16,-0.932472229404356));
#7327=DIRECTION('',(5.09509004350007E-14,-1.,-1.98575463005071E-14));
#7328=DIRECTION('',(-0.361241666187153,1.11022302458675E-16,-0.932472229404356));
#7329=DIRECTION('',(0.932472229404356,5.47934654558301E-14,-0.361241666187153));
#7330=DIRECTION('',(-0.361241666187153,1.11022302458685E-16,-0.932472229404356));
#7331=DIRECTION('',(5.09509004350007E-14,-1.,-1.98575463005071E-14));
#7332=DIRECTION('',(-0.361241666187153,1.11022302458675E-16,-0.932472229404356));
#7333=DIRECTION('',(0.932472229404356,5.47934654558301E-14,-0.361241666187153));
#7334=DIRECTION('',(-0.361241666187153,1.11022302458685E-16,-0.932472229404356));
#7335=DIRECTION('',(5.09509004350007E-14,-1.,-1.98575463005071E-14));
#7336=DIRECTION('',(-0.361241666187153,1.11022302458685E-16,-0.932472229404356));
#7337=DIRECTION('',(5.09509004350007E-14,-1.,-1.98575463005071E-14));
#7338=DIRECTION('',(-0.361241666187153,1.11022302458685E-16,-0.932472229404356));
#7339=DIRECTION('',(5.09509004350007E-14,-1.,-1.98575463005071E-14));
#7340=DIRECTION('',(-0.361241666187153,1.11022302458685E-16,-0.932472229404356));
#7341=DIRECTION('',(5.09509004350007E-14,-1.,-1.98575463005071E-14));
#7342=DIRECTION('',(-0.361241666187153,1.11022302458685E-16,-0.932472229404356));
#7343=DIRECTION('',(5.09509004350007E-14,-1.,-1.98575463005071E-14));
#7344=DIRECTION('',(-0.361241666187153,1.11022302458685E-16,-0.932472229404356));
#7345=DIRECTION('',(5.09509004350007E-14,-1.,-1.98575463005071E-14));
#7346=DIRECTION('',(-0.361241666187153,1.11022302458685E-16,-0.932472229404356));
#7347=DIRECTION('',(5.09509004350007E-14,-1.,-1.98575463005071E-14));
#7348=DIRECTION('',(-0.361241666187153,1.11022302458685E-16,-0.932472229404356));
#7349=DIRECTION('',(5.09509004350007E-14,-1.,-1.98575463005071E-14));
#7350=DIRECTION('',(-0.361241666187153,1.11022302458685E-16,-0.932472229404356));
#7351=DIRECTION('',(5.09509004350007E-14,-1.,-1.98575463005071E-14));
#7352=DIRECTION('',(-0.361241666187153,1.11022302458685E-16,-0.932472229404356));
#7353=DIRECTION('',(5.09509004350007E-14,-1.,-1.98575463005071E-14));
#7354=DIRECTION('',(-0.361241666187153,1.11022302458685E-16,-0.932472229404356));
#7355=DIRECTION('',(5.09509004350007E-14,-1.,-1.98575463005071E-14));
#7356=DIRECTION('',(-0.361241666187153,1.11022302458685E-16,-0.932472229404356));
#7357=DIRECTION('',(5.09509004350007E-14,-1.,-1.98575463005071E-14));
#7358=DIRECTION('',(-0.361241666187153,1.11022302458685E-16,-0.932472229404356));
#7359=DIRECTION('',(5.09509004350007E-14,-1.,-1.98575463005071E-14));
#7360=DIRECTION('',(-0.361241666187153,1.11022302458685E-16,-0.932472229404356));
#7361=DIRECTION('',(5.09509004350007E-14,-1.,-1.98575463005071E-14));
#7362=DIRECTION('',(-0.361241666187153,1.11022302458685E-16,-0.932472229404356));
#7363=DIRECTION('',(5.09509004350007E-14,-1.,-1.98575463005071E-14));
#7364=DIRECTION('',(-0.361241666187153,1.11022302458685E-16,-0.932472229404356));
#7365=DIRECTION('',(5.09509004350007E-14,-1.,-1.98575463005071E-14));
#7366=DIRECTION('',(-0.361241666187153,1.11022302458685E-16,-0.932472229404356));
#7367=DIRECTION('',(5.09509004350007E-14,-1.,-1.98575463005071E-14));
#7368=DIRECTION('',(-0.361241666187153,1.11022302458685E-16,-0.932472229404356));
#7369=DIRECTION('',(5.09509004350007E-14,-1.,-1.98575463005071E-14));
#7370=DIRECTION('',(-0.361241666187153,1.11022302458685E-16,-0.932472229404356));
#7371=DIRECTION('',(5.09509004350007E-14,-1.,-1.98575463005071E-14));
#7372=DIRECTION('',(-0.361241666187153,1.11022302458685E-16,-0.932472229404356));
#7373=DIRECTION('',(5.09509004350007E-14,-1.,-1.98575463005071E-14));
#7374=DIRECTION('',(-0.361241666187153,1.11022302458685E-16,-0.932472229404356));
#7375=DIRECTION('',(5.09509004350007E-14,-1.,-1.98575463005071E-14));
#7376=DIRECTION('',(-0.361241666187153,1.11022302458685E-16,-0.932472229404356));
#7377=DIRECTION('',(5.09509004350007E-14,-1.,-1.98575463005071E-14));
#7378=DIRECTION('',(-0.361241666187153,1.11022302458685E-16,-0.932472229404356));
#7379=DIRECTION('',(5.09509004350007E-14,-1.,-1.98575463005071E-14));
#7380=DIRECTION('',(-0.361241666187153,1.11022302458685E-16,-0.932472229404356));
#7381=DIRECTION('',(5.09509004350007E-14,-1.,-1.98575463005071E-14));
#7382=DIRECTION('',(-0.361241666187153,1.11022302458675E-16,-0.932472229404356));
#7383=DIRECTION('',(0.932472229404356,5.47934654558301E-14,-0.361241666187153));
#7384=DIRECTION('',(-0.361241666187153,1.11022302458685E-16,-0.932472229404356));
#7385=DIRECTION('',(5.09509004350007E-14,-1.,-1.98575463005071E-14));
#7386=DIRECTION('',(-0.361241666187153,1.11022302458685E-16,-0.932472229404356));
#7387=DIRECTION('',(5.09509004350007E-14,-1.,-1.98575463005071E-14));
#7388=DIRECTION('',(-0.361241666187153,1.11022302458685E-16,-0.932472229404356));
#7389=DIRECTION('',(5.09509004350007E-14,-1.,-1.98575463005071E-14));
#7390=DIRECTION('',(-0.361241666187153,1.11022302458675E-16,-0.932472229404356));
#7391=DIRECTION('',(0.932472229404356,5.47934654558301E-14,-0.361241666187153));
#7392=DIRECTION('',(-0.361241666187153,1.11022302458675E-16,-0.932472229404356));
#7393=DIRECTION('',(0.932472229404356,5.47934654558301E-14,-0.361241666187153));
#7394=DIRECTION('',(-0.361241666187153,1.11022302458675E-16,-0.932472229404356));
#7395=DIRECTION('',(0.932472229404356,5.47934654558301E-14,-0.361241666187153));
#7396=DIRECTION('',(-0.361241666187153,1.11022302458685E-16,-0.932472229404356));
#7397=DIRECTION('',(5.09509004350007E-14,-1.,-1.98575463005071E-14));
#7398=DIRECTION('',(-0.361241666187153,1.11022302458685E-16,-0.932472229404356));
#7399=DIRECTION('',(5.09509004350007E-14,-1.,-1.98575463005071E-14));
#7400=DIRECTION('',(-0.361241666187153,1.11022302458685E-16,-0.932472229404356));
#7401=DIRECTION('',(5.09509004350007E-14,-1.,-1.98575463005071E-14));
#7402=DIRECTION('',(-0.361241666187153,1.11022302458685E-16,-0.932472229404356));
#7403=DIRECTION('',(5.09509004350007E-14,-1.,-1.98575463005071E-14));
#7404=DIRECTION('',(-0.361241666187153,1.11022302458675E-16,-0.932472229404356));
#7405=DIRECTION('',(0.932472229404356,5.47934654558301E-14,-0.361241666187153));
#7406=DIRECTION('',(-0.361241666187153,1.11022302458685E-16,-0.932472229404356));
#7407=DIRECTION('',(5.09509004350007E-14,-1.,-1.98575463005071E-14));
#7408=DIRECTION('',(-0.361241666187153,1.11022302458685E-16,-0.932472229404356));
#7409=DIRECTION('',(5.09509004350007E-14,-1.,-1.98575463005071E-14));
#7410=DIRECTION('',(-0.361241666187153,1.11022302458685E-16,-0.932472229404356));
#7411=DIRECTION('',(5.09509004350007E-14,-1.,-1.98575463005071E-14));
#7412=DIRECTION('',(-0.361241666187153,1.11022302458685E-16,-0.932472229404356));
#7413=DIRECTION('',(5.09509004350007E-14,-1.,-1.98575463005071E-14));
#7414=DIRECTION('',(-0.361241666187153,1.11022302458675E-16,-0.932472229404356));
#7415=DIRECTION('',(0.932472229404356,5.47934654558301E-14,-0.361241666187153));
#7416=DIRECTION('',(-0.361241666187152,1.63800392714088E-15,-0.932472229404356));
#7417=DIRECTION('',(-8.75079132450296E-16,-1.,-1.41761742774187E-15));
#7418=DIRECTION('',(-0.361241666187153,1.11022302458675E-16,-0.932472229404356));
#7419=DIRECTION('',(0.932472229404356,5.47934654558301E-14,-0.361241666187153));
#7420=DIRECTION('',(-0.361241666187153,1.11022302458685E-16,-0.932472229404356));
#7421=DIRECTION('',(5.09509004350007E-14,-1.,-1.98575463005071E-14));
#7422=DIRECTION('',(-0.361241666187153,1.11022302458685E-16,-0.932472229404356));
#7423=DIRECTION('',(5.09509004350007E-14,-1.,-1.98575463005071E-14));
#7424=DIRECTION('',(-0.361241666187153,1.11022302458675E-16,-0.932472229404356));
#7425=DIRECTION('',(0.932472229404356,5.47934654558301E-14,-0.361241666187153));
#7426=DIRECTION('',(-0.361241666187153,1.11022302458685E-16,-0.932472229404356));
#7427=DIRECTION('',(5.09509004350007E-14,-1.,-1.98575463005071E-14));
#7428=DIRECTION('',(-0.361241666187153,1.11022302458685E-16,-0.932472229404356));
#7429=DIRECTION('',(5.09509004350007E-14,-1.,-1.98575463005071E-14));
#7430=DIRECTION('',(-0.361241666187153,1.11022302458685E-16,-0.932472229404356));
#7431=DIRECTION('',(5.09509004350007E-14,-1.,-1.98575463005071E-14));
#7432=DIRECTION('',(-0.361241666187153,1.11022302458685E-16,-0.932472229404356));
#7433=DIRECTION('',(5.09509004350007E-14,-1.,-1.98575463005071E-14));
#7434=DIRECTION('',(-0.361241666187153,1.11022302458685E-16,-0.932472229404356));
#7435=DIRECTION('',(5.09509004350007E-14,-1.,-1.98575463005071E-14));
#7436=DIRECTION('',(-0.361241666187153,1.11022302458685E-16,-0.932472229404356));
#7437=DIRECTION('',(5.09509004350007E-14,-1.,-1.98575463005071E-14));
#7438=DIRECTION('',(-0.361241666187153,1.11022302458685E-16,-0.932472229404356));
#7439=DIRECTION('',(5.09509004350007E-14,-1.,-1.98575463005071E-14));
#7440=DIRECTION('',(-0.361241666187153,1.11022302458675E-16,-0.932472229404356));
#7441=DIRECTION('',(0.932472229404356,5.47934654558301E-14,-0.361241666187153));
#7442=DIRECTION('',(-0.361241666187153,1.11022302458675E-16,-0.932472229404356));
#7443=DIRECTION('',(0.932472229404356,5.47934654558301E-14,-0.361241666187153));
#7444=DIRECTION('',(-0.361241666187153,1.11022302458685E-16,-0.932472229404356));
#7445=DIRECTION('',(5.09509004350007E-14,-1.,-1.98575463005071E-14));
#7446=DIRECTION('',(-0.361241666187153,1.11022302458685E-16,-0.932472229404356));
#7447=DIRECTION('',(5.09509004350007E-14,-1.,-1.98575463005071E-14));
#7448=DIRECTION('',(-0.361241666187153,1.11022302458685E-16,-0.932472229404356));
#7449=DIRECTION('',(5.09509004350007E-14,-1.,-1.98575463005071E-14));
#7450=DIRECTION('',(-0.361241666187153,1.11022302458685E-16,-0.932472229404356));
#7451=DIRECTION('',(5.09509004350007E-14,-1.,-1.98575463005071E-14));
#7452=DIRECTION('',(-0.361241666187153,1.11022302458685E-16,-0.932472229404356));
#7453=DIRECTION('',(5.09509004350007E-14,-1.,-1.98575463005071E-14));
#7454=DIRECTION('',(-0.361241666187153,1.11022302458685E-16,-0.932472229404356));
#7455=DIRECTION('',(5.09509004350007E-14,-1.,-1.98575463005071E-14));
#7456=DIRECTION('',(-0.361241666187153,1.11022302458685E-16,-0.932472229404356));
#7457=DIRECTION('',(5.09509004350007E-14,-1.,-1.98575463005071E-14));
#7458=DIRECTION('',(-0.361241666187153,1.11022302458685E-16,-0.932472229404356));
#7459=DIRECTION('',(5.09509004350007E-14,-1.,-1.98575463005071E-14));
#7460=DIRECTION('',(-0.361241666187153,1.11022302458685E-16,-0.932472229404356));
#7461=DIRECTION('',(5.09509004350007E-14,-1.,-1.98575463005071E-14));
#7462=DIRECTION('',(-0.361241666187153,1.11022302458685E-16,-0.932472229404356));
#7463=DIRECTION('',(5.09509004350007E-14,-1.,-1.98575463005071E-14));
#7464=DIRECTION('',(-0.361241666187153,1.11022302458685E-16,-0.932472229404356));
#7465=DIRECTION('',(5.09509004350007E-14,-1.,-1.98575463005071E-14));
#7466=DIRECTION('',(-0.361241666187153,1.11022302458685E-16,-0.932472229404356));
#7467=DIRECTION('',(5.09509004350007E-14,-1.,-1.98575463005071E-14));
#7468=DIRECTION('',(-0.361241666187153,1.11022302458685E-16,-0.932472229404356));
#7469=DIRECTION('',(5.09509004350007E-14,-1.,-1.98575463005071E-14));
#7470=DIRECTION('',(-0.361241666187153,1.11022302458675E-16,-0.932472229404356));
#7471=DIRECTION('',(0.932472229404356,5.47934654558301E-14,-0.361241666187153));
#7472=DIRECTION('',(-0.361241666187153,1.11022302458675E-16,-0.932472229404356));
#7473=DIRECTION('',(0.932472229404356,5.47934654558301E-14,-0.361241666187153));
#7474=DIRECTION('',(-0.361241666187153,1.11022302458685E-16,-0.932472229404356));
#7475=DIRECTION('',(5.09509004350007E-14,-1.,-1.98575463005071E-14));
#7476=DIRECTION('',(-0.361241666187153,1.11022302458685E-16,-0.932472229404356));
#7477=DIRECTION('',(5.09509004350007E-14,-1.,-1.98575463005071E-14));
#7478=DIRECTION('',(-0.361241666187153,1.11022302458685E-16,-0.932472229404356));
#7479=DIRECTION('',(5.09509004350007E-14,-1.,-1.98575463005071E-14));
#7480=DIRECTION('',(-0.361241666187153,1.11022302458685E-16,-0.932472229404356));
#7481=DIRECTION('',(5.09509004350007E-14,-1.,-1.98575463005071E-14));
#7482=DIRECTION('',(-0.361241666187153,1.11022302458685E-16,-0.932472229404356));
#7483=DIRECTION('',(5.09509004350007E-14,-1.,-1.98575463005071E-14));
#7484=DIRECTION('',(-0.361241666187153,1.11022302458685E-16,-0.932472229404356));
#7485=DIRECTION('',(5.09509004350007E-14,-1.,-1.98575463005071E-14));
#7486=DIRECTION('',(-0.361241666187153,1.11022302458685E-16,-0.932472229404356));
#7487=DIRECTION('',(5.09509004350007E-14,-1.,-1.98575463005071E-14));
#7488=DIRECTION('',(-0.361241666187153,1.11022302458685E-16,-0.932472229404356));
#7489=DIRECTION('',(5.09509004350007E-14,-1.,-1.98575463005071E-14));
#7490=DIRECTION('',(-0.361241666187153,1.11022302458685E-16,-0.932472229404356));
#7491=DIRECTION('',(5.09509004350007E-14,-1.,-1.98575463005071E-14));
#7492=DIRECTION('',(-0.361241666187153,1.11022302458685E-16,-0.932472229404356));
#7493=DIRECTION('',(5.09509004350007E-14,-1.,-1.98575463005071E-14));
#7494=DIRECTION('',(-0.361241666187153,1.11022302458685E-16,-0.932472229404356));
#7495=DIRECTION('',(5.09509004350007E-14,-1.,-1.98575463005071E-14));
#7496=DIRECTION('',(-0.361241666187153,1.11022302458675E-16,-0.932472229404356));
#7497=DIRECTION('',(0.932472229404356,5.47934654558301E-14,-0.361241666187153));
#7498=DIRECTION('',(-0.361241666187153,1.11022302458685E-16,-0.932472229404356));
#7499=DIRECTION('',(5.09509004350007E-14,-1.,-1.98575463005071E-14));
#7500=DIRECTION('',(-0.361241666187153,1.11022302458675E-16,-0.932472229404356));
#7501=DIRECTION('',(0.932472229404356,5.47934654558301E-14,-0.361241666187153));
#7502=DIRECTION('',(-0.361241666187153,1.11022302458685E-16,-0.932472229404356));
#7503=DIRECTION('',(5.09509004350007E-14,-1.,-1.98575463005071E-14));
#7504=DIRECTION('',(-0.361241666187153,1.11022302458685E-16,-0.932472229404356));
#7505=DIRECTION('',(5.09509004350007E-14,-1.,-1.98575463005071E-14));
#7506=DIRECTION('',(-0.361241666187153,1.11022302458685E-16,-0.932472229404356));
#7507=DIRECTION('',(5.09509004350007E-14,-1.,-1.98575463005071E-14));
#7508=DIRECTION('',(-0.361241666187153,1.11022302458685E-16,-0.932472229404356));
#7509=DIRECTION('',(5.09509004350007E-14,-1.,-1.98575463005071E-14));
#7510=DIRECTION('',(-0.361241666187153,1.11022302458685E-16,-0.932472229404356));
#7511=DIRECTION('',(5.09509004350007E-14,-1.,-1.98575463005071E-14));
#7512=DIRECTION('',(-0.361241666187153,1.11022302458685E-16,-0.932472229404356));
#7513=DIRECTION('',(5.09509004350007E-14,-1.,-1.98575463005071E-14));
#7514=DIRECTION('',(-0.361241666187153,1.11022302458685E-16,-0.932472229404356));
#7515=DIRECTION('',(5.09509004350007E-14,-1.,-1.98575463005071E-14));
#7516=DIRECTION('',(-0.361241666187153,1.11022302458685E-16,-0.932472229404356));
#7517=DIRECTION('',(5.09509004350007E-14,-1.,-1.98575463005071E-14));
#7518=DIRECTION('',(-0.361241666187153,1.11022302458685E-16,-0.932472229404356));
#7519=DIRECTION('',(5.09509004350007E-14,-1.,-1.98575463005071E-14));
#7520=DIRECTION('',(-0.361241666187153,1.11022302458685E-16,-0.932472229404356));
#7521=DIRECTION('',(5.09509004350007E-14,-1.,-1.98575463005071E-14));
#7522=DIRECTION('',(-0.361241666187153,1.11022302458675E-16,-0.932472229404356));
#7523=DIRECTION('',(0.932472229404356,5.47934654558301E-14,-0.361241666187153));
#7524=DIRECTION('',(-0.361241666187153,1.11022302458685E-16,-0.932472229404356));
#7525=DIRECTION('',(5.09509004350007E-14,-1.,-1.98575463005071E-14));
#7526=DIRECTION('',(-0.361241666187153,1.11022302458685E-16,-0.932472229404356));
#7527=DIRECTION('',(5.09509004350007E-14,-1.,-1.98575463005071E-14));
#7528=DIRECTION('',(-0.361241666187153,1.11022302458685E-16,-0.932472229404356));
#7529=DIRECTION('',(5.09509004350007E-14,-1.,-1.98575463005071E-14));
#7530=DIRECTION('',(-0.361241666187153,1.11022302458685E-16,-0.932472229404356));
#7531=DIRECTION('',(5.09509004350007E-14,-1.,-1.98575463005071E-14));
#7532=DIRECTION('',(-0.361241666187153,1.11022302458685E-16,-0.932472229404356));
#7533=DIRECTION('',(5.09509004350007E-14,-1.,-1.98575463005071E-14));
#7534=DIRECTION('',(-0.361241666187153,1.11022302458675E-16,-0.932472229404356));
#7535=DIRECTION('',(0.932472229404356,5.47934654558301E-14,-0.361241666187153));
#7536=DIRECTION('',(-0.361241666187153,1.11022302458685E-16,-0.932472229404356));
#7537=DIRECTION('',(5.09509004350007E-14,-1.,-1.98575463005071E-14));
#7538=DIRECTION('',(-0.361241666187153,1.11022302458685E-16,-0.932472229404356));
#7539=DIRECTION('',(5.09509004350007E-14,-1.,-1.98575463005071E-14));
#7540=DIRECTION('',(-0.361241666187153,1.11022302458685E-16,-0.932472229404356));
#7541=DIRECTION('',(5.09509004350007E-14,-1.,-1.98575463005071E-14));
#7542=DIRECTION('',(-0.361241666187153,1.11022302458685E-16,-0.932472229404356));
#7543=DIRECTION('',(5.09509004350007E-14,-1.,-1.98575463005071E-14));
#7544=DIRECTION('',(-0.361241666187153,1.11022302458685E-16,-0.932472229404356));
#7545=DIRECTION('',(5.09509004350007E-14,-1.,-1.98575463005071E-14));
#7546=DIRECTION('',(-0.361241666187153,1.11022302458685E-16,-0.932472229404356));
#7547=DIRECTION('',(5.09509004350007E-14,-1.,-1.98575463005071E-14));
#7548=DIRECTION('',(-0.361241666187153,1.11022302458685E-16,-0.932472229404356));
#7549=DIRECTION('',(5.09509004350007E-14,-1.,-1.98575463005071E-14));
#7550=DIRECTION('',(-0.361241666187153,1.11022302458685E-16,-0.932472229404356));
#7551=DIRECTION('',(5.09509004350007E-14,-1.,-1.98575463005071E-14));
#7552=DIRECTION('',(-0.361241666187153,1.11022302458685E-16,-0.932472229404356));
#7553=DIRECTION('',(5.09509004350007E-14,-1.,-1.98575463005071E-14));
#7554=DIRECTION('',(-0.361241666187153,1.11022302458685E-16,-0.932472229404356));
#7555=DIRECTION('',(5.09509004350007E-14,-1.,-1.98575463005071E-14));
#7556=DIRECTION('',(-0.361241666187153,1.11022302458685E-16,-0.932472229404356));
#7557=DIRECTION('',(5.09509004350007E-14,-1.,-1.98575463005071E-14));
#7558=DIRECTION('',(-0.361241666187153,1.11022302458685E-16,-0.932472229404356));
#7559=DIRECTION('',(5.09509004350007E-14,-1.,-1.98575463005071E-14));
#7560=DIRECTION('',(-0.361241666187153,1.11022302458675E-16,-0.932472229404356));
#7561=DIRECTION('',(0.932472229404356,5.47934654558301E-14,-0.361241666187153));
#7562=DIRECTION('',(-0.361241666187153,1.11022302458685E-16,-0.932472229404356));
#7563=DIRECTION('',(5.09509004350007E-14,-1.,-1.98575463005071E-14));
#7564=DIRECTION('',(-0.361241666187153,1.11022302458685E-16,-0.932472229404356));
#7565=DIRECTION('',(5.09509004350007E-14,-1.,-1.98575463005071E-14));
#7566=DIRECTION('',(-0.361241666187153,1.11022302458685E-16,-0.932472229404356));
#7567=DIRECTION('',(5.09509004350007E-14,-1.,-1.98575463005071E-14));
#7568=DIRECTION('',(-0.361241666187153,1.11022302458685E-16,-0.932472229404356));
#7569=DIRECTION('',(5.09509004350007E-14,-1.,-1.98575463005071E-14));
#7570=DIRECTION('',(-0.361241666187153,1.11022302458685E-16,-0.932472229404356));
#7571=DIRECTION('',(5.09509004350007E-14,-1.,-1.98575463005071E-14));
#7572=DIRECTION('',(-0.361241666187153,1.11022302458685E-16,-0.932472229404356));
#7573=DIRECTION('',(5.09509004350007E-14,-1.,-1.98575463005071E-14));
#7574=DIRECTION('',(-0.361241666187153,1.11022302458685E-16,-0.932472229404356));
#7575=DIRECTION('',(5.09509004350007E-14,-1.,-1.98575463005071E-14));
#7576=DIRECTION('',(-0.361241666187153,1.11022302458685E-16,-0.932472229404356));
#7577=DIRECTION('',(5.09509004350007E-14,-1.,-1.98575463005071E-14));
#7578=DIRECTION('',(-0.361241666187153,1.11022302458675E-16,-0.932472229404356));
#7579=DIRECTION('',(0.932472229404356,5.47934654558301E-14,-0.361241666187153));
#7580=DIRECTION('',(-0.361241666187153,1.11022302458685E-16,-0.932472229404356));
#7581=DIRECTION('',(5.09509004350007E-14,-1.,-1.98575463005071E-14));
#7582=DIRECTION('',(-0.361241666187153,1.11022302458685E-16,-0.932472229404356));
#7583=DIRECTION('',(5.09509004350007E-14,-1.,-1.98575463005071E-14));
#7584=DIRECTION('',(-0.361241666187153,1.11022302458675E-16,-0.932472229404356));
#7585=DIRECTION('',(0.932472229404356,5.47934654558301E-14,-0.361241666187153));
#7586=DIRECTION('',(-0.361241666187153,1.11022302458685E-16,-0.932472229404356));
#7587=DIRECTION('',(5.09509004350007E-14,-1.,-1.98575463005071E-14));
#7588=DIRECTION('',(-0.361241666187153,1.11022302458685E-16,-0.932472229404356));
#7589=DIRECTION('',(5.09509004350007E-14,-1.,-1.98575463005071E-14));
#7590=DIRECTION('',(-0.361241666187153,1.11022302458685E-16,-0.932472229404356));
#7591=DIRECTION('',(5.09509004350007E-14,-1.,-1.98575463005071E-14));
#7592=DIRECTION('',(-0.361241666187152,1.63800392714088E-15,-0.932472229404356));
#7593=DIRECTION('',(-8.75079132450296E-16,-1.,-1.41761742774187E-15));
#7594=DIRECTION('',(-0.361241666187153,1.11022302458685E-16,-0.932472229404356));
#7595=DIRECTION('',(5.09509004350007E-14,-1.,-1.98575463005071E-14));
#7596=DIRECTION('',(-0.361241666187153,1.11022302458685E-16,-0.932472229404356));
#7597=DIRECTION('',(5.09509004350007E-14,-1.,-1.98575463005071E-14));
#7598=DIRECTION('',(-0.361241666187153,1.11022302458685E-16,-0.932472229404356));
#7599=DIRECTION('',(5.09509004350007E-14,-1.,-1.98575463005071E-14));
#7600=DIRECTION('',(-0.361241666187153,1.11022302458685E-16,-0.932472229404356));
#7601=DIRECTION('',(5.09509004350007E-14,-1.,-1.98575463005071E-14));
#7602=DIRECTION('',(-0.361241666187153,1.11022302458675E-16,-0.932472229404356));
#7603=DIRECTION('',(0.932472229404356,5.47934654558301E-14,-0.361241666187153));
#7604=DIRECTION('',(-0.361241666187153,1.11022302458685E-16,-0.932472229404356));
#7605=DIRECTION('',(5.09509004350007E-14,-1.,-1.98575463005071E-14));
#7606=DIRECTION('',(-0.361241666187153,1.11022302458685E-16,-0.932472229404356));
#7607=DIRECTION('',(5.09509004350007E-14,-1.,-1.98575463005071E-14));
#7608=DIRECTION('',(-0.361241666187153,1.11022302458685E-16,-0.932472229404356));
#7609=DIRECTION('',(5.09509004350007E-14,-1.,-1.98575463005071E-14));
#7610=DIRECTION('',(-0.361241666187153,1.11022302458685E-16,-0.932472229404356));
#7611=DIRECTION('',(5.09509004350007E-14,-1.,-1.98575463005071E-14));
#7612=DIRECTION('',(-0.361241666187153,1.11022302458685E-16,-0.932472229404356));
#7613=DIRECTION('',(5.09509004350007E-14,-1.,-1.98575463005071E-14));
#7614=DIRECTION('',(-0.361241666187153,1.11022302458685E-16,-0.932472229404356));
#7615=DIRECTION('',(5.09509004350007E-14,-1.,-1.98575463005071E-14));
#7616=DIRECTION('',(-0.361241666187153,1.11022302458685E-16,-0.932472229404356));
#7617=DIRECTION('',(5.09509004350007E-14,-1.,-1.98575463005071E-14));
#7618=DIRECTION('',(-0.361241666187153,1.11022302458685E-16,-0.932472229404356));
#7619=DIRECTION('',(5.09509004350007E-14,-1.,-1.98575463005071E-14));
#7620=DIRECTION('',(-0.361241666187153,1.11022302458675E-16,-0.932472229404356));
#7621=DIRECTION('',(0.932472229404356,5.47934654558301E-14,-0.361241666187153));
#7622=DIRECTION('',(-0.361241666187153,1.11022302458685E-16,-0.932472229404356));
#7623=DIRECTION('',(5.09509004350007E-14,-1.,-1.98575463005071E-14));
#7624=DIRECTION('',(-0.361241666187153,1.11022302458685E-16,-0.932472229404356));
#7625=DIRECTION('',(5.09509004350007E-14,-1.,-1.98575463005071E-14));
#7626=DIRECTION('',(-0.361241666187153,1.11022302458685E-16,-0.932472229404356));
#7627=DIRECTION('',(5.09509004350007E-14,-1.,-1.98575463005071E-14));
#7628=DIRECTION('',(-0.361241666187153,1.11022302458685E-16,-0.932472229404356));
#7629=DIRECTION('',(5.09509004350007E-14,-1.,-1.98575463005071E-14));
#7630=DIRECTION('',(-0.361241666187153,1.11022302458685E-16,-0.932472229404356));
#7631=DIRECTION('',(5.09509004350007E-14,-1.,-1.98575463005071E-14));
#7632=DIRECTION('',(-0.361241666187153,1.11022302458675E-16,-0.932472229404356));
#7633=DIRECTION('',(0.932472229404356,5.47934654558301E-14,-0.361241666187153));
#7634=DIRECTION('',(-0.361241666187153,1.11022302458685E-16,-0.932472229404356));
#7635=DIRECTION('',(5.09509004350007E-14,-1.,-1.98575463005071E-14));
#7636=DIRECTION('',(-0.361241666187153,1.11022302458685E-16,-0.932472229404356));
#7637=DIRECTION('',(5.09509004350007E-14,-1.,-1.98575463005071E-14));
#7638=DIRECTION('',(-0.361241666187153,1.11022302458675E-16,-0.932472229404356));
#7639=DIRECTION('',(0.932472229404356,5.47934654558301E-14,-0.361241666187153));
#7640=DIRECTION('',(-0.361241666187153,1.11022302458685E-16,-0.932472229404356));
#7641=DIRECTION('',(5.09509004350007E-14,-1.,-1.98575463005071E-14));
#7642=DIRECTION('',(-0.361241666187153,1.11022302458685E-16,-0.932472229404356));
#7643=DIRECTION('',(5.09509004350007E-14,-1.,-1.98575463005071E-14));
#7644=DIRECTION('',(-0.361241666187153,1.11022302458685E-16,-0.932472229404356));
#7645=DIRECTION('',(5.09509004350007E-14,-1.,-1.98575463005071E-14));
#7646=DIRECTION('',(-0.361241666187153,1.11022302458685E-16,-0.932472229404356));
#7647=DIRECTION('',(5.09509004350007E-14,-1.,-1.98575463005071E-14));
#7648=DIRECTION('',(-0.361241666187153,1.11022302458685E-16,-0.932472229404356));
#7649=DIRECTION('',(5.09509004350007E-14,-1.,-1.98575463005071E-14));
#7650=DIRECTION('',(-0.361241666187153,1.11022302458685E-16,-0.932472229404356));
#7651=DIRECTION('',(5.09509004350007E-14,-1.,-1.98575463005071E-14));
#7652=DIRECTION('',(-0.361241666187153,1.11022302458685E-16,-0.932472229404356));
#7653=DIRECTION('',(5.09509004350007E-14,-1.,-1.98575463005071E-14));
#7654=DIRECTION('',(-0.361241666187153,1.11022302458685E-16,-0.932472229404356));
#7655=DIRECTION('',(5.09509004350007E-14,-1.,-1.98575463005071E-14));
#7656=DIRECTION('',(-0.361241666187153,1.11022302458685E-16,-0.932472229404356));
#7657=DIRECTION('',(5.09509004350007E-14,-1.,-1.98575463005071E-14));
#7658=DIRECTION('',(-0.361241666187153,1.11022302458685E-16,-0.932472229404356));
#7659=DIRECTION('',(5.09509004350007E-14,-1.,-1.98575463005071E-14));
#7660=DIRECTION('',(-0.361241666187153,1.11022302458685E-16,-0.932472229404356));
#7661=DIRECTION('',(5.09509004350007E-14,-1.,-1.98575463005071E-14));
#7662=DIRECTION('',(-0.361241666187153,1.11022302458685E-16,-0.932472229404356));
#7663=DIRECTION('',(5.09509004350007E-14,-1.,-1.98575463005071E-14));
#7664=DIRECTION('',(-0.361241666187153,1.11022302458675E-16,-0.932472229404356));
#7665=DIRECTION('',(0.932472229404356,5.47934654558301E-14,-0.361241666187153));
#7666=DIRECTION('',(-0.361241666187153,1.11022302458685E-16,-0.932472229404356));
#7667=DIRECTION('',(5.09509004350007E-14,-1.,-1.98575463005071E-14));
#7668=DIRECTION('',(-0.361241666187153,1.11022302458685E-16,-0.932472229404356));
#7669=DIRECTION('',(5.09509004350007E-14,-1.,-1.98575463005071E-14));
#7670=DIRECTION('',(-0.361241666187153,1.11022302458675E-16,-0.932472229404356));
#7671=DIRECTION('',(0.932472229404356,5.47934654558301E-14,-0.361241666187153));
#7672=DIRECTION('',(-0.361241666187153,1.11022302458685E-16,-0.932472229404356));
#7673=DIRECTION('',(5.09509004350007E-14,-1.,-1.98575463005071E-14));
#7674=DIRECTION('',(-0.361241666187153,1.11022302458685E-16,-0.932472229404356));
#7675=DIRECTION('',(5.09509004350007E-14,-1.,-1.98575463005071E-14));
#7676=DIRECTION('',(-0.361241666187153,1.11022302458685E-16,-0.932472229404356));
#7677=DIRECTION('',(5.09509004350007E-14,-1.,-1.98575463005071E-14));
#7678=DIRECTION('',(-0.361241666187153,1.11022302458685E-16,-0.932472229404356));
#7679=DIRECTION('',(5.09509004350007E-14,-1.,-1.98575463005071E-14));
#7680=DIRECTION('',(-0.361241666187153,1.11022302458685E-16,-0.932472229404356));
#7681=DIRECTION('',(5.09509004350007E-14,-1.,-1.98575463005071E-14));
#7682=DIRECTION('',(-0.361241666187153,1.11022302458685E-16,-0.932472229404356));
#7683=DIRECTION('',(5.09509004350007E-14,-1.,-1.98575463005071E-14));
#7684=DIRECTION('',(-0.361241666187153,1.11022302458685E-16,-0.932472229404356));
#7685=DIRECTION('',(5.09509004350007E-14,-1.,-1.98575463005071E-14));
#7686=DIRECTION('',(-0.361241666187153,1.11022302458685E-16,-0.932472229404356));
#7687=DIRECTION('',(5.09509004350007E-14,-1.,-1.98575463005071E-14));
#7688=DIRECTION('',(0.,0.,1.));
#7689=DIRECTION('',(1.,0.,0.));
#7690=DIRECTION('',(-5.4780741346636E-17,-1.,0.));
#7691=DIRECTION('',(-1.,0.,0.));
#7692=DIRECTION('',(-5.4780741346636E-17,-1.,0.));
#7693=DIRECTION('',(-1.,0.,0.));
#7694=DIRECTION('',(0.,0.,1.));
#7695=DIRECTION('',(1.,0.,0.));
#7696=DIRECTION('',(-5.4780741346636E-17,-1.,0.));
#7697=DIRECTION('',(-1.,0.,0.));
#7698=DIRECTION('',(-5.4780741346636E-17,-1.,0.));
#7699=DIRECTION('',(-1.,0.,0.));
#7700=DIRECTION('',(0.,-1.,0.));
#7701=DIRECTION('',(0.,0.,-1.));
#7702=DIRECTION('',(0.,0.,-1.));
#7703=DIRECTION('',(0.,0.,-1.));
#7704=DIRECTION('',(1.,-5.4780741346636E-17,0.));
#7705=DIRECTION('',(5.4780741346636E-17,1.,0.));
#7706=DIRECTION('',(0.,0.,-1.));
#7707=DIRECTION('',(0.,-1.,0.));
#7708=DIRECTION('',(0.,0.,-1.));
#7709=DIRECTION('',(0.,0.,-1.));
#7710=DIRECTION('',(1.,-5.4780741346636E-17,0.));
#7711=DIRECTION('',(5.4780741346636E-17,1.,0.));
#7712=DIRECTION('',(-0.361241666187152,2.77555756145939E-17,-0.932472229404356));
#7713=DIRECTION('',(-0.932472229404356,-5.4683672830767E-14,0.361241666187152));
#7714=DIRECTION('',(-0.361241666187153,1.11022302458685E-16,-0.932472229404356));
#7715=DIRECTION('',(5.09509004350007E-14,-1.,-1.98575463005071E-14));
#7716=DIRECTION('',(-0.361241666187153,1.11022302458685E-16,-0.932472229404356));
#7717=DIRECTION('',(5.09509004350007E-14,-1.,-1.98575463005071E-14));
#7718=DIRECTION('',(-0.361241666187153,1.11022302458675E-16,-0.932472229404356));
#7719=DIRECTION('',(0.932472229404356,5.47934654558301E-14,-0.361241666187153));
#7720=DIRECTION('',(-0.361241666187153,1.11022302458685E-16,-0.932472229404356));
#7721=DIRECTION('',(5.09509004350007E-14,-1.,-1.98575463005071E-14));
#7722=DIRECTION('',(-0.361241666187153,1.11022302458685E-16,-0.932472229404356));
#7723=DIRECTION('',(5.09509004350007E-14,-1.,-1.98575463005071E-14));
#7724=DIRECTION('',(-0.361241666187153,1.11022302458685E-16,-0.932472229404356));
#7725=DIRECTION('',(5.09509004350007E-14,-1.,-1.98575463005071E-14));
#7726=DIRECTION('',(-0.361241666187153,1.11022302458685E-16,-0.932472229404356));
#7727=DIRECTION('',(5.09509004350007E-14,-1.,-1.98575463005071E-14));
#7728=DIRECTION('',(-0.361241666187153,1.11022302458685E-16,-0.932472229404356));
#7729=DIRECTION('',(5.09509004350007E-14,-1.,-1.98575463005071E-14));
#7730=DIRECTION('',(-0.361241666187153,1.11022302458685E-16,-0.932472229404356));
#7731=DIRECTION('',(5.09509004350007E-14,-1.,-1.98575463005071E-14));
#7732=DIRECTION('',(-0.361241666187153,1.11022302458685E-16,-0.932472229404356));
#7733=DIRECTION('',(5.09509004350007E-14,-1.,-1.98575463005071E-14));
#7734=DIRECTION('',(-0.361241666187153,1.11022302458685E-16,-0.932472229404356));
#7735=DIRECTION('',(5.09509004350007E-14,-1.,-1.98575463005071E-14));
#7736=DIRECTION('',(-0.361241666187153,1.11022302458685E-16,-0.932472229404356));
#7737=DIRECTION('',(5.09509004350007E-14,-1.,-1.98575463005071E-14));
#7738=DIRECTION('',(-0.361241666187153,1.11022302458685E-16,-0.932472229404356));
#7739=DIRECTION('',(5.09509004350007E-14,-1.,-1.98575463005071E-14));
#7740=DIRECTION('',(-0.361241666187153,1.11022302458675E-16,-0.932472229404356));
#7741=DIRECTION('',(0.932472229404356,5.47934654558301E-14,-0.361241666187153));
#7742=DIRECTION('',(-0.361241666187153,1.11022302458685E-16,-0.932472229404356));
#7743=DIRECTION('',(5.09509004350007E-14,-1.,-1.98575463005071E-14));
#7744=DIRECTION('',(-0.361241666187153,1.11022302458675E-16,-0.932472229404356));
#7745=DIRECTION('',(0.932472229404356,5.47934654558301E-14,-0.361241666187153));
#7746=DIRECTION('',(-0.361241666187153,1.11022302458685E-16,-0.932472229404356));
#7747=DIRECTION('',(5.09509004350007E-14,-1.,-1.98575463005071E-14));
#7748=DIRECTION('',(-0.361241666187153,1.11022302458685E-16,-0.932472229404356));
#7749=DIRECTION('',(5.09509004350007E-14,-1.,-1.98575463005071E-14));
#7750=DIRECTION('',(-0.361241666187153,1.11022302458685E-16,-0.932472229404356));
#7751=DIRECTION('',(5.09509004350007E-14,-1.,-1.98575463005071E-14));
#7752=DIRECTION('',(-0.361241666187153,1.11022302458685E-16,-0.932472229404356));
#7753=DIRECTION('',(5.09509004350007E-14,-1.,-1.98575463005071E-14));
#7754=DIRECTION('',(-0.361241666187153,1.11022302458685E-16,-0.932472229404356));
#7755=DIRECTION('',(5.09509004350007E-14,-1.,-1.98575463005071E-14));
#7756=DIRECTION('',(-0.361241666187153,1.11022302458685E-16,-0.932472229404356));
#7757=DIRECTION('',(5.09509004350007E-14,-1.,-1.98575463005071E-14));
#7758=DIRECTION('',(-0.361241666187153,1.11022302458685E-16,-0.932472229404356));
#7759=DIRECTION('',(5.09509004350007E-14,-1.,-1.98575463005071E-14));
#7760=DIRECTION('',(-0.361241666187153,1.11022302458685E-16,-0.932472229404356));
#7761=DIRECTION('',(5.09509004350007E-14,-1.,-1.98575463005071E-14));
#7762=DIRECTION('',(-0.361241666187153,1.11022302458685E-16,-0.932472229404356));
#7763=DIRECTION('',(5.09509004350007E-14,-1.,-1.98575463005071E-14));
#7764=DIRECTION('',(-0.361241666187153,1.11022302458685E-16,-0.932472229404356));
#7765=DIRECTION('',(5.09509004350007E-14,-1.,-1.98575463005071E-14));
#7766=DIRECTION('',(-0.361241666187153,1.11022302458675E-16,-0.932472229404356));
#7767=DIRECTION('',(0.932472229404356,5.47934654558301E-14,-0.361241666187153));
#7768=DIRECTION('',(-0.361241666187153,1.11022302458685E-16,-0.932472229404356));
#7769=DIRECTION('',(5.09509004350007E-14,-1.,-1.98575463005071E-14));
#7770=DIRECTION('',(-0.361241666187153,1.11022302458675E-16,-0.932472229404356));
#7771=DIRECTION('',(0.932472229404356,5.47934654558301E-14,-0.361241666187153));
#7772=DIRECTION('',(-0.361241666187153,1.11022302458685E-16,-0.932472229404356));
#7773=DIRECTION('',(5.09509004350007E-14,-1.,-1.98575463005071E-14));
#7774=DIRECTION('',(-0.361241666187153,1.11022302458685E-16,-0.932472229404356));
#7775=DIRECTION('',(5.09509004350007E-14,-1.,-1.98575463005071E-14));
#7776=DIRECTION('',(-0.361241666187153,1.11022302458685E-16,-0.932472229404356));
#7777=DIRECTION('',(5.09509004350007E-14,-1.,-1.98575463005071E-14));
#7778=DIRECTION('',(-0.361241666187153,1.11022302458685E-16,-0.932472229404356));
#7779=DIRECTION('',(5.09509004350007E-14,-1.,-1.98575463005071E-14));
#7780=DIRECTION('',(-0.361241666187153,1.11022302458685E-16,-0.932472229404356));
#7781=DIRECTION('',(5.09509004350007E-14,-1.,-1.98575463005071E-14));
#7782=DIRECTION('',(-0.361241666187153,1.11022302458685E-16,-0.932472229404356));
#7783=DIRECTION('',(5.09509004350007E-14,-1.,-1.98575463005071E-14));
#7784=DIRECTION('',(-0.361241666187153,1.11022302458685E-16,-0.932472229404356));
#7785=DIRECTION('',(5.09509004350007E-14,-1.,-1.98575463005071E-14));
#7786=DIRECTION('',(-0.361241666187153,1.11022302458685E-16,-0.932472229404356));
#7787=DIRECTION('',(5.09509004350007E-14,-1.,-1.98575463005071E-14));
#7788=DIRECTION('',(-0.361241666187153,1.11022302458675E-16,-0.932472229404356));
#7789=DIRECTION('',(0.932472229404356,5.47934654558301E-14,-0.361241666187153));
#7790=DIRECTION('',(-0.361241666187153,1.11022302458685E-16,-0.932472229404356));
#7791=DIRECTION('',(5.09509004350007E-14,-1.,-1.98575463005071E-14));
#7792=DIRECTION('',(-0.361241666187153,1.11022302458675E-16,-0.932472229404356));
#7793=DIRECTION('',(0.932472229404356,5.47934654558301E-14,-0.361241666187153));
#7794=DIRECTION('',(-0.361241666187153,1.11022302458685E-16,-0.932472229404356));
#7795=DIRECTION('',(5.09509004350007E-14,-1.,-1.98575463005071E-14));
#7796=DIRECTION('',(-0.361241666187153,1.11022302458685E-16,-0.932472229404356));
#7797=DIRECTION('',(5.09509004350007E-14,-1.,-1.98575463005071E-14));
#7798=DIRECTION('',(-0.361241666187153,1.11022302458685E-16,-0.932472229404356));
#7799=DIRECTION('',(5.09509004350007E-14,-1.,-1.98575463005071E-14));
#7800=DIRECTION('',(-0.361241666187153,1.11022302458685E-16,-0.932472229404356));
#7801=DIRECTION('',(5.09509004350007E-14,-1.,-1.98575463005071E-14));
#7802=DIRECTION('',(-0.361241666187153,1.11022302458685E-16,-0.932472229404356));
#7803=DIRECTION('',(5.09509004350007E-14,-1.,-1.98575463005071E-14));
#7804=DIRECTION('',(-0.361241666187153,1.11022302458685E-16,-0.932472229404356));
#7805=DIRECTION('',(5.09509004350007E-14,-1.,-1.98575463005071E-14));
#7806=DIRECTION('',(-0.361241666187153,1.11022302458685E-16,-0.932472229404356));
#7807=DIRECTION('',(5.09509004350007E-14,-1.,-1.98575463005071E-14));
#7808=DIRECTION('',(-0.361241666187153,1.11022302458685E-16,-0.932472229404356));
#7809=DIRECTION('',(5.09509004350007E-14,-1.,-1.98575463005071E-14));
#7810=DIRECTION('',(-0.361241666187153,1.11022302458685E-16,-0.932472229404356));
#7811=DIRECTION('',(5.09509004350007E-14,-1.,-1.98575463005071E-14));
#7812=DIRECTION('',(-0.361241666187153,1.11022302458675E-16,-0.932472229404356));
#7813=DIRECTION('',(0.932472229404356,5.47934654558301E-14,-0.361241666187153));
#7814=DIRECTION('',(-0.361241666187153,1.11022302458675E-16,-0.932472229404356));
#7815=DIRECTION('',(0.932472229404356,5.47934654558301E-14,-0.361241666187153));
#7816=DIRECTION('',(-0.361241666187153,1.11022302458685E-16,-0.932472229404356));
#7817=DIRECTION('',(5.09509004350007E-14,-1.,-1.98575463005071E-14));
#7818=DIRECTION('',(-0.361241666187153,1.11022302458685E-16,-0.932472229404356));
#7819=DIRECTION('',(5.09509004350007E-14,-1.,-1.98575463005071E-14));
#7820=DIRECTION('',(-0.361241666187153,1.11022302458685E-16,-0.932472229404356));
#7821=DIRECTION('',(5.09509004350007E-14,-1.,-1.98575463005071E-14));
#7822=DIRECTION('',(-0.361241666187153,1.11022302458685E-16,-0.932472229404356));
#7823=DIRECTION('',(5.09509004350007E-14,-1.,-1.98575463005071E-14));
#7824=DIRECTION('',(-0.361241666187153,1.11022302458685E-16,-0.932472229404356));
#7825=DIRECTION('',(5.09509004350007E-14,-1.,-1.98575463005071E-14));
#7826=DIRECTION('',(-0.361241666187153,1.11022302458685E-16,-0.932472229404356));
#7827=DIRECTION('',(5.09509004350007E-14,-1.,-1.98575463005071E-14));
#7828=DIRECTION('',(-0.361241666187153,1.11022302458685E-16,-0.932472229404356));
#7829=DIRECTION('',(5.09509004350007E-14,-1.,-1.98575463005071E-14));
#7830=DIRECTION('',(-0.361241666187153,1.11022302458685E-16,-0.932472229404356));
#7831=DIRECTION('',(5.09509004350007E-14,-1.,-1.98575463005071E-14));
#7832=DIRECTION('',(-0.361241666187153,1.11022302458685E-16,-0.932472229404356));
#7833=DIRECTION('',(5.09509004350007E-14,-1.,-1.98575463005071E-14));
#7834=DIRECTION('',(-0.361241666187153,1.11022302458685E-16,-0.932472229404356));
#7835=DIRECTION('',(5.09509004350007E-14,-1.,-1.98575463005071E-14));
#7836=DIRECTION('',(-0.361241666187153,1.11022302458675E-16,-0.932472229404356));
#7837=DIRECTION('',(0.932472229404356,5.47934654558301E-14,-0.361241666187153));
#7838=DIRECTION('',(-0.361241666187153,1.11022302458685E-16,-0.932472229404356));
#7839=DIRECTION('',(5.09509004350007E-14,-1.,-1.98575463005071E-14));
#7840=DIRECTION('',(-0.361241666187153,1.11022302458685E-16,-0.932472229404356));
#7841=DIRECTION('',(5.09509004350007E-14,-1.,-1.98575463005071E-14));
#7842=DIRECTION('',(-0.361241666187153,1.11022302458685E-16,-0.932472229404356));
#7843=DIRECTION('',(5.09509004350007E-14,-1.,-1.98575463005071E-14));
#7844=DIRECTION('',(-0.361241666187153,1.11022302458685E-16,-0.932472229404356));
#7845=DIRECTION('',(5.09509004350007E-14,-1.,-1.98575463005071E-14));
#7846=DIRECTION('',(-0.361241666187153,1.11022302458685E-16,-0.932472229404356));
#7847=DIRECTION('',(5.09509004350007E-14,-1.,-1.98575463005071E-14));
#7848=DIRECTION('',(-0.361241666187153,1.11022302458685E-16,-0.932472229404356));
#7849=DIRECTION('',(5.09509004350007E-14,-1.,-1.98575463005071E-14));
#7850=DIRECTION('',(-0.361241666187153,1.11022302458685E-16,-0.932472229404356));
#7851=DIRECTION('',(5.09509004350007E-14,-1.,-1.98575463005071E-14));
#7852=DIRECTION('',(-0.361241666187153,1.11022302458685E-16,-0.932472229404356));
#7853=DIRECTION('',(5.09509004350007E-14,-1.,-1.98575463005071E-14));
#7854=DIRECTION('',(-0.361241666187153,1.11022302458685E-16,-0.932472229404356));
#7855=DIRECTION('',(5.09509004350007E-14,-1.,-1.98575463005071E-14));
#7856=DIRECTION('',(-0.361241666187153,1.11022302458685E-16,-0.932472229404356));
#7857=DIRECTION('',(5.09509004350007E-14,-1.,-1.98575463005071E-14));
#7858=DIRECTION('',(-0.361241666187153,1.11022302458685E-16,-0.932472229404356));
#7859=DIRECTION('',(5.09509004350007E-14,-1.,-1.98575463005071E-14));
#7860=DIRECTION('',(-0.361241666187153,1.11022302458685E-16,-0.932472229404356));
#7861=DIRECTION('',(5.09509004350007E-14,-1.,-1.98575463005071E-14));
#7862=DIRECTION('',(-0.361241666187153,1.11022302458685E-16,-0.932472229404356));
#7863=DIRECTION('',(5.09509004350007E-14,-1.,-1.98575463005071E-14));
#7864=DIRECTION('',(-0.361241666187153,1.11022302458675E-16,-0.932472229404356));
#7865=DIRECTION('',(0.932472229404356,5.47934654558301E-14,-0.361241666187153));
#7866=DIRECTION('',(-0.361241666187153,1.11022302458685E-16,-0.932472229404356));
#7867=DIRECTION('',(5.09509004350007E-14,-1.,-1.98575463005071E-14));
#7868=DIRECTION('',(-0.361241666187153,1.11022302458685E-16,-0.932472229404356));
#7869=DIRECTION('',(5.09509004350007E-14,-1.,-1.98575463005071E-14));
#7870=DIRECTION('',(-0.361241666187153,1.11022302458685E-16,-0.932472229404356));
#7871=DIRECTION('',(5.09509004350007E-14,-1.,-1.98575463005071E-14));
#7872=DIRECTION('',(-0.361241666187153,1.11022302458685E-16,-0.932472229404356));
#7873=DIRECTION('',(5.09509004350007E-14,-1.,-1.98575463005071E-14));
#7874=DIRECTION('',(-0.361241666187153,1.11022302458685E-16,-0.932472229404356));
#7875=DIRECTION('',(5.09509004350007E-14,-1.,-1.98575463005071E-14));
#7876=DIRECTION('',(-0.361241666187153,1.11022302458685E-16,-0.932472229404356));
#7877=DIRECTION('',(5.09509004350007E-14,-1.,-1.98575463005071E-14));
#7878=DIRECTION('',(-0.361241666187153,1.11022302458685E-16,-0.932472229404356));
#7879=DIRECTION('',(5.09509004350007E-14,-1.,-1.98575463005071E-14));
#7880=DIRECTION('',(-0.361241666187153,1.11022302458675E-16,-0.932472229404356));
#7881=DIRECTION('',(0.932472229404356,5.47934654558301E-14,-0.361241666187153));
#7882=DIRECTION('',(-0.361241666187153,1.11022302458685E-16,-0.932472229404356));
#7883=DIRECTION('',(5.09509004350007E-14,-1.,-1.98575463005071E-14));
#7884=DIRECTION('',(-0.361241666187153,1.11022302458685E-16,-0.932472229404356));
#7885=DIRECTION('',(5.09509004350007E-14,-1.,-1.98575463005071E-14));
#7886=DIRECTION('',(-0.361241666187153,1.11022302458685E-16,-0.932472229404356));
#7887=DIRECTION('',(5.09509004350007E-14,-1.,-1.98575463005071E-14));
#7888=DIRECTION('',(-0.361241666187153,1.11022302458675E-16,-0.932472229404356));
#7889=DIRECTION('',(0.932472229404356,5.47934654558301E-14,-0.361241666187153));
#7890=DIRECTION('',(-0.361241666187153,1.11022302458685E-16,-0.932472229404356));
#7891=DIRECTION('',(5.09509004350007E-14,-1.,-1.98575463005071E-14));
#7892=DIRECTION('',(-0.361241666187153,1.11022302458685E-16,-0.932472229404356));
#7893=DIRECTION('',(5.09509004350007E-14,-1.,-1.98575463005071E-14));
#7894=DIRECTION('',(-0.361241666187153,1.11022302458685E-16,-0.932472229404356));
#7895=DIRECTION('',(5.09509004350007E-14,-1.,-1.98575463005071E-14));
#7896=DIRECTION('',(-0.361241666187153,1.11022302458685E-16,-0.932472229404356));
#7897=DIRECTION('',(5.09509004350007E-14,-1.,-1.98575463005071E-14));
#7898=DIRECTION('',(-0.361241666187153,1.11022302458685E-16,-0.932472229404356));
#7899=DIRECTION('',(5.09509004350007E-14,-1.,-1.98575463005071E-14));
#7900=DIRECTION('',(-0.361241666187153,1.11022302458685E-16,-0.932472229404356));
#7901=DIRECTION('',(5.09509004350007E-14,-1.,-1.98575463005071E-14));
#7902=DIRECTION('',(-0.361241666187153,1.11022302458685E-16,-0.932472229404356));
#7903=DIRECTION('',(5.09509004350007E-14,-1.,-1.98575463005071E-14));
#7904=DIRECTION('',(-0.361241666187153,1.11022302458675E-16,-0.932472229404356));
#7905=DIRECTION('',(0.932472229404356,5.47934654558301E-14,-0.361241666187153));
#7906=DIRECTION('',(-0.361241666187153,1.11022302458685E-16,-0.932472229404356));
#7907=DIRECTION('',(5.09509004350007E-14,-1.,-1.98575463005071E-14));
#7908=DIRECTION('',(-0.361241666187153,1.11022302458685E-16,-0.932472229404356));
#7909=DIRECTION('',(5.09509004350007E-14,-1.,-1.98575463005071E-14));
#7910=DIRECTION('',(-0.361241666187153,1.11022302458675E-16,-0.932472229404356));
#7911=DIRECTION('',(0.932472229404356,5.47934654558301E-14,-0.361241666187153));
#7912=DIRECTION('',(-0.361241666187153,1.11022302458685E-16,-0.932472229404356));
#7913=DIRECTION('',(5.09509004350007E-14,-1.,-1.98575463005071E-14));
#7914=DIRECTION('',(-0.361241666187153,1.11022302458685E-16,-0.932472229404356));
#7915=DIRECTION('',(5.09509004350007E-14,-1.,-1.98575463005071E-14));
#7916=DIRECTION('',(-0.361241666187153,1.11022302458685E-16,-0.932472229404356));
#7917=DIRECTION('',(5.09509004350007E-14,-1.,-1.98575463005071E-14));
#7918=DIRECTION('',(-0.361241666187153,1.11022302458685E-16,-0.932472229404356));
#7919=DIRECTION('',(5.09509004350007E-14,-1.,-1.98575463005071E-14));
#7920=DIRECTION('',(-0.361241666187153,1.11022302458685E-16,-0.932472229404356));
#7921=DIRECTION('',(5.09509004350007E-14,-1.,-1.98575463005071E-14));
#7922=DIRECTION('',(-0.361241666187153,1.11022302458685E-16,-0.932472229404356));
#7923=DIRECTION('',(5.09509004350007E-14,-1.,-1.98575463005071E-14));
#7924=DIRECTION('',(-0.361241666187153,1.11022302458675E-16,-0.932472229404356));
#7925=DIRECTION('',(0.932472229404356,5.47934654558301E-14,-0.361241666187153));
#7926=DIRECTION('',(-0.361241666187153,1.11022302458685E-16,-0.932472229404356));
#7927=DIRECTION('',(5.09509004350007E-14,-1.,-1.98575463005071E-14));
#7928=DIRECTION('',(-0.361241666187153,1.11022302458685E-16,-0.932472229404356));
#7929=DIRECTION('',(5.09509004350007E-14,-1.,-1.98575463005071E-14));
#7930=DIRECTION('',(-0.361241666187153,1.11022302458685E-16,-0.932472229404356));
#7931=DIRECTION('',(5.09509004350007E-14,-1.,-1.98575463005071E-14));
#7932=DIRECTION('',(-0.361241666187153,1.11022302458675E-16,-0.932472229404356));
#7933=DIRECTION('',(0.932472229404356,5.47934654558301E-14,-0.361241666187153));
#7934=DIRECTION('',(-0.361241666187153,1.11022302458685E-16,-0.932472229404356));
#7935=DIRECTION('',(5.09509004350007E-14,-1.,-1.98575463005071E-14));
#7936=DIRECTION('',(-0.361241666187153,1.11022302458685E-16,-0.932472229404356));
#7937=DIRECTION('',(5.09509004350007E-14,-1.,-1.98575463005071E-14));
#7938=DIRECTION('',(-0.361241666187153,1.11022302458685E-16,-0.932472229404356));
#7939=DIRECTION('',(5.09509004350007E-14,-1.,-1.98575463005071E-14));
#7940=DIRECTION('',(-0.361241666187153,1.11022302458675E-16,-0.932472229404356));
#7941=DIRECTION('',(0.932472229404356,5.47934654558301E-14,-0.361241666187153));
#7942=DIRECTION('',(-0.361241666187153,1.11022302458685E-16,-0.932472229404356));
#7943=DIRECTION('',(5.09509004350007E-14,-1.,-1.98575463005071E-14));
#7944=DIRECTION('',(-0.361241666187153,1.11022302458685E-16,-0.932472229404356));
#7945=DIRECTION('',(5.09509004350007E-14,-1.,-1.98575463005071E-14));
#7946=DIRECTION('',(-0.361241666187153,1.11022302458685E-16,-0.932472229404356));
#7947=DIRECTION('',(5.09509004350007E-14,-1.,-1.98575463005071E-14));
#7948=DIRECTION('',(-0.361241666187153,1.11022302458685E-16,-0.932472229404356));
#7949=DIRECTION('',(5.09509004350007E-14,-1.,-1.98575463005071E-14));
#7950=DIRECTION('',(-0.361241666187153,1.11022302458685E-16,-0.932472229404356));
#7951=DIRECTION('',(5.09509004350007E-14,-1.,-1.98575463005071E-14));
#7952=DIRECTION('',(-0.361241666187153,1.11022302458685E-16,-0.932472229404356));
#7953=DIRECTION('',(5.09509004350007E-14,-1.,-1.98575463005071E-14));
#7954=DIRECTION('',(-0.361241666187153,1.11022302458685E-16,-0.932472229404356));
#7955=DIRECTION('',(5.09509004350007E-14,-1.,-1.98575463005071E-14));
#7956=DIRECTION('',(-0.361241666187153,1.11022302458685E-16,-0.932472229404356));
#7957=DIRECTION('',(5.09509004350007E-14,-1.,-1.98575463005071E-14));
#7958=DIRECTION('',(-0.361241666187153,1.11022302458685E-16,-0.932472229404356));
#7959=DIRECTION('',(5.09509004350007E-14,-1.,-1.98575463005071E-14));
#7960=DIRECTION('',(-0.361241666187153,1.11022302458685E-16,-0.932472229404356));
#7961=DIRECTION('',(5.09509004350007E-14,-1.,-1.98575463005071E-14));
#7962=DIRECTION('',(-0.361241666187153,1.11022302458685E-16,-0.932472229404356));
#7963=DIRECTION('',(5.09509004350007E-14,-1.,-1.98575463005071E-14));
#7964=DIRECTION('',(-0.361241666187153,1.11022302458685E-16,-0.932472229404356));
#7965=DIRECTION('',(5.09509004350007E-14,-1.,-1.98575463005071E-14));
#7966=DIRECTION('',(-0.361241666187153,1.11022302458685E-16,-0.932472229404356));
#7967=DIRECTION('',(5.09509004350007E-14,-1.,-1.98575463005071E-14));
#7968=DIRECTION('',(-0.361241666187153,1.11022302458685E-16,-0.932472229404356));
#7969=DIRECTION('',(5.09509004350007E-14,-1.,-1.98575463005071E-14));
#7970=DIRECTION('',(-0.361241666187153,1.11022302458685E-16,-0.932472229404356));
#7971=DIRECTION('',(5.09509004350007E-14,-1.,-1.98575463005071E-14));
#7972=DIRECTION('',(-0.361241666187153,1.11022302458685E-16,-0.932472229404356));
#7973=DIRECTION('',(5.09509004350007E-14,-1.,-1.98575463005071E-14));
#7974=DIRECTION('',(-0.361241666187153,1.11022302458685E-16,-0.932472229404356));
#7975=DIRECTION('',(5.09509004350007E-14,-1.,-1.98575463005071E-14));
#7976=DIRECTION('',(-0.361241666187153,1.11022302458685E-16,-0.932472229404356));
#7977=DIRECTION('',(5.09509004350007E-14,-1.,-1.98575463005071E-14));
#7978=DIRECTION('',(-0.361241666187153,1.11022302458685E-16,-0.932472229404356));
#7979=DIRECTION('',(5.09509004350007E-14,-1.,-1.98575463005071E-14));
#7980=DIRECTION('',(-0.361241666187153,1.11022302458685E-16,-0.932472229404356));
#7981=DIRECTION('',(5.09509004350007E-14,-1.,-1.98575463005071E-14));
#7982=DIRECTION('',(-0.361241666187153,1.11022302458685E-16,-0.932472229404356));
#7983=DIRECTION('',(5.09509004350007E-14,-1.,-1.98575463005071E-14));
#7984=DIRECTION('',(-0.361241666187153,1.11022302458685E-16,-0.932472229404356));
#7985=DIRECTION('',(5.09509004350007E-14,-1.,-1.98575463005071E-14));
#7986=DIRECTION('',(-0.361241666187153,1.11022302458675E-16,-0.932472229404356));
#7987=DIRECTION('',(0.932472229404356,5.47934654558301E-14,-0.361241666187153));
#7988=DIRECTION('',(-0.361241666187153,1.11022302458685E-16,-0.932472229404356));
#7989=DIRECTION('',(5.09509004350007E-14,-1.,-1.98575463005071E-14));
#7990=DIRECTION('',(-0.361241666187153,1.11022302458685E-16,-0.932472229404356));
#7991=DIRECTION('',(5.09509004350007E-14,-1.,-1.98575463005071E-14));
#7992=DIRECTION('',(-0.361241666187153,1.11022302458685E-16,-0.932472229404356));
#7993=DIRECTION('',(5.09509004350007E-14,-1.,-1.98575463005071E-14));
#7994=DIRECTION('',(-0.361241666187153,1.11022302458685E-16,-0.932472229404356));
#7995=DIRECTION('',(5.09509004350007E-14,-1.,-1.98575463005071E-14));
#7996=DIRECTION('',(-0.361241666187153,1.11022302458685E-16,-0.932472229404356));
#7997=DIRECTION('',(5.09509004350007E-14,-1.,-1.98575463005071E-14));
#7998=DIRECTION('',(-0.361241666187153,1.11022302458675E-16,-0.932472229404356));
#7999=DIRECTION('',(0.932472229404356,5.47934654558301E-14,-0.361241666187153));
#8000=DIRECTION('',(-0.361241666187153,1.11022302458685E-16,-0.932472229404356));
#8001=DIRECTION('',(5.09509004350007E-14,-1.,-1.98575463005071E-14));
#8002=DIRECTION('',(-0.361241666187153,1.11022302458685E-16,-0.932472229404356));
#8003=DIRECTION('',(5.09509004350007E-14,-1.,-1.98575463005071E-14));
#8004=DIRECTION('',(-0.361241666187153,1.11022302458675E-16,-0.932472229404356));
#8005=DIRECTION('',(0.932472229404356,5.47934654558301E-14,-0.361241666187153));
#8006=DIRECTION('',(-0.361241666187153,1.11022302458685E-16,-0.932472229404356));
#8007=DIRECTION('',(5.09509004350007E-14,-1.,-1.98575463005071E-14));
#8008=DIRECTION('',(-0.361241666187153,1.11022302458685E-16,-0.932472229404356));
#8009=DIRECTION('',(5.09509004350007E-14,-1.,-1.98575463005071E-14));
#8010=DIRECTION('',(-0.361241666187153,1.11022302458685E-16,-0.932472229404356));
#8011=DIRECTION('',(5.09509004350007E-14,-1.,-1.98575463005071E-14));
#8012=DIRECTION('',(-0.361241666187153,1.11022302458685E-16,-0.932472229404356));
#8013=DIRECTION('',(5.09509004350007E-14,-1.,-1.98575463005071E-14));
#8014=DIRECTION('',(-0.361241666187153,1.11022302458685E-16,-0.932472229404356));
#8015=DIRECTION('',(5.09509004350007E-14,-1.,-1.98575463005071E-14));
#8016=DIRECTION('',(-0.361241666187153,1.11022302458675E-16,-0.932472229404356));
#8017=DIRECTION('',(0.932472229404356,5.47934654558301E-14,-0.361241666187153));
#8018=DIRECTION('',(-0.361241666187153,1.11022302458685E-16,-0.932472229404356));
#8019=DIRECTION('',(5.09509004350007E-14,-1.,-1.98575463005071E-14));
#8020=DIRECTION('',(-0.361241666187153,1.11022302458675E-16,-0.932472229404356));
#8021=DIRECTION('',(0.932472229404356,5.47934654558301E-14,-0.361241666187153));
#8022=DIRECTION('',(-0.361241666187153,1.11022302458685E-16,-0.932472229404356));
#8023=DIRECTION('',(5.09509004350007E-14,-1.,-1.98575463005071E-14));
#8024=DIRECTION('',(-0.361241666187153,1.11022302458685E-16,-0.932472229404356));
#8025=DIRECTION('',(5.09509004350007E-14,-1.,-1.98575463005071E-14));
#8026=DIRECTION('',(-0.361241666187153,1.11022302458685E-16,-0.932472229404356));
#8027=DIRECTION('',(5.09509004350007E-14,-1.,-1.98575463005071E-14));
#8028=DIRECTION('',(-0.361241666187153,1.11022302458685E-16,-0.932472229404356));
#8029=DIRECTION('',(5.09509004350007E-14,-1.,-1.98575463005071E-14));
#8030=DIRECTION('',(-0.361241666187153,1.11022302458685E-16,-0.932472229404356));
#8031=DIRECTION('',(5.09509004350007E-14,-1.,-1.98575463005071E-14));
#8032=DIRECTION('',(-0.361241666187153,1.11022302458675E-16,-0.932472229404356));
#8033=DIRECTION('',(0.932472229404356,5.47934654558301E-14,-0.361241666187153));
#8034=DIRECTION('',(-0.361241666187153,1.11022302458685E-16,-0.932472229404356));
#8035=DIRECTION('',(5.09509004350007E-14,-1.,-1.98575463005071E-14));
#8036=DIRECTION('',(-0.361241666187153,1.11022302458685E-16,-0.932472229404356));
#8037=DIRECTION('',(5.09509004350007E-14,-1.,-1.98575463005071E-14));
#8038=DIRECTION('',(-0.361241666187153,1.11022302458685E-16,-0.932472229404356));
#8039=DIRECTION('',(5.09509004350007E-14,-1.,-1.98575463005071E-14));
#8040=DIRECTION('',(-0.361241666187153,1.11022302458685E-16,-0.932472229404356));
#8041=DIRECTION('',(5.09509004350007E-14,-1.,-1.98575463005071E-14));
#8042=DIRECTION('',(-0.361241666187153,1.11022302458685E-16,-0.932472229404356));
#8043=DIRECTION('',(5.09509004350007E-14,-1.,-1.98575463005071E-14));
#8044=DIRECTION('',(-0.361241666187153,1.11022302458685E-16,-0.932472229404356));
#8045=DIRECTION('',(5.09509004350007E-14,-1.,-1.98575463005071E-14));
#8046=DIRECTION('',(-0.361241666187153,1.11022302458685E-16,-0.932472229404356));
#8047=DIRECTION('',(5.09509004350007E-14,-1.,-1.98575463005071E-14));
#8048=DIRECTION('',(-0.361241666187153,1.11022302458685E-16,-0.932472229404356));
#8049=DIRECTION('',(5.09509004350007E-14,-1.,-1.98575463005071E-14));
#8050=DIRECTION('',(-0.361241666187153,1.11022302458685E-16,-0.932472229404356));
#8051=DIRECTION('',(5.09509004350007E-14,-1.,-1.98575463005071E-14));
#8052=DIRECTION('',(-0.361241666187153,1.11022302458685E-16,-0.932472229404356));
#8053=DIRECTION('',(5.09509004350007E-14,-1.,-1.98575463005071E-14));
#8054=DIRECTION('',(-0.361241666187153,1.11022302458675E-16,-0.932472229404356));
#8055=DIRECTION('',(0.932472229404356,5.47934654558301E-14,-0.361241666187153));
#8056=DIRECTION('',(-0.361241666187153,1.11022302458685E-16,-0.932472229404356));
#8057=DIRECTION('',(5.09509004350007E-14,-1.,-1.98575463005071E-14));
#8058=DIRECTION('',(-0.361241666187153,1.11022302458685E-16,-0.932472229404356));
#8059=DIRECTION('',(5.09509004350007E-14,-1.,-1.98575463005071E-14));
#8060=DIRECTION('',(-0.361241666187153,1.11022302458685E-16,-0.932472229404356));
#8061=DIRECTION('',(5.09509004350007E-14,-1.,-1.98575463005071E-14));
#8062=DIRECTION('',(-0.361241666187153,1.11022302458685E-16,-0.932472229404356));
#8063=DIRECTION('',(5.09509004350007E-14,-1.,-1.98575463005071E-14));
#8064=DIRECTION('',(-0.361241666187153,1.11022302458685E-16,-0.932472229404356));
#8065=DIRECTION('',(5.09509004350007E-14,-1.,-1.98575463005071E-14));
#8066=DIRECTION('',(-0.361241666187153,1.11022302458685E-16,-0.932472229404356));
#8067=DIRECTION('',(5.09509004350007E-14,-1.,-1.98575463005071E-14));
#8068=DIRECTION('',(-0.361241666187153,1.11022302458685E-16,-0.932472229404356));
#8069=DIRECTION('',(5.09509004350007E-14,-1.,-1.98575463005071E-14));
#8070=DIRECTION('',(-0.361241666187153,1.11022302458685E-16,-0.932472229404356));
#8071=DIRECTION('',(5.09509004350007E-14,-1.,-1.98575463005071E-14));
#8072=DIRECTION('',(-0.361241666187153,1.11022302458685E-16,-0.932472229404356));
#8073=DIRECTION('',(5.09509004350007E-14,-1.,-1.98575463005071E-14));
#8074=DIRECTION('',(-0.361241666187153,1.11022302458685E-16,-0.932472229404356));
#8075=DIRECTION('',(5.09509004350007E-14,-1.,-1.98575463005071E-14));
#8076=DIRECTION('',(-0.361241666187153,1.11022302458685E-16,-0.932472229404356));
#8077=DIRECTION('',(5.09509004350007E-14,-1.,-1.98575463005071E-14));
#8078=DIRECTION('',(-0.361241666187153,1.11022302458685E-16,-0.932472229404356));
#8079=DIRECTION('',(5.09509004350007E-14,-1.,-1.98575463005071E-14));
#8080=DIRECTION('',(-0.361241666187153,1.11022302458685E-16,-0.932472229404356));
#8081=DIRECTION('',(5.09509004350007E-14,-1.,-1.98575463005071E-14));
#8082=DIRECTION('',(-0.361241666187153,1.11022302458685E-16,-0.932472229404356));
#8083=DIRECTION('',(5.09509004350007E-14,-1.,-1.98575463005071E-14));
#8084=DIRECTION('',(-0.361241666187153,1.11022302458685E-16,-0.932472229404356));
#8085=DIRECTION('',(5.09509004350007E-14,-1.,-1.98575463005071E-14));
#8086=DIRECTION('',(-0.361241666187153,1.11022302458685E-16,-0.932472229404356));
#8087=DIRECTION('',(5.09509004350007E-14,-1.,-1.98575463005071E-14));
#8088=DIRECTION('',(-0.361241666187153,1.11022302458685E-16,-0.932472229404356));
#8089=DIRECTION('',(5.09509004350007E-14,-1.,-1.98575463005071E-14));
#8090=DIRECTION('',(-0.361241666187153,1.11022302458685E-16,-0.932472229404356));
#8091=DIRECTION('',(5.09509004350007E-14,-1.,-1.98575463005071E-14));
#8092=DIRECTION('',(-0.361241666187153,1.11022302458685E-16,-0.932472229404356));
#8093=DIRECTION('',(5.09509004350007E-14,-1.,-1.98575463005071E-14));
#8094=DIRECTION('',(-0.361241666187153,1.11022302458685E-16,-0.932472229404356));
#8095=DIRECTION('',(5.09509004350007E-14,-1.,-1.98575463005071E-14));
#8096=DIRECTION('',(-0.361241666187153,1.11022302458685E-16,-0.932472229404356));
#8097=DIRECTION('',(5.09509004350007E-14,-1.,-1.98575463005071E-14));
#8098=DIRECTION('',(-0.361241666187153,1.11022302458675E-16,-0.932472229404356));
#8099=DIRECTION('',(0.932472229404356,5.47934654558301E-14,-0.361241666187153));
#8100=DIRECTION('',(-0.361241666187153,1.11022302458675E-16,-0.932472229404356));
#8101=DIRECTION('',(0.932472229404356,5.47934654558301E-14,-0.361241666187153));
#8102=DIRECTION('',(-0.361241666187153,1.11022302458685E-16,-0.932472229404356));
#8103=DIRECTION('',(5.09509004350007E-14,-1.,-1.98575463005071E-14));
#8104=DIRECTION('',(-0.361241666187153,1.11022302458685E-16,-0.932472229404356));
#8105=DIRECTION('',(5.09509004350007E-14,-1.,-1.98575463005071E-14));
#8106=DIRECTION('',(-0.361241666187153,1.11022302458675E-16,-0.932472229404356));
#8107=DIRECTION('',(0.932472229404356,5.47934654558301E-14,-0.361241666187153));
#8108=DIRECTION('',(-0.361241666187153,1.11022302458675E-16,-0.932472229404356));
#8109=DIRECTION('',(0.932472229404356,5.47934654558301E-14,-0.361241666187153));
#8110=DIRECTION('',(-0.361241666187153,1.11022302458685E-16,-0.932472229404356));
#8111=DIRECTION('',(5.09509004350007E-14,-1.,-1.98575463005071E-14));
#8112=DIRECTION('',(-0.361241666187153,1.11022302458685E-16,-0.932472229404356));
#8113=DIRECTION('',(5.09509004350007E-14,-1.,-1.98575463005071E-14));
#8114=DIRECTION('',(-0.361241666187153,1.11022302458675E-16,-0.932472229404356));
#8115=DIRECTION('',(0.932472229404356,5.47934654558301E-14,-0.361241666187153));
#8116=DIRECTION('',(-0.361241666187153,1.11022302458685E-16,-0.932472229404356));
#8117=DIRECTION('',(5.09509004350007E-14,-1.,-1.98575463005071E-14));
#8118=DIRECTION('',(-0.361241666187153,1.11022302458685E-16,-0.932472229404356));
#8119=DIRECTION('',(5.09509004350007E-14,-1.,-1.98575463005071E-14));
#8120=DIRECTION('',(-0.361241666187153,1.11022302458685E-16,-0.932472229404356));
#8121=DIRECTION('',(5.09509004350007E-14,-1.,-1.98575463005071E-14));
#8122=DIRECTION('',(-0.361241666187153,1.11022302458685E-16,-0.932472229404356));
#8123=DIRECTION('',(5.09509004350007E-14,-1.,-1.98575463005071E-14));
#8124=DIRECTION('',(-0.361241666187153,1.11022302458685E-16,-0.932472229404356));
#8125=DIRECTION('',(5.09509004350007E-14,-1.,-1.98575463005071E-14));
#8126=DIRECTION('',(-0.361241666187153,1.11022302458685E-16,-0.932472229404356));
#8127=DIRECTION('',(5.09509004350007E-14,-1.,-1.98575463005071E-14));
#8128=DIRECTION('',(-0.361241666187153,1.11022302458685E-16,-0.932472229404356));
#8129=DIRECTION('',(5.09509004350007E-14,-1.,-1.98575463005071E-14));
#8130=DIRECTION('',(-0.361241666187153,1.11022302458675E-16,-0.932472229404356));
#8131=DIRECTION('',(0.932472229404356,5.47934654558301E-14,-0.361241666187153));
#8132=DIRECTION('',(-0.361241666187153,1.11022302458685E-16,-0.932472229404356));
#8133=DIRECTION('',(5.09509004350007E-14,-1.,-1.98575463005071E-14));
#8134=DIRECTION('',(-0.361241666187153,1.11022302458685E-16,-0.932472229404356));
#8135=DIRECTION('',(5.09509004350007E-14,-1.,-1.98575463005071E-14));
#8136=DIRECTION('',(-0.361241666187153,1.11022302458685E-16,-0.932472229404356));
#8137=DIRECTION('',(5.09509004350007E-14,-1.,-1.98575463005071E-14));
#8138=DIRECTION('',(-0.361241666187153,1.11022302458685E-16,-0.932472229404356));
#8139=DIRECTION('',(5.09509004350007E-14,-1.,-1.98575463005071E-14));
#8140=DIRECTION('',(-0.361241666187153,1.11022302458685E-16,-0.932472229404356));
#8141=DIRECTION('',(5.09509004350007E-14,-1.,-1.98575463005071E-14));
#8142=DIRECTION('',(-0.361241666187153,1.11022302458675E-16,-0.932472229404356));
#8143=DIRECTION('',(0.932472229404356,5.47934654558301E-14,-0.361241666187153));
#8144=DIRECTION('',(-0.361241666187153,1.11022302458685E-16,-0.932472229404356));
#8145=DIRECTION('',(5.09509004350007E-14,-1.,-1.98575463005071E-14));
#8146=DIRECTION('',(-0.361241666187153,1.11022302458675E-16,-0.932472229404356));
#8147=DIRECTION('',(0.932472229404356,5.47934654558301E-14,-0.361241666187153));
#8148=DIRECTION('',(-0.361241666187153,1.11022302458675E-16,-0.932472229404356));
#8149=DIRECTION('',(0.932472229404356,5.47934654558301E-14,-0.361241666187153));
#8150=DIRECTION('',(-0.361241666187153,1.11022302458685E-16,-0.932472229404356));
#8151=DIRECTION('',(5.09509004350007E-14,-1.,-1.98575463005071E-14));
#8152=DIRECTION('',(-0.361241666187153,1.11022302458685E-16,-0.932472229404356));
#8153=DIRECTION('',(5.09509004350007E-14,-1.,-1.98575463005071E-14));
#8154=DIRECTION('',(-0.361241666187153,1.11022302458685E-16,-0.932472229404356));
#8155=DIRECTION('',(5.09509004350007E-14,-1.,-1.98575463005071E-14));
#8156=DIRECTION('',(-0.361241666187153,1.11022302458685E-16,-0.932472229404356));
#8157=DIRECTION('',(5.09509004350007E-14,-1.,-1.98575463005071E-14));
#8158=DIRECTION('',(-0.361241666187153,1.11022302458675E-16,-0.932472229404356));
#8159=DIRECTION('',(0.932472229404356,5.47934654558301E-14,-0.361241666187153));
#8160=DIRECTION('',(-0.361241666187153,1.11022302458685E-16,-0.932472229404356));
#8161=DIRECTION('',(5.09509004350007E-14,-1.,-1.98575463005071E-14));
#8162=DIRECTION('',(-0.361241666187153,1.11022302458685E-16,-0.932472229404356));
#8163=DIRECTION('',(5.09509004350007E-14,-1.,-1.98575463005071E-14));
#8164=DIRECTION('',(-0.361241666187153,1.11022302458675E-16,-0.932472229404356));
#8165=DIRECTION('',(0.932472229404356,5.47934654558301E-14,-0.361241666187153));
#8166=DIRECTION('',(-0.361241666187153,1.11022302458685E-16,-0.932472229404356));
#8167=DIRECTION('',(5.09509004350007E-14,-1.,-1.98575463005071E-14));
#8168=DIRECTION('',(-0.361241666187153,1.11022302458685E-16,-0.932472229404356));
#8169=DIRECTION('',(5.09509004350007E-14,-1.,-1.98575463005071E-14));
#8170=DIRECTION('',(-0.361241666187152,1.63800392714088E-15,-0.932472229404356));
#8171=DIRECTION('',(-8.75079132450296E-16,-1.,-1.41761742774187E-15));
#8172=DIRECTION('',(-0.361241666187153,1.11022302458685E-16,-0.932472229404356));
#8173=DIRECTION('',(5.09509004350007E-14,-1.,-1.98575463005071E-14));
#8174=DIRECTION('',(-0.361241666187153,1.11022302458675E-16,-0.932472229404356));
#8175=DIRECTION('',(0.932472229404356,5.47934654558301E-14,-0.361241666187153));
#8176=DIRECTION('',(-0.361241666187153,1.11022302458685E-16,-0.932472229404356));
#8177=DIRECTION('',(5.09509004350007E-14,-1.,-1.98575463005071E-14));
#8178=DIRECTION('',(-0.361241666187153,1.11022302458685E-16,-0.932472229404356));
#8179=DIRECTION('',(5.09509004350007E-14,-1.,-1.98575463005071E-14));
#8180=DIRECTION('',(-0.361241666187153,1.11022302458685E-16,-0.932472229404356));
#8181=DIRECTION('',(5.09509004350007E-14,-1.,-1.98575463005071E-14));
#8182=DIRECTION('',(-0.361241666187153,1.11022302458685E-16,-0.932472229404356));
#8183=DIRECTION('',(5.09509004350007E-14,-1.,-1.98575463005071E-14));
#8184=DIRECTION('',(-0.361241666187153,1.11022302458685E-16,-0.932472229404356));
#8185=DIRECTION('',(5.09509004350007E-14,-1.,-1.98575463005071E-14));
#8186=DIRECTION('',(-0.361241666187153,1.11022302458685E-16,-0.932472229404356));
#8187=DIRECTION('',(5.09509004350007E-14,-1.,-1.98575463005071E-14));
#8188=DIRECTION('',(-0.361241666187153,1.11022302458685E-16,-0.932472229404356));
#8189=DIRECTION('',(5.09509004350007E-14,-1.,-1.98575463005071E-14));
#8190=DIRECTION('',(-0.361241666187153,1.11022302458685E-16,-0.932472229404356));
#8191=DIRECTION('',(5.09509004350007E-14,-1.,-1.98575463005071E-14));
#8192=DIRECTION('',(-0.361241666187153,1.11022302458685E-16,-0.932472229404356));
#8193=DIRECTION('',(5.09509004350007E-14,-1.,-1.98575463005071E-14));
#8194=DIRECTION('',(-0.361241666187153,1.11022302458685E-16,-0.932472229404356));
#8195=DIRECTION('',(5.09509004350007E-14,-1.,-1.98575463005071E-14));
#8196=DIRECTION('',(-0.361241666187153,1.11022302458675E-16,-0.932472229404356));
#8197=DIRECTION('',(0.932472229404356,5.47934654558301E-14,-0.361241666187153));
#8198=DIRECTION('',(-0.361241666187153,1.11022302458685E-16,-0.932472229404356));
#8199=DIRECTION('',(5.09509004350007E-14,-1.,-1.98575463005071E-14));
#8200=DIRECTION('',(-0.361241666187153,1.11022302458685E-16,-0.932472229404356));
#8201=DIRECTION('',(5.09509004350007E-14,-1.,-1.98575463005071E-14));
#8202=DIRECTION('',(-0.361241666187153,1.11022302458685E-16,-0.932472229404356));
#8203=DIRECTION('',(5.09509004350007E-14,-1.,-1.98575463005071E-14));
#8204=DIRECTION('',(-0.361241666187153,1.11022302458685E-16,-0.932472229404356));
#8205=DIRECTION('',(5.09509004350007E-14,-1.,-1.98575463005071E-14));
#8206=DIRECTION('',(-0.361241666187153,1.11022302458685E-16,-0.932472229404356));
#8207=DIRECTION('',(5.09509004350007E-14,-1.,-1.98575463005071E-14));
#8208=DIRECTION('',(-0.361241666187153,1.11022302458675E-16,-0.932472229404356));
#8209=DIRECTION('',(0.932472229404356,5.47934654558301E-14,-0.361241666187153));
#8210=DIRECTION('',(-0.361241666187153,1.11022302458685E-16,-0.932472229404356));
#8211=DIRECTION('',(5.09509004350007E-14,-1.,-1.98575463005071E-14));
#8212=DIRECTION('',(-0.361241666187153,1.11022302458675E-16,-0.932472229404356));
#8213=DIRECTION('',(0.932472229404356,5.47934654558301E-14,-0.361241666187153));
#8214=DIRECTION('',(-0.361241666187153,1.11022302458685E-16,-0.932472229404356));
#8215=DIRECTION('',(5.09509004350007E-14,-1.,-1.98575463005071E-14));
#8216=DIRECTION('',(-0.361241666187153,1.11022302458685E-16,-0.932472229404356));
#8217=DIRECTION('',(5.09509004350007E-14,-1.,-1.98575463005071E-14));
#8218=DIRECTION('',(-0.361241666187153,1.11022302458675E-16,-0.932472229404356));
#8219=DIRECTION('',(0.932472229404356,5.47934654558301E-14,-0.361241666187153));
#8220=DIRECTION('',(-0.361241666187153,1.11022302458685E-16,-0.932472229404356));
#8221=DIRECTION('',(5.09509004350007E-14,-1.,-1.98575463005071E-14));
#8222=DIRECTION('',(-0.361241666187153,1.11022302458685E-16,-0.932472229404356));
#8223=DIRECTION('',(5.09509004350007E-14,-1.,-1.98575463005071E-14));
#8224=DIRECTION('',(-0.361241666187153,1.11022302458685E-16,-0.932472229404356));
#8225=DIRECTION('',(5.09509004350007E-14,-1.,-1.98575463005071E-14));
#8226=DIRECTION('',(-0.361241666187153,1.11022302458685E-16,-0.932472229404356));
#8227=DIRECTION('',(5.09509004350007E-14,-1.,-1.98575463005071E-14));
#8228=DIRECTION('',(-0.361241666187153,1.11022302458685E-16,-0.932472229404356));
#8229=DIRECTION('',(5.09509004350007E-14,-1.,-1.98575463005071E-14));
#8230=DIRECTION('',(-0.361241666187153,1.11022302458675E-16,-0.932472229404356));
#8231=DIRECTION('',(0.932472229404356,5.47934654558301E-14,-0.361241666187153));
#8232=DIRECTION('',(-0.361241666187153,1.11022302458675E-16,-0.932472229404356));
#8233=DIRECTION('',(0.932472229404356,5.47934654558301E-14,-0.361241666187153));
#8234=DIRECTION('',(-0.361241666187153,1.11022302458685E-16,-0.932472229404356));
#8235=DIRECTION('',(5.09509004350007E-14,-1.,-1.98575463005071E-14));
#8236=DIRECTION('',(-0.361241666187153,1.11022302458675E-16,-0.932472229404356));
#8237=DIRECTION('',(0.932472229404356,5.47934654558301E-14,-0.361241666187153));
#8238=DIRECTION('',(-0.361241666187153,1.11022302458685E-16,-0.932472229404356));
#8239=DIRECTION('',(5.09509004350007E-14,-1.,-1.98575463005071E-14));
#8240=DIRECTION('',(-0.361241666187153,1.11022302458675E-16,-0.932472229404356));
#8241=DIRECTION('',(0.932472229404356,5.47934654558301E-14,-0.361241666187153));
#8242=DIRECTION('',(-0.361241666187153,1.11022302458685E-16,-0.932472229404356));
#8243=DIRECTION('',(5.09509004350007E-14,-1.,-1.98575463005071E-14));
#8244=DIRECTION('',(-0.361241666187153,1.11022302458685E-16,-0.932472229404356));
#8245=DIRECTION('',(5.09509004350007E-14,-1.,-1.98575463005071E-14));
#8246=DIRECTION('',(-0.361241666187153,1.11022302458675E-16,-0.932472229404356));
#8247=DIRECTION('',(0.932472229404356,5.47934654558301E-14,-0.361241666187153));
#8248=DIRECTION('',(-0.361241666187153,1.11022302458675E-16,-0.932472229404356));
#8249=DIRECTION('',(0.932472229404356,5.47934654558301E-14,-0.361241666187153));
#8250=DIRECTION('',(-0.361241666187153,1.11022302458685E-16,-0.932472229404356));
#8251=DIRECTION('',(5.09509004350007E-14,-1.,-1.98575463005071E-14));
#8252=DIRECTION('',(-0.361241666187153,1.11022302458685E-16,-0.932472229404356));
#8253=DIRECTION('',(5.09509004350007E-14,-1.,-1.98575463005071E-14));
#8254=DIRECTION('',(-0.361241666187153,1.11022302458675E-16,-0.932472229404356));
#8255=DIRECTION('',(0.932472229404356,5.47934654558301E-14,-0.361241666187153));
#8256=DIRECTION('',(-0.361241666187153,1.11022302458685E-16,-0.932472229404356));
#8257=DIRECTION('',(5.09509004350007E-14,-1.,-1.98575463005071E-14));
#8258=DIRECTION('',(-0.361241666187153,1.11022302458685E-16,-0.932472229404356));
#8259=DIRECTION('',(5.09509004350007E-14,-1.,-1.98575463005071E-14));
#8260=DIRECTION('',(-0.361241666187153,1.11022302458685E-16,-0.932472229404356));
#8261=DIRECTION('',(5.09509004350007E-14,-1.,-1.98575463005071E-14));
#8262=DIRECTION('',(-0.361241666187153,1.11022302458685E-16,-0.932472229404356));
#8263=DIRECTION('',(5.09509004350007E-14,-1.,-1.98575463005071E-14));
#8264=DIRECTION('',(-0.361241666187153,1.11022302458685E-16,-0.932472229404356));
#8265=DIRECTION('',(5.09509004350007E-14,-1.,-1.98575463005071E-14));
#8266=DIRECTION('',(-0.361241666187153,1.11022302458685E-16,-0.932472229404356));
#8267=DIRECTION('',(5.09509004350007E-14,-1.,-1.98575463005071E-14));
#8268=DIRECTION('',(-0.361241666187153,1.11022302458685E-16,-0.932472229404356));
#8269=DIRECTION('',(5.09509004350007E-14,-1.,-1.98575463005071E-14));
#8270=DIRECTION('',(-0.361241666187153,1.11022302458685E-16,-0.932472229404356));
#8271=DIRECTION('',(5.09509004350007E-14,-1.,-1.98575463005071E-14));
#8272=DIRECTION('',(-0.361241666187153,1.11022302458685E-16,-0.932472229404356));
#8273=DIRECTION('',(5.09509004350007E-14,-1.,-1.98575463005071E-14));
#8274=DIRECTION('',(-0.361241666187153,1.11022302458685E-16,-0.932472229404356));
#8275=DIRECTION('',(5.09509004350007E-14,-1.,-1.98575463005071E-14));
#8276=DIRECTION('',(-0.361241666187153,1.11022302458685E-16,-0.932472229404356));
#8277=DIRECTION('',(5.09509004350007E-14,-1.,-1.98575463005071E-14));
#8278=DIRECTION('',(-0.361241666187153,1.11022302458685E-16,-0.932472229404356));
#8279=DIRECTION('',(5.09509004350007E-14,-1.,-1.98575463005071E-14));
#8280=DIRECTION('',(-0.361241666187153,1.11022302458685E-16,-0.932472229404356));
#8281=DIRECTION('',(5.09509004350007E-14,-1.,-1.98575463005071E-14));
#8282=DIRECTION('',(-0.361241666187153,1.11022302458685E-16,-0.932472229404356));
#8283=DIRECTION('',(5.09509004350007E-14,-1.,-1.98575463005071E-14));
#8284=DIRECTION('',(-0.361241666187153,1.11022302458685E-16,-0.932472229404356));
#8285=DIRECTION('',(5.09509004350007E-14,-1.,-1.98575463005071E-14));
#8286=DIRECTION('',(-0.361241666187153,1.11022302458685E-16,-0.932472229404356));
#8287=DIRECTION('',(5.09509004350007E-14,-1.,-1.98575463005071E-14));
#8288=DIRECTION('',(-0.361241666187153,1.11022302458685E-16,-0.932472229404356));
#8289=DIRECTION('',(5.09509004350007E-14,-1.,-1.98575463005071E-14));
#8290=DIRECTION('',(-0.361241666187153,1.11022302458675E-16,-0.932472229404356));
#8291=DIRECTION('',(0.932472229404356,5.47934654558301E-14,-0.361241666187153));
#8292=DIRECTION('',(-0.361241666187153,1.11022302458685E-16,-0.932472229404356));
#8293=DIRECTION('',(5.09509004350007E-14,-1.,-1.98575463005071E-14));
#8294=DIRECTION('',(-0.361241666187153,1.11022302458685E-16,-0.932472229404356));
#8295=DIRECTION('',(5.09509004350007E-14,-1.,-1.98575463005071E-14));
#8296=DIRECTION('',(-0.361241666187153,1.11022302458675E-16,-0.932472229404356));
#8297=DIRECTION('',(0.932472229404356,5.47934654558301E-14,-0.361241666187153));
#8298=DIRECTION('',(-0.361241666187153,1.11022302458685E-16,-0.932472229404356));
#8299=DIRECTION('',(5.09509004350007E-14,-1.,-1.98575463005071E-14));
#8300=DIRECTION('',(-0.361241666187153,1.11022302458685E-16,-0.932472229404356));
#8301=DIRECTION('',(5.09509004350007E-14,-1.,-1.98575463005071E-14));
#8302=DIRECTION('',(-0.361241666187153,1.11022302458685E-16,-0.932472229404356));
#8303=DIRECTION('',(5.09509004350007E-14,-1.,-1.98575463005071E-14));
#8304=DIRECTION('',(-0.361241666187153,1.11022302458685E-16,-0.932472229404356));
#8305=DIRECTION('',(5.09509004350007E-14,-1.,-1.98575463005071E-14));
#8306=DIRECTION('',(-0.361241666187153,1.11022302458685E-16,-0.932472229404356));
#8307=DIRECTION('',(5.09509004350007E-14,-1.,-1.98575463005071E-14));
#8308=DIRECTION('',(-0.361241666187153,1.11022302458685E-16,-0.932472229404356));
#8309=DIRECTION('',(5.09509004350007E-14,-1.,-1.98575463005071E-14));
#8310=DIRECTION('',(-0.361241666187153,1.11022302458685E-16,-0.932472229404356));
#8311=DIRECTION('',(5.09509004350007E-14,-1.,-1.98575463005071E-14));
#8312=DIRECTION('',(-0.361241666187153,1.11022302458685E-16,-0.932472229404356));
#8313=DIRECTION('',(5.09509004350007E-14,-1.,-1.98575463005071E-14));
#8314=DIRECTION('',(-0.361241666187153,1.11022302458675E-16,-0.932472229404356));
#8315=DIRECTION('',(0.932472229404356,5.47934654558301E-14,-0.361241666187153));
#8316=DIRECTION('',(-0.361241666187153,1.11022302458685E-16,-0.932472229404356));
#8317=DIRECTION('',(5.09509004350007E-14,-1.,-1.98575463005071E-14));
#8318=DIRECTION('',(-0.361241666187153,1.11022302458685E-16,-0.932472229404356));
#8319=DIRECTION('',(5.09509004350007E-14,-1.,-1.98575463005071E-14));
#8320=DIRECTION('',(-0.361241666187153,1.11022302458685E-16,-0.932472229404356));
#8321=DIRECTION('',(5.09509004350007E-14,-1.,-1.98575463005071E-14));
#8322=DIRECTION('',(-0.361241666187153,1.11022302458685E-16,-0.932472229404356));
#8323=DIRECTION('',(5.09509004350007E-14,-1.,-1.98575463005071E-14));
#8324=DIRECTION('',(-0.361241666187153,1.11022302458685E-16,-0.932472229404356));
#8325=DIRECTION('',(5.09509004350007E-14,-1.,-1.98575463005071E-14));
#8326=DIRECTION('',(-0.361241666187153,1.11022302458685E-16,-0.932472229404356));
#8327=DIRECTION('',(5.09509004350007E-14,-1.,-1.98575463005071E-14));
#8328=DIRECTION('',(-0.361241666187153,1.11022302458685E-16,-0.932472229404356));
#8329=DIRECTION('',(5.09509004350007E-14,-1.,-1.98575463005071E-14));
#8330=DIRECTION('',(-0.361241666187153,1.11022302458685E-16,-0.932472229404356));
#8331=DIRECTION('',(5.09509004350007E-14,-1.,-1.98575463005071E-14));
#8332=DIRECTION('',(-0.361241666187153,1.11022302458685E-16,-0.932472229404356));
#8333=DIRECTION('',(5.09509004350007E-14,-1.,-1.98575463005071E-14));
#8334=DIRECTION('',(-0.361241666187153,1.11022302458685E-16,-0.932472229404356));
#8335=DIRECTION('',(5.09509004350007E-14,-1.,-1.98575463005071E-14));
#8336=DIRECTION('',(-0.361241666187153,1.11022302458675E-16,-0.932472229404356));
#8337=DIRECTION('',(0.932472229404356,5.47934654558301E-14,-0.361241666187153));
#8338=DIRECTION('',(-0.361241666187153,1.11022302458675E-16,-0.932472229404356));
#8339=DIRECTION('',(0.932472229404356,5.47934654558301E-14,-0.361241666187153));
#8340=DIRECTION('',(-0.361241666187153,1.11022302458685E-16,-0.932472229404356));
#8341=DIRECTION('',(5.09509004350007E-14,-1.,-1.98575463005071E-14));
#8342=DIRECTION('',(-0.361241666187153,1.11022302458685E-16,-0.932472229404356));
#8343=DIRECTION('',(5.09509004350007E-14,-1.,-1.98575463005071E-14));
#8344=DIRECTION('',(-0.361241666187153,1.11022302458685E-16,-0.932472229404356));
#8345=DIRECTION('',(5.09509004350007E-14,-1.,-1.98575463005071E-14));
#8346=DIRECTION('',(-0.361241666187153,1.11022302458685E-16,-0.932472229404356));
#8347=DIRECTION('',(5.09509004350007E-14,-1.,-1.98575463005071E-14));
#8348=DIRECTION('',(-0.361241666187153,1.11022302458685E-16,-0.932472229404356));
#8349=DIRECTION('',(5.09509004350007E-14,-1.,-1.98575463005071E-14));
#8350=DIRECTION('',(-0.361241666187153,1.11022302458685E-16,-0.932472229404356));
#8351=DIRECTION('',(5.09509004350007E-14,-1.,-1.98575463005071E-14));
#8352=DIRECTION('',(-0.361241666187153,1.11022302458685E-16,-0.932472229404356));
#8353=DIRECTION('',(5.09509004350007E-14,-1.,-1.98575463005071E-14));
#8354=DIRECTION('',(-0.361241666187153,1.11022302458685E-16,-0.932472229404356));
#8355=DIRECTION('',(5.09509004350007E-14,-1.,-1.98575463005071E-14));
#8356=DIRECTION('',(-0.361241666187153,1.11022302458685E-16,-0.932472229404356));
#8357=DIRECTION('',(5.09509004350007E-14,-1.,-1.98575463005071E-14));
#8358=DIRECTION('',(-0.361241666187153,1.11022302458685E-16,-0.932472229404356));
#8359=DIRECTION('',(5.09509004350007E-14,-1.,-1.98575463005071E-14));
#8360=DIRECTION('',(-0.361241666187153,1.11022302458685E-16,-0.932472229404356));
#8361=DIRECTION('',(5.09509004350007E-14,-1.,-1.98575463005071E-14));
#8362=DIRECTION('',(-0.361241666187153,1.11022302458685E-16,-0.932472229404356));
#8363=DIRECTION('',(5.09509004350007E-14,-1.,-1.98575463005071E-14));
#8364=DIRECTION('',(-0.361241666187153,1.11022302458685E-16,-0.932472229404356));
#8365=DIRECTION('',(5.09509004350007E-14,-1.,-1.98575463005071E-14));
#8366=DIRECTION('',(-0.361241666187153,1.11022302458685E-16,-0.932472229404356));
#8367=DIRECTION('',(5.09509004350007E-14,-1.,-1.98575463005071E-14));
#8368=DIRECTION('',(-0.361241666187153,1.11022302458685E-16,-0.932472229404356));
#8369=DIRECTION('',(5.09509004350007E-14,-1.,-1.98575463005071E-14));
#8370=DIRECTION('',(-0.361241666187153,1.11022302458685E-16,-0.932472229404356));
#8371=DIRECTION('',(5.09509004350007E-14,-1.,-1.98575463005071E-14));
#8372=DIRECTION('',(-0.361241666187153,1.11022302458675E-16,-0.932472229404356));
#8373=DIRECTION('',(0.932472229404356,5.47934654558301E-14,-0.361241666187153));
#8374=DIRECTION('',(-0.361241666187153,1.11022302458685E-16,-0.932472229404356));
#8375=DIRECTION('',(5.09509004350007E-14,-1.,-1.98575463005071E-14));
#8376=DIRECTION('',(-0.361241666187153,1.11022302458685E-16,-0.932472229404356));
#8377=DIRECTION('',(5.09509004350007E-14,-1.,-1.98575463005071E-14));
#8378=DIRECTION('',(-0.361241666187153,1.11022302458685E-16,-0.932472229404356));
#8379=DIRECTION('',(5.09509004350007E-14,-1.,-1.98575463005071E-14));
#8380=DIRECTION('',(-0.361241666187153,1.11022302458685E-16,-0.932472229404356));
#8381=DIRECTION('',(5.09509004350007E-14,-1.,-1.98575463005071E-14));
#8382=DIRECTION('',(-0.361241666187153,1.11022302458685E-16,-0.932472229404356));
#8383=DIRECTION('',(5.09509004350007E-14,-1.,-1.98575463005071E-14));
#8384=DIRECTION('',(-0.361241666187153,1.11022302458675E-16,-0.932472229404356));
#8385=DIRECTION('',(0.932472229404356,5.47934654558301E-14,-0.361241666187153));
#8386=DIRECTION('',(-0.361241666187153,1.11022302458685E-16,-0.932472229404356));
#8387=DIRECTION('',(5.09509004350007E-14,-1.,-1.98575463005071E-14));
#8388=DIRECTION('',(-0.361241666187153,1.11022302458685E-16,-0.932472229404356));
#8389=DIRECTION('',(5.09509004350007E-14,-1.,-1.98575463005071E-14));
#8390=DIRECTION('',(-0.361241666187153,1.11022302458685E-16,-0.932472229404356));
#8391=DIRECTION('',(5.09509004350007E-14,-1.,-1.98575463005071E-14));
#8392=DIRECTION('',(-0.361241666187153,1.11022302458675E-16,-0.932472229404356));
#8393=DIRECTION('',(0.932472229404356,5.47934654558301E-14,-0.361241666187153));
#8394=DIRECTION('',(-0.361241666187153,1.11022302458685E-16,-0.932472229404356));
#8395=DIRECTION('',(5.09509004350007E-14,-1.,-1.98575463005071E-14));
#8396=DIRECTION('',(-0.361241666187153,1.11022302458685E-16,-0.932472229404356));
#8397=DIRECTION('',(5.09509004350007E-14,-1.,-1.98575463005071E-14));
#8398=DIRECTION('',(-0.361241666187153,1.11022302458685E-16,-0.932472229404356));
#8399=DIRECTION('',(5.09509004350007E-14,-1.,-1.98575463005071E-14));
#8400=DIRECTION('',(-0.361241666187153,1.11022302458685E-16,-0.932472229404356));
#8401=DIRECTION('',(5.09509004350007E-14,-1.,-1.98575463005071E-14));
#8402=DIRECTION('',(-0.361241666187153,1.11022302458675E-16,-0.932472229404356));
#8403=DIRECTION('',(0.932472229404356,5.47934654558301E-14,-0.361241666187153));
#8404=DIRECTION('',(-0.361241666187153,1.11022302458675E-16,-0.932472229404356));
#8405=DIRECTION('',(0.932472229404356,5.47934654558301E-14,-0.361241666187153));
#8406=DIRECTION('',(-0.361241666187153,1.11022302458685E-16,-0.932472229404356));
#8407=DIRECTION('',(5.09509004350007E-14,-1.,-1.98575463005071E-14));
#8408=DIRECTION('',(-0.361241666187153,1.11022302458685E-16,-0.932472229404356));
#8409=DIRECTION('',(5.09509004350007E-14,-1.,-1.98575463005071E-14));
#8410=DIRECTION('',(-0.361241666187153,1.11022302458685E-16,-0.932472229404356));
#8411=DIRECTION('',(5.09509004350007E-14,-1.,-1.98575463005071E-14));
#8412=DIRECTION('',(-0.361241666187153,1.11022302458685E-16,-0.932472229404356));
#8413=DIRECTION('',(5.09509004350007E-14,-1.,-1.98575463005071E-14));
#8414=DIRECTION('',(-0.361241666187153,1.11022302458685E-16,-0.932472229404356));
#8415=DIRECTION('',(5.09509004350007E-14,-1.,-1.98575463005071E-14));
#8416=DIRECTION('',(-0.361241666187153,1.11022302458685E-16,-0.932472229404356));
#8417=DIRECTION('',(5.09509004350007E-14,-1.,-1.98575463005071E-14));
#8418=DIRECTION('',(-0.361241666187153,1.11022302458685E-16,-0.932472229404356));
#8419=DIRECTION('',(5.09509004350007E-14,-1.,-1.98575463005071E-14));
#8420=DIRECTION('',(-0.361241666187153,1.11022302458675E-16,-0.932472229404356));
#8421=DIRECTION('',(0.932472229404356,5.47934654558301E-14,-0.361241666187153));
#8422=DIRECTION('',(-0.361241666187153,1.11022302458675E-16,-0.932472229404356));
#8423=DIRECTION('',(0.932472229404356,5.47934654558301E-14,-0.361241666187153));
#8424=DIRECTION('',(-0.361241666187153,1.11022302458675E-16,-0.932472229404356));
#8425=DIRECTION('',(0.932472229404356,5.47934654558301E-14,-0.361241666187153));
#8426=DIRECTION('',(-0.361241666187153,1.11022302458685E-16,-0.932472229404356));
#8427=DIRECTION('',(5.09509004350007E-14,-1.,-1.98575463005071E-14));
#8428=DIRECTION('',(-0.361241666187153,1.11022302458675E-16,-0.932472229404356));
#8429=DIRECTION('',(0.932472229404356,5.47934654558301E-14,-0.361241666187153));
#8430=DIRECTION('',(-0.361241666187153,1.11022302458685E-16,-0.932472229404356));
#8431=DIRECTION('',(5.09509004350007E-14,-1.,-1.98575463005071E-14));
#8432=DIRECTION('',(-0.361241666187153,1.11022302458685E-16,-0.932472229404356));
#8433=DIRECTION('',(5.09509004350007E-14,-1.,-1.98575463005071E-14));
#8434=DIRECTION('',(-0.361241666187153,1.11022302458685E-16,-0.932472229404356));
#8435=DIRECTION('',(5.09509004350007E-14,-1.,-1.98575463005071E-14));
#8436=DIRECTION('',(-0.361241666187153,1.11022302458685E-16,-0.932472229404356));
#8437=DIRECTION('',(5.09509004350007E-14,-1.,-1.98575463005071E-14));
#8438=DIRECTION('',(-0.361241666187153,1.11022302458685E-16,-0.932472229404356));
#8439=DIRECTION('',(5.09509004350007E-14,-1.,-1.98575463005071E-14));
#8440=DIRECTION('',(-0.361241666187153,1.11022302458685E-16,-0.932472229404356));
#8441=DIRECTION('',(5.09509004350007E-14,-1.,-1.98575463005071E-14));
#8442=DIRECTION('',(-0.361241666187153,1.11022302458685E-16,-0.932472229404356));
#8443=DIRECTION('',(5.09509004350007E-14,-1.,-1.98575463005071E-14));
#8444=DIRECTION('',(-0.361241666187153,1.11022302458685E-16,-0.932472229404356));
#8445=DIRECTION('',(5.09509004350007E-14,-1.,-1.98575463005071E-14));
#8446=DIRECTION('',(-0.361241666187153,1.11022302458685E-16,-0.932472229404356));
#8447=DIRECTION('',(5.09509004350007E-14,-1.,-1.98575463005071E-14));
#8448=DIRECTION('',(-0.361241666187153,1.11022302458685E-16,-0.932472229404356));
#8449=DIRECTION('',(5.09509004350007E-14,-1.,-1.98575463005071E-14));
#8450=DIRECTION('',(-0.361241666187153,1.11022302458685E-16,-0.932472229404356));
#8451=DIRECTION('',(5.09509004350007E-14,-1.,-1.98575463005071E-14));
#8452=DIRECTION('',(-0.361241666187153,1.11022302458685E-16,-0.932472229404356));
#8453=DIRECTION('',(5.09509004350007E-14,-1.,-1.98575463005071E-14));
#8454=DIRECTION('',(-0.361241666187153,1.11022302458685E-16,-0.932472229404356));
#8455=DIRECTION('',(5.09509004350007E-14,-1.,-1.98575463005071E-14));
#8456=DIRECTION('',(-0.361241666187153,1.11022302458685E-16,-0.932472229404356));
#8457=DIRECTION('',(5.09509004350007E-14,-1.,-1.98575463005071E-14));
#8458=DIRECTION('',(-0.361241666187153,1.11022302458675E-16,-0.932472229404356));
#8459=DIRECTION('',(0.932472229404356,5.47934654558301E-14,-0.361241666187153));
#8460=DIRECTION('',(-0.361241666187153,1.11022302458685E-16,-0.932472229404356));
#8461=DIRECTION('',(5.09509004350007E-14,-1.,-1.98575463005071E-14));
#8462=DIRECTION('',(-0.361241666187153,1.11022302458685E-16,-0.932472229404356));
#8463=DIRECTION('',(5.09509004350007E-14,-1.,-1.98575463005071E-14));
#8464=DIRECTION('',(-0.361241666187153,1.11022302458685E-16,-0.932472229404356));
#8465=DIRECTION('',(5.09509004350007E-14,-1.,-1.98575463005071E-14));
#8466=DIRECTION('',(-0.361241666187153,1.11022302458675E-16,-0.932472229404356));
#8467=DIRECTION('',(0.932472229404356,5.47934654558301E-14,-0.361241666187153));
#8468=DIRECTION('',(-0.361241666187153,1.11022302458675E-16,-0.932472229404356));
#8469=DIRECTION('',(0.932472229404356,5.47934654558301E-14,-0.361241666187153));
#8470=DIRECTION('',(-0.361241666187153,1.11022302458685E-16,-0.932472229404356));
#8471=DIRECTION('',(5.09509004350007E-14,-1.,-1.98575463005071E-14));
#8472=DIRECTION('',(-0.361241666187153,1.11022302458685E-16,-0.932472229404356));
#8473=DIRECTION('',(5.09509004350007E-14,-1.,-1.98575463005071E-14));
#8474=DIRECTION('',(-0.361241666187153,1.11022302458685E-16,-0.932472229404356));
#8475=DIRECTION('',(5.09509004350007E-14,-1.,-1.98575463005071E-14));
#8476=DIRECTION('',(-0.361241666187153,1.11022302458675E-16,-0.932472229404356));
#8477=DIRECTION('',(0.932472229404356,5.47934654558301E-14,-0.361241666187153));
#8478=DIRECTION('',(-0.361241666187153,1.11022302458685E-16,-0.932472229404356));
#8479=DIRECTION('',(5.09509004350007E-14,-1.,-1.98575463005071E-14));
#8480=DIRECTION('',(-0.361241666187153,1.11022302458685E-16,-0.932472229404356));
#8481=DIRECTION('',(5.09509004350007E-14,-1.,-1.98575463005071E-14));
#8482=DIRECTION('',(-0.361241666187153,1.11022302458685E-16,-0.932472229404356));
#8483=DIRECTION('',(5.09509004350007E-14,-1.,-1.98575463005071E-14));
#8484=DIRECTION('',(-0.361241666187153,1.11022302458685E-16,-0.932472229404356));
#8485=DIRECTION('',(5.09509004350007E-14,-1.,-1.98575463005071E-14));
#8486=DIRECTION('',(-0.361241666187153,1.11022302458685E-16,-0.932472229404356));
#8487=DIRECTION('',(5.09509004350007E-14,-1.,-1.98575463005071E-14));
#8488=DIRECTION('',(-0.361241666187153,1.11022302458685E-16,-0.932472229404356));
#8489=DIRECTION('',(5.09509004350007E-14,-1.,-1.98575463005071E-14));
#8490=DIRECTION('',(-0.361241666187153,1.11022302458685E-16,-0.932472229404356));
#8491=DIRECTION('',(5.09509004350007E-14,-1.,-1.98575463005071E-14));
#8492=DIRECTION('',(-0.361241666187153,1.11022302458675E-16,-0.932472229404356));
#8493=DIRECTION('',(0.932472229404356,5.47934654558301E-14,-0.361241666187153));
#8494=DIRECTION('',(-0.361241666187153,1.11022302458685E-16,-0.932472229404356));
#8495=DIRECTION('',(5.09509004350007E-14,-1.,-1.98575463005071E-14));
#8496=DIRECTION('',(-0.361241666187153,1.11022302458675E-16,-0.932472229404356));
#8497=DIRECTION('',(0.932472229404356,5.47934654558301E-14,-0.361241666187153));
#8498=DIRECTION('',(-0.361241666187153,1.11022302458685E-16,-0.932472229404356));
#8499=DIRECTION('',(5.09509004350007E-14,-1.,-1.98575463005071E-14));
#8500=DIRECTION('',(-0.361241666187153,1.11022302458685E-16,-0.932472229404356));
#8501=DIRECTION('',(5.09509004350007E-14,-1.,-1.98575463005071E-14));
#8502=DIRECTION('',(-0.361241666187153,1.11022302458675E-16,-0.932472229404356));
#8503=DIRECTION('',(0.932472229404356,5.47934654558301E-14,-0.361241666187153));
#8504=DIRECTION('',(-0.361241666187153,1.11022302458685E-16,-0.932472229404356));
#8505=DIRECTION('',(5.09509004350007E-14,-1.,-1.98575463005071E-14));
#8506=DIRECTION('',(-0.361241666187153,1.11022302458685E-16,-0.932472229404356));
#8507=DIRECTION('',(5.09509004350007E-14,-1.,-1.98575463005071E-14));
#8508=DIRECTION('',(-0.361241666187153,1.11022302458685E-16,-0.932472229404356));
#8509=DIRECTION('',(5.09509004350007E-14,-1.,-1.98575463005071E-14));
#8510=DIRECTION('',(-0.361241666187153,1.11022302458685E-16,-0.932472229404356));
#8511=DIRECTION('',(5.09509004350007E-14,-1.,-1.98575463005071E-14));
#8512=DIRECTION('',(-0.361241666187153,1.11022302458685E-16,-0.932472229404356));
#8513=DIRECTION('',(5.09509004350007E-14,-1.,-1.98575463005071E-14));
#8514=DIRECTION('',(-0.361241666187153,1.11022302458685E-16,-0.932472229404356));
#8515=DIRECTION('',(5.09509004350007E-14,-1.,-1.98575463005071E-14));
#8516=DIRECTION('',(-0.361241666187153,1.11022302458685E-16,-0.932472229404356));
#8517=DIRECTION('',(5.09509004350007E-14,-1.,-1.98575463005071E-14));
#8518=DIRECTION('',(-0.361241666187153,1.11022302458685E-16,-0.932472229404356));
#8519=DIRECTION('',(5.09509004350007E-14,-1.,-1.98575463005071E-14));
#8520=DIRECTION('',(-0.361241666187153,1.11022302458685E-16,-0.932472229404356));
#8521=DIRECTION('',(5.09509004350007E-14,-1.,-1.98575463005071E-14));
#8522=DIRECTION('',(-0.361241666187153,1.11022302458685E-16,-0.932472229404356));
#8523=DIRECTION('',(5.09509004350007E-14,-1.,-1.98575463005071E-14));
#8524=DIRECTION('',(-0.361241666187153,1.11022302458685E-16,-0.932472229404356));
#8525=DIRECTION('',(5.09509004350007E-14,-1.,-1.98575463005071E-14));
#8526=DIRECTION('',(-0.361241666187153,1.11022302458685E-16,-0.932472229404356));
#8527=DIRECTION('',(5.09509004350007E-14,-1.,-1.98575463005071E-14));
#8528=DIRECTION('',(-0.361241666187153,1.11022302458685E-16,-0.932472229404356));
#8529=DIRECTION('',(5.09509004350007E-14,-1.,-1.98575463005071E-14));
#8530=DIRECTION('',(-0.361241666187153,1.11022302458685E-16,-0.932472229404356));
#8531=DIRECTION('',(5.09509004350007E-14,-1.,-1.98575463005071E-14));
#8532=DIRECTION('',(-0.361241666187153,1.11022302458685E-16,-0.932472229404356));
#8533=DIRECTION('',(5.09509004350007E-14,-1.,-1.98575463005071E-14));
#8534=DIRECTION('',(-0.361241666187153,1.11022302458685E-16,-0.932472229404356));
#8535=DIRECTION('',(5.09509004350007E-14,-1.,-1.98575463005071E-14));
#8536=DIRECTION('',(-0.361241666187153,1.11022302458685E-16,-0.932472229404356));
#8537=DIRECTION('',(5.09509004350007E-14,-1.,-1.98575463005071E-14));
#8538=DIRECTION('',(-0.361241666187153,1.11022302458685E-16,-0.932472229404356));
#8539=DIRECTION('',(5.09509004350007E-14,-1.,-1.98575463005071E-14));
#8540=DIRECTION('',(-0.361241666187153,1.11022302458685E-16,-0.932472229404356));
#8541=DIRECTION('',(5.09509004350007E-14,-1.,-1.98575463005071E-14));
#8542=DIRECTION('',(-0.361241666187153,1.11022302458685E-16,-0.932472229404356));
#8543=DIRECTION('',(5.09509004350007E-14,-1.,-1.98575463005071E-14));
#8544=DIRECTION('',(-0.361241666187153,1.11022302458685E-16,-0.932472229404356));
#8545=DIRECTION('',(5.09509004350007E-14,-1.,-1.98575463005071E-14));
#8546=DIRECTION('',(-0.361241666187153,1.11022302458685E-16,-0.932472229404356));
#8547=DIRECTION('',(5.09509004350007E-14,-1.,-1.98575463005071E-14));
#8548=DIRECTION('',(-0.361241666187153,1.11022302458685E-16,-0.932472229404356));
#8549=DIRECTION('',(5.09509004350007E-14,-1.,-1.98575463005071E-14));
#8550=DIRECTION('',(-0.361241666187153,1.11022302458675E-16,-0.932472229404356));
#8551=DIRECTION('',(0.932472229404356,5.47934654558301E-14,-0.361241666187153));
#8552=DIRECTION('',(-0.361241666187153,1.11022302458685E-16,-0.932472229404356));
#8553=DIRECTION('',(5.09509004350007E-14,-1.,-1.98575463005071E-14));
#8554=DIRECTION('',(-0.361241666187153,1.11022302458685E-16,-0.932472229404356));
#8555=DIRECTION('',(5.09509004350007E-14,-1.,-1.98575463005071E-14));
#8556=DIRECTION('',(-0.361241666187153,1.11022302458685E-16,-0.932472229404356));
#8557=DIRECTION('',(5.09509004350007E-14,-1.,-1.98575463005071E-14));
#8558=DIRECTION('',(-0.361241666187153,1.11022302458675E-16,-0.932472229404356));
#8559=DIRECTION('',(0.932472229404356,5.47934654558301E-14,-0.361241666187153));
#8560=DIRECTION('',(-0.361241666187153,1.11022302458685E-16,-0.932472229404356));
#8561=DIRECTION('',(5.09509004350007E-14,-1.,-1.98575463005071E-14));
#8562=DIRECTION('',(-0.361241666187153,1.11022302458685E-16,-0.932472229404356));
#8563=DIRECTION('',(5.09509004350007E-14,-1.,-1.98575463005071E-14));
#8564=DIRECTION('',(-0.361241666187153,1.11022302458685E-16,-0.932472229404356));
#8565=DIRECTION('',(5.09509004350007E-14,-1.,-1.98575463005071E-14));
#8566=DIRECTION('',(-0.361241666187153,1.11022302458685E-16,-0.932472229404356));
#8567=DIRECTION('',(5.09509004350007E-14,-1.,-1.98575463005071E-14));
#8568=DIRECTION('',(-0.361241666187153,1.11022302458685E-16,-0.932472229404356));
#8569=DIRECTION('',(5.09509004350007E-14,-1.,-1.98575463005071E-14));
#8570=DIRECTION('',(-0.361241666187153,1.11022302458685E-16,-0.932472229404356));
#8571=DIRECTION('',(5.09509004350007E-14,-1.,-1.98575463005071E-14));
#8572=DIRECTION('',(-0.361241666187153,1.11022302458685E-16,-0.932472229404356));
#8573=DIRECTION('',(5.09509004350007E-14,-1.,-1.98575463005071E-14));
#8574=DIRECTION('',(-0.361241666187153,1.11022302458685E-16,-0.932472229404356));
#8575=DIRECTION('',(5.09509004350007E-14,-1.,-1.98575463005071E-14));
#8576=DIRECTION('',(-0.361241666187153,1.11022302458685E-16,-0.932472229404356));
#8577=DIRECTION('',(5.09509004350007E-14,-1.,-1.98575463005071E-14));
#8578=DIRECTION('',(-0.361241666187152,1.63800392714088E-15,-0.932472229404356));
#8579=DIRECTION('',(-8.75079132450296E-16,-1.,-1.41761742774187E-15));
#8580=DIRECTION('',(-0.361241666187153,1.11022302458685E-16,-0.932472229404356));
#8581=DIRECTION('',(5.09509004350007E-14,-1.,-1.98575463005071E-14));
#8582=DIRECTION('',(-0.361241666187153,1.11022302458685E-16,-0.932472229404356));
#8583=DIRECTION('',(5.09509004350007E-14,-1.,-1.98575463005071E-14));
#8584=DIRECTION('',(-0.361241666187153,1.11022302458685E-16,-0.932472229404356));
#8585=DIRECTION('',(5.09509004350007E-14,-1.,-1.98575463005071E-14));
#8586=DIRECTION('',(-0.361241666187153,1.11022302458685E-16,-0.932472229404356));
#8587=DIRECTION('',(5.09509004350007E-14,-1.,-1.98575463005071E-14));
#8588=DIRECTION('',(-0.361241666187153,1.11022302458685E-16,-0.932472229404356));
#8589=DIRECTION('',(5.09509004350007E-14,-1.,-1.98575463005071E-14));
#8590=DIRECTION('',(-0.361241666187153,1.11022302458675E-16,-0.932472229404356));
#8591=DIRECTION('',(0.932472229404356,5.47934654558301E-14,-0.361241666187153));
#8592=DIRECTION('',(-0.361241666187153,1.11022302458685E-16,-0.932472229404356));
#8593=DIRECTION('',(5.09509004350007E-14,-1.,-1.98575463005071E-14));
#8594=DIRECTION('',(-0.361241666187153,1.11022302458685E-16,-0.932472229404356));
#8595=DIRECTION('',(5.09509004350007E-14,-1.,-1.98575463005071E-14));
#8596=DIRECTION('',(-0.361241666187153,1.11022302458685E-16,-0.932472229404356));
#8597=DIRECTION('',(5.09509004350007E-14,-1.,-1.98575463005071E-14));
#8598=DIRECTION('',(-0.361241666187153,1.11022302458685E-16,-0.932472229404356));
#8599=DIRECTION('',(5.09509004350007E-14,-1.,-1.98575463005071E-14));
#8600=DIRECTION('',(-0.361241666187153,1.11022302458685E-16,-0.932472229404356));
#8601=DIRECTION('',(5.09509004350007E-14,-1.,-1.98575463005071E-14));
#8602=DIRECTION('',(-0.361241666187153,1.11022302458685E-16,-0.932472229404356));
#8603=DIRECTION('',(5.09509004350007E-14,-1.,-1.98575463005071E-14));
#8604=DIRECTION('',(-0.361241666187153,1.11022302458685E-16,-0.932472229404356));
#8605=DIRECTION('',(5.09509004350007E-14,-1.,-1.98575463005071E-14));
#8606=DIRECTION('',(-0.361241666187153,1.11022302458685E-16,-0.932472229404356));
#8607=DIRECTION('',(5.09509004350007E-14,-1.,-1.98575463005071E-14));
#8608=DIRECTION('',(-0.361241666187153,1.11022302458685E-16,-0.932472229404356));
#8609=DIRECTION('',(5.09509004350007E-14,-1.,-1.98575463005071E-14));
#8610=DIRECTION('',(-0.361241666187153,1.11022302458685E-16,-0.932472229404356));
#8611=DIRECTION('',(5.09509004350007E-14,-1.,-1.98575463005071E-14));
#8612=DIRECTION('',(-0.361241666187153,1.11022302458685E-16,-0.932472229404356));
#8613=DIRECTION('',(5.09509004350007E-14,-1.,-1.98575463005071E-14));
#8614=DIRECTION('',(-0.361241666187153,1.11022302458685E-16,-0.932472229404356));
#8615=DIRECTION('',(5.09509004350007E-14,-1.,-1.98575463005071E-14));
#8616=DIRECTION('',(-0.361241666187153,1.11022302458685E-16,-0.932472229404356));
#8617=DIRECTION('',(5.09509004350007E-14,-1.,-1.98575463005071E-14));
#8618=DIRECTION('',(-0.361241666187153,1.11022302458685E-16,-0.932472229404356));
#8619=DIRECTION('',(5.09509004350007E-14,-1.,-1.98575463005071E-14));
#8620=DIRECTION('',(-0.361241666187153,1.11022302458685E-16,-0.932472229404356));
#8621=DIRECTION('',(5.09509004350007E-14,-1.,-1.98575463005071E-14));
#8622=DIRECTION('',(-0.361241666187153,1.11022302458685E-16,-0.932472229404356));
#8623=DIRECTION('',(5.09509004350007E-14,-1.,-1.98575463005071E-14));
#8624=DIRECTION('',(-0.361241666187153,1.11022302458685E-16,-0.932472229404356));
#8625=DIRECTION('',(5.09509004350007E-14,-1.,-1.98575463005071E-14));
#8626=DIRECTION('',(-0.361241666187153,1.11022302458685E-16,-0.932472229404356));
#8627=DIRECTION('',(5.09509004350007E-14,-1.,-1.98575463005071E-14));
#8628=DIRECTION('',(-0.361241666187153,1.11022302458685E-16,-0.932472229404356));
#8629=DIRECTION('',(5.09509004350007E-14,-1.,-1.98575463005071E-14));
#8630=DIRECTION('',(-0.361241666187153,1.11022302458685E-16,-0.932472229404356));
#8631=DIRECTION('',(5.09509004350007E-14,-1.,-1.98575463005071E-14));
#8632=DIRECTION('',(-0.361241666187153,1.11022302458685E-16,-0.932472229404356));
#8633=DIRECTION('',(5.09509004350007E-14,-1.,-1.98575463005071E-14));
#8634=DIRECTION('',(-0.361241666187153,1.11022302458685E-16,-0.932472229404356));
#8635=DIRECTION('',(5.09509004350007E-14,-1.,-1.98575463005071E-14));
#8636=DIRECTION('',(-0.361241666187153,1.11022302458685E-16,-0.932472229404356));
#8637=DIRECTION('',(5.09509004350007E-14,-1.,-1.98575463005071E-14));
#8638=DIRECTION('',(-0.361241666187153,1.11022302458685E-16,-0.932472229404356));
#8639=DIRECTION('',(5.09509004350007E-14,-1.,-1.98575463005071E-14));
#8640=DIRECTION('',(-0.361241666187153,1.11022302458685E-16,-0.932472229404356));
#8641=DIRECTION('',(5.09509004350007E-14,-1.,-1.98575463005071E-14));
#8642=DIRECTION('',(-0.361241666187153,1.11022302458685E-16,-0.932472229404356));
#8643=DIRECTION('',(5.09509004350007E-14,-1.,-1.98575463005071E-14));
#8644=DIRECTION('',(-0.361241666187153,1.11022302458685E-16,-0.932472229404356));
#8645=DIRECTION('',(5.09509004350007E-14,-1.,-1.98575463005071E-14));
#8646=DIRECTION('',(-0.361241666187153,1.11022302458685E-16,-0.932472229404356));
#8647=DIRECTION('',(5.09509004350007E-14,-1.,-1.98575463005071E-14));
#8648=DIRECTION('',(-0.361241666187153,1.11022302458685E-16,-0.932472229404356));
#8649=DIRECTION('',(5.09509004350007E-14,-1.,-1.98575463005071E-14));
#8650=DIRECTION('',(-0.361241666187153,1.11022302458685E-16,-0.932472229404356));
#8651=DIRECTION('',(5.09509004350007E-14,-1.,-1.98575463005071E-14));
#8652=DIRECTION('',(-0.361241666187153,1.11022302458675E-16,-0.932472229404356));
#8653=DIRECTION('',(0.932472229404356,5.47934654558301E-14,-0.361241666187153));
#8654=DIRECTION('',(-0.361241666187153,1.11022302458685E-16,-0.932472229404356));
#8655=DIRECTION('',(5.09509004350007E-14,-1.,-1.98575463005071E-14));
#8656=DIRECTION('',(-0.361241666187153,1.11022302458685E-16,-0.932472229404356));
#8657=DIRECTION('',(5.09509004350007E-14,-1.,-1.98575463005071E-14));
#8658=DIRECTION('',(-0.361241666187153,1.11022302458675E-16,-0.932472229404356));
#8659=DIRECTION('',(0.932472229404356,5.47934654558301E-14,-0.361241666187153));
#8660=DIRECTION('',(-0.361241666187153,1.11022302458685E-16,-0.932472229404356));
#8661=DIRECTION('',(5.09509004350007E-14,-1.,-1.98575463005071E-14));
#8662=DIRECTION('',(-0.361241666187153,1.11022302458685E-16,-0.932472229404356));
#8663=DIRECTION('',(5.09509004350007E-14,-1.,-1.98575463005071E-14));
#8664=DIRECTION('',(-0.361241666187153,1.11022302458685E-16,-0.932472229404356));
#8665=DIRECTION('',(5.09509004350007E-14,-1.,-1.98575463005071E-14));
#8666=DIRECTION('',(-0.361241666187153,1.11022302458685E-16,-0.932472229404356));
#8667=DIRECTION('',(5.09509004350007E-14,-1.,-1.98575463005071E-14));
#8668=DIRECTION('',(-0.361241666187153,1.11022302458675E-16,-0.932472229404356));
#8669=DIRECTION('',(0.932472229404356,5.47934654558301E-14,-0.361241666187153));
#8670=DIRECTION('',(-0.361241666187153,1.11022302458685E-16,-0.932472229404356));
#8671=DIRECTION('',(5.09509004350007E-14,-1.,-1.98575463005071E-14));
#8672=DIRECTION('',(-0.361241666187153,1.11022302458685E-16,-0.932472229404356));
#8673=DIRECTION('',(5.09509004350007E-14,-1.,-1.98575463005071E-14));
#8674=DIRECTION('',(-0.361241666187153,1.11022302458685E-16,-0.932472229404356));
#8675=DIRECTION('',(5.09509004350007E-14,-1.,-1.98575463005071E-14));
#8676=DIRECTION('',(-0.361241666187153,1.11022302458685E-16,-0.932472229404356));
#8677=DIRECTION('',(5.09509004350007E-14,-1.,-1.98575463005071E-14));
#8678=DIRECTION('',(-0.361241666187153,1.11022302458685E-16,-0.932472229404356));
#8679=DIRECTION('',(5.09509004350007E-14,-1.,-1.98575463005071E-14));
#8680=DIRECTION('',(-0.361241666187153,1.11022302458685E-16,-0.932472229404356));
#8681=DIRECTION('',(5.09509004350007E-14,-1.,-1.98575463005071E-14));
#8682=DIRECTION('',(-0.361241666187153,1.11022302458685E-16,-0.932472229404356));
#8683=DIRECTION('',(5.09509004350007E-14,-1.,-1.98575463005071E-14));
#8684=DIRECTION('',(-0.361241666187153,1.11022302458685E-16,-0.932472229404356));
#8685=DIRECTION('',(5.09509004350007E-14,-1.,-1.98575463005071E-14));
#8686=DIRECTION('',(-0.361241666187153,1.11022302458675E-16,-0.932472229404356));
#8687=DIRECTION('',(0.932472229404356,5.47934654558301E-14,-0.361241666187153));
#8688=DIRECTION('',(-0.361241666187153,1.11022302458675E-16,-0.932472229404356));
#8689=DIRECTION('',(0.932472229404356,5.47934654558301E-14,-0.361241666187153));
#8690=DIRECTION('',(-0.361241666187153,1.11022302458685E-16,-0.932472229404356));
#8691=DIRECTION('',(5.09509004350007E-14,-1.,-1.98575463005071E-14));
#8692=DIRECTION('',(-0.361241666187153,1.11022302458675E-16,-0.932472229404356));
#8693=DIRECTION('',(0.932472229404356,5.47934654558301E-14,-0.361241666187153));
#8694=DIRECTION('',(-0.361241666187153,1.11022302458685E-16,-0.932472229404356));
#8695=DIRECTION('',(5.09509004350007E-14,-1.,-1.98575463005071E-14));
#8696=DIRECTION('',(-0.361241666187153,1.11022302458685E-16,-0.932472229404356));
#8697=DIRECTION('',(5.09509004350007E-14,-1.,-1.98575463005071E-14));
#8698=DIRECTION('',(-0.361241666187153,1.11022302458685E-16,-0.932472229404356));
#8699=DIRECTION('',(5.09509004350007E-14,-1.,-1.98575463005071E-14));
#8700=DIRECTION('',(-0.361241666187153,1.11022302458685E-16,-0.932472229404356));
#8701=DIRECTION('',(5.09509004350007E-14,-1.,-1.98575463005071E-14));
#8702=DIRECTION('',(-0.361241666187153,1.11022302458685E-16,-0.932472229404356));
#8703=DIRECTION('',(5.09509004350007E-14,-1.,-1.98575463005071E-14));
#8704=DIRECTION('',(-0.361241666187153,1.11022302458685E-16,-0.932472229404356));
#8705=DIRECTION('',(5.09509004350007E-14,-1.,-1.98575463005071E-14));
#8706=DIRECTION('',(-0.361241666187153,1.11022302458685E-16,-0.932472229404356));
#8707=DIRECTION('',(5.09509004350007E-14,-1.,-1.98575463005071E-14));
#8708=DIRECTION('',(-0.361241666187153,1.11022302458685E-16,-0.932472229404356));
#8709=DIRECTION('',(5.09509004350007E-14,-1.,-1.98575463005071E-14));
#8710=DIRECTION('',(-0.361241666187153,1.11022302458685E-16,-0.932472229404356));
#8711=DIRECTION('',(5.09509004350007E-14,-1.,-1.98575463005071E-14));
#8712=DIRECTION('',(-0.361241666187153,1.11022302458675E-16,-0.932472229404356));
#8713=DIRECTION('',(0.932472229404356,5.47934654558301E-14,-0.361241666187153));
#8714=DIRECTION('',(-0.361241666187153,1.11022302458675E-16,-0.932472229404356));
#8715=DIRECTION('',(0.932472229404356,5.47934654558301E-14,-0.361241666187153));
#8716=DIRECTION('',(-0.361241666187153,1.11022302458685E-16,-0.932472229404356));
#8717=DIRECTION('',(5.09509004350007E-14,-1.,-1.98575463005071E-14));
#8718=DIRECTION('',(-0.361241666187153,1.11022302458675E-16,-0.932472229404356));
#8719=DIRECTION('',(0.932472229404356,5.47934654558301E-14,-0.361241666187153));
#8720=DIRECTION('',(-0.361241666187153,1.11022302458675E-16,-0.932472229404356));
#8721=DIRECTION('',(0.932472229404356,5.47934654558301E-14,-0.361241666187153));
#8722=DIRECTION('',(-0.361241666187153,1.11022302458685E-16,-0.932472229404356));
#8723=DIRECTION('',(5.09509004350007E-14,-1.,-1.98575463005071E-14));
#8724=DIRECTION('',(-0.361241666187153,1.11022302458675E-16,-0.932472229404356));
#8725=DIRECTION('',(0.932472229404356,5.47934654558301E-14,-0.361241666187153));
#8726=DIRECTION('',(-0.361241666187153,1.11022302458685E-16,-0.932472229404356));
#8727=DIRECTION('',(5.09509004350007E-14,-1.,-1.98575463005071E-14));
#8728=DIRECTION('',(-0.361241666187153,1.11022302458685E-16,-0.932472229404356));
#8729=DIRECTION('',(5.09509004350007E-14,-1.,-1.98575463005071E-14));
#8730=DIRECTION('',(-0.361241666187153,1.11022302458685E-16,-0.932472229404356));
#8731=DIRECTION('',(5.09509004350007E-14,-1.,-1.98575463005071E-14));
#8732=DIRECTION('',(-0.361241666187153,1.11022302458675E-16,-0.932472229404356));
#8733=DIRECTION('',(0.932472229404356,5.47934654558301E-14,-0.361241666187153));
#8734=DIRECTION('',(-0.361241666187153,1.11022302458675E-16,-0.932472229404356));
#8735=DIRECTION('',(0.932472229404356,5.47934654558301E-14,-0.361241666187153));
#8736=DIRECTION('',(-0.361241666187153,1.11022302458685E-16,-0.932472229404356));
#8737=DIRECTION('',(5.09509004350007E-14,-1.,-1.98575463005071E-14));
#8738=DIRECTION('',(-0.361241666187153,1.11022302458685E-16,-0.932472229404356));
#8739=DIRECTION('',(5.09509004350007E-14,-1.,-1.98575463005071E-14));
#8740=DIRECTION('',(-0.361241666187153,1.11022302458685E-16,-0.932472229404356));
#8741=DIRECTION('',(5.09509004350007E-14,-1.,-1.98575463005071E-14));
#8742=DIRECTION('',(-0.361241666187153,1.11022302458675E-16,-0.932472229404356));
#8743=DIRECTION('',(0.932472229404356,5.47934654558301E-14,-0.361241666187153));
#8744=DIRECTION('',(-0.361241666187153,1.11022302458685E-16,-0.932472229404356));
#8745=DIRECTION('',(5.09509004350007E-14,-1.,-1.98575463005071E-14));
#8746=DIRECTION('',(-0.361241666187153,1.11022302458685E-16,-0.932472229404356));
#8747=DIRECTION('',(5.09509004350007E-14,-1.,-1.98575463005071E-14));
#8748=DIRECTION('',(-0.361241666187153,1.11022302458685E-16,-0.932472229404356));
#8749=DIRECTION('',(5.09509004350007E-14,-1.,-1.98575463005071E-14));
#8750=DIRECTION('',(-0.361241666187153,1.11022302458675E-16,-0.932472229404356));
#8751=DIRECTION('',(0.932472229404356,5.47934654558301E-14,-0.361241666187153));
#8752=DIRECTION('',(-0.361241666187153,1.11022302458685E-16,-0.932472229404356));
#8753=DIRECTION('',(5.09509004350007E-14,-1.,-1.98575463005071E-14));
#8754=DIRECTION('',(-0.361241666187153,1.11022302458675E-16,-0.932472229404356));
#8755=DIRECTION('',(0.932472229404356,5.47934654558301E-14,-0.361241666187153));
#8756=DIRECTION('',(-0.361241666187153,1.11022302458685E-16,-0.932472229404356));
#8757=DIRECTION('',(5.09509004350007E-14,-1.,-1.98575463005071E-14));
#8758=DIRECTION('',(-0.361241666187153,1.11022302458685E-16,-0.932472229404356));
#8759=DIRECTION('',(5.09509004350007E-14,-1.,-1.98575463005071E-14));
#8760=CARTESIAN_POINT('',(0.,0.,0.));
#8761=CARTESIAN_POINT('',(-8.67361737988404E-19,0.,0.));
#8762=CARTESIAN_POINT('',(0.,-0.001975,0.));
#8763=CARTESIAN_POINT('',(0.00265,-0.001975,0.));
#8764=CARTESIAN_POINT('',(-0.00265,-0.001975,0.));
#8765=CARTESIAN_POINT('',(-0.00265,8.67361737988404E-19,0.));
#8766=CARTESIAN_POINT('',(-0.00265,0.001975,0.));
#8767=CARTESIAN_POINT('',(0.,0.001975,0.));
#8768=CARTESIAN_POINT('',(0.00265,0.001975,0.));
#8769=CARTESIAN_POINT('',(0.00265,8.67361737988404E-19,0.));
#8770=CARTESIAN_POINT('',(-8.67361737988404E-19,0.,0.025));
#8771=CARTESIAN_POINT('',(0.,-0.001975,0.025));
#8772=CARTESIAN_POINT('',(0.00265,-0.001975,0.025));
#8773=CARTESIAN_POINT('',(-0.00265,-0.001975,0.025));
#8774=CARTESIAN_POINT('',(0.00265,8.67361737988404E-19,0.025));
#8775=CARTESIAN_POINT('',(0.00265,0.001975,0.025));
#8776=CARTESIAN_POINT('',(0.,0.001975,0.025));
#8777=CARTESIAN_POINT('',(-0.00265,0.001975,0.025));
#8778=CARTESIAN_POINT('',(-0.00265,8.67361737988404E-19,0.025));
#8779=CARTESIAN_POINT('',(-0.00265,8.67361737988404E-19,0.025));
#8780=CARTESIAN_POINT('',(-0.00265,-0.001975,0.025));
#8781=CARTESIAN_POINT('',(-0.00265,0.001975,0.025));
#8782=CARTESIAN_POINT('',(0.,0.001975,0.025));
#8783=CARTESIAN_POINT('',(0.00265,0.001975,0.025));
#8784=CARTESIAN_POINT('',(0.00265,8.67361737988404E-19,0.025));
#8785=CARTESIAN_POINT('',(0.00265,-0.001975,0.025));
#8786=CARTESIAN_POINT('',(0.,-0.001975,0.025));
#8787=CARTESIAN_POINT('',(0.182823643727711,0.22495,0.38576106716998));
#8788=CARTESIAN_POINT('',(0.140256286455408,0.12495,0.402251749231421));
#8789=CARTESIAN_POINT('',(0.159605085215549,0.10295,0.394755984658038));
#8790=CARTESIAN_POINT('',(0.159605085215546,0.16945,0.39475598465804));
#8791=CARTESIAN_POINT('',(0.151865565711497,0.0359499999999994,0.39775429048739));
#8792=CARTESIAN_POINT('',(-1.7347234759768E-18,0.,0.001));
#8793=CARTESIAN_POINT('',(0.0082,0.,0.001));
#8794=CARTESIAN_POINT('',(0.0082,0.00815,0.001));
#8795=CARTESIAN_POINT('',(0.0082,-0.00815,0.001));
#8796=CARTESIAN_POINT('',(0.00415,-0.00815,0.001));
#8797=CARTESIAN_POINT('',(9.99999999999989E-5,-0.00815,0.001));
#8798=CARTESIAN_POINT('',(0.0001,3.46944695195361E-18,0.001));
#8799=CARTESIAN_POINT('',(0.0001,0.00815,0.001));
#8800=CARTESIAN_POINT('',(0.00415,0.00815,0.001));
#8801=CARTESIAN_POINT('',(-1.7347234759768E-18,0.,0.002));
#8802=CARTESIAN_POINT('',(0.0082,0.,0.002));
#8803=CARTESIAN_POINT('',(0.0082,0.00815,0.002));
#8804=CARTESIAN_POINT('',(0.0082,-0.00815,0.002));
#8805=CARTESIAN_POINT('',(0.00415,0.00815,0.002));
#8806=CARTESIAN_POINT('',(0.0001,0.00815,0.002));
#8807=CARTESIAN_POINT('',(0.0001,3.46944695195361E-18,0.002));
#8808=CARTESIAN_POINT('',(9.99999999999989E-5,-0.00815,0.002));
#8809=CARTESIAN_POINT('',(0.00415,-0.00815,0.002));
#8810=CARTESIAN_POINT('',(0.00415,-0.00815,0.002));
#8811=CARTESIAN_POINT('',(0.0082,-0.00815,0.002));
#8812=CARTESIAN_POINT('',(9.99999999999989E-5,-0.00815,0.002));
#8813=CARTESIAN_POINT('',(0.0001,3.46944695195361E-18,0.002));
#8814=CARTESIAN_POINT('',(0.0001,0.00815,0.002));
#8815=CARTESIAN_POINT('',(0.00415,0.00815,0.002));
#8816=CARTESIAN_POINT('',(0.0082,0.00815,0.002));
#8817=CARTESIAN_POINT('',(0.0082,0.,0.002));
#8818=CARTESIAN_POINT('',(0.177741487432054,0.0249500000000012,0.389874741000801));
#8819=CARTESIAN_POINT('',(0.136386526703373,0.26945,0.403750902146101));
#8820=CARTESIAN_POINT('',(0.132516766951346,0.25295,0.405250055060777));
#8821=CARTESIAN_POINT('',(0.128647007199323,0.15295,0.406749207975452));
#8822=CARTESIAN_POINT('',(0.163474844967572,0.20845,0.393256831743363));
#8823=CARTESIAN_POINT('',(0.163474844967578,0.07495,0.393256831743361));
#8824=CARTESIAN_POINT('',(0.140256286455413,0.0304499999999988,0.40225174923142));
#8825=CARTESIAN_POINT('',(0.14799580595946,0.20295,0.39925344340207));
#8826=CARTESIAN_POINT('',(0.132516766951354,0.091449999999998,0.405250055060774));
#8827=CARTESIAN_POINT('',(0.1673446047196,0.19145,0.391757678828687));
#8828=CARTESIAN_POINT('',(0.155735325463522,0.08595,0.396255137572714));
#8829=CARTESIAN_POINT('',(0.178953883975684,0.18595,0.387260220084656));
#8830=CARTESIAN_POINT('',(0.159605085215551,0.08045,0.394755984658038));
#8831=CARTESIAN_POINT('',(0.132516766951355,0.0804499999999984,0.405250055060774));
#8832=CARTESIAN_POINT('',(0.136386526703381,0.11945,0.403750902146099));
#8833=CARTESIAN_POINT('',(0.167344604719596,0.28045,0.391757678828689));
#8834=CARTESIAN_POINT('',(0.151865565711485,0.26395,0.397754290487395));
#8835=CARTESIAN_POINT('',(-1.7347234759768E-18,0.0165,0.001));
#8836=CARTESIAN_POINT('',(0.0082,0.0165,0.001));
#8837=CARTESIAN_POINT('',(0.0082,0.02465,0.001));
#8838=CARTESIAN_POINT('',(0.0082,0.00835,0.001));
#8839=CARTESIAN_POINT('',(0.00415,0.00835,0.001));
#8840=CARTESIAN_POINT('',(9.99999999999989E-5,0.00835,0.001));
#8841=CARTESIAN_POINT('',(0.0001,0.0165,0.001));
#8842=CARTESIAN_POINT('',(0.0001,0.02465,0.001));
#8843=CARTESIAN_POINT('',(0.00415,0.02465,0.001));
#8844=CARTESIAN_POINT('',(-1.7347234759768E-18,0.0165,0.002));
#8845=CARTESIAN_POINT('',(0.0082,0.0165,0.002));
#8846=CARTESIAN_POINT('',(0.0082,0.02465,0.002));
#8847=CARTESIAN_POINT('',(0.0082,0.00835,0.002));
#8848=CARTESIAN_POINT('',(0.00415,0.02465,0.002));
#8849=CARTESIAN_POINT('',(0.0001,0.02465,0.002));
#8850=CARTESIAN_POINT('',(0.0001,0.0165,0.002));
#8851=CARTESIAN_POINT('',(9.99999999999989E-5,0.00835,0.002));
#8852=CARTESIAN_POINT('',(0.00415,0.00835,0.002));
#8853=CARTESIAN_POINT('',(0.00415,0.00835,0.002));
#8854=CARTESIAN_POINT('',(0.0082,0.00835,0.002));
#8855=CARTESIAN_POINT('',(9.99999999999989E-5,0.00835,0.002));
#8856=CARTESIAN_POINT('',(0.0001,0.0165,0.002));
#8857=CARTESIAN_POINT('',(0.0001,0.02465,0.002));
#8858=CARTESIAN_POINT('',(0.00415,0.02465,0.002));
#8859=CARTESIAN_POINT('',(0.0082,0.02465,0.002));
#8860=CARTESIAN_POINT('',(0.0082,0.0165,0.002));
#8861=CARTESIAN_POINT('',(0.177741487432041,0.27495,0.389874741000806));
#8862=CARTESIAN_POINT('',(0.151865565711498,0.01945,0.39775429048739));
#8863=CARTESIAN_POINT('',(0.12477724744729,0.25845,0.408248360890131));
#8864=CARTESIAN_POINT('',(0.175084124223663,0.0584500000000016,0.38875937299933));
#8865=CARTESIAN_POINT('',(0.136386526703379,0.15845,0.403750902146099));
#8866=CARTESIAN_POINT('',(0.136386526703376,0.20295,0.4037509021461));
#8867=CARTESIAN_POINT('',(0.163474844967582,0.00295000000000111,0.393256831743359));
#8868=CARTESIAN_POINT('',(0.163474844967571,0.21945,0.393256831743364));
#8869=CARTESIAN_POINT('',(0.124777247447302,0.00844999999999867,0.408248360890126));
#8870=CARTESIAN_POINT('',(0.175084124223666,0.0029500000000018,0.388759372999329));
#8871=CARTESIAN_POINT('',(0.178953883975682,0.23045,0.387260220084657));
#8872=CARTESIAN_POINT('',(-0.0083,5.10672526334813E-19,0.001));
#8873=CARTESIAN_POINT('',(-9.99999999999977E-5,5.10672526334813E-19,0.001));
#8874=CARTESIAN_POINT('',(-9.99999999999959E-5,0.00815,0.001));
#8875=CARTESIAN_POINT('',(-0.0001,-0.00815,0.001));
#8876=CARTESIAN_POINT('',(-0.00415,-0.00815,0.001));
#8877=CARTESIAN_POINT('',(-0.0082,-0.00815,0.001));
#8878=CARTESIAN_POINT('',(-0.0082,3.98011947828843E-18,0.001));
#8879=CARTESIAN_POINT('',(-0.0082,0.00815,0.001));
#8880=CARTESIAN_POINT('',(-0.00415,0.00815,0.001));
#8881=CARTESIAN_POINT('',(-0.0083,5.10672526334813E-19,0.002));
#8882=CARTESIAN_POINT('',(-9.99999999999977E-5,5.10672526334813E-19,0.002));
#8883=CARTESIAN_POINT('',(-9.99999999999959E-5,0.00815,0.002));
#8884=CARTESIAN_POINT('',(-0.0001,-0.00815,0.002));
#8885=CARTESIAN_POINT('',(-0.00415,0.00815,0.002));
#8886=CARTESIAN_POINT('',(-0.0082,0.00815,0.002));
#8887=CARTESIAN_POINT('',(-0.0082,3.98011947828843E-18,0.002));
#8888=CARTESIAN_POINT('',(-0.0082,-0.00815,0.002));
#8889=CARTESIAN_POINT('',(-0.00415,-0.00815,0.002));
#8890=CARTESIAN_POINT('',(-0.00415,-0.00815,0.002));
#8891=CARTESIAN_POINT('',(-0.0001,-0.00815,0.002));
#8892=CARTESIAN_POINT('',(-0.0082,-0.00815,0.002));
#8893=CARTESIAN_POINT('',(-0.0082,3.98011947828843E-18,0.002));
#8894=CARTESIAN_POINT('',(-0.0082,0.00815,0.002));
#8895=CARTESIAN_POINT('',(-0.00415,0.00815,0.002));
#8896=CARTESIAN_POINT('',(-9.99999999999959E-5,0.00815,0.002));
#8897=CARTESIAN_POINT('',(-9.99999999999977E-5,5.10672526334813E-19,0.002));
#8898=CARTESIAN_POINT('',(0.177741487432046,0.17495,0.389874741000804));
#8899=CARTESIAN_POINT('',(0.147995805959456,0.28595,0.399253443402071));
#8900=CARTESIAN_POINT('',(0.171214364471632,0.11945,0.390258525914009));
#8901=CARTESIAN_POINT('',(0.12864700719933,0.0139499999999987,0.40674920797545));
#8902=CARTESIAN_POINT('',(0.13638652670338,0.135949999999998,0.403750902146099));
#8903=CARTESIAN_POINT('',(0.132516766951344,0.28045,0.405250055060778));
#8904=CARTESIAN_POINT('',(0.182823643727712,0.20295,0.38576106716998));
#8905=CARTESIAN_POINT('',(0.159605085215552,0.04695,0.394755984658037));
#8906=CARTESIAN_POINT('',(0.136386526703383,0.0639499999999991,0.403750902146097));
#8907=CARTESIAN_POINT('',(0.136386526703376,0.20845,0.4037509021461));
#8908=CARTESIAN_POINT('',(0.177741487432041,0.27495,0.389874741000806));
#8909=CARTESIAN_POINT('',(0.16347484496757,0.25295,0.393256831743364));
#8910=CARTESIAN_POINT('',(0.144126046207437,0.10295,0.400752596316745));
#8911=CARTESIAN_POINT('',(-1.7347234759768E-18,-0.0165,0.001));
#8912=CARTESIAN_POINT('',(0.0082,-0.0165,0.001));
#8913=CARTESIAN_POINT('',(0.0082,-0.00835,0.001));
#8914=CARTESIAN_POINT('',(0.0082,-0.02465,0.001));
#8915=CARTESIAN_POINT('',(0.00415,-0.02465,0.001));
#8916=CARTESIAN_POINT('',(9.99999999999989E-5,-0.02465,0.001));
#8917=CARTESIAN_POINT('',(0.0001,-0.0165,0.001));
#8918=CARTESIAN_POINT('',(0.0001,-0.00835,0.001));
#8919=CARTESIAN_POINT('',(0.00415,-0.00835,0.001));
#8920=CARTESIAN_POINT('',(-1.7347234759768E-18,-0.0165,0.002));
#8921=CARTESIAN_POINT('',(0.0082,-0.0165,0.002));
#8922=CARTESIAN_POINT('',(0.0082,-0.00835,0.002));
#8923=CARTESIAN_POINT('',(0.0082,-0.02465,0.002));
#8924=CARTESIAN_POINT('',(0.00415,-0.00835,0.002));
#8925=CARTESIAN_POINT('',(0.0001,-0.00835,0.002));
#8926=CARTESIAN_POINT('',(0.0001,-0.0165,0.002));
#8927=CARTESIAN_POINT('',(9.99999999999989E-5,-0.02465,0.002));
#8928=CARTESIAN_POINT('',(0.00415,-0.02465,0.002));
#8929=CARTESIAN_POINT('',(0.00415,-0.02465,0.002));
#8930=CARTESIAN_POINT('',(0.0082,-0.02465,0.002));
#8931=CARTESIAN_POINT('',(9.99999999999989E-5,-0.02465,0.002));
#8932=CARTESIAN_POINT('',(0.0001,-0.0165,0.002));
#8933=CARTESIAN_POINT('',(0.0001,-0.00835,0.002));
#8934=CARTESIAN_POINT('',(0.00415,-0.00835,0.002));
#8935=CARTESIAN_POINT('',(0.0082,-0.00835,0.002));
#8936=CARTESIAN_POINT('',(0.0082,-0.0165,0.002));
#8937=CARTESIAN_POINT('',(0.162262448423939,0.07495,0.395871352659508));
#8938=CARTESIAN_POINT('',(0.140256286455406,0.16395,0.402251749231422));
#8939=CARTESIAN_POINT('',(0.140256286455411,0.0694499999999992,0.40225174923142));
#8940=CARTESIAN_POINT('',(0.124777247447292,0.21395,0.40824836089013));
#8941=CARTESIAN_POINT('',(0.151865565711486,0.24695,0.397754290487394));
#8942=CARTESIAN_POINT('',(0.147995805959463,0.15295,0.399253443402069));
#8943=CARTESIAN_POINT('',(0.146783409415822,0.17495,0.401867964318217));
#8944=CARTESIAN_POINT('',(0.182823643727719,0.0639500000000018,0.385761067169977));
#8945=CARTESIAN_POINT('',(0.144126046207431,0.21945,0.400752596316747));
#8946=CARTESIAN_POINT('',(0.16347484496758,0.04695,0.39325683174336));
#8947=CARTESIAN_POINT('',(0.151865565711496,0.06395,0.397754290487391));
#8948=CARTESIAN_POINT('',(0.15960508521555,0.09695,0.394755984658038));
#8949=CARTESIAN_POINT('',(0.147995805959465,0.10295,0.399253443402068));
#8950=CARTESIAN_POINT('',(0.146783409415827,0.07495,0.401867964318215));
#8951=CARTESIAN_POINT('',(-0.0083,-0.0165,0.001));
#8952=CARTESIAN_POINT('',(-9.99999999999977E-5,-0.0165,0.001));
#8953=CARTESIAN_POINT('',(-9.99999999999959E-5,-0.00835,0.001));
#8954=CARTESIAN_POINT('',(-0.0001,-0.02465,0.001));
#8955=CARTESIAN_POINT('',(-0.00415,-0.02465,0.001));
#8956=CARTESIAN_POINT('',(-0.0082,-0.02465,0.001));
#8957=CARTESIAN_POINT('',(-0.0082,-0.0165,0.001));
#8958=CARTESIAN_POINT('',(-0.0082,-0.00835,0.001));
#8959=CARTESIAN_POINT('',(-0.00415,-0.00835,0.001));
#8960=CARTESIAN_POINT('',(-0.0083,-0.0165,0.002));
#8961=CARTESIAN_POINT('',(-9.99999999999977E-5,-0.0165,0.002));
#8962=CARTESIAN_POINT('',(-9.99999999999959E-5,-0.00835,0.002));
#8963=CARTESIAN_POINT('',(-0.0001,-0.02465,0.002));
#8964=CARTESIAN_POINT('',(-0.00415,-0.00835,0.002));
#8965=CARTESIAN_POINT('',(-0.0082,-0.00835,0.002));
#8966=CARTESIAN_POINT('',(-0.0082,-0.0165,0.002));
#8967=CARTESIAN_POINT('',(-0.0082,-0.02465,0.002));
#8968=CARTESIAN_POINT('',(-0.00415,-0.02465,0.002));
#8969=CARTESIAN_POINT('',(-0.00415,-0.02465,0.002));
#8970=CARTESIAN_POINT('',(-0.0001,-0.02465,0.002));
#8971=CARTESIAN_POINT('',(-0.0082,-0.02465,0.002));
#8972=CARTESIAN_POINT('',(-0.0082,-0.0165,0.002));
#8973=CARTESIAN_POINT('',(-0.0082,-0.00835,0.002));
#8974=CARTESIAN_POINT('',(-0.00415,-0.00835,0.002));
#8975=CARTESIAN_POINT('',(-9.99999999999959E-5,-0.00835,0.002));
#8976=CARTESIAN_POINT('',(-9.99999999999977E-5,-0.0165,0.002));
#8977=CARTESIAN_POINT('',(0.177741487432051,0.0749500000000012,0.389874741000802));
#8978=CARTESIAN_POINT('',(-0.0083,0.0165,0.001));
#8979=CARTESIAN_POINT('',(-9.99999999999977E-5,0.0165,0.001));
#8980=CARTESIAN_POINT('',(-9.99999999999959E-5,0.02465,0.001));
#8981=CARTESIAN_POINT('',(-0.0001,0.00835,0.001));
#8982=CARTESIAN_POINT('',(-0.00415,0.00835,0.001));
#8983=CARTESIAN_POINT('',(-0.0082,0.00835,0.001));
#8984=CARTESIAN_POINT('',(-0.0082,0.0165,0.001));
#8985=CARTESIAN_POINT('',(-0.0082,0.02465,0.001));
#8986=CARTESIAN_POINT('',(-0.00415,0.02465,0.001));
#8987=CARTESIAN_POINT('',(-0.0083,0.0165,0.002));
#8988=CARTESIAN_POINT('',(-9.99999999999977E-5,0.0165,0.002));
#8989=CARTESIAN_POINT('',(-9.99999999999959E-5,0.02465,0.002));
#8990=CARTESIAN_POINT('',(-0.0001,0.00835,0.002));
#8991=CARTESIAN_POINT('',(-0.00415,0.02465,0.002));
#8992=CARTESIAN_POINT('',(-0.0082,0.02465,0.002));
#8993=CARTESIAN_POINT('',(-0.0082,0.0165,0.002));
#8994=CARTESIAN_POINT('',(-0.0082,0.00835,0.002));
#8995=CARTESIAN_POINT('',(-0.00415,0.00835,0.002));
#8996=CARTESIAN_POINT('',(-0.00415,0.00835,0.002));
#8997=CARTESIAN_POINT('',(-0.0001,0.00835,0.002));
#8998=CARTESIAN_POINT('',(-0.0082,0.00835,0.002));
#8999=CARTESIAN_POINT('',(-0.0082,0.0165,0.002));
#9000=CARTESIAN_POINT('',(-0.0082,0.02465,0.002));
#9001=CARTESIAN_POINT('',(-0.00415,0.02465,0.002));
#9002=CARTESIAN_POINT('',(-9.99999999999959E-5,0.02465,0.002));
#9003=CARTESIAN_POINT('',(-9.99999999999977E-5,0.0165,0.002));
#9004=CARTESIAN_POINT('',(0.177741487432041,0.27495,0.389874741000806));
#9005=CARTESIAN_POINT('',(-1.7347234759768E-18,0.,0.));
#9006=CARTESIAN_POINT('',(0.,-0.02475,0.));
#9007=CARTESIAN_POINT('',(0.0083,-0.02475,0.));
#9008=CARTESIAN_POINT('',(-0.0083,-0.02475,0.));
#9009=CARTESIAN_POINT('',(-0.0083,-3.46944695195361E-18,0.));
#9010=CARTESIAN_POINT('',(-0.0083,0.02475,0.));
#9011=CARTESIAN_POINT('',(0.,0.02475,0.));
#9012=CARTESIAN_POINT('',(0.0083,0.02475,0.));
#9013=CARTESIAN_POINT('',(0.0083,-3.46944695195361E-18,0.));
#9014=CARTESIAN_POINT('',(-1.7347234759768E-18,0.,0.001));
#9015=CARTESIAN_POINT('',(0.,-0.02475,0.001));
#9016=CARTESIAN_POINT('',(0.0083,-0.02475,0.001));
#9017=CARTESIAN_POINT('',(-0.0083,-0.02475,0.001));
#9018=CARTESIAN_POINT('',(0.0083,-3.46944695195361E-18,0.001));
#9019=CARTESIAN_POINT('',(0.0083,0.02475,0.001));
#9020=CARTESIAN_POINT('',(0.,0.02475,0.001));
#9021=CARTESIAN_POINT('',(-0.0083,0.02475,0.001));
#9022=CARTESIAN_POINT('',(-0.0083,-3.46944695195361E-18,0.001));
#9023=CARTESIAN_POINT('',(-0.0083,-3.46944695195361E-18,0.001));
#9024=CARTESIAN_POINT('',(-0.0083,-0.02475,0.001));
#9025=CARTESIAN_POINT('',(-0.0083,0.02475,0.001));
#9026=CARTESIAN_POINT('',(0.,0.02475,0.001));
#9027=CARTESIAN_POINT('',(0.0083,0.02475,0.001));
#9028=CARTESIAN_POINT('',(0.0083,-3.46944695195361E-18,0.001));
#9029=CARTESIAN_POINT('',(0.0083,-0.02475,0.001));
#9030=CARTESIAN_POINT('',(0.,-0.02475,0.001));
#9031=CARTESIAN_POINT('',(0.131304370407708,0.22495,0.407864575976924));
#9032=CARTESIAN_POINT('',(0.159605085215553,0.03595,0.394755984658037));
#9033=CARTESIAN_POINT('',(0.159605085215552,0.0529500000000009,0.394755984658037));
#9034=CARTESIAN_POINT('',(0.128647007199318,0.241449999999997,0.406749207975454));
#9035=CARTESIAN_POINT('',(0.162262448423937,0.12495,0.395871352659509));
#9036=CARTESIAN_POINT('',(0.175084124223659,0.13595,0.388759372999332));
#9037=CARTESIAN_POINT('',(0.171214364471624,0.28595,0.390258525914012));
#9038=CARTESIAN_POINT('',(0.167344604719597,0.25845,0.391757678828688));
#9039=CARTESIAN_POINT('',(0.182823643727715,0.15295,0.385761067169979));
#9040=CARTESIAN_POINT('',(0.177741487432051,0.0749500000000012,0.389874741000802));
#9041=CARTESIAN_POINT('',(0.146783409415817,0.27495,0.401867964318219));
#9042=CARTESIAN_POINT('',(0.132516766951351,0.141449999999998,0.405250055060775));
#9043=CARTESIAN_POINT('',(0.147995805959464,0.13595,0.399253443402068));
#9044=CARTESIAN_POINT('',(0.140256286455408,0.13045,0.402251749231422));
#9045=CARTESIAN_POINT('',(0.151865565711495,0.07495,0.397754290487391));
#9046=CARTESIAN_POINT('',(0.155735325463525,0.03045,0.396255137572713));
#9047=CARTESIAN_POINT('',(0.136386526703385,0.0414499999999983,0.403750902146097));
#9048=CARTESIAN_POINT('',(0.171214364471636,0.04695,0.390258525914007));
#9049=CARTESIAN_POINT('',(0.177741487432048,0.12495,0.389874741000803));
#9050=CARTESIAN_POINT('',(0.175084124223651,0.29145,0.388759372999335));
#9051=CARTESIAN_POINT('',(0.147995805959457,0.26945,0.399253443402071));
#9052=CARTESIAN_POINT('',(0.177741487432041,0.27495,0.389874741000806));
#9053=CARTESIAN_POINT('',(0.124777247447302,0.0194499999999983,0.408248360890126));
#9054=CARTESIAN_POINT('',(0.124777247447298,0.0969499999999973,0.408248360890128));
#9055=CARTESIAN_POINT('',(0.163474844967581,0.0249500000000004,0.39325683174336));
#9056=CARTESIAN_POINT('',(0.132516766951346,0.24145,0.405250055060777));
#9057=CARTESIAN_POINT('',(0.140256286455401,0.27495,0.402251749231424));
#9058=CARTESIAN_POINT('',(0.178953883975686,0.15845,0.387260220084656));
#9059=CARTESIAN_POINT('',(0.155735325463526,0.0139500000000003,0.396255137572713));
#9060=CARTESIAN_POINT('',(0.136386526703372,0.28045,0.403750902146102));
#9061=CARTESIAN_POINT('',(0.132516766951349,0.18595,0.405250055060776));
#9062=CARTESIAN_POINT('',(0.177741487432054,0.0249500000000012,0.389874741000801));
#9063=CARTESIAN_POINT('',(0.182823643727715,0.14145,0.385761067169979));
#9064=CARTESIAN_POINT('',(0.136386526703374,0.24145,0.403750902146101));
#9065=CARTESIAN_POINT('',(0.159605085215551,0.07495,0.394755984658038));
#9066=CARTESIAN_POINT('',(0.147995805959456,0.29145,0.399253443402072));
#9067=CARTESIAN_POINT('',(0.144126046207434,0.17495,0.400752596316746));
#9068=CARTESIAN_POINT('',(0.144126046207436,0.13595,0.400752596316746));
#9069=CARTESIAN_POINT('',(0.144126046207442,0.00295,0.400752596316743));
#9070=CARTESIAN_POINT('',(0.132516766951344,0.28595,0.405250055060778));
#9071=CARTESIAN_POINT('',(0.178953883975689,0.102950000000002,0.387260220084655));
#9072=CARTESIAN_POINT('',(0.131304370407713,0.124949999999998,0.407864575976922));
#9073=CARTESIAN_POINT('',(0.146783409415827,0.07495,0.401867964318215));
#9074=CARTESIAN_POINT('',(0.1673446047196,0.19695,0.391757678828687));
#9075=CARTESIAN_POINT('',(0.128647007199325,0.119449999999998,0.406749207975451));
#9076=CARTESIAN_POINT('',(0.162262448423929,0.27495,0.395871352659512));
#9077=CARTESIAN_POINT('',(0.,0.,0.027255));
#9078=CARTESIAN_POINT('',(0.02445,2.57759803265499E-20,0.027255));
#9079=CARTESIAN_POINT('',(0.02445,0.03315,0.027255));
#9080=CARTESIAN_POINT('',(0.02445,-0.03315,0.027255));
#9081=CARTESIAN_POINT('',(-3.46944695195361E-18,-0.03315,0.027255));
#9082=CARTESIAN_POINT('',(-0.02445,-0.03315,0.027255));
#9083=CARTESIAN_POINT('',(-0.02445,-2.57759803265499E-20,0.027255));
#9084=CARTESIAN_POINT('',(-0.02445,0.03315,0.027255));
#9085=CARTESIAN_POINT('',(0.,0.03315,0.027255));
#9086=CARTESIAN_POINT('',(-3.46944695195361E-18,-0.03315,0.027755));
#9087=CARTESIAN_POINT('',(-3.46944695195361E-18,-0.03315,0.));
#9088=CARTESIAN_POINT('',(0.02445,-0.03315,0.));
#9089=CARTESIAN_POINT('',(-0.02445,-0.03315,0.));
#9090=CARTESIAN_POINT('',(-0.02445,-0.03315,0.027755));
#9091=CARTESIAN_POINT('',(0.02445,-0.03315,0.027755));
#9092=CARTESIAN_POINT('',(-0.02445,-2.57759803265499E-20,0.027755));
#9093=CARTESIAN_POINT('',(-0.02445,-2.57759803265499E-20,0.));
#9094=CARTESIAN_POINT('',(-0.02445,0.03315,0.));
#9095=CARTESIAN_POINT('',(-0.02445,0.03315,0.027755));
#9096=CARTESIAN_POINT('',(0.,0.03315,0.027755));
#9097=CARTESIAN_POINT('',(0.,0.03315,0.));
#9098=CARTESIAN_POINT('',(0.02445,0.03315,0.));
#9099=CARTESIAN_POINT('',(0.02445,0.03315,0.027755));
#9100=CARTESIAN_POINT('',(0.02445,2.57759803265499E-20,0.027755));
#9101=CARTESIAN_POINT('',(0.02445,2.57759803265499E-20,0.));
#9102=CARTESIAN_POINT('',(0.,0.,0.027755));
#9103=CARTESIAN_POINT('',(0.02495,0.,0.027755));
#9104=CARTESIAN_POINT('',(0.02495,0.03365,0.027755));
#9105=CARTESIAN_POINT('',(0.02495,-0.03365,0.027755));
#9106=CARTESIAN_POINT('',(0.,0.03365,0.027755));
#9107=CARTESIAN_POINT('',(-0.02495,0.03365,0.027755));
#9108=CARTESIAN_POINT('',(-0.02495,0.,0.027755));
#9109=CARTESIAN_POINT('',(-0.02495,-0.03365,0.027755));
#9110=CARTESIAN_POINT('',(-3.46944695195361E-18,-0.03365,0.027755));
#9111=CARTESIAN_POINT('',(-3.46944695195361E-18,-0.03365,0.027755));
#9112=CARTESIAN_POINT('',(-3.46944695195361E-18,-0.03365,0.));
#9113=CARTESIAN_POINT('',(0.02495,-0.03365,0.));
#9114=CARTESIAN_POINT('',(-0.02495,-0.03365,0.));
#9115=CARTESIAN_POINT('',(0.02495,-0.03365,0.027755));
#9116=CARTESIAN_POINT('',(-0.02495,-0.03365,0.027755));
#9117=CARTESIAN_POINT('',(-0.02495,0.,0.027755));
#9118=CARTESIAN_POINT('',(-0.02495,0.,0.));
#9119=CARTESIAN_POINT('',(-0.02495,0.03365,0.));
#9120=CARTESIAN_POINT('',(-0.02495,0.03365,0.027755));
#9121=CARTESIAN_POINT('',(0.,0.03365,0.027755));
#9122=CARTESIAN_POINT('',(0.,0.03365,0.));
#9123=CARTESIAN_POINT('',(0.02495,0.03365,0.));
#9124=CARTESIAN_POINT('',(0.02495,0.03365,0.027755));
#9125=CARTESIAN_POINT('',(0.02495,0.,0.027755));
#9126=CARTESIAN_POINT('',(0.02495,0.,0.));
#9127=CARTESIAN_POINT('',(0.,0.,0.));
#9128=CARTESIAN_POINT('',(0.15452292891988,0.12495,0.398869658488863));
#9129=CARTESIAN_POINT('',(0.167344604719597,0.27495,0.391757678828689));
#9130=CARTESIAN_POINT('',(0.136386526703373,0.25845,0.403750902146101));
#9131=CARTESIAN_POINT('',(0.175084124223665,0.0249500000000011,0.38875937299933));
#9132=CARTESIAN_POINT('',(0.140256286455411,0.0804499999999988,0.402251749231421));
#9133=CARTESIAN_POINT('',(0.171214364471629,0.19695,0.39025852591401));
#9134=CARTESIAN_POINT('',(0.128647007199325,0.10845,0.406749207975451));
#9135=CARTESIAN_POINT('',(0.175084124223657,0.18595,0.388759372999333));
#9136=CARTESIAN_POINT('',(0.162262448423932,0.22495,0.395871352659511));
#9137=CARTESIAN_POINT('',(0.146783409415822,0.17495,0.401867964318217));
#9138=CARTESIAN_POINT('',(0.175084124223658,0.16395,0.388759372999333));
#9139=CARTESIAN_POINT('',(0.155735325463512,0.29695,0.396255137572718));
#9140=CARTESIAN_POINT('',(0.132516766951358,0.0194499999999987,0.405250055060773));
#9141=CARTESIAN_POINT('',(0.155735325463526,0.00845000000000048,0.396255137572713));
#9142=CARTESIAN_POINT('',(0.163474844967575,0.13045,0.393256831743362));
#9143=CARTESIAN_POINT('',(0.147995805959464,0.13045,0.399253443402068));
#9144=CARTESIAN_POINT('',(0.155735325463514,0.24145,0.396255137572717));
#9145=CARTESIAN_POINT('',(0.151865565711486,0.25845,0.397754290487395));
#9146=CARTESIAN_POINT('',(0.178953883975687,0.14695,0.387260220084656));
#9147=CARTESIAN_POINT('',(0.171214364471637,0.0249500000000008,0.390258525914007));
#9148=CARTESIAN_POINT('',(0.162262448423939,0.07495,0.395871352659508));
#9149=CARTESIAN_POINT('',(0.159605085215551,0.06945,0.394755984658038));
#9150=CARTESIAN_POINT('',(0.171214364471632,0.13045,0.390258525914009));
#9151=CARTESIAN_POINT('',(0.175084124223653,0.25295,0.388759372999334));
#9152=CARTESIAN_POINT('',(0.140256286455405,0.18045,0.402251749231423));
#9153=CARTESIAN_POINT('',(0.136386526703384,0.05295,0.403750902146097));
#9154=CARTESIAN_POINT('',(0.163474844967573,0.19145,0.393256831743363));
#9155=CARTESIAN_POINT('',(0.140256286455408,0.13595,0.402251749231422));
#9156=CARTESIAN_POINT('',(0.151865565711492,0.13595,0.397754290487392));
#9157=CARTESIAN_POINT('',(0.163474844967575,0.14695,0.393256831743362));
#9158=CARTESIAN_POINT('',(0.128647007199319,0.23045,0.406749207975453));
#9159=CARTESIAN_POINT('',(0.131304370407713,0.124949999999998,0.407864575976922));
#9160=CARTESIAN_POINT('',(0.163474844967568,0.28045,0.393256831743365));
#9161=CARTESIAN_POINT('',(0.171214364471633,0.10295,0.390258525914008));
#9162=CARTESIAN_POINT('',(0.136386526703384,0.0469499999999981,0.403750902146097));
#9163=CARTESIAN_POINT('',(0.136386526703372,0.29145,0.403750902146102));
#9164=CARTESIAN_POINT('',(0.178953883975686,0.16395,0.387260220084656));
#9165=CARTESIAN_POINT('',(0.144126046207429,0.27495,0.400752596316748));
#9166=CARTESIAN_POINT('',(0.146783409415817,0.27495,0.401867964318219));
#9167=CARTESIAN_POINT('',(0.131304370407713,0.124949999999998,0.407864575976922));
#9168=CARTESIAN_POINT('',(0.136386526703378,0.16945,0.403750902146099));
#9169=CARTESIAN_POINT('',(0.144126046207437,0.10845,0.400752596316745));
#9170=CARTESIAN_POINT('',(0.132516766951354,0.0969499999999978,0.405250055060774));
#9171=CARTESIAN_POINT('',(0.147995805959461,0.19145,0.39925344340207));
#9172=CARTESIAN_POINT('',(0.182823643727722,0.00845000000000207,0.385761067169976));
#9173=CARTESIAN_POINT('',(0.163474844967577,0.10295,0.393256831743361));
#9174=CARTESIAN_POINT('',(0.162262448423929,0.27495,0.395871352659512));
#9175=CARTESIAN_POINT('',(0.128647007199323,0.146949999999998,0.406749207975452));
#9176=CARTESIAN_POINT('',(0.132516766951354,0.0859499999999982,0.405250055060774));
#9177=CARTESIAN_POINT('',(0.151865565711492,0.12495,0.397754290487392));
#9178=CARTESIAN_POINT('',(0.155735325463525,0.02495,0.396255137572713));
#9179=CARTESIAN_POINT('',(0.155735325463518,0.18045,0.396255137572716));
#9180=CARTESIAN_POINT('',(0.155735325463517,0.19145,0.396255137572716));
#9181=CARTESIAN_POINT('',(0.159605085215545,0.19145,0.39475598465804));
#9182=CARTESIAN_POINT('',(0.151865565711486,0.25295,0.397754290487395));
#9183=CARTESIAN_POINT('',(0.144126046207433,0.18595,0.400752596316747));
#9184=CARTESIAN_POINT('',(0.15573532546352,0.13045,0.396255137572715));
#9185=CARTESIAN_POINT('',(0.171214364471626,0.24695,0.390258525914011));
#9186=CARTESIAN_POINT('',(0.171214364471636,0.04145,0.390258525914007));
#9187=CARTESIAN_POINT('',(0.136386526703386,0.0139499999999992,0.403750902146096));
#9188=CARTESIAN_POINT('',(0.155735325463512,0.29145,0.396255137572718));
#9189=CARTESIAN_POINT('',(0.155735325463523,0.06395,0.396255137572714));
#9190=CARTESIAN_POINT('',(0.155735325463516,0.20295,0.396255137572716));
#9191=CARTESIAN_POINT('',(0.144126046207436,0.12495,0.400752596316745));
#9192=CARTESIAN_POINT('',(0.18282364372772,0.041450000000001,0.385761067169977));
#9193=CARTESIAN_POINT('',(0.155735325463526,0.01945,0.396255137572713));
#9194=CARTESIAN_POINT('',(0.132516766951353,0.11395,0.405250055060775));
#9195=CARTESIAN_POINT('',(0.163474844967574,0.16945,0.393256831743363));
#9196=CARTESIAN_POINT('',(0.128647007199316,0.29145,0.406749207975455));
#9197=CARTESIAN_POINT('',(0.14025628645541,0.0914499999999985,0.402251749231421));
#9198=CARTESIAN_POINT('',(0.124777247447299,0.0694499999999983,0.408248360890127));
#9199=CARTESIAN_POINT('',(0.131304370407715,0.0749499999999985,0.407864575976921));
#9200=CARTESIAN_POINT('',(0.178953883975684,0.19145,0.387260220084656));
#9201=CARTESIAN_POINT('',(0.124777247447294,0.17495,0.408248360890129));
#9202=CARTESIAN_POINT('',(0.182823643727717,0.113950000000002,0.385761067169978));
#9203=CARTESIAN_POINT('',(0.177741487432048,0.12495,0.389874741000803));
#9204=CARTESIAN_POINT('',(0.146783409415827,0.07495,0.401867964318215));
#9205=CARTESIAN_POINT('',(0.171214364471632,0.13595,0.390258525914009));
#9206=CARTESIAN_POINT('',(0.167344604719599,0.22495,0.391757678828688));
#9207=CARTESIAN_POINT('',(0.177741487432048,0.12495,0.389874741000803));
#9208=CARTESIAN_POINT('',(0.162262448423941,0.0249500000000003,0.395871352659507));
#9209=CARTESIAN_POINT('',(0.144126046207442,0.0194499999999995,0.400752596316743));
#9210=CARTESIAN_POINT('',(0.13130437040771,0.17495,0.407864575976923));
#9211=CARTESIAN_POINT('',(0.167344604719602,0.15845,0.391757678828686));
#9212=CARTESIAN_POINT('',(0.136386526703377,0.19695,0.4037509021461));
#9213=CARTESIAN_POINT('',(0.124777247447292,0.20295,0.40824836089013));
#9214=CARTESIAN_POINT('',(0.182823643727714,0.16395,0.385761067169979));
#9215=CARTESIAN_POINT('',(0.162262448423939,0.07495,0.395871352659508));
#9216=CARTESIAN_POINT('',(0.178953883975687,0.14145,0.387260220084655));
#9217=CARTESIAN_POINT('',(0.15186556571149,0.16945,0.397754290487393));
#9218=CARTESIAN_POINT('',(0.128647007199328,0.0469499999999976,0.40674920797545));
#9219=CARTESIAN_POINT('',(0.171214364471635,0.0749500000000008,0.390258525914008));
#9220=CARTESIAN_POINT('',(0.146783409415819,0.22495,0.401867964318218));
#9221=CARTESIAN_POINT('',(0.144126046207442,0.0139499999999996,0.400752596316743));
#9222=CARTESIAN_POINT('',(0.163474844967582,0.00845000000000093,0.393256831743359));
#9223=CARTESIAN_POINT('',(0.167344604719603,0.14695,0.391757678828686));
#9224=CARTESIAN_POINT('',(0.144126046207428,0.28045,0.400752596316748));
#9225=CARTESIAN_POINT('',(0.175084124223655,0.21395,0.388759372999333));
#9226=CARTESIAN_POINT('',(0.16347484496758,0.03595,0.39325683174336));
#9227=CARTESIAN_POINT('',(0.178953883975679,0.28595,0.387260220084658));
#9228=CARTESIAN_POINT('',(0.128647007199322,0.16945,0.406749207975452));
#9229=CARTESIAN_POINT('',(0.177741487432051,0.0749500000000012,0.389874741000802));
#9230=CARTESIAN_POINT('',(0.147995805959463,0.14695,0.399253443402069));
#9231=CARTESIAN_POINT('',(0.144126046207439,0.06395,0.400752596316744));
#9232=CARTESIAN_POINT('',(0.140256286455402,0.25295,0.402251749231424));
#9233=CARTESIAN_POINT('',(0.128647007199329,0.035949999999998,0.40674920797545));
#9234=CARTESIAN_POINT('',(0.14025628645541,0.0969499999999982,0.402251749231421));
#9235=CARTESIAN_POINT('',(0.136386526703372,0.28595,0.403750902146102));
#9236=CARTESIAN_POINT('',(0.163474844967576,0.11945,0.393256831743362));
#9237=CARTESIAN_POINT('',(0.147995805959459,0.21945,0.39925344340207));
#9238=CARTESIAN_POINT('',(0.159605085215543,0.23045,0.394755984658041));
#9239=CARTESIAN_POINT('',(0.124777247447293,0.196949999999997,0.40824836089013));
#9240=CARTESIAN_POINT('',(0.178953883975688,0.12495,0.387260220084655));
#9241=CARTESIAN_POINT('',(0.178953883975687,0.15295,0.387260220084656));
#9242=CARTESIAN_POINT('',(0.147995805959469,0.0249499999999995,0.399253443402066));
#9243=CARTESIAN_POINT('',(0.124777247447299,0.0804499999999979,0.408248360890128));
#9244=CARTESIAN_POINT('',(0.132516766951347,0.21945,0.405250055060777));
#9245=CARTESIAN_POINT('',(0.144126046207432,0.21395,0.400752596316747));
#9246=CARTESIAN_POINT('',(0.147995805959467,0.07495,0.399253443402067));
#9247=CARTESIAN_POINT('',(0.128647007199317,0.26945,0.406749207975454));
#9248=CARTESIAN_POINT('',(0.171214364471634,0.08045,0.390258525914008));
#9249=CARTESIAN_POINT('',(0.140256286455407,0.15295,0.402251749231422));
#9250=CARTESIAN_POINT('',(0.155735325463521,0.11945,0.396255137572715));
#9251=CARTESIAN_POINT('',(0.17895388397569,0.09695,0.387260220084655));
#9252=CARTESIAN_POINT('',(0.147995805959459,0.23045,0.39925344340207));
#9253=CARTESIAN_POINT('',(0.147995805959462,0.15845,0.399253443402069));
#9254=CARTESIAN_POINT('',(0.132516766951344,0.29145,0.405250055060778));
#9255=CARTESIAN_POINT('',(0.136386526703385,0.0359499999999984,0.403750902146097));
#9256=CARTESIAN_POINT('',(0.140256286455407,0.141449999999998,0.402251749231422));
#9257=CARTESIAN_POINT('',(0.140256286455405,0.18595,0.402251749231423));
#9258=CARTESIAN_POINT('',(0.15960508521554,0.28595,0.394755984658042));
#9259=CARTESIAN_POINT('',(0.144126046207439,0.06945,0.400752596316744));
#9260=CARTESIAN_POINT('',(0.140256286455405,0.19145,0.402251749231423));
#9261=CARTESIAN_POINT('',(0.124777247447289,0.26945,0.408248360890131));
#9262=CARTESIAN_POINT('',(0.17121436447163,0.15845,0.39025852591401));
#9263=CARTESIAN_POINT('',(0.146783409415825,0.12495,0.401867964318216));
#9264=CARTESIAN_POINT('',(0.159605085215545,0.18045,0.39475598465804));
#9265=CARTESIAN_POINT('',(0.162262448423939,0.07495,0.395871352659508));
#9266=CARTESIAN_POINT('',(0.163474844967575,0.14145,0.393256831743362));
#9267=CARTESIAN_POINT('',(0.144126046207438,0.0859499999999989,0.400752596316745));
#9268=CARTESIAN_POINT('',(0.144126046207435,0.15845,0.400752596316746));
#9269=CARTESIAN_POINT('',(0.162262448423932,0.22495,0.395871352659511));
#9270=CARTESIAN_POINT('',(0.132516766951359,0.0029499999999993,0.405250055060772));
#9271=CARTESIAN_POINT('',(0.159605085215546,0.17495,0.39475598465804));
#9272=CARTESIAN_POINT('',(0.159605085215544,0.20295,0.39475598465804));
#9273=CARTESIAN_POINT('',(0.144126046207437,0.11395,0.400752596316745));
#9274=CARTESIAN_POINT('',(0.132516766951357,0.0359499999999982,0.405250055060773));
#9275=CARTESIAN_POINT('',(0.155735325463524,0.05845,0.396255137572714));
#9276=CARTESIAN_POINT('',(0.159605085215549,0.11945,0.394755984658039));
#9277=CARTESIAN_POINT('',(0.167344604719608,0.0529500000000013,0.391757678828684));
#9278=CARTESIAN_POINT('',(0.124777247447298,0.0914499999999975,0.408248360890128));
#9279=CARTESIAN_POINT('',(0.178953883975693,0.0194500000000015,0.387260220084653));
#9280=CARTESIAN_POINT('',(0.140256286455403,0.23045,0.402251749231424));
#9281=CARTESIAN_POINT('',(0.147995805959458,0.25295,0.399253443402071));
#9282=CARTESIAN_POINT('',(0.136386526703375,0.22495,0.403750902146101));
#9283=CARTESIAN_POINT('',(0.140256286455414,0.0139499999999994,0.402251749231419));
#9284=CARTESIAN_POINT('',(0.151865565711496,0.05845,0.397754290487391));
#9285=CARTESIAN_POINT('',(0.182823643727717,0.102950000000002,0.385761067169978));
#9286=CARTESIAN_POINT('',(0.132516766951355,0.0749499999999985,0.405250055060774));
#9287=CARTESIAN_POINT('',(0.14412604620743,0.25295,0.400752596316748));
#9288=CARTESIAN_POINT('',(0.151865565711491,0.15295,0.397754290487393));
#9289=CARTESIAN_POINT('',(0.162262448423941,0.0249500000000003,0.395871352659507));
#9290=CARTESIAN_POINT('',(0.131304370407713,0.124949999999998,0.407864575976922));
#9291=CARTESIAN_POINT('',(0.182823643727718,0.09145,0.385761067169978));
#9292=CARTESIAN_POINT('',(0.124777247447295,0.15845,0.408248360890129));
#9293=CARTESIAN_POINT('',(0.132516766951355,0.0639499999999989,0.405250055060774));
#9294=CARTESIAN_POINT('',(0.182823643727709,0.26395,0.385761067169981));
#9295=CARTESIAN_POINT('',(0.175084124223659,0.14695,0.388759372999332));
#9296=CARTESIAN_POINT('',(0.155735325463522,0.09145,0.396255137572714));
#9297=CARTESIAN_POINT('',(0.159605085215553,0.04145,0.394755984658037));
#9298=CARTESIAN_POINT('',(0.175084124223661,0.09145,0.388759372999331));
#9299=CARTESIAN_POINT('',(0.15186556571149,0.17495,0.397754290487393));
#9300=CARTESIAN_POINT('',(0.182823643727722,0.00295000000000225,0.385761067169976));
#9301=CARTESIAN_POINT('',(0.124777247447291,0.230449999999997,0.408248360890131));
#9302=CARTESIAN_POINT('',(0.147995805959459,0.22495,0.39925344340207));
#9303=CARTESIAN_POINT('',(0.17121436447163,0.16945,0.39025852591401));
#9304=CARTESIAN_POINT('',(0.175084124223656,0.19695,0.388759372999333));
#9305=CARTESIAN_POINT('',(0.163474844967569,0.25845,0.393256831743364));
#9306=CARTESIAN_POINT('',(0.136386526703386,0.019449999999999,0.403750902146097));
#9307=CARTESIAN_POINT('',(0.167344604719601,0.16945,0.391757678828686));
#9308=CARTESIAN_POINT('',(0.177741487432046,0.17495,0.389874741000804));
#9309=CARTESIAN_POINT('',(0.136386526703383,0.0804499999999986,0.403750902146098));
#9310=CARTESIAN_POINT('',(0.13251676695135,0.16395,0.405250055060776));
#9311=CARTESIAN_POINT('',(0.132516766951344,0.29695,0.405250055060778));
#9312=CARTESIAN_POINT('',(0.155735325463513,0.26945,0.396255137572718));
#9313=CARTESIAN_POINT('',(0.182823643727709,0.26945,0.385761067169981));
#9314=CARTESIAN_POINT('',(0.136386526703384,0.0584499999999993,0.403750902146097));
#9315=CARTESIAN_POINT('',(0.177741487432041,0.27495,0.389874741000806));
#9316=CARTESIAN_POINT('',(0.162262448423929,0.27495,0.395871352659512));
#9317=CARTESIAN_POINT('',(0.151865565711498,0.0249499999999997,0.39775429048739));
#9318=CARTESIAN_POINT('',(0.147995805959469,0.0359499999999991,0.399253443402066));
#9319=CARTESIAN_POINT('',(0.175084124223663,0.0529500000000018,0.38875937299933));
#9320=CARTESIAN_POINT('',(0.155735325463521,0.11395,0.396255137572715));
#9321=CARTESIAN_POINT('',(0.155735325463521,0.10845,0.396255137572715));
#9322=CARTESIAN_POINT('',(0.155735325463514,0.25295,0.396255137572717));
#9323=CARTESIAN_POINT('',(0.178953883975684,0.20295,0.387260220084657));
#9324=CARTESIAN_POINT('',(0.177741487432054,0.0249500000000012,0.389874741000801));
#9325=CARTESIAN_POINT('',(0.15573532546352,0.14145,0.396255137572715));
#9326=CARTESIAN_POINT('',(0.14799580595946,0.20845,0.39925344340207));
#9327=CARTESIAN_POINT('',(0.162262448423941,0.0249500000000003,0.395871352659507));
#9328=CARTESIAN_POINT('',(0.155735325463519,0.14695,0.396255137572715));
#9329=CARTESIAN_POINT('',(0.177741487432046,0.17495,0.389874741000804));
#9330=CARTESIAN_POINT('',(0.177741487432046,0.17495,0.389874741000804));
#9331=CARTESIAN_POINT('',(0.124777247447294,0.16395,0.408248360890129));
#9332=CARTESIAN_POINT('',(0.163474844967573,0.18595,0.393256831743363));
#9333=CARTESIAN_POINT('',(0.140256286455404,0.20295,0.402251749231423));
#9334=CARTESIAN_POINT('',(0.155735325463512,0.28045,0.396255137572718));
#9335=CARTESIAN_POINT('',(0.136386526703382,0.0859499999999984,0.403750902146098));
#9336=CARTESIAN_POINT('',(0.162262448423929,0.27495,0.395871352659512));
#9337=CARTESIAN_POINT('',(0.131304370407718,0.0249499999999985,0.40786457597692));
#9338=CARTESIAN_POINT('',(0.182823643727713,0.17495,0.385761067169979));
#9339=CARTESIAN_POINT('',(0.131304370407708,0.22495,0.407864575976924));
#9340=CARTESIAN_POINT('',(0.154522928919875,0.22495,0.398869658488864));
#9341=CARTESIAN_POINT('',(0.147995805959467,0.06395,0.399253443402067));
#9342=CARTESIAN_POINT('',(0.163474844967569,0.27495,0.393256831743365));
#9343=CARTESIAN_POINT('',(0.171214364471625,0.25845,0.390258525914011));
#9344=CARTESIAN_POINT('',(0.18282364372771,0.24145,0.385761067169981));
#9345=CARTESIAN_POINT('',(0.162262448423929,0.27495,0.395871352659512));
#9346=CARTESIAN_POINT('',(0.167344604719606,0.09695,0.391757678828685));
#9347=CARTESIAN_POINT('',(0.12864700719932,0.20845,0.406749207975453));
#9348=CARTESIAN_POINT('',(0.124777247447288,0.29145,0.408248360890132));
#9349=CARTESIAN_POINT('',(0.136386526703373,0.26395,0.403750902146101));
#9350=CARTESIAN_POINT('',(0.14678340941583,0.0249499999999994,0.401867964318214));
#9351=CARTESIAN_POINT('',(0.177741487432043,0.22495,0.389874741000805));
#9352=CARTESIAN_POINT('',(0.163474844967576,0.11395,0.393256831743361));
#9353=CARTESIAN_POINT('',(0.151865565711492,0.13045,0.397754290487392));
#9354=CARTESIAN_POINT('',(0.140256286455405,0.19695,0.402251749231423));
#9355=CARTESIAN_POINT('',(0.162262448423934,0.17495,0.39587135265951));
#9356=CARTESIAN_POINT('',(0.151865565711494,0.09145,0.397754290487391));
#9357=CARTESIAN_POINT('',(0.146783409415822,0.17495,0.401867964318217));
#9358=CARTESIAN_POINT('',(0.147995805959468,0.0469499999999988,0.399253443402067));
#9359=CARTESIAN_POINT('',(0.178953883975692,0.0414500000000008,0.387260220084653));
#9360=CARTESIAN_POINT('',(0.163474844967571,0.23595,0.393256831743364));
#9361=CARTESIAN_POINT('',(0.159605085215549,0.10845,0.394755984658038));
#9362=CARTESIAN_POINT('',(0.17895388397569,0.0804500000000011,0.387260220084654));
#9363=CARTESIAN_POINT('',(0.15186556571149,0.18045,0.397754290487393));
#9364=CARTESIAN_POINT('',(0.147995805959466,0.08045,0.399253443402067));
#9365=CARTESIAN_POINT('',(0.151865565711493,0.11395,0.397754290487392));
#9366=CARTESIAN_POINT('',(0.178953883975691,0.0749500000000013,0.387260220084654));
#9367=CARTESIAN_POINT('',(0.140256286455403,0.22495,0.402251749231423));
#9368=CARTESIAN_POINT('',(0.175084124223656,0.19145,0.388759372999333));
#9369=CARTESIAN_POINT('',(0.175084124223662,0.074950000000001,0.388759372999331));
#9370=CARTESIAN_POINT('',(0.167344604719601,0.18595,0.391757678828687));
#9371=CARTESIAN_POINT('',(0.140256286455403,0.23595,0.402251749231424));
#9372=CARTESIAN_POINT('',(0.124777247447298,0.10295,0.408248360890128));
#9373=CARTESIAN_POINT('',(0.171214364471627,0.23595,0.390258525914011));
#9374=CARTESIAN_POINT('',(0.178953883975683,0.21945,0.387260220084657));
#9375=CARTESIAN_POINT('',(0.17508412422366,0.10845,0.388759372999331));
#9376=CARTESIAN_POINT('',(0.175084124223663,0.0639500000000014,0.388759372999331));
#9377=CARTESIAN_POINT('',(0.144126046207439,0.0749499999999992,0.400752596316744));
#9378=CARTESIAN_POINT('',(0.167344604719595,0.29695,0.391757678828689));
#9379=CARTESIAN_POINT('',(0.163474844967578,0.08045,0.393256831743361));
#9380=CARTESIAN_POINT('',(0.140256286455409,0.10845,0.402251749231421));
#9381=CARTESIAN_POINT('',(0.140256286455402,0.24145,0.402251749231424));
#9382=CARTESIAN_POINT('',(0.146783409415825,0.12495,0.401867964318216));
#9383=CARTESIAN_POINT('',(0.132516766951351,0.146949999999998,0.405250055060775));
#9384=CARTESIAN_POINT('',(0.155735325463516,0.20845,0.396255137572717));
#9385=CARTESIAN_POINT('',(0.155735325463515,0.23045,0.396255137572717));
#9386=CARTESIAN_POINT('',(0.177741487432054,0.0249500000000012,0.389874741000801));
#9387=CARTESIAN_POINT('',(0.14678340941583,0.0249499999999994,0.401867964318214));
#9388=CARTESIAN_POINT('',(0.162262448423932,0.22495,0.395871352659511));
#9389=CARTESIAN_POINT('',(0.182823643727715,0.13595,0.385761067169979));
#9390=CARTESIAN_POINT('',(0.151865565711489,0.18595,0.397754290487393));
#9391=CARTESIAN_POINT('',(0.159605085215547,0.14695,0.394755984658039));
#9392=CARTESIAN_POINT('',(0.144126046207436,0.13045,0.400752596316745));
#9393=CARTESIAN_POINT('',(0.177741487432041,0.27495,0.389874741000806));
#9394=CARTESIAN_POINT('',(0.140256286455402,0.24695,0.402251749231424));
#9395=CARTESIAN_POINT('',(0.175084124223665,0.0194500000000012,0.38875937299933));
#9396=CARTESIAN_POINT('',(0.144126046207429,0.25845,0.400752596316748));
#9397=CARTESIAN_POINT('',(0.178953883975681,0.24695,0.387260220084658));
#9398=CARTESIAN_POINT('',(0.177741487432043,0.22495,0.389874741000805));
#9399=CARTESIAN_POINT('',(0.154522928919873,0.27495,0.398869658488865));
#9400=CARTESIAN_POINT('',(0.146783409415817,0.27495,0.401867964318219));
#9401=CARTESIAN_POINT('',(0.14799580595946,0.21395,0.39925344340207));
#9402=CARTESIAN_POINT('',(0.155735325463516,0.21395,0.396255137572717));
#9403=CARTESIAN_POINT('',(0.177741487432043,0.22495,0.389874741000805));
#9404=CARTESIAN_POINT('',(0.163474844967577,0.10845,0.393256831743361));
#9405=CARTESIAN_POINT('',(0.171214364471627,0.23045,0.390258525914011));
#9406=CARTESIAN_POINT('',(0.175084124223659,0.14145,0.388759372999332));
#9407=CARTESIAN_POINT('',(0.140256286455414,0.00844999999999957,0.402251749231419));
#9408=CARTESIAN_POINT('',(0.171214364471635,0.069450000000001,0.390258525914008));
#9409=CARTESIAN_POINT('',(0.132516766951352,0.130449999999998,0.405250055060775));
#9410=CARTESIAN_POINT('',(0.151865565711494,0.0969499999999989,0.397754290487392));
#9411=CARTESIAN_POINT('',(0.162262448423937,0.12495,0.395871352659509));
#9412=CARTESIAN_POINT('',(0.13130437040771,0.17495,0.407864575976923));
#9413=CARTESIAN_POINT('',(0.159605085215541,0.26945,0.394755984658042));
#9414=CARTESIAN_POINT('',(0.171214364471625,0.26395,0.390258525914012));
#9415=CARTESIAN_POINT('',(0.124777247447294,0.16945,0.408248360890129));
#9416=CARTESIAN_POINT('',(0.136386526703382,0.096949999999998,0.403750902146098));
#9417=CARTESIAN_POINT('',(0.128647007199327,0.0639499999999987,0.40674920797545));
#9418=CARTESIAN_POINT('',(0.17121436447163,0.16395,0.39025852591401));
#9419=CARTESIAN_POINT('',(0.136386526703375,0.23595,0.403750902146101));
#9420=CARTESIAN_POINT('',(0.178953883975694,0.0139500000000017,0.387260220084653));
#9421=CARTESIAN_POINT('',(0.171214364471638,0.0139500000000012,0.390258525914007));
#9422=CARTESIAN_POINT('',(0.178953883975683,0.21395,0.387260220084657));
#9423=CARTESIAN_POINT('',(0.178953883975681,0.25295,0.387260220084658));
#9424=CARTESIAN_POINT('',(0.132516766951351,0.15845,0.405250055060775));
#9425=CARTESIAN_POINT('',(0.175084124223665,0.0139500000000014,0.38875937299933));
#9426=CARTESIAN_POINT('',(0.146783409415817,0.27495,0.401867964318219));
#9427=CARTESIAN_POINT('',(0.13130437040771,0.17495,0.407864575976923));
#9428=CARTESIAN_POINT('',(0.1247772474473,0.0584499999999986,0.408248360890127));
#9429=CARTESIAN_POINT('',(0.128647007199327,0.0749499999999983,0.40674920797545));
#9430=CARTESIAN_POINT('',(0.136386526703385,0.0304499999999987,0.403750902146097));
#9431=CARTESIAN_POINT('',(0.14799580595947,0.00845,0.399253443402066));
#9432=CARTESIAN_POINT('',(0.147995805959461,0.18595,0.399253443402069));
#9433=CARTESIAN_POINT('',(0.171214364471638,0.019450000000001,0.390258525914007));
#9434=CARTESIAN_POINT('',(0.124777247447301,0.030449999999998,0.408248360890126));
#9435=CARTESIAN_POINT('',(0.144126046207431,0.23595,0.400752596316748));
#9436=CARTESIAN_POINT('',(0.178953883975683,0.20845,0.387260220084657));
#9437=CARTESIAN_POINT('',(0.171214364471631,0.14695,0.390258525914009));
#9438=CARTESIAN_POINT('',(0.144126046207433,0.19145,0.400752596316747));
#9439=CARTESIAN_POINT('',(0.177741487432048,0.12495,0.389874741000803));
#9440=CARTESIAN_POINT('',(0.159605085215542,0.24695,0.394755984658041));
#9441=CARTESIAN_POINT('',(0.162262448423929,0.27495,0.395871352659512));
#9442=CARTESIAN_POINT('',(0.163474844967571,0.23045,0.393256831743364));
#9443=CARTESIAN_POINT('',(0.178953883975694,0.00295000000000202,0.387260220084653));
#9444=CARTESIAN_POINT('',(0.124777247447293,0.19145,0.40824836089013));
#9445=CARTESIAN_POINT('',(0.132516766951345,0.27495,0.405250055060778));
#9446=CARTESIAN_POINT('',(0.159605085215541,0.27495,0.394755984658042));
#9447=CARTESIAN_POINT('',(0.159605085215551,0.06395,0.394755984658038));
#9448=CARTESIAN_POINT('',(0.140256286455411,0.074949999999999,0.40225174923142));
#9449=CARTESIAN_POINT('',(0.178953883975686,0.16945,0.387260220084656));
#9450=CARTESIAN_POINT('',(0.124777247447296,0.130449999999998,0.408248360890129));
#9451=CARTESIAN_POINT('',(0.128647007199328,0.0584499999999988,0.40674920797545));
#9452=CARTESIAN_POINT('',(0.131304370407708,0.22495,0.407864575976924));
#9453=CARTESIAN_POINT('',(0.163474844967581,0.0139500000000007,0.393256831743359));
#9454=CARTESIAN_POINT('',(0.151865565711484,0.28045,0.397754290487395));
#9455=CARTESIAN_POINT('',(0.124777247447295,0.15295,0.408248360890129));
#9456=CARTESIAN_POINT('',(0.136386526703377,0.19145,0.4037509021461));
#9457=CARTESIAN_POINT('',(0.171214364471634,0.08595,0.390258525914008));
#9458=CARTESIAN_POINT('',(0.131304370407718,0.0249499999999985,0.40786457597692));
#9459=CARTESIAN_POINT('',(0.132516766951347,0.22495,0.405250055060777));
#9460=CARTESIAN_POINT('',(0.147995805959465,0.10845,0.399253443402068));
#9461=CARTESIAN_POINT('',(0.167344604719601,0.17495,0.391757678828687));
#9462=CARTESIAN_POINT('',(0.132516766951352,0.124949999999998,0.405250055060775));
#9463=CARTESIAN_POINT('',(0.163474844967575,0.15295,0.393256831743362));
#9464=CARTESIAN_POINT('',(0.14412604620744,0.0469499999999985,0.400752596316744));
#9465=CARTESIAN_POINT('',(0.175084124223652,0.26945,0.388759372999335));
#9466=CARTESIAN_POINT('',(0.128647007199318,0.25295,0.406749207975454));
#9467=CARTESIAN_POINT('',(0.163474844967581,0.0194500000000006,0.39325683174336));
#9468=CARTESIAN_POINT('',(0.16347484496757,0.24145,0.393256831743364));
#9469=CARTESIAN_POINT('',(0.167344604719605,0.10845,0.391757678828685));
#9470=CARTESIAN_POINT('',(0.167344604719608,0.04695,0.391757678828684));
#9471=CARTESIAN_POINT('',(0.177741487432046,0.17495,0.389874741000804));
#9472=CARTESIAN_POINT('',(0.128647007199324,0.135949999999998,0.406749207975452));
#9473=CARTESIAN_POINT('',(0.182823643727707,0.29695,0.385761067169982));
#9474=CARTESIAN_POINT('',(0.1673446047196,0.20295,0.391757678828687));
#9475=CARTESIAN_POINT('',(0.167344604719598,0.25295,0.391757678828688));
#9476=CARTESIAN_POINT('',(0.175084124223651,0.28595,0.388759372999335));
#9477=CARTESIAN_POINT('',(0.144126046207438,0.0804499999999991,0.400752596316744));
#9478=CARTESIAN_POINT('',(0.151865565711494,0.08595,0.397754290487391));
#9479=CARTESIAN_POINT('',(0.151865565711485,0.26945,0.397754290487395));
#9480=CARTESIAN_POINT('',(0.131304370407705,0.27495,0.407864575976925));
#9481=CARTESIAN_POINT('',(0.175084124223664,0.04695,0.38875937299933));
#9482=CARTESIAN_POINT('',(0.151865565711492,0.14145,0.397754290487392));
#9483=CARTESIAN_POINT('',(0.177741487432054,0.0249500000000012,0.389874741000801));
#9484=CARTESIAN_POINT('',(0.175084124223664,0.0414500000000005,0.38875937299933));
#9485=CARTESIAN_POINT('',(0.136386526703379,0.146949999999998,0.403750902146099));
#9486=CARTESIAN_POINT('',(0.182823643727722,0.0139500000000019,0.385761067169976));
#9487=CARTESIAN_POINT('',(0.154522928919883,0.07495,0.398869658488861));
#9488=CARTESIAN_POINT('',(0.124777247447289,0.28045,0.408248360890132));
#9489=CARTESIAN_POINT('',(0.155735325463514,0.24695,0.396255137572717));
#9490=CARTESIAN_POINT('',(0.178953883975692,0.0584500000000018,0.387260220084654));
#9491=CARTESIAN_POINT('',(0.182823643727708,0.29145,0.385761067169982));
#9492=CARTESIAN_POINT('',(0.13130437040771,0.17495,0.407864575976923));
#9493=CARTESIAN_POINT('',(0.163474844967579,0.0639500000000007,0.39325683174336));
#9494=CARTESIAN_POINT('',(0.128647007199318,0.25845,0.406749207975454));
#9495=CARTESIAN_POINT('',(0.136386526703381,0.10845,0.403750902146098));
#9496=CARTESIAN_POINT('',(0.182823643727717,0.09695,0.385761067169978));
#9497=CARTESIAN_POINT('',(0.132516766951348,0.20845,0.405250055060776));
#9498=CARTESIAN_POINT('',(0.182823643727712,0.19695,0.38576106716998));
#9499=CARTESIAN_POINT('',(0.140256286455407,0.15845,0.402251749231422));
#9500=CARTESIAN_POINT('',(0.144126046207433,0.19695,0.400752596316747));
#9501=CARTESIAN_POINT('',(0.162262448423939,0.07495,0.395871352659508));
#9502=CARTESIAN_POINT('',(0.159605085215542,0.25295,0.394755984658041));
#9503=CARTESIAN_POINT('',(0.151865565711495,0.06945,0.397754290487391));
#9504=CARTESIAN_POINT('',(0.178953883975692,0.0469500000000006,0.387260220084654));
#9505=CARTESIAN_POINT('',(0.132516766951358,0.00844999999999912,0.405250055060772));
#9506=CARTESIAN_POINT('',(0.171214364471628,0.20295,0.39025852591401));
#9507=CARTESIAN_POINT('',(0.162262448423937,0.12495,0.395871352659509));
#9508=CARTESIAN_POINT('',(0.147995805959464,0.11945,0.399253443402068));
#9509=CARTESIAN_POINT('',(0.178953883975682,0.22495,0.387260220084657));
#9510=CARTESIAN_POINT('',(0.131304370407715,0.0749499999999985,0.407864575976921));
#9511=CARTESIAN_POINT('',(0.171214364471633,0.11395,0.390258525914009));
#9512=CARTESIAN_POINT('',(0.151865565711496,0.05295,0.397754290487391));
#9513=CARTESIAN_POINT('',(0.163474844967581,0.03045,0.39325683174336));
#9514=CARTESIAN_POINT('',(0.13638652670338,0.130449999999998,0.403750902146099));
#9515=CARTESIAN_POINT('',(0.17508412422366,0.12495,0.388759372999332));
#9516=CARTESIAN_POINT('',(0.136386526703381,0.10295,0.403750902146098));
#9517=CARTESIAN_POINT('',(0.171214364471631,0.14145,0.390258525914009));
#9518=CARTESIAN_POINT('',(0.175084124223661,0.09695,0.388759372999331));
#9519=CARTESIAN_POINT('',(0.136386526703385,0.0249499999999988,0.403750902146097));
#9520=CARTESIAN_POINT('',(0.159605085215543,0.22495,0.394755984658041));
#9521=CARTESIAN_POINT('',(0.13251676695135,0.18045,0.405250055060776));
#9522=CARTESIAN_POINT('',(0.155735325463513,0.27495,0.396255137572718));
#9523=CARTESIAN_POINT('',(0.146783409415827,0.07495,0.401867964318215));
#9524=CARTESIAN_POINT('',(0.167344604719596,0.28595,0.391757678828689));
#9525=CARTESIAN_POINT('',(0.155735325463518,0.16395,0.396255137572716));
#9526=CARTESIAN_POINT('',(0.131304370407718,0.0249499999999985,0.40786457597692));
#9527=CARTESIAN_POINT('',(0.147995805959469,0.0304499999999993,0.399253443402066));
#9528=CARTESIAN_POINT('',(0.182823643727709,0.25845,0.385761067169981));
#9529=CARTESIAN_POINT('',(0.178953883975691,0.0694500000000014,0.387260220084654));
#9530=CARTESIAN_POINT('',(0.136386526703374,0.24695,0.403750902146101));
#9531=CARTESIAN_POINT('',(0.175084124223657,0.18045,0.388759372999333));
#9532=CARTESIAN_POINT('',(0.175084124223656,0.20295,0.388759372999333));
#9533=CARTESIAN_POINT('',(0.178953883975684,0.19695,0.387260220084657));
#9534=CARTESIAN_POINT('',(0.175084124223652,0.28045,0.388759372999335));
#9535=CARTESIAN_POINT('',(0.,2.77555756156289E-17,0.));
#9536=CARTESIAN_POINT('',(0.035,2.77555756156289E-17,0.));
#9537=CARTESIAN_POINT('',(0.035,0.19,0.));
#9538=CARTESIAN_POINT('',(0.035,-0.19,0.));
#9539=CARTESIAN_POINT('',(-1.38777878078145E-17,-0.19,0.));
#9540=CARTESIAN_POINT('',(-0.035,-0.19,0.));
#9541=CARTESIAN_POINT('',(-0.035,2.77555756156289E-17,0.));
#9542=CARTESIAN_POINT('',(-0.035,0.19,0.));
#9543=CARTESIAN_POINT('',(1.38777878078145E-17,0.19,0.));
#9544=CARTESIAN_POINT('',(0.,2.77555756156289E-17,0.025));
#9545=CARTESIAN_POINT('',(0.035,2.77555756156289E-17,0.025));
#9546=CARTESIAN_POINT('',(0.035,0.19,0.025));
#9547=CARTESIAN_POINT('',(0.035,-0.19,0.025));
#9548=CARTESIAN_POINT('',(1.38777878078145E-17,0.19,0.025));
#9549=CARTESIAN_POINT('',(-0.035,0.19,0.025));
#9550=CARTESIAN_POINT('',(-0.035,2.77555756156289E-17,0.025));
#9551=CARTESIAN_POINT('',(-0.035,-0.19,0.025));
#9552=CARTESIAN_POINT('',(-1.38777878078145E-17,-0.19,0.025));
#9553=CARTESIAN_POINT('',(-1.38777878078145E-17,-0.19,0.025));
#9554=CARTESIAN_POINT('',(0.035,-0.19,0.025));
#9555=CARTESIAN_POINT('',(-0.035,-0.19,0.025));
#9556=CARTESIAN_POINT('',(-0.035,2.77555756156289E-17,0.025));
#9557=CARTESIAN_POINT('',(-0.035,0.19,0.025));
#9558=CARTESIAN_POINT('',(1.38777878078145E-17,0.19,0.025));
#9559=CARTESIAN_POINT('',(0.035,0.19,0.025));
#9560=CARTESIAN_POINT('',(0.035,2.77555756156289E-17,0.025));
#9561=CARTESIAN_POINT('',(0.163553970574557,0.159999999999997,0.422181464223972));
#9562=CARTESIAN_POINT('',(0.167344604719602,0.16395,0.391757678828686));
#9563=CARTESIAN_POINT('',(0.140256286455401,0.26945,0.402251749231424));
#9564=CARTESIAN_POINT('',(0.146783409415817,0.27495,0.401867964318219));
#9565=CARTESIAN_POINT('',(0.14412604620744,0.0414499999999988,0.400752596316744));
#9566=CARTESIAN_POINT('',(0.128647007199316,0.28595,0.406749207975455));
#9567=CARTESIAN_POINT('',(0.144126046207428,0.29145,0.400752596316749));
#9568=CARTESIAN_POINT('',(0.128647007199317,0.27495,0.406749207975454));
#9569=CARTESIAN_POINT('',(0.159605085215553,0.03045,0.394755984658037));
#9570=CARTESIAN_POINT('',(0.178953883975692,0.052950000000002,0.387260220084654));
#9571=CARTESIAN_POINT('',(0.136386526703381,0.11395,0.403750902146098));
#9572=CARTESIAN_POINT('',(0.140256286455413,0.0359499999999987,0.40225174923142));
#9573=CARTESIAN_POINT('',(0.178953883975694,0.00845000000000184,0.387260220084653));
#9574=CARTESIAN_POINT('',(0.147995805959455,0.29695,0.399253443402072));
#9575=CARTESIAN_POINT('',(0.131304370407705,0.27495,0.407864575976925));
#9576=CARTESIAN_POINT('',(0.171214364471638,0.00295000000000157,0.390258525914006));
#9577=CARTESIAN_POINT('',(0.146783409415819,0.22495,0.401867964318218));
#9578=CARTESIAN_POINT('',(0.171214364471634,0.09695,0.390258525914008));
#9579=CARTESIAN_POINT('',(0.155735325463523,0.08045,0.396255137572714));
#9580=CARTESIAN_POINT('',(0.159605085215554,0.0139500000000005,0.394755984658037));
#9581=CARTESIAN_POINT('',(0.14025628645541,0.0859499999999987,0.402251749231421));
#9582=CARTESIAN_POINT('',(0.136386526703378,0.16395,0.403750902146099));
#9583=CARTESIAN_POINT('',(0.163474844967572,0.21395,0.393256831743363));
#9584=CARTESIAN_POINT('',(0.147995805959456,0.28045,0.399253443402071));
#9585=CARTESIAN_POINT('',(0.178953883975679,0.29695,0.387260220084659));
#9586=CARTESIAN_POINT('',(0.140256286455412,0.05295,0.40225174923142));
#9587=CARTESIAN_POINT('',(0.175084124223654,0.23045,0.388759372999334));
#9588=CARTESIAN_POINT('',(0.146783409415822,0.17495,0.401867964318217));
#9589=CARTESIAN_POINT('',(0.132516766951345,0.26945,0.405250055060778));
#9590=CARTESIAN_POINT('',(0.162262448423937,0.12495,0.395871352659509));
#9591=CARTESIAN_POINT('',(0.151865565711489,0.19145,0.397754290487393));
#9592=CARTESIAN_POINT('',(0.128647007199327,0.0694499999999985,0.40674920797545));
#9593=CARTESIAN_POINT('',(0.163474844967571,0.22495,0.393256831743364));
#9594=CARTESIAN_POINT('',(0.128647007199329,0.0414499999999978,0.40674920797545));
#9595=CARTESIAN_POINT('',(0.182823643727711,0.21395,0.38576106716998));
#9596=CARTESIAN_POINT('',(0.155735325463522,0.10295,0.396255137572715));
#9597=CARTESIAN_POINT('',(0.147995805959462,0.16395,0.399253443402069));
#9598=CARTESIAN_POINT('',(0.147995805959466,0.08595,0.399253443402067));
#9599=CARTESIAN_POINT('',(0.131304370407713,0.124949999999998,0.407864575976922));
#9600=CARTESIAN_POINT('',(0.159605085215547,0.15845,0.394755984658039));
#9601=CARTESIAN_POINT('',(0.146783409415825,0.12495,0.401867964318216));
#9602=CARTESIAN_POINT('',(0.136386526703372,0.29695,0.403750902146102));
#9603=CARTESIAN_POINT('',(0.124777247447299,0.0749499999999981,0.408248360890128));
#9604=CARTESIAN_POINT('',(0.151865565711491,0.14695,0.397754290487392));
#9605=CARTESIAN_POINT('',(0.167344604719596,0.29145,0.391757678828689));
#9606=CARTESIAN_POINT('',(0.144126046207441,0.0304499999999991,0.400752596316743));
#9607=CARTESIAN_POINT('',(0.17895388397569,0.08595,0.387260220084654));
#9608=CARTESIAN_POINT('',(0.128647007199329,0.0304499999999981,0.40674920797545));
#9609=CARTESIAN_POINT('',(0.159605085215539,0.29695,0.394755984658042));
#9610=CARTESIAN_POINT('',(0.132516766951357,0.0304499999999984,0.405250055060773));
#9611=CARTESIAN_POINT('',(0.131304370407708,0.22495,0.407864575976924));
#9612=CARTESIAN_POINT('',(0.162262448423941,0.0249500000000003,0.395871352659507));
#9613=CARTESIAN_POINT('',(0.159605085215541,0.26395,0.394755984658042));
#9614=CARTESIAN_POINT('',(0.171214364471636,0.0529500000000015,0.390258525914007));
#9615=CARTESIAN_POINT('',(0.182823643727711,0.23045,0.385761067169981));
#9616=CARTESIAN_POINT('',(0.151865565711488,0.20845,0.397754290487394));
#9617=CARTESIAN_POINT('',(0.144126046207442,0.0084499999999998,0.400752596316743));
#9618=CARTESIAN_POINT('',(0.167344604719605,0.10295,0.391757678828685));
#9619=CARTESIAN_POINT('',(0.163474844967573,0.18045,0.393256831743363));
#9620=CARTESIAN_POINT('',(0.12864700719932,0.21395,0.406749207975453));
#9621=CARTESIAN_POINT('',(0.124777247447291,0.235949999999997,0.408248360890131));
#9622=CARTESIAN_POINT('',(0.124777247447295,0.146949999999997,0.408248360890129));
#9623=CARTESIAN_POINT('',(0.177741487432043,0.22495,0.389874741000805));
#9624=CARTESIAN_POINT('',(0.147995805959457,0.25845,0.399253443402071));
#9625=CARTESIAN_POINT('',(0.167344604719599,0.21945,0.391757678828687));
#9626=CARTESIAN_POINT('',(0.167344604719601,0.18045,0.391757678828687));
#9627=CARTESIAN_POINT('',(0.136386526703378,0.17495,0.4037509021461));
#9628=CARTESIAN_POINT('',(0.136386526703377,0.18595,0.4037509021461));
#9629=CARTESIAN_POINT('',(0.155735325463518,0.17495,0.396255137572716));
#9630=CARTESIAN_POINT('',(0.140256286455399,0.29695,0.402251749231425));
#9631=CARTESIAN_POINT('',(0.167344604719599,0.20845,0.391757678828687));
#9632=CARTESIAN_POINT('',(0.167344604719605,0.11395,0.391757678828685));
#9633=CARTESIAN_POINT('',(0.14412604620744,0.05295,0.400752596316744));
#9634=CARTESIAN_POINT('',(0.171214364471624,0.29145,0.390258525914012));
#9635=CARTESIAN_POINT('',(0.18282364372772,0.0529500000000022,0.385761067169977));
#9636=CARTESIAN_POINT('',(0.175084124223653,0.25845,0.388759372999334));
#9637=CARTESIAN_POINT('',(0.131304370407718,0.0249499999999985,0.40786457597692));
#9638=CARTESIAN_POINT('',(0.132516766951356,0.0469499999999978,0.405250055060773));
#9639=CARTESIAN_POINT('',(0.167344604719607,0.0639500000000009,0.391757678828684));
#9640=CARTESIAN_POINT('',(0.171214364471636,0.0584500000000014,0.390258525914008));
#9641=CARTESIAN_POINT('',(0.175084124223654,0.23595,0.388759372999334));
#9642=CARTESIAN_POINT('',(0.140256286455412,0.0469499999999983,0.40225174923142));
#9643=CARTESIAN_POINT('',(0.171214364471626,0.24145,0.390258525914011));
#9644=CARTESIAN_POINT('',(0.124777247447289,0.27495,0.408248360890131));
#9645=CARTESIAN_POINT('',(0.162262448423934,0.17495,0.39587135265951));
#9646=CARTESIAN_POINT('',(0.151865565711485,0.27495,0.397754290487395));
#9647=CARTESIAN_POINT('',(0.147995805959466,0.0969499999999987,0.399253443402068));
#9648=CARTESIAN_POINT('',(0.14412604620743,0.24145,0.400752596316748));
#9649=CARTESIAN_POINT('',(0.177741487432054,0.0249500000000012,0.389874741000801));
#9650=CARTESIAN_POINT('',(0.155735325463514,0.25845,0.396255137572718));
#9651=CARTESIAN_POINT('',(0.151865565711489,0.19695,0.397754290487393));
#9652=CARTESIAN_POINT('',(0.132516766951346,0.24695,0.405250055060777));
#9653=CARTESIAN_POINT('',(0.147995805959468,0.05845,0.399253443402067));
#9654=CARTESIAN_POINT('',(0.15960508521555,0.09145,0.394755984658038));
#9655=CARTESIAN_POINT('',(0.17895388397569,0.09145,0.387260220084654));
#9656=CARTESIAN_POINT('',(0.128647007199322,0.18045,0.406749207975452));
#9657=CARTESIAN_POINT('',(0.131304370407708,0.22495,0.407864575976924));
#9658=CARTESIAN_POINT('',(0.147995805959458,0.24145,0.399253443402071));
#9659=CARTESIAN_POINT('',(0.182823643727717,0.108450000000002,0.385761067169978));
#9660=CARTESIAN_POINT('',(0.13130437040771,0.17495,0.407864575976923));
#9661=CARTESIAN_POINT('',(0.171214364471624,0.28045,0.390258525914012));
#9662=CARTESIAN_POINT('',(0.151865565711497,0.0304499999999996,0.39775429048739));
#9663=CARTESIAN_POINT('',(0.1402562864554,0.28595,0.402251749231425));
#9664=CARTESIAN_POINT('',(0.144126046207428,0.28595,0.400752596316749));
#9665=CARTESIAN_POINT('',(0.182823643727719,0.058450000000002,0.385761067169977));
#9666=CARTESIAN_POINT('',(0.140256286455406,0.17495,0.402251749231422));
#9667=CARTESIAN_POINT('',(0.131304370407708,0.22495,0.407864575976924));
#9668=CARTESIAN_POINT('',(0.128647007199325,0.11395,0.406749207975451));
#9669=CARTESIAN_POINT('',(0.17895388397568,0.26945,0.387260220084658));
#9670=CARTESIAN_POINT('',(0.140256286455401,0.26395,0.402251749231424));
#9671=CARTESIAN_POINT('',(0.162262448423932,0.22495,0.395871352659511));
#9672=CARTESIAN_POINT('',(0.175084124223653,0.26395,0.388759372999334));
#9673=CARTESIAN_POINT('',(0.144126046207434,0.16945,0.400752596316746));
#9674=CARTESIAN_POINT('',(0.175084124223657,0.17495,0.388759372999333));
#9675=CARTESIAN_POINT('',(0.177741487432051,0.0749500000000012,0.389874741000802));
#9676=CARTESIAN_POINT('',(0.147995805959464,0.12495,0.399253443402068));
#9677=CARTESIAN_POINT('',(0.159605085215544,0.21395,0.394755984658041));
#9678=CARTESIAN_POINT('',(0.132516766951345,0.26395,0.405250055060777));
#9679=CARTESIAN_POINT('',(0.155735325463524,0.0469499999999992,0.396255137572713));
#9680=CARTESIAN_POINT('',(0.147995805959468,0.05295,0.399253443402067));
#9681=CARTESIAN_POINT('',(0.124777247447301,0.0359499999999978,0.408248360890126));
#9682=CARTESIAN_POINT('',(0.155735325463524,0.0529500000000006,0.396255137572714));
#9683=CARTESIAN_POINT('',(0.136386526703382,0.0914499999999982,0.403750902146098));
#9684=CARTESIAN_POINT('',(0.159605085215543,0.21945,0.394755984658041));
#9685=CARTESIAN_POINT('',(0.132516766951347,0.23595,0.405250055060777));
#9686=CARTESIAN_POINT('',(0.182823643727713,0.19145,0.38576106716998));
#9687=CARTESIAN_POINT('',(0.147995805959462,0.17495,0.399253443402069));
#9688=CARTESIAN_POINT('',(0.159605085215545,0.18595,0.39475598465804));
#9689=CARTESIAN_POINT('',(0.12477724744729,0.246949999999997,0.408248360890131));
#9690=CARTESIAN_POINT('',(0.132516766951353,0.11945,0.405250055060775));
#9691=CARTESIAN_POINT('',(0.167344604719606,0.08595,0.391757678828685));
#9692=CARTESIAN_POINT('',(0.155735325463523,0.06945,0.396255137572714));
#9693=CARTESIAN_POINT('',(0.147995805959465,0.11395,0.399253443402068));
#9694=CARTESIAN_POINT('',(0.167344604719604,0.13595,0.391757678828686));
#9695=CARTESIAN_POINT('',(0.167344604719609,0.0249500000000006,0.391757678828684));
#9696=CARTESIAN_POINT('',(0.171214364471634,0.09145,0.390258525914008));
#9697=CARTESIAN_POINT('',(0.175084124223664,0.0359500000000008,0.38875937299933));
#9698=CARTESIAN_POINT('',(0.14678340941583,0.0249499999999994,0.401867964318214));
#9699=CARTESIAN_POINT('',(0.18282364372771,0.23595,0.385761067169981));
#9700=CARTESIAN_POINT('',(0.159605085215539,0.29145,0.394755984658042));
#9701=CARTESIAN_POINT('',(0.178953883975682,0.23595,0.387260220084657));
#9702=CARTESIAN_POINT('',(0.182823643727708,0.28595,0.385761067169982));
#9703=CARTESIAN_POINT('',(0.155735325463517,0.18595,0.396255137572716));
#9704=CARTESIAN_POINT('',(0.131304370407715,0.0749499999999985,0.407864575976921));
#9705=CARTESIAN_POINT('',(0.167344604719602,0.15295,0.391757678828686));
#9706=CARTESIAN_POINT('',(0.132516766951358,0.0139499999999989,0.405250055060773));
#9707=CARTESIAN_POINT('',(0.131304370407715,0.0749499999999985,0.407864575976921));
#9708=CARTESIAN_POINT('',(0.124777247447302,0.0249499999999981,0.408248360890126));
#9709=CARTESIAN_POINT('',(0.124777247447301,0.0414499999999976,0.408248360890126));
#9710=CARTESIAN_POINT('',(0.15960508521555,0.08595,0.394755984658038));
#9711=CARTESIAN_POINT('',(0.175084124223655,0.22495,0.388759372999334));
#9712=CARTESIAN_POINT('',(0.167344604719598,0.23595,0.391757678828688));
#9713=CARTESIAN_POINT('',(0.131304370407708,0.22495,0.407864575976924));
#9714=CARTESIAN_POINT('',(0.128647007199326,0.085949999999998,0.406749207975451));
#9715=CARTESIAN_POINT('',(0.14678340941583,0.0249499999999994,0.401867964318214));
#9716=CARTESIAN_POINT('',(0.155735325463527,0.00295000000000066,0.396255137572713));
#9717=CARTESIAN_POINT('',(0.144126046207431,0.23045,0.400752596316747));
#9718=CARTESIAN_POINT('',(0.159605085215544,0.20845,0.39475598465804));
#9719=CARTESIAN_POINT('',(0.182823643727711,0.21945,0.38576106716998));
#9720=CARTESIAN_POINT('',(0.178953883975693,0.035950000000001,0.387260220084653));
#9721=CARTESIAN_POINT('',(0.146783409415822,0.17495,0.401867964318217));
#9722=CARTESIAN_POINT('',(0.182823643727716,0.13045,0.385761067169979));
#9723=CARTESIAN_POINT('',(0.132516766951348,0.20295,0.405250055060776));
#9724=CARTESIAN_POINT('',(0.140256286455413,0.024949999999999,0.402251749231419));
#9725=CARTESIAN_POINT('',(0.182823643727721,0.0194500000000017,0.385761067169976));
#9726=CARTESIAN_POINT('',(0.144126046207438,0.0914499999999987,0.400752596316745));
#9727=CARTESIAN_POINT('',(0.155735325463519,0.15845,0.396255137572716));
#9728=CARTESIAN_POINT('',(0.151865565711493,0.11945,0.397754290487392));
#9729=CARTESIAN_POINT('',(0.128647007199322,0.17495,0.406749207975452));
#9730=CARTESIAN_POINT('',(0.175084124223651,0.29695,0.388759372999335));
#9731=CARTESIAN_POINT('',(0.124777247447293,0.18595,0.40824836089013));
#9732=CARTESIAN_POINT('',(0.162262448423941,0.0249500000000003,0.395871352659507));
#9733=CARTESIAN_POINT('',(0.155735325463515,0.23595,0.396255137572717));
#9734=CARTESIAN_POINT('',(0.178953883975686,0.17495,0.387260220084656));
#9735=CARTESIAN_POINT('',(0.175084124223662,0.08045,0.388759372999331));
#9736=CARTESIAN_POINT('',(0.151865565711497,0.0414499999999992,0.39775429048739));
#9737=CARTESIAN_POINT('',(0.175084124223661,0.102950000000002,0.388759372999331));
#9738=CARTESIAN_POINT('',(0.128647007199318,0.24695,0.406749207975454));
#9739=CARTESIAN_POINT('',(0.163474844967569,0.26945,0.393256831743365));
#9740=CARTESIAN_POINT('',(0.128647007199324,0.124949999999998,0.406749207975451));
#9741=CARTESIAN_POINT('',(0.14412604620743,0.24695,0.400752596316748));
#9742=CARTESIAN_POINT('',(0.124777247447297,0.108449999999998,0.408248360890128));
#9743=CARTESIAN_POINT('',(0.140256286455403,0.21945,0.402251749231423));
#9744=CARTESIAN_POINT('',(0.182823643727718,0.0859500000000011,0.385761067169978));
#9745=CARTESIAN_POINT('',(0.175084124223662,0.08595,0.388759372999331));
#9746=CARTESIAN_POINT('',(0.12864700719932,0.20295,0.406749207975453));
#9747=CARTESIAN_POINT('',(0.163474844967572,0.20295,0.393256831743363));
#9748=CARTESIAN_POINT('',(0.147995805959459,0.23595,0.39925344340207));
#9749=CARTESIAN_POINT('',(0.128647007199326,0.10295,0.406749207975451));
#9750=CARTESIAN_POINT('',(0.147995805959461,0.18045,0.399253443402069));
#9751=CARTESIAN_POINT('',(0.151865565711498,0.00845000000000025,0.39775429048739));
#9752=CARTESIAN_POINT('',(0.1247772474473,0.0469499999999974,0.408248360890127));
#9753=CARTESIAN_POINT('',(0.132516766951357,0.0249499999999986,0.405250055060773));
#9754=CARTESIAN_POINT('',(0.131304370407715,0.0749499999999985,0.407864575976921));
#9755=CARTESIAN_POINT('',(0.131304370407705,0.27495,0.407864575976925));
#9756=CARTESIAN_POINT('',(0.167344604719606,0.08045,0.391757678828685));
#9757=CARTESIAN_POINT('',(0.171214364471633,0.10845,0.390258525914009));
#9758=CARTESIAN_POINT('',(0.146783409415827,0.07495,0.401867964318215));
#9759=CARTESIAN_POINT('',(0.131304370407713,0.124949999999998,0.407864575976922));
#9760=CARTESIAN_POINT('',(0.128647007199322,0.16395,0.406749207975452));
#9761=CARTESIAN_POINT('',(0.178953883975685,0.18045,0.387260220084656));
#9762=CARTESIAN_POINT('',(0.131304370407713,0.124949999999998,0.407864575976922));
#9763=CARTESIAN_POINT('',(0.128647007199324,0.141449999999998,0.406749207975452));
#9764=CARTESIAN_POINT('',(0.182823643727714,0.16945,0.385761067169979));
#9765=CARTESIAN_POINT('',(0.151865565711487,0.23595,0.397754290487394));
#9766=CARTESIAN_POINT('',(0.144126046207432,0.20295,0.400752596316747));
#9767=CARTESIAN_POINT('',(0.14412604620744,0.05845,0.400752596316744));
#9768=CARTESIAN_POINT('',(0.163474844967579,0.0584500000000009,0.39325683174336));
#9769=CARTESIAN_POINT('',(0.163474844967579,0.06945,0.393256831743361));
#9770=CARTESIAN_POINT('',(0.162262448423939,0.07495,0.395871352659508));
#9771=CARTESIAN_POINT('',(0.175084124223662,0.0694500000000012,0.388759372999331));
#9772=CARTESIAN_POINT('',(0.182823643727712,0.20845,0.38576106716998));
#9773=CARTESIAN_POINT('',(0.147995805959463,0.14145,0.399253443402069));
#9774=CARTESIAN_POINT('',(0.124777247447289,0.26395,0.408248360890131));
#9775=CARTESIAN_POINT('',(0.175084124223658,0.15845,0.388759372999332));
#9776=CARTESIAN_POINT('',(0.162262448423932,0.22495,0.395871352659511));
#9777=CARTESIAN_POINT('',(0.132516766951356,0.0529499999999992,0.405250055060773));
#9778=CARTESIAN_POINT('',(0.162262448423941,0.0249500000000003,0.395871352659507));
#9779=CARTESIAN_POINT('',(0.177741487432046,0.17495,0.389874741000804));
#9780=CARTESIAN_POINT('',(0.13638652670338,0.12495,0.403750902146099));
#9781=CARTESIAN_POINT('',(0.182823643727719,0.0694500000000017,0.385761067169977));
#9782=CARTESIAN_POINT('',(0.136386526703386,0.00844999999999935,0.403750902146096));
#9783=CARTESIAN_POINT('',(0.167344604719598,0.24145,0.391757678828688));
#9784=CARTESIAN_POINT('',(0.14678340941583,0.0249499999999994,0.401867964318214));
#9785=CARTESIAN_POINT('',(0.16734460471961,0.013950000000001,0.391757678828683));
#9786=CARTESIAN_POINT('',(0.144126046207441,0.0359499999999989,0.400752596316744));
#9787=CARTESIAN_POINT('',(0.131304370407705,0.27495,0.407864575976925));
#9788=CARTESIAN_POINT('',(0.144126046207436,0.11945,0.400752596316745));
#9789=CARTESIAN_POINT('',(0.178953883975681,0.25845,0.387260220084658));
#9790=CARTESIAN_POINT('',(0.154522928919886,0.02495,0.39886965848886));
#9791=CARTESIAN_POINT('',(0.140256286455406,0.16945,0.402251749231422));
#9792=CARTESIAN_POINT('',(0.177741487432051,0.0749500000000012,0.389874741000802));
#9793=CARTESIAN_POINT('',(0.167344604719606,0.09145,0.391757678828685));
#9794=CARTESIAN_POINT('',(0.167344604719603,0.14145,0.391757678828686));
#9795=CARTESIAN_POINT('',(0.163474844967577,0.09695,0.393256831743361));
#9796=CARTESIAN_POINT('',(0.182823643727721,0.0359500000000012,0.385761067169977));
#9797=CARTESIAN_POINT('',(0.167344604719598,0.24695,0.391757678828688));
#9798=CARTESIAN_POINT('',(0.167344604719604,0.12495,0.391757678828686));
#9799=CARTESIAN_POINT('',(0.147995805959467,0.06945,0.399253443402067));
#9800=CARTESIAN_POINT('',(0.175084124223658,0.15295,0.388759372999332));
#9801=CARTESIAN_POINT('',(0.17895388397568,0.28045,0.387260220084658));
#9802=CARTESIAN_POINT('',(0.15573532546352,0.13595,0.396255137572715));
#9803=CARTESIAN_POINT('',(0.13130437040771,0.17495,0.407864575976923));
#9804=CARTESIAN_POINT('',(0.132516766951353,0.10845,0.405250055060774));
#9805=CARTESIAN_POINT('',(0.128647007199321,0.18595,0.406749207975453));
#9806=CARTESIAN_POINT('',(0.175084124223652,0.27495,0.388759372999335));
#9807=CARTESIAN_POINT('',(0.175084124223653,0.24695,0.388759372999334));
#9808=CARTESIAN_POINT('',(0.124777247447297,0.119449999999998,0.408248360890128));
#9809=CARTESIAN_POINT('',(0.146783409415825,0.12495,0.401867964318216));
#9810=CARTESIAN_POINT('',(0.171214364471638,0.00845000000000139,0.390258525914007));
#9811=CARTESIAN_POINT('',(0.177741487432048,0.12495,0.389874741000803));
#9812=CARTESIAN_POINT('',(0.136386526703373,0.27495,0.403750902146102));
#9813=CARTESIAN_POINT('',(0.128647007199321,0.19695,0.406749207975453));
#9814=CARTESIAN_POINT('',(0.177741487432048,0.12495,0.389874741000803));
#9815=CARTESIAN_POINT('',(0.175084124223666,0.00845000000000161,0.388759372999329));
#9816=CARTESIAN_POINT('',(0.132516766951351,0.15295,0.405250055060775));
#9817=CARTESIAN_POINT('',(0.136386526703374,0.25295,0.403750902146101));
#9818=CARTESIAN_POINT('',(0.132516766951357,0.0414499999999981,0.405250055060773));
#9819=CARTESIAN_POINT('',(0.171214364471627,0.21945,0.390258525914011));
#9820=CARTESIAN_POINT('',(0.162262448423937,0.12495,0.395871352659509));
#9821=CARTESIAN_POINT('',(0.146783409415819,0.22495,0.401867964318218));
#9822=CARTESIAN_POINT('',(0.14799580595947,0.0194499999999997,0.399253443402066));
#9823=CARTESIAN_POINT('',(0.177741487432046,0.17495,0.389874741000804));
#9824=CARTESIAN_POINT('',(0.151865565711493,0.10845,0.397754290487392));
#9825=CARTESIAN_POINT('',(0.162262448423934,0.17495,0.39587135265951));
#9826=CARTESIAN_POINT('',(0.167344604719597,0.26945,0.391757678828688));
#9827=CARTESIAN_POINT('',(0.144126046207429,0.26945,0.400752596316748));
#9828=CARTESIAN_POINT('',(0.162262448423937,0.12495,0.395871352659509));
#9829=CARTESIAN_POINT('',(0.146783409415817,0.27495,0.401867964318219));
#9830=CARTESIAN_POINT('',(0.167344604719609,0.0304500000000005,0.391757678828684));
#9831=CARTESIAN_POINT('',(0.136386526703375,0.23045,0.403750902146101));
#9832=CARTESIAN_POINT('',(0.131304370407705,0.27495,0.407864575976925));
#9833=CARTESIAN_POINT('',(0.128647007199329,0.0249499999999983,0.40674920797545));
#9834=CARTESIAN_POINT('',(0.171214364471628,0.21395,0.390258525914011));
#9835=CARTESIAN_POINT('',(0.171214364471626,0.25295,0.390258525914011));
#9836=CARTESIAN_POINT('',(0.163474844967569,0.26395,0.393256831743364));
#9837=CARTESIAN_POINT('',(0.15573532546352,0.12495,0.396255137572715));
#9838=CARTESIAN_POINT('',(0.171214364471635,0.0639500000000012,0.390258525914008));
#9839=CARTESIAN_POINT('',(0.163474844967577,0.09145,0.393256831743361));
#9840=CARTESIAN_POINT('',(0.147995805959466,0.0914499999999989,0.399253443402068));
#9841=CARTESIAN_POINT('',(0.171214364471627,0.22495,0.390258525914011));
#9842=CARTESIAN_POINT('',(0.171214364471623,0.29695,0.390258525914012));
#9843=CARTESIAN_POINT('',(0.144126046207435,0.15295,0.400752596316746));
#9844=CARTESIAN_POINT('',(0.124777247447292,0.21945,0.40824836089013));
#9845=CARTESIAN_POINT('',(0.128647007199326,0.0914499999999978,0.406749207975451));
#9846=CARTESIAN_POINT('',(0.163474844967574,0.17495,0.393256831743363));
#9847=CARTESIAN_POINT('',(0.163474844967567,0.29695,0.393256831743365));
#9848=CARTESIAN_POINT('',(0.17508412422366,0.11945,0.388759372999332));
#9849=CARTESIAN_POINT('',(0.175084124223664,0.0304500000000009,0.38875937299933));
#9850=CARTESIAN_POINT('',(0.162262448423932,0.22495,0.395871352659511));
#9851=CARTESIAN_POINT('',(0.182823643727713,0.18595,0.38576106716998));
#9852=CARTESIAN_POINT('',(0.16347484496758,0.04145,0.39325683174336));
#9853=CARTESIAN_POINT('',(0.146783409415819,0.22495,0.401867964318218));
#9854=CARTESIAN_POINT('',(0.140256286455409,0.11945,0.402251749231421));
#9855=CARTESIAN_POINT('',(0.151865565711488,0.21395,0.397754290487394));
#9856=CARTESIAN_POINT('',(0.159605085215543,0.23595,0.394755984658041));
#9857=CARTESIAN_POINT('',(0.178953883975689,0.108450000000002,0.387260220084655));
#9858=CARTESIAN_POINT('',(0.163474844967568,0.29145,0.393256831743365));
#9859=CARTESIAN_POINT('',(0.151865565711484,0.29695,0.397754290487395));
#9860=CARTESIAN_POINT('',(0.140256286455409,0.10295,0.402251749231421));
#9861=CARTESIAN_POINT('',(0.132516766951353,0.10295,0.405250055060774));
#9862=CARTESIAN_POINT('',(0.146783409415827,0.07495,0.401867964318215));
#9863=CARTESIAN_POINT('',(0.171214364471628,0.20845,0.39025852591401));
#9864=CARTESIAN_POINT('',(0.151865565711488,0.20295,0.397754290487394));
#9865=CARTESIAN_POINT('',(0.159605085215553,0.02495,0.394755984658037));
#9866=CARTESIAN_POINT('',(0.167344604719609,0.03595,0.391757678828684));
#9867=CARTESIAN_POINT('',(0.151865565711495,0.08045,0.397754290487391));
#9868=CARTESIAN_POINT('',(0.17508412422366,0.11395,0.388759372999332));
#9869=CARTESIAN_POINT('',(0.167344604719599,0.21395,0.391757678828687));
#9870=CARTESIAN_POINT('',(0.124777247447288,0.29695,0.408248360890132));
#9871=CARTESIAN_POINT('',(0.144126046207429,0.26395,0.400752596316748));
#9872=CARTESIAN_POINT('',(0.136386526703377,0.18045,0.4037509021461));
#9873=CARTESIAN_POINT('',(0.162262448423941,0.0249500000000003,0.395871352659507));
#9874=CARTESIAN_POINT('',(0.146783409415819,0.22495,0.401867964318218));
#9875=CARTESIAN_POINT('',(0.15186556571149,0.16395,0.397754290487393));
#9876=CARTESIAN_POINT('',(0.182823643727719,0.0749500000000015,0.385761067169977));
#9877=CARTESIAN_POINT('',(0.155735325463516,0.21945,0.396255137572717));
#9878=CARTESIAN_POINT('',(0.167344604719607,0.07495,0.391757678828685));
#9879=CARTESIAN_POINT('',(0.182823643727716,0.119450000000002,0.385761067169978));
#9880=CARTESIAN_POINT('',(0.167344604719598,0.23045,0.391757678828688));
#9881=CARTESIAN_POINT('',(0.144126046207441,0.0249499999999992,0.400752596316743));
#9882=CARTESIAN_POINT('',(0.1402562864554,0.29145,0.402251749231425));
#9883=CARTESIAN_POINT('',(0.151865565711494,0.10295,0.397754290487392));
#9884=CARTESIAN_POINT('',(0.124777247447292,0.20845,0.40824836089013));
#9885=CARTESIAN_POINT('',(0.178953883975679,0.29145,0.387260220084658));
#9886=CARTESIAN_POINT('',(0.178953883975691,0.0639500000000016,0.387260220084654));
#9887=CARTESIAN_POINT('',(0.155735325463512,0.28595,0.396255137572718));
#9888=CARTESIAN_POINT('',(0.151865565711496,0.046949999999999,0.397754290487391));
#9889=CARTESIAN_POINT('',(0.171214364471637,0.0304500000000007,0.390258525914007));
#9890=CARTESIAN_POINT('',(0.140256286455407,0.146949999999998,0.402251749231422));
#9891=CARTESIAN_POINT('',(0.177741487432043,0.22495,0.389874741000805));
#9892=CARTESIAN_POINT('',(0.128647007199326,0.0969499999999976,0.406749207975451));
#9893=CARTESIAN_POINT('',(0.178953883975681,0.26395,0.387260220084658));
#9894=CARTESIAN_POINT('',(0.132516766951346,0.25845,0.405250055060777));
#9895=CARTESIAN_POINT('',(0.155735325463522,0.09695,0.396255137572714));
#9896=CARTESIAN_POINT('',(0.140256286455411,0.0639499999999993,0.40225174923142));
#9897=CARTESIAN_POINT('',(0.162262448423934,0.17495,0.39587135265951));
#9898=CARTESIAN_POINT('',(0.151865565711491,0.15845,0.397754290487393));
#9899=CARTESIAN_POINT('',(0.159605085215545,0.19695,0.39475598465804));
#9900=CARTESIAN_POINT('',(0.140256286455414,0.0194499999999992,0.402251749231419));
#9901=CARTESIAN_POINT('',(0.131304370407718,0.0249499999999985,0.40786457597692));
#9902=CARTESIAN_POINT('',(0.159605085215542,0.24145,0.394755984658041));
#9903=CARTESIAN_POINT('',(0.140256286455404,0.20845,0.402251749231423));
#9904=CARTESIAN_POINT('',(0.163474844967568,0.28595,0.393256831743365));
#9905=CARTESIAN_POINT('',(0.155735325463525,0.03595,0.396255137572713));
#9906=CARTESIAN_POINT('',(0.146783409415825,0.12495,0.401867964318216));
#9907=CARTESIAN_POINT('',(0.146783409415817,0.27495,0.401867964318219));
#9908=CARTESIAN_POINT('',(0.132516766951347,0.23045,0.405250055060777));
#9909=CARTESIAN_POINT('',(0.182823643727708,0.27495,0.385761067169981));
#9910=CARTESIAN_POINT('',(0.124777247447297,0.113949999999998,0.408248360890128));
#9911=CARTESIAN_POINT('',(0.15960508521554,0.28045,0.394755984658042));
#9912=CARTESIAN_POINT('',(0.163474844967575,0.15845,0.393256831743362));
#9913=CARTESIAN_POINT('',(0.182823643727721,0.0304500000000014,0.385761067169977));
#9914=CARTESIAN_POINT('',(0.167344604719597,0.26395,0.391757678828688));
#9915=CARTESIAN_POINT('',(0.177741487432051,0.0749500000000012,0.389874741000802));
#9916=CARTESIAN_POINT('',(0.131304370407705,0.27495,0.407864575976925));
#9917=CARTESIAN_POINT('',(0.177741487432041,0.27495,0.389874741000806));
#9918=CARTESIAN_POINT('',(0.159605085215541,0.25845,0.394755984658041));
#9919=CARTESIAN_POINT('',(0.162262448423932,0.22495,0.395871352659511));
#9920=CARTESIAN_POINT('',(0.17121436447163,0.17495,0.39025852591401));
#9921=CARTESIAN_POINT('',(0.128647007199331,0.00294999999999908,0.406749207975449));
#9922=CARTESIAN_POINT('',(0.163474844967576,0.12495,0.393256831743362));
#9923=CARTESIAN_POINT('',(0.159605085215552,0.0584500000000007,0.394755984658037));
#9924=CARTESIAN_POINT('',(0.132516766951348,0.21395,0.405250055060776));
#9925=CARTESIAN_POINT('',(0.155735325463519,0.15295,0.396255137572716));
#9926=CARTESIAN_POINT('',(0.13251676695135,0.17495,0.405250055060776));
#9927=CARTESIAN_POINT('',(0.159605085215546,0.16395,0.39475598465804));
#9928=CARTESIAN_POINT('',(0.151865565711487,0.22495,0.397754290487394));
#9929=CARTESIAN_POINT('',(0.12477724744729,0.25295,0.408248360890131));
#9930=CARTESIAN_POINT('',(0.136386526703383,0.0694499999999989,0.403750902146098));
#9931=CARTESIAN_POINT('',(0.140256286455415,0.00294999999999976,0.402251749231419));
#9932=CARTESIAN_POINT('',(0.182823643727708,0.28045,0.385761067169982));
#9933=CARTESIAN_POINT('',(0.16734460471961,0.0194500000000008,0.391757678828683));
#9934=CARTESIAN_POINT('',(0.14678340941583,0.0249499999999994,0.401867964318214));
#9935=CARTESIAN_POINT('',(0.136386526703383,0.0749499999999988,0.403750902146098));
#9936=CARTESIAN_POINT('',(0.159605085215549,0.11395,0.394755984658039));
#9937=CARTESIAN_POINT('',(0.136386526703379,0.15295,0.403750902146099));
#9938=CARTESIAN_POINT('',(0.14678340941583,0.0249499999999994,0.401867964318214));
#9939=CARTESIAN_POINT('',(0.177741487432051,0.0749500000000012,0.389874741000802));
#9940=CARTESIAN_POINT('',(0.167344604719607,0.0694500000000008,0.391757678828684));
#9941=CARTESIAN_POINT('',(0.124777247447303,0.00294999999999885,0.408248360890126));
#9942=CARTESIAN_POINT('',(0.159605085215548,0.13045,0.394755984658039));
#9943=CARTESIAN_POINT('',(0.162262448423939,0.07495,0.395871352659508));
#9944=CARTESIAN_POINT('',(0.132516766951356,0.0584499999999991,0.405250055060773));
#9945=CARTESIAN_POINT('',(0.151865565711498,0.01395,0.39775429048739));
#9946=CARTESIAN_POINT('',(0.182823643727721,0.0249500000000015,0.385761067169976));
#9947=CARTESIAN_POINT('',(0.171214364471629,0.19145,0.39025852591401));
#9948=CARTESIAN_POINT('',(0.159605085215554,0.00295000000000089,0.394755984658036));
#9949=CARTESIAN_POINT('',(0.163474844967578,0.08595,0.393256831743361));
#9950=CARTESIAN_POINT('',(0.155735325463523,0.07495,0.396255137572714));
#9951=CARTESIAN_POINT('',(0.162262448423937,0.12495,0.395871352659509));
#9952=CARTESIAN_POINT('',(0.163474844967575,0.13595,0.393256831743362));
#9953=CARTESIAN_POINT('',(0.131304370407705,0.27495,0.407864575976925));
#9954=CARTESIAN_POINT('',(0.124777247447291,0.22495,0.40824836089013));
#9955=CARTESIAN_POINT('',(0.171214364471625,0.27495,0.390258525914012));
#9956=CARTESIAN_POINT('',(0.177741487432054,0.0249500000000012,0.389874741000801));
#9957=CARTESIAN_POINT('',(0.13251676695135,0.16945,0.405250055060776));
#9958=CARTESIAN_POINT('',(0.132516766951349,0.19145,0.405250055060776));
#9959=CARTESIAN_POINT('',(0.182823643727714,0.15845,0.385761067169979));
#9960=CARTESIAN_POINT('',(0.124777247447296,0.124949999999998,0.408248360890129));
#9961=CARTESIAN_POINT('',(0.14799580595947,0.0139499999999998,0.399253443402066));
#9962=CARTESIAN_POINT('',(0.178953883975693,0.0249500000000013,0.387260220084653));
#9963=CARTESIAN_POINT('',(0.171214364471632,0.12495,0.390258525914009));
#9964=CARTESIAN_POINT('',(0.128647007199324,0.130449999999998,0.406749207975452));
#9965=CARTESIAN_POINT('',(0.171214364471631,0.15295,0.390258525914009));
#9966=CARTESIAN_POINT('',(0.167344604719608,0.04145,0.391757678828684));
#9967=CARTESIAN_POINT('',(0.132516766951355,0.0694499999999987,0.405250055060774));
#9968=CARTESIAN_POINT('',(0.159605085215547,0.15295,0.394755984658039));
#9969=CARTESIAN_POINT('',(0.144126046207431,0.22495,0.400752596316747));
#9970=CARTESIAN_POINT('',(0.159605085215548,0.12495,0.394755984658039));
#9971=CARTESIAN_POINT('',(0.16734460471961,0.00295000000000134,0.391757678828683));
#9972=CARTESIAN_POINT('',(0.151865565711499,0.00295000000000044,0.39775429048739));
#9973=CARTESIAN_POINT('',(0.124777247447294,0.18045,0.40824836089013));
#9974=CARTESIAN_POINT('',(0.144126046207435,0.14145,0.400752596316746));
#9975=CARTESIAN_POINT('',(0.140256286455409,0.11395,0.402251749231421));
#9976=CARTESIAN_POINT('',(0.144126046207435,0.146949999999998,0.400752596316746));
#9977=CARTESIAN_POINT('',(0.144126046207433,0.18045,0.400752596316746));
#9978=CARTESIAN_POINT('',(0.182823643727718,0.0804500000000013,0.385761067169978));
#9979=CARTESIAN_POINT('',(0.12864700719933,0.0194499999999986,0.40674920797545));
#9980=CARTESIAN_POINT('',(0.162262448423934,0.17495,0.39587135265951));
#9981=CARTESIAN_POINT('',(0.1247772474473,0.0639499999999984,0.408248360890127));
#9982=CARTESIAN_POINT('',(0.124777247447288,0.28595,0.408248360890132));
#9983=CARTESIAN_POINT('',(0.128647007199327,0.0804499999999981,0.406749207975451));
#9984=CARTESIAN_POINT('',(0.146783409415819,0.22495,0.401867964318218));
#9985=CARTESIAN_POINT('',(0.175084124223655,0.20845,0.388759372999333));
#9986=CARTESIAN_POINT('',(0.1402562864554,0.28045,0.402251749231425));
#9987=CARTESIAN_POINT('',(0.178953883975682,0.24145,0.387260220084657));
#9988=CARTESIAN_POINT('',(0.175084124223657,0.16945,0.388759372999333));
#9989=CARTESIAN_POINT('',(0.182823643727716,0.12495,0.385761067169978));
#9990=CARTESIAN_POINT('',(0.124777247447298,0.0859499999999977,0.408248360890128));
#9991=CARTESIAN_POINT('',(0.1247772474473,0.0529499999999988,0.408248360890127));
#9992=CARTESIAN_POINT('',(0.159605085215547,0.14145,0.394755984658039));
#9993=CARTESIAN_POINT('',(0.178953883975688,0.13595,0.387260220084655));
#9994=CARTESIAN_POINT('',(0.154522928919878,0.17495,0.398869658488863));
#9995=CARTESIAN_POINT('',(0.144126046207438,0.0969499999999985,0.400752596316745));
#9996=CARTESIAN_POINT('',(0.151865565711487,0.24145,0.397754290487394));
#9997=CARTESIAN_POINT('',(0.171214364471625,0.26945,0.390258525914012));
#9998=CARTESIAN_POINT('',(0.128647007199323,0.15845,0.406749207975452));
#9999=CARTESIAN_POINT('',(0.16734460471961,0.00845000000000116,0.391757678828683));
#10000=CARTESIAN_POINT('',(0.131304370407718,0.0249499999999985,0.40786457597692));
#10001=CARTESIAN_POINT('',(0.167344604719608,0.0584500000000011,0.391757678828684));
#10002=CARTESIAN_POINT('',(0.124777247447296,0.135949999999998,0.408248360890129));
#10003=CARTESIAN_POINT('',(0.136386526703379,0.141449999999998,0.403750902146099));
#10004=CARTESIAN_POINT('',(0.136386526703376,0.21395,0.4037509021461));
#10005=CARTESIAN_POINT('',(0.178953883975688,0.11945,0.387260220084655));
#10006=CARTESIAN_POINT('',(0.17895388397568,0.27495,0.387260220084658));
#10007=CARTESIAN_POINT('',(0.144126046207427,0.29695,0.400752596316749));
#10008=CARTESIAN_POINT('',(0.128647007199321,0.19145,0.406749207975453));
#10009=CARTESIAN_POINT('',(0.182823643727715,0.14695,0.385761067169979));
#10010=CARTESIAN_POINT('',(0.132516766951349,0.19695,0.405250055060776));
#10011=CARTESIAN_POINT('',(0.151865565711487,0.23045,0.397754290487394));
#10012=CARTESIAN_POINT('',(0.155735325463517,0.19695,0.396255137572716));
#10013=CARTESIAN_POINT('',(0.147995805959468,0.0414499999999989,0.399253443402067));
#10014=CARTESIAN_POINT('',(0.14799580595947,0.00295000000000021,0.399253443402066));
#10015=CARTESIAN_POINT('',(0.151865565711484,0.29145,0.397754290487395));
#10016=CARTESIAN_POINT('',(0.128647007199317,0.26395,0.406749207975454));
#10017=CARTESIAN_POINT('',(0.159605085215548,0.13595,0.394755984658039));
#10018=CARTESIAN_POINT('',(0.140256286455413,0.0414499999999985,0.40225174923142));
#10019=CARTESIAN_POINT('',(0.155735325463525,0.0414499999999994,0.396255137572713));
#10020=CARTESIAN_POINT('',(0.128647007199319,0.22495,0.406749207975453));
#10021=CARTESIAN_POINT('',(0.163474844967573,0.19695,0.393256831743363));
#10022=CARTESIAN_POINT('',(0.175084124223659,0.13045,0.388759372999332));
#10023=CARTESIAN_POINT('',(0.124777247447291,0.241449999999997,0.408248360890131));
#10024=CARTESIAN_POINT('',(0.178953883975688,0.13045,0.387260220084655));
#10025=CARTESIAN_POINT('',(0.136386526703387,0.00294999999999953,0.403750902146096));
#10026=CARTESIAN_POINT('',(0.178953883975689,0.11395,0.387260220084655));
#10027=CARTESIAN_POINT('',(0.144126046207434,0.16395,0.400752596316746));
#10028=CARTESIAN_POINT('',(0.159605085215553,0.0194500000000003,0.394755984658037));
#10029=CARTESIAN_POINT('',(0.163474844967574,0.16395,0.393256831743362));
#10030=CARTESIAN_POINT('',(0.128647007199328,0.052949999999999,0.40674920797545));
#10031=CARTESIAN_POINT('',(0.146783409415822,0.17495,0.401867964318217));
#10032=CARTESIAN_POINT('',(0.132516766951352,0.135949999999998,0.405250055060775));
#10033=CARTESIAN_POINT('',(0.144126046207432,0.20845,0.400752596316747));
#10034=CARTESIAN_POINT('',(0.131304370407715,0.0749499999999985,0.407864575976921));
#10035=CARTESIAN_POINT('',(0.147995805959458,0.24695,0.399253443402071));
#10036=CARTESIAN_POINT('',(0.167344604719604,0.13045,0.391757678828686));
#10037=CARTESIAN_POINT('',(0.14799580595946,0.19695,0.39925344340207));
#10038=CARTESIAN_POINT('',(0.18282364372771,0.24695,0.385761067169981));
#10039=CARTESIAN_POINT('',(0.146783409415822,0.17495,0.401867964318217));
#10040=CARTESIAN_POINT('',(0.16347484496757,0.24695,0.393256831743364));
#10041=CARTESIAN_POINT('',(0.18282364372771,0.25295,0.385761067169981));
#10042=CARTESIAN_POINT('',(0.136386526703375,0.21945,0.4037509021461));
#10043=CARTESIAN_POINT('',(0.124777247447296,0.141449999999997,0.408248360890129));
#10044=CARTESIAN_POINT('',(0.18282364372772,0.0469500000000008,0.385761067169977));
#10045=CARTESIAN_POINT('',(0.182823643727713,0.18045,0.38576106716998));
#10046=CARTESIAN_POINT('',(0.171214364471637,0.0359500000000005,0.390258525914007));
#10047=CARTESIAN_POINT('',(0.128647007199319,0.23595,0.406749207975454));
#10048=CARTESIAN_POINT('',(0.131304370407718,0.0249499999999985,0.40786457597692));
#10049=CARTESIAN_POINT('',(0.131304370407715,0.0749499999999985,0.407864575976921));
#10050=CARTESIAN_POINT('',(0.175084124223655,0.21945,0.388759372999334));
#10051=CARTESIAN_POINT('',(0.146783409415827,0.07495,0.401867964318215));
#10052=CARTESIAN_POINT('',(0.171214364471629,0.18595,0.39025852591401));
#10053=CARTESIAN_POINT('',(0.171214364471629,0.18045,0.39025852591401));
#10054=CARTESIAN_POINT('',(0.163474844967579,0.0529500000000011,0.39325683174336));
#10055=CARTESIAN_POINT('',(0.151865565711488,0.21945,0.397754290487394));
#10056=CARTESIAN_POINT('',(0.159605085215554,0.00845000000000071,0.394755984658036));
#10057=CARTESIAN_POINT('',(0.151865565711484,0.28595,0.397754290487395));
#10058=CARTESIAN_POINT('',(0.12864700719932,0.21945,0.406749207975453));
#10059=CARTESIAN_POINT('',(0.124777247447302,0.0139499999999985,0.408248360890126));
#10060=CARTESIAN_POINT('',(0.178953883975693,0.0304500000000011,0.387260220084653));
#10061=CARTESIAN_POINT('',(0.162262448423934,0.17495,0.39587135265951));
#10062=CARTESIAN_POINT('',(0.162262448423934,0.17495,0.39587135265951));
#10063=CARTESIAN_POINT('',(0.128647007199316,0.29695,0.406749207975455));
#10064=CARTESIAN_POINT('',(0.162262448423929,0.27495,0.395871352659512));
#10065=CARTESIAN_POINT('',(0.13130437040771,0.17495,0.407864575976923));
#10066=CARTESIAN_POINT('',(0.140256286455401,0.25845,0.402251749231424));
#10067=CARTESIAN_POINT('',(0.177741487432043,0.22495,0.389874741000805));
#10068=CARTESIAN_POINT('',(0.147995805959457,0.27495,0.399253443402071));
#10069=CARTESIAN_POINT('',(0.155735325463513,0.26395,0.396255137572718));
#10070=CARTESIAN_POINT('',(0.147995805959462,0.16945,0.399253443402069));
#10071=CARTESIAN_POINT('',(0.146783409415819,0.22495,0.401867964318218));
#10072=CARTESIAN_POINT('',(0.146783409415825,0.12495,0.401867964318216));
#10073=CARTESIAN_POINT('',(0.140256286455412,0.05845,0.40225174923142));
#10074=CARTESIAN_POINT('',(0.140256286455404,0.21395,0.402251749231423));
#10075=CARTESIAN_POINT('',(0.155735325463515,0.22495,0.396255137572717));
#10076=CARTESIAN_POINT('',(0.177741487432043,0.22495,0.389874741000805));
#10077=CARTESIAN_POINT('',(0.12864700719933,0.00844999999999889,0.40674920797545));
#10078=CARTESIAN_POINT('',(0.155735325463518,0.16945,0.396255137572716));
#10079=CARTESIAN_POINT('',(0.128647007199316,0.28045,0.406749207975454));
#10080=CARTESIAN_POINT('',(0.177741487432048,0.12495,0.389874741000803));
#10081=CARTESIAN_POINT('',(0.167344604719605,0.11945,0.391757678828685));
#10082=CARTESIAN_POINT('',(0.146783409415825,0.12495,0.401867964318216));
#10083=CARTESIAN_POINT('',(0.147995805959457,0.26395,0.399253443402071));
#10084=CARTESIAN_POINT('',(0.175084124223654,0.24145,0.388759372999334));
#10085=MECHANICAL_DESIGN_GEOMETRIC_PRESENTATION_REPRESENTATION('',(#5206,
#5207,#5208,#5209,#5210,#5211,#5212,#5213,#5214,#5215),#10086);
#10086=(
GEOMETRIC_REPRESENTATION_CONTEXT(3)
GLOBAL_UNCERTAINTY_ASSIGNED_CONTEXT((#10097))
GLOBAL_UNIT_ASSIGNED_CONTEXT((#10110,#10109,#10108))
REPRESENTATION_CONTEXT('dmod','TOP_LEVEL_ASSEMBLY_PART')
);
#10087=(
GEOMETRIC_REPRESENTATION_CONTEXT(3)
GLOBAL_UNCERTAINTY_ASSIGNED_CONTEXT((#10098))
GLOBAL_UNIT_ASSIGNED_CONTEXT((#10110,#10109,#10108))
REPRESENTATION_CONTEXT('Part 1','COMPONENT_PART')
);
#10088=(
GEOMETRIC_REPRESENTATION_CONTEXT(3)
GLOBAL_UNCERTAINTY_ASSIGNED_CONTEXT((#10099))
GLOBAL_UNIT_ASSIGNED_CONTEXT((#10110,#10109,#10108))
REPRESENTATION_CONTEXT('Part 2','COMPONENT_PART')
);
#10089=(
GEOMETRIC_REPRESENTATION_CONTEXT(3)
GLOBAL_UNCERTAINTY_ASSIGNED_CONTEXT((#10100))
GLOBAL_UNIT_ASSIGNED_CONTEXT((#10110,#10109,#10108))
REPRESENTATION_CONTEXT('Part 6','COMPONENT_PART')
);
#10090=(
GEOMETRIC_REPRESENTATION_CONTEXT(3)
GLOBAL_UNCERTAINTY_ASSIGNED_CONTEXT((#10101))
GLOBAL_UNIT_ASSIGNED_CONTEXT((#10110,#10109,#10108))
REPRESENTATION_CONTEXT('Part 5','COMPONENT_PART')
);
#10091=(
GEOMETRIC_REPRESENTATION_CONTEXT(3)
GLOBAL_UNCERTAINTY_ASSIGNED_CONTEXT((#10102))
GLOBAL_UNIT_ASSIGNED_CONTEXT((#10110,#10109,#10108))
REPRESENTATION_CONTEXT('Part 3','COMPONENT_PART')
);
#10092=(
GEOMETRIC_REPRESENTATION_CONTEXT(3)
GLOBAL_UNCERTAINTY_ASSIGNED_CONTEXT((#10103))
GLOBAL_UNIT_ASSIGNED_CONTEXT((#10110,#10109,#10108))
REPRESENTATION_CONTEXT('Part 4','COMPONENT_PART')
);
#10093=(
GEOMETRIC_REPRESENTATION_CONTEXT(3)
GLOBAL_UNCERTAINTY_ASSIGNED_CONTEXT((#10104))
GLOBAL_UNIT_ASSIGNED_CONTEXT((#10110,#10109,#10108))
REPRESENTATION_CONTEXT('Part 7','COMPONENT_PART')
);
#10094=(
GEOMETRIC_REPRESENTATION_CONTEXT(3)
GLOBAL_UNCERTAINTY_ASSIGNED_CONTEXT((#10105))
GLOBAL_UNIT_ASSIGNED_CONTEXT((#10110,#10109,#10108))
REPRESENTATION_CONTEXT('Part 1','COMPONENT_PART')
);
#10095=(
GEOMETRIC_REPRESENTATION_CONTEXT(3)
GLOBAL_UNCERTAINTY_ASSIGNED_CONTEXT((#10106))
GLOBAL_UNIT_ASSIGNED_CONTEXT((#10110,#10109,#10108))
REPRESENTATION_CONTEXT('Part 1','COMPONENT_PART')
);
#10096=(
GEOMETRIC_REPRESENTATION_CONTEXT(3)
GLOBAL_UNCERTAINTY_ASSIGNED_CONTEXT((#10107))
GLOBAL_UNIT_ASSIGNED_CONTEXT((#10110,#10109,#10108))
REPRESENTATION_CONTEXT('Part 1','COMPONENT_PART')
);
#10097=UNCERTAINTY_MEASURE_WITH_UNIT(LENGTH_MEASURE(1.E-8),#10110,
'DISTANCE_ACCURACY_VALUE','Maximum Tolerance applied to model');
#10098=UNCERTAINTY_MEASURE_WITH_UNIT(LENGTH_MEASURE(1.E-8),#10110,
'DISTANCE_ACCURACY_VALUE','Maximum Tolerance applied to model');
#10099=UNCERTAINTY_MEASURE_WITH_UNIT(LENGTH_MEASURE(1.E-6),#10110,
'DISTANCE_ACCURACY_VALUE','Maximum Tolerance applied to model');
#10100=UNCERTAINTY_MEASURE_WITH_UNIT(LENGTH_MEASURE(1.E-6),#10110,
'DISTANCE_ACCURACY_VALUE','Maximum Tolerance applied to model');
#10101=UNCERTAINTY_MEASURE_WITH_UNIT(LENGTH_MEASURE(1.E-6),#10110,
'DISTANCE_ACCURACY_VALUE','Maximum Tolerance applied to model');
#10102=UNCERTAINTY_MEASURE_WITH_UNIT(LENGTH_MEASURE(1.E-6),#10110,
'DISTANCE_ACCURACY_VALUE','Maximum Tolerance applied to model');
#10103=UNCERTAINTY_MEASURE_WITH_UNIT(LENGTH_MEASURE(1.E-6),#10110,
'DISTANCE_ACCURACY_VALUE','Maximum Tolerance applied to model');
#10104=UNCERTAINTY_MEASURE_WITH_UNIT(LENGTH_MEASURE(1.E-6),#10110,
'DISTANCE_ACCURACY_VALUE','Maximum Tolerance applied to model');
#10105=UNCERTAINTY_MEASURE_WITH_UNIT(LENGTH_MEASURE(1.E-6),#10110,
'DISTANCE_ACCURACY_VALUE','Maximum Tolerance applied to model');
#10106=UNCERTAINTY_MEASURE_WITH_UNIT(LENGTH_MEASURE(1.E-6),#10110,
'DISTANCE_ACCURACY_VALUE','Maximum Tolerance applied to model');
#10107=UNCERTAINTY_MEASURE_WITH_UNIT(LENGTH_MEASURE(1.E-6),#10110,
'DISTANCE_ACCURACY_VALUE','Maximum Tolerance applied to model');
#10108=(
NAMED_UNIT(*)
SI_UNIT($,.STERADIAN.)
SOLID_ANGLE_UNIT()
);
#10109=(
NAMED_UNIT(*)
PLANE_ANGLE_UNIT()
SI_UNIT($,.RADIAN.)
);
#10110=(
LENGTH_UNIT()
NAMED_UNIT(*)
SI_UNIT($,.METRE.)
);
#10111=PRODUCT_DEFINITION_SHAPE('','',#11161);
#10112=PRODUCT_DEFINITION_SHAPE('','',#11162);
#10113=PRODUCT_DEFINITION_SHAPE(' ','NAUO PRDDFN',#1049);
#10114=PRODUCT_DEFINITION_SHAPE(' ','NAUO PRDDFN',#1050);
#10115=PRODUCT_DEFINITION_SHAPE(' ','NAUO PRDDFN',#1051);
#10116=PRODUCT_DEFINITION_SHAPE(' ','NAUO PRDDFN',#1052);
#10117=PRODUCT_DEFINITION_SHAPE(' ','NAUO PRDDFN',#1053);
#10118=PRODUCT_DEFINITION_SHAPE('','',#11163);
#10119=PRODUCT_DEFINITION_SHAPE(' ','NAUO PRDDFN',#1054);
#10120=PRODUCT_DEFINITION_SHAPE(' ','NAUO PRDDFN',#1055);
#10121=PRODUCT_DEFINITION_SHAPE(' ','NAUO PRDDFN',#1056);
#10122=PRODUCT_DEFINITION_SHAPE(' ','NAUO PRDDFN',#1057);
#10123=PRODUCT_DEFINITION_SHAPE(' ','NAUO PRDDFN',#1058);
#10124=PRODUCT_DEFINITION_SHAPE(' ','NAUO PRDDFN',#1059);
#10125=PRODUCT_DEFINITION_SHAPE(' ','NAUO PRDDFN',#1060);
#10126=PRODUCT_DEFINITION_SHAPE(' ','NAUO PRDDFN',#1061);
#10127=PRODUCT_DEFINITION_SHAPE(' ','NAUO PRDDFN',#1062);
#10128=PRODUCT_DEFINITION_SHAPE(' ','NAUO PRDDFN',#1063);
#10129=PRODUCT_DEFINITION_SHAPE(' ','NAUO PRDDFN',#1064);
#10130=PRODUCT_DEFINITION_SHAPE(' ','NAUO PRDDFN',#1065);
#10131=PRODUCT_DEFINITION_SHAPE(' ','NAUO PRDDFN',#1066);
#10132=PRODUCT_DEFINITION_SHAPE(' ','NAUO PRDDFN',#1067);
#10133=PRODUCT_DEFINITION_SHAPE(' ','NAUO PRDDFN',#1068);
#10134=PRODUCT_DEFINITION_SHAPE(' ','NAUO PRDDFN',#1069);
#10135=PRODUCT_DEFINITION_SHAPE(' ','NAUO PRDDFN',#1070);
#10136=PRODUCT_DEFINITION_SHAPE('','',#11164);
#10137=PRODUCT_DEFINITION_SHAPE(' ','NAUO PRDDFN',#1071);
#10138=PRODUCT_DEFINITION_SHAPE(' ','NAUO PRDDFN',#1072);
#10139=PRODUCT_DEFINITION_SHAPE(' ','NAUO PRDDFN',#1073);
#10140=PRODUCT_DEFINITION_SHAPE(' ','NAUO PRDDFN',#1074);
#10141=PRODUCT_DEFINITION_SHAPE(' ','NAUO PRDDFN',#1075);
#10142=PRODUCT_DEFINITION_SHAPE(' ','NAUO PRDDFN',#1076);
#10143=PRODUCT_DEFINITION_SHAPE(' ','NAUO PRDDFN',#1077);
#10144=PRODUCT_DEFINITION_SHAPE(' ','NAUO PRDDFN',#1078);
#10145=PRODUCT_DEFINITION_SHAPE(' ','NAUO PRDDFN',#1079);
#10146=PRODUCT_DEFINITION_SHAPE(' ','NAUO PRDDFN',#1080);
#10147=PRODUCT_DEFINITION_SHAPE(' ','NAUO PRDDFN',#1081);
#10148=PRODUCT_DEFINITION_SHAPE('','',#11165);
#10149=PRODUCT_DEFINITION_SHAPE(' ','NAUO PRDDFN',#1082);
#10150=PRODUCT_DEFINITION_SHAPE(' ','NAUO PRDDFN',#1083);
#10151=PRODUCT_DEFINITION_SHAPE(' ','NAUO PRDDFN',#1084);
#10152=PRODUCT_DEFINITION_SHAPE(' ','NAUO PRDDFN',#1085);
#10153=PRODUCT_DEFINITION_SHAPE(' ','NAUO PRDDFN',#1086);
#10154=PRODUCT_DEFINITION_SHAPE(' ','NAUO PRDDFN',#1087);
#10155=PRODUCT_DEFINITION_SHAPE(' ','NAUO PRDDFN',#1088);
#10156=PRODUCT_DEFINITION_SHAPE(' ','NAUO PRDDFN',#1089);
#10157=PRODUCT_DEFINITION_SHAPE(' ','NAUO PRDDFN',#1090);
#10158=PRODUCT_DEFINITION_SHAPE(' ','NAUO PRDDFN',#1091);
#10159=PRODUCT_DEFINITION_SHAPE(' ','NAUO PRDDFN',#1092);
#10160=PRODUCT_DEFINITION_SHAPE(' ','NAUO PRDDFN',#1093);
#10161=PRODUCT_DEFINITION_SHAPE(' ','NAUO PRDDFN',#1094);
#10162=PRODUCT_DEFINITION_SHAPE('','',#11166);
#10163=PRODUCT_DEFINITION_SHAPE(' ','NAUO PRDDFN',#1095);
#10164=PRODUCT_DEFINITION_SHAPE(' ','NAUO PRDDFN',#1096);
#10165=PRODUCT_DEFINITION_SHAPE(' ','NAUO PRDDFN',#1097);
#10166=PRODUCT_DEFINITION_SHAPE(' ','NAUO PRDDFN',#1098);
#10167=PRODUCT_DEFINITION_SHAPE(' ','NAUO PRDDFN',#1099);
#10168=PRODUCT_DEFINITION_SHAPE(' ','NAUO PRDDFN',#1100);
#10169=PRODUCT_DEFINITION_SHAPE(' ','NAUO PRDDFN',#1101);
#10170=PRODUCT_DEFINITION_SHAPE(' ','NAUO PRDDFN',#1102);
#10171=PRODUCT_DEFINITION_SHAPE(' ','NAUO PRDDFN',#1103);
#10172=PRODUCT_DEFINITION_SHAPE(' ','NAUO PRDDFN',#1104);
#10173=PRODUCT_DEFINITION_SHAPE(' ','NAUO PRDDFN',#1105);
#10174=PRODUCT_DEFINITION_SHAPE(' ','NAUO PRDDFN',#1106);
#10175=PRODUCT_DEFINITION_SHAPE(' ','NAUO PRDDFN',#1107);
#10176=PRODUCT_DEFINITION_SHAPE(' ','NAUO PRDDFN',#1108);
#10177=PRODUCT_DEFINITION_SHAPE('','',#11167);
#10178=PRODUCT_DEFINITION_SHAPE(' ','NAUO PRDDFN',#1109);
#10179=PRODUCT_DEFINITION_SHAPE('','',#11168);
#10180=PRODUCT_DEFINITION_SHAPE(' ','NAUO PRDDFN',#1110);
#10181=PRODUCT_DEFINITION_SHAPE('','',#11169);
#10182=PRODUCT_DEFINITION_SHAPE(' ','NAUO PRDDFN',#1111);
#10183=PRODUCT_DEFINITION_SHAPE(' ','NAUO PRDDFN',#1112);
#10184=PRODUCT_DEFINITION_SHAPE(' ','NAUO PRDDFN',#1113);
#10185=PRODUCT_DEFINITION_SHAPE(' ','NAUO PRDDFN',#1114);
#10186=PRODUCT_DEFINITION_SHAPE(' ','NAUO PRDDFN',#1115);
#10187=PRODUCT_DEFINITION_SHAPE(' ','NAUO PRDDFN',#1116);
#10188=PRODUCT_DEFINITION_SHAPE(' ','NAUO PRDDFN',#1117);
#10189=PRODUCT_DEFINITION_SHAPE(' ','NAUO PRDDFN',#1118);
#10190=PRODUCT_DEFINITION_SHAPE(' ','NAUO PRDDFN',#1119);
#10191=PRODUCT_DEFINITION_SHAPE(' ','NAUO PRDDFN',#1120);
#10192=PRODUCT_DEFINITION_SHAPE(' ','NAUO PRDDFN',#1121);
#10193=PRODUCT_DEFINITION_SHAPE(' ','NAUO PRDDFN',#1122);
#10194=PRODUCT_DEFINITION_SHAPE(' ','NAUO PRDDFN',#1123);
#10195=PRODUCT_DEFINITION_SHAPE(' ','NAUO PRDDFN',#1124);
#10196=PRODUCT_DEFINITION_SHAPE(' ','NAUO PRDDFN',#1125);
#10197=PRODUCT_DEFINITION_SHAPE(' ','NAUO PRDDFN',#1126);
#10198=PRODUCT_DEFINITION_SHAPE(' ','NAUO PRDDFN',#1127);
#10199=PRODUCT_DEFINITION_SHAPE(' ','NAUO PRDDFN',#1128);
#10200=PRODUCT_DEFINITION_SHAPE(' ','NAUO PRDDFN',#1129);
#10201=PRODUCT_DEFINITION_SHAPE(' ','NAUO PRDDFN',#1130);
#10202=PRODUCT_DEFINITION_SHAPE(' ','NAUO PRDDFN',#1131);
#10203=PRODUCT_DEFINITION_SHAPE(' ','NAUO PRDDFN',#1132);
#10204=PRODUCT_DEFINITION_SHAPE(' ','NAUO PRDDFN',#1133);
#10205=PRODUCT_DEFINITION_SHAPE(' ','NAUO PRDDFN',#1134);
#10206=PRODUCT_DEFINITION_SHAPE(' ','NAUO PRDDFN',#1135);
#10207=PRODUCT_DEFINITION_SHAPE(' ','NAUO PRDDFN',#1136);
#10208=PRODUCT_DEFINITION_SHAPE(' ','NAUO PRDDFN',#1137);
#10209=PRODUCT_DEFINITION_SHAPE(' ','NAUO PRDDFN',#1138);
#10210=PRODUCT_DEFINITION_SHAPE(' ','NAUO PRDDFN',#1139);
#10211=PRODUCT_DEFINITION_SHAPE(' ','NAUO PRDDFN',#1140);
#10212=PRODUCT_DEFINITION_SHAPE(' ','NAUO PRDDFN',#1141);
#10213=PRODUCT_DEFINITION_SHAPE(' ','NAUO PRDDFN',#1142);
#10214=PRODUCT_DEFINITION_SHAPE(' ','NAUO PRDDFN',#1143);
#10215=PRODUCT_DEFINITION_SHAPE(' ','NAUO PRDDFN',#1144);
#10216=PRODUCT_DEFINITION_SHAPE(' ','NAUO PRDDFN',#1145);
#10217=PRODUCT_DEFINITION_SHAPE(' ','NAUO PRDDFN',#1146);
#10218=PRODUCT_DEFINITION_SHAPE(' ','NAUO PRDDFN',#1147);
#10219=PRODUCT_DEFINITION_SHAPE(' ','NAUO PRDDFN',#1148);
#10220=PRODUCT_DEFINITION_SHAPE(' ','NAUO PRDDFN',#1149);
#10221=PRODUCT_DEFINITION_SHAPE(' ','NAUO PRDDFN',#1150);
#10222=PRODUCT_DEFINITION_SHAPE(' ','NAUO PRDDFN',#1151);
#10223=PRODUCT_DEFINITION_SHAPE(' ','NAUO PRDDFN',#1152);
#10224=PRODUCT_DEFINITION_SHAPE(' ','NAUO PRDDFN',#1153);
#10225=PRODUCT_DEFINITION_SHAPE(' ','NAUO PRDDFN',#1154);
#10226=PRODUCT_DEFINITION_SHAPE(' ','NAUO PRDDFN',#1155);
#10227=PRODUCT_DEFINITION_SHAPE(' ','NAUO PRDDFN',#1156);
#10228=PRODUCT_DEFINITION_SHAPE('','',#11170);
#10229=PRODUCT_DEFINITION_SHAPE(' ','NAUO PRDDFN',#1157);
#10230=PRODUCT_DEFINITION_SHAPE(' ','NAUO PRDDFN',#1158);
#10231=PRODUCT_DEFINITION_SHAPE(' ','NAUO PRDDFN',#1159);
#10232=PRODUCT_DEFINITION_SHAPE(' ','NAUO PRDDFN',#1160);
#10233=PRODUCT_DEFINITION_SHAPE(' ','NAUO PRDDFN',#1161);
#10234=PRODUCT_DEFINITION_SHAPE(' ','NAUO PRDDFN',#1162);
#10235=PRODUCT_DEFINITION_SHAPE(' ','NAUO PRDDFN',#1163);
#10236=PRODUCT_DEFINITION_SHAPE(' ','NAUO PRDDFN',#1164);
#10237=PRODUCT_DEFINITION_SHAPE(' ','NAUO PRDDFN',#1165);
#10238=PRODUCT_DEFINITION_SHAPE(' ','NAUO PRDDFN',#1166);
#10239=PRODUCT_DEFINITION_SHAPE(' ','NAUO PRDDFN',#1167);
#10240=PRODUCT_DEFINITION_SHAPE(' ','NAUO PRDDFN',#1168);
#10241=PRODUCT_DEFINITION_SHAPE(' ','NAUO PRDDFN',#1169);
#10242=PRODUCT_DEFINITION_SHAPE(' ','NAUO PRDDFN',#1170);
#10243=PRODUCT_DEFINITION_SHAPE(' ','NAUO PRDDFN',#1171);
#10244=PRODUCT_DEFINITION_SHAPE(' ','NAUO PRDDFN',#1172);
#10245=PRODUCT_DEFINITION_SHAPE(' ','NAUO PRDDFN',#1173);
#10246=PRODUCT_DEFINITION_SHAPE(' ','NAUO PRDDFN',#1174);
#10247=PRODUCT_DEFINITION_SHAPE(' ','NAUO PRDDFN',#1175);
#10248=PRODUCT_DEFINITION_SHAPE(' ','NAUO PRDDFN',#1176);
#10249=PRODUCT_DEFINITION_SHAPE(' ','NAUO PRDDFN',#1177);
#10250=PRODUCT_DEFINITION_SHAPE(' ','NAUO PRDDFN',#1178);
#10251=PRODUCT_DEFINITION_SHAPE(' ','NAUO PRDDFN',#1179);
#10252=PRODUCT_DEFINITION_SHAPE(' ','NAUO PRDDFN',#1180);
#10253=PRODUCT_DEFINITION_SHAPE(' ','NAUO PRDDFN',#1181);
#10254=PRODUCT_DEFINITION_SHAPE(' ','NAUO PRDDFN',#1182);
#10255=PRODUCT_DEFINITION_SHAPE(' ','NAUO PRDDFN',#1183);
#10256=PRODUCT_DEFINITION_SHAPE(' ','NAUO PRDDFN',#1184);
#10257=PRODUCT_DEFINITION_SHAPE(' ','NAUO PRDDFN',#1185);
#10258=PRODUCT_DEFINITION_SHAPE(' ','NAUO PRDDFN',#1186);
#10259=PRODUCT_DEFINITION_SHAPE(' ','NAUO PRDDFN',#1187);
#10260=PRODUCT_DEFINITION_SHAPE(' ','NAUO PRDDFN',#1188);
#10261=PRODUCT_DEFINITION_SHAPE(' ','NAUO PRDDFN',#1189);
#10262=PRODUCT_DEFINITION_SHAPE(' ','NAUO PRDDFN',#1190);
#10263=PRODUCT_DEFINITION_SHAPE(' ','NAUO PRDDFN',#1191);
#10264=PRODUCT_DEFINITION_SHAPE(' ','NAUO PRDDFN',#1192);
#10265=PRODUCT_DEFINITION_SHAPE(' ','NAUO PRDDFN',#1193);
#10266=PRODUCT_DEFINITION_SHAPE(' ','NAUO PRDDFN',#1194);
#10267=PRODUCT_DEFINITION_SHAPE(' ','NAUO PRDDFN',#1195);
#10268=PRODUCT_DEFINITION_SHAPE(' ','NAUO PRDDFN',#1196);
#10269=PRODUCT_DEFINITION_SHAPE(' ','NAUO PRDDFN',#1197);
#10270=PRODUCT_DEFINITION_SHAPE(' ','NAUO PRDDFN',#1198);
#10271=PRODUCT_DEFINITION_SHAPE(' ','NAUO PRDDFN',#1199);
#10272=PRODUCT_DEFINITION_SHAPE(' ','NAUO PRDDFN',#1200);
#10273=PRODUCT_DEFINITION_SHAPE(' ','NAUO PRDDFN',#1201);
#10274=PRODUCT_DEFINITION_SHAPE(' ','NAUO PRDDFN',#1202);
#10275=PRODUCT_DEFINITION_SHAPE(' ','NAUO PRDDFN',#1203);
#10276=PRODUCT_DEFINITION_SHAPE(' ','NAUO PRDDFN',#1204);
#10277=PRODUCT_DEFINITION_SHAPE(' ','NAUO PRDDFN',#1205);
#10278=PRODUCT_DEFINITION_SHAPE(' ','NAUO PRDDFN',#1206);
#10279=PRODUCT_DEFINITION_SHAPE(' ','NAUO PRDDFN',#1207);
#10280=PRODUCT_DEFINITION_SHAPE(' ','NAUO PRDDFN',#1208);
#10281=PRODUCT_DEFINITION_SHAPE(' ','NAUO PRDDFN',#1209);
#10282=PRODUCT_DEFINITION_SHAPE(' ','NAUO PRDDFN',#1210);
#10283=PRODUCT_DEFINITION_SHAPE(' ','NAUO PRDDFN',#1211);
#10284=PRODUCT_DEFINITION_SHAPE(' ','NAUO PRDDFN',#1212);
#10285=PRODUCT_DEFINITION_SHAPE(' ','NAUO PRDDFN',#1213);
#10286=PRODUCT_DEFINITION_SHAPE(' ','NAUO PRDDFN',#1214);
#10287=PRODUCT_DEFINITION_SHAPE(' ','NAUO PRDDFN',#1215);
#10288=PRODUCT_DEFINITION_SHAPE(' ','NAUO PRDDFN',#1216);
#10289=PRODUCT_DEFINITION_SHAPE(' ','NAUO PRDDFN',#1217);
#10290=PRODUCT_DEFINITION_SHAPE(' ','NAUO PRDDFN',#1218);
#10291=PRODUCT_DEFINITION_SHAPE(' ','NAUO PRDDFN',#1219);
#10292=PRODUCT_DEFINITION_SHAPE(' ','NAUO PRDDFN',#1220);
#10293=PRODUCT_DEFINITION_SHAPE(' ','NAUO PRDDFN',#1221);
#10294=PRODUCT_DEFINITION_SHAPE(' ','NAUO PRDDFN',#1222);
#10295=PRODUCT_DEFINITION_SHAPE(' ','NAUO PRDDFN',#1223);
#10296=PRODUCT_DEFINITION_SHAPE(' ','NAUO PRDDFN',#1224);
#10297=PRODUCT_DEFINITION_SHAPE(' ','NAUO PRDDFN',#1225);
#10298=PRODUCT_DEFINITION_SHAPE(' ','NAUO PRDDFN',#1226);
#10299=PRODUCT_DEFINITION_SHAPE(' ','NAUO PRDDFN',#1227);
#10300=PRODUCT_DEFINITION_SHAPE(' ','NAUO PRDDFN',#1228);
#10301=PRODUCT_DEFINITION_SHAPE(' ','NAUO PRDDFN',#1229);
#10302=PRODUCT_DEFINITION_SHAPE(' ','NAUO PRDDFN',#1230);
#10303=PRODUCT_DEFINITION_SHAPE(' ','NAUO PRDDFN',#1231);
#10304=PRODUCT_DEFINITION_SHAPE(' ','NAUO PRDDFN',#1232);
#10305=PRODUCT_DEFINITION_SHAPE(' ','NAUO PRDDFN',#1233);
#10306=PRODUCT_DEFINITION_SHAPE(' ','NAUO PRDDFN',#1234);
#10307=PRODUCT_DEFINITION_SHAPE(' ','NAUO PRDDFN',#1235);
#10308=PRODUCT_DEFINITION_SHAPE(' ','NAUO PRDDFN',#1236);
#10309=PRODUCT_DEFINITION_SHAPE(' ','NAUO PRDDFN',#1237);
#10310=PRODUCT_DEFINITION_SHAPE(' ','NAUO PRDDFN',#1238);
#10311=PRODUCT_DEFINITION_SHAPE(' ','NAUO PRDDFN',#1239);
#10312=PRODUCT_DEFINITION_SHAPE(' ','NAUO PRDDFN',#1240);
#10313=PRODUCT_DEFINITION_SHAPE(' ','NAUO PRDDFN',#1241);
#10314=PRODUCT_DEFINITION_SHAPE(' ','NAUO PRDDFN',#1242);
#10315=PRODUCT_DEFINITION_SHAPE(' ','NAUO PRDDFN',#1243);
#10316=PRODUCT_DEFINITION_SHAPE(' ','NAUO PRDDFN',#1244);
#10317=PRODUCT_DEFINITION_SHAPE(' ','NAUO PRDDFN',#1245);
#10318=PRODUCT_DEFINITION_SHAPE(' ','NAUO PRDDFN',#1246);
#10319=PRODUCT_DEFINITION_SHAPE(' ','NAUO PRDDFN',#1247);
#10320=PRODUCT_DEFINITION_SHAPE(' ','NAUO PRDDFN',#1248);
#10321=PRODUCT_DEFINITION_SHAPE(' ','NAUO PRDDFN',#1249);
#10322=PRODUCT_DEFINITION_SHAPE(' ','NAUO PRDDFN',#1250);
#10323=PRODUCT_DEFINITION_SHAPE(' ','NAUO PRDDFN',#1251);
#10324=PRODUCT_DEFINITION_SHAPE(' ','NAUO PRDDFN',#1252);
#10325=PRODUCT_DEFINITION_SHAPE(' ','NAUO PRDDFN',#1253);
#10326=PRODUCT_DEFINITION_SHAPE(' ','NAUO PRDDFN',#1254);
#10327=PRODUCT_DEFINITION_SHAPE(' ','NAUO PRDDFN',#1255);
#10328=PRODUCT_DEFINITION_SHAPE(' ','NAUO PRDDFN',#1256);
#10329=PRODUCT_DEFINITION_SHAPE(' ','NAUO PRDDFN',#1257);
#10330=PRODUCT_DEFINITION_SHAPE(' ','NAUO PRDDFN',#1258);
#10331=PRODUCT_DEFINITION_SHAPE(' ','NAUO PRDDFN',#1259);
#10332=PRODUCT_DEFINITION_SHAPE(' ','NAUO PRDDFN',#1260);
#10333=PRODUCT_DEFINITION_SHAPE(' ','NAUO PRDDFN',#1261);
#10334=PRODUCT_DEFINITION_SHAPE(' ','NAUO PRDDFN',#1262);
#10335=PRODUCT_DEFINITION_SHAPE(' ','NAUO PRDDFN',#1263);
#10336=PRODUCT_DEFINITION_SHAPE(' ','NAUO PRDDFN',#1264);
#10337=PRODUCT_DEFINITION_SHAPE(' ','NAUO PRDDFN',#1265);
#10338=PRODUCT_DEFINITION_SHAPE(' ','NAUO PRDDFN',#1266);
#10339=PRODUCT_DEFINITION_SHAPE(' ','NAUO PRDDFN',#1267);
#10340=PRODUCT_DEFINITION_SHAPE(' ','NAUO PRDDFN',#1268);
#10341=PRODUCT_DEFINITION_SHAPE(' ','NAUO PRDDFN',#1269);
#10342=PRODUCT_DEFINITION_SHAPE(' ','NAUO PRDDFN',#1270);
#10343=PRODUCT_DEFINITION_SHAPE(' ','NAUO PRDDFN',#1271);
#10344=PRODUCT_DEFINITION_SHAPE(' ','NAUO PRDDFN',#1272);
#10345=PRODUCT_DEFINITION_SHAPE(' ','NAUO PRDDFN',#1273);
#10346=PRODUCT_DEFINITION_SHAPE(' ','NAUO PRDDFN',#1274);
#10347=PRODUCT_DEFINITION_SHAPE(' ','NAUO PRDDFN',#1275);
#10348=PRODUCT_DEFINITION_SHAPE(' ','NAUO PRDDFN',#1276);
#10349=PRODUCT_DEFINITION_SHAPE(' ','NAUO PRDDFN',#1277);
#10350=PRODUCT_DEFINITION_SHAPE(' ','NAUO PRDDFN',#1278);
#10351=PRODUCT_DEFINITION_SHAPE(' ','NAUO PRDDFN',#1279);
#10352=PRODUCT_DEFINITION_SHAPE(' ','NAUO PRDDFN',#1280);
#10353=PRODUCT_DEFINITION_SHAPE(' ','NAUO PRDDFN',#1281);
#10354=PRODUCT_DEFINITION_SHAPE(' ','NAUO PRDDFN',#1282);
#10355=PRODUCT_DEFINITION_SHAPE(' ','NAUO PRDDFN',#1283);
#10356=PRODUCT_DEFINITION_SHAPE(' ','NAUO PRDDFN',#1284);
#10357=PRODUCT_DEFINITION_SHAPE(' ','NAUO PRDDFN',#1285);
#10358=PRODUCT_DEFINITION_SHAPE(' ','NAUO PRDDFN',#1286);
#10359=PRODUCT_DEFINITION_SHAPE(' ','NAUO PRDDFN',#1287);
#10360=PRODUCT_DEFINITION_SHAPE(' ','NAUO PRDDFN',#1288);
#10361=PRODUCT_DEFINITION_SHAPE(' ','NAUO PRDDFN',#1289);
#10362=PRODUCT_DEFINITION_SHAPE(' ','NAUO PRDDFN',#1290);
#10363=PRODUCT_DEFINITION_SHAPE(' ','NAUO PRDDFN',#1291);
#10364=PRODUCT_DEFINITION_SHAPE(' ','NAUO PRDDFN',#1292);
#10365=PRODUCT_DEFINITION_SHAPE(' ','NAUO PRDDFN',#1293);
#10366=PRODUCT_DEFINITION_SHAPE(' ','NAUO PRDDFN',#1294);
#10367=PRODUCT_DEFINITION_SHAPE(' ','NAUO PRDDFN',#1295);
#10368=PRODUCT_DEFINITION_SHAPE(' ','NAUO PRDDFN',#1296);
#10369=PRODUCT_DEFINITION_SHAPE(' ','NAUO PRDDFN',#1297);
#10370=PRODUCT_DEFINITION_SHAPE(' ','NAUO PRDDFN',#1298);
#10371=PRODUCT_DEFINITION_SHAPE(' ','NAUO PRDDFN',#1299);
#10372=PRODUCT_DEFINITION_SHAPE(' ','NAUO PRDDFN',#1300);
#10373=PRODUCT_DEFINITION_SHAPE(' ','NAUO PRDDFN',#1301);
#10374=PRODUCT_DEFINITION_SHAPE(' ','NAUO PRDDFN',#1302);
#10375=PRODUCT_DEFINITION_SHAPE(' ','NAUO PRDDFN',#1303);
#10376=PRODUCT_DEFINITION_SHAPE(' ','NAUO PRDDFN',#1304);
#10377=PRODUCT_DEFINITION_SHAPE(' ','NAUO PRDDFN',#1305);
#10378=PRODUCT_DEFINITION_SHAPE(' ','NAUO PRDDFN',#1306);
#10379=PRODUCT_DEFINITION_SHAPE(' ','NAUO PRDDFN',#1307);
#10380=PRODUCT_DEFINITION_SHAPE(' ','NAUO PRDDFN',#1308);
#10381=PRODUCT_DEFINITION_SHAPE(' ','NAUO PRDDFN',#1309);
#10382=PRODUCT_DEFINITION_SHAPE(' ','NAUO PRDDFN',#1310);
#10383=PRODUCT_DEFINITION_SHAPE(' ','NAUO PRDDFN',#1311);
#10384=PRODUCT_DEFINITION_SHAPE(' ','NAUO PRDDFN',#1312);
#10385=PRODUCT_DEFINITION_SHAPE(' ','NAUO PRDDFN',#1313);
#10386=PRODUCT_DEFINITION_SHAPE(' ','NAUO PRDDFN',#1314);
#10387=PRODUCT_DEFINITION_SHAPE(' ','NAUO PRDDFN',#1315);
#10388=PRODUCT_DEFINITION_SHAPE(' ','NAUO PRDDFN',#1316);
#10389=PRODUCT_DEFINITION_SHAPE(' ','NAUO PRDDFN',#1317);
#10390=PRODUCT_DEFINITION_SHAPE(' ','NAUO PRDDFN',#1318);
#10391=PRODUCT_DEFINITION_SHAPE(' ','NAUO PRDDFN',#1319);
#10392=PRODUCT_DEFINITION_SHAPE(' ','NAUO PRDDFN',#1320);
#10393=PRODUCT_DEFINITION_SHAPE(' ','NAUO PRDDFN',#1321);
#10394=PRODUCT_DEFINITION_SHAPE(' ','NAUO PRDDFN',#1322);
#10395=PRODUCT_DEFINITION_SHAPE(' ','NAUO PRDDFN',#1323);
#10396=PRODUCT_DEFINITION_SHAPE(' ','NAUO PRDDFN',#1324);
#10397=PRODUCT_DEFINITION_SHAPE(' ','NAUO PRDDFN',#1325);
#10398=PRODUCT_DEFINITION_SHAPE(' ','NAUO PRDDFN',#1326);
#10399=PRODUCT_DEFINITION_SHAPE(' ','NAUO PRDDFN',#1327);
#10400=PRODUCT_DEFINITION_SHAPE(' ','NAUO PRDDFN',#1328);
#10401=PRODUCT_DEFINITION_SHAPE(' ','NAUO PRDDFN',#1329);
#10402=PRODUCT_DEFINITION_SHAPE(' ','NAUO PRDDFN',#1330);
#10403=PRODUCT_DEFINITION_SHAPE(' ','NAUO PRDDFN',#1331);
#10404=PRODUCT_DEFINITION_SHAPE(' ','NAUO PRDDFN',#1332);
#10405=PRODUCT_DEFINITION_SHAPE(' ','NAUO PRDDFN',#1333);
#10406=PRODUCT_DEFINITION_SHAPE(' ','NAUO PRDDFN',#1334);
#10407=PRODUCT_DEFINITION_SHAPE(' ','NAUO PRDDFN',#1335);
#10408=PRODUCT_DEFINITION_SHAPE(' ','NAUO PRDDFN',#1336);
#10409=PRODUCT_DEFINITION_SHAPE(' ','NAUO PRDDFN',#1337);
#10410=PRODUCT_DEFINITION_SHAPE(' ','NAUO PRDDFN',#1338);
#10411=PRODUCT_DEFINITION_SHAPE(' ','NAUO PRDDFN',#1339);
#10412=PRODUCT_DEFINITION_SHAPE(' ','NAUO PRDDFN',#1340);
#10413=PRODUCT_DEFINITION_SHAPE(' ','NAUO PRDDFN',#1341);
#10414=PRODUCT_DEFINITION_SHAPE(' ','NAUO PRDDFN',#1342);
#10415=PRODUCT_DEFINITION_SHAPE(' ','NAUO PRDDFN',#1343);
#10416=PRODUCT_DEFINITION_SHAPE(' ','NAUO PRDDFN',#1344);
#10417=PRODUCT_DEFINITION_SHAPE(' ','NAUO PRDDFN',#1345);
#10418=PRODUCT_DEFINITION_SHAPE(' ','NAUO PRDDFN',#1346);
#10419=PRODUCT_DEFINITION_SHAPE(' ','NAUO PRDDFN',#1347);
#10420=PRODUCT_DEFINITION_SHAPE(' ','NAUO PRDDFN',#1348);
#10421=PRODUCT_DEFINITION_SHAPE(' ','NAUO PRDDFN',#1349);
#10422=PRODUCT_DEFINITION_SHAPE(' ','NAUO PRDDFN',#1350);
#10423=PRODUCT_DEFINITION_SHAPE(' ','NAUO PRDDFN',#1351);
#10424=PRODUCT_DEFINITION_SHAPE(' ','NAUO PRDDFN',#1352);
#10425=PRODUCT_DEFINITION_SHAPE(' ','NAUO PRDDFN',#1353);
#10426=PRODUCT_DEFINITION_SHAPE(' ','NAUO PRDDFN',#1354);
#10427=PRODUCT_DEFINITION_SHAPE(' ','NAUO PRDDFN',#1355);
#10428=PRODUCT_DEFINITION_SHAPE(' ','NAUO PRDDFN',#1356);
#10429=PRODUCT_DEFINITION_SHAPE(' ','NAUO PRDDFN',#1357);
#10430=PRODUCT_DEFINITION_SHAPE(' ','NAUO PRDDFN',#1358);
#10431=PRODUCT_DEFINITION_SHAPE(' ','NAUO PRDDFN',#1359);
#10432=PRODUCT_DEFINITION_SHAPE(' ','NAUO PRDDFN',#1360);
#10433=PRODUCT_DEFINITION_SHAPE(' ','NAUO PRDDFN',#1361);
#10434=PRODUCT_DEFINITION_SHAPE(' ','NAUO PRDDFN',#1362);
#10435=PRODUCT_DEFINITION_SHAPE(' ','NAUO PRDDFN',#1363);
#10436=PRODUCT_DEFINITION_SHAPE(' ','NAUO PRDDFN',#1364);
#10437=PRODUCT_DEFINITION_SHAPE(' ','NAUO PRDDFN',#1365);
#10438=PRODUCT_DEFINITION_SHAPE(' ','NAUO PRDDFN',#1366);
#10439=PRODUCT_DEFINITION_SHAPE(' ','NAUO PRDDFN',#1367);
#10440=PRODUCT_DEFINITION_SHAPE(' ','NAUO PRDDFN',#1368);
#10441=PRODUCT_DEFINITION_SHAPE(' ','NAUO PRDDFN',#1369);
#10442=PRODUCT_DEFINITION_SHAPE(' ','NAUO PRDDFN',#1370);
#10443=PRODUCT_DEFINITION_SHAPE(' ','NAUO PRDDFN',#1371);
#10444=PRODUCT_DEFINITION_SHAPE(' ','NAUO PRDDFN',#1372);
#10445=PRODUCT_DEFINITION_SHAPE(' ','NAUO PRDDFN',#1373);
#10446=PRODUCT_DEFINITION_SHAPE(' ','NAUO PRDDFN',#1374);
#10447=PRODUCT_DEFINITION_SHAPE(' ','NAUO PRDDFN',#1375);
#10448=PRODUCT_DEFINITION_SHAPE(' ','NAUO PRDDFN',#1376);
#10449=PRODUCT_DEFINITION_SHAPE(' ','NAUO PRDDFN',#1377);
#10450=PRODUCT_DEFINITION_SHAPE(' ','NAUO PRDDFN',#1378);
#10451=PRODUCT_DEFINITION_SHAPE(' ','NAUO PRDDFN',#1379);
#10452=PRODUCT_DEFINITION_SHAPE(' ','NAUO PRDDFN',#1380);
#10453=PRODUCT_DEFINITION_SHAPE(' ','NAUO PRDDFN',#1381);
#10454=PRODUCT_DEFINITION_SHAPE(' ','NAUO PRDDFN',#1382);
#10455=PRODUCT_DEFINITION_SHAPE(' ','NAUO PRDDFN',#1383);
#10456=PRODUCT_DEFINITION_SHAPE(' ','NAUO PRDDFN',#1384);
#10457=PRODUCT_DEFINITION_SHAPE(' ','NAUO PRDDFN',#1385);
#10458=PRODUCT_DEFINITION_SHAPE(' ','NAUO PRDDFN',#1386);
#10459=PRODUCT_DEFINITION_SHAPE(' ','NAUO PRDDFN',#1387);
#10460=PRODUCT_DEFINITION_SHAPE(' ','NAUO PRDDFN',#1388);
#10461=PRODUCT_DEFINITION_SHAPE(' ','NAUO PRDDFN',#1389);
#10462=PRODUCT_DEFINITION_SHAPE(' ','NAUO PRDDFN',#1390);
#10463=PRODUCT_DEFINITION_SHAPE(' ','NAUO PRDDFN',#1391);
#10464=PRODUCT_DEFINITION_SHAPE(' ','NAUO PRDDFN',#1392);
#10465=PRODUCT_DEFINITION_SHAPE(' ','NAUO PRDDFN',#1393);
#10466=PRODUCT_DEFINITION_SHAPE(' ','NAUO PRDDFN',#1394);
#10467=PRODUCT_DEFINITION_SHAPE(' ','NAUO PRDDFN',#1395);
#10468=PRODUCT_DEFINITION_SHAPE(' ','NAUO PRDDFN',#1396);
#10469=PRODUCT_DEFINITION_SHAPE(' ','NAUO PRDDFN',#1397);
#10470=PRODUCT_DEFINITION_SHAPE(' ','NAUO PRDDFN',#1398);
#10471=PRODUCT_DEFINITION_SHAPE(' ','NAUO PRDDFN',#1399);
#10472=PRODUCT_DEFINITION_SHAPE(' ','NAUO PRDDFN',#1400);
#10473=PRODUCT_DEFINITION_SHAPE(' ','NAUO PRDDFN',#1401);
#10474=PRODUCT_DEFINITION_SHAPE(' ','NAUO PRDDFN',#1402);
#10475=PRODUCT_DEFINITION_SHAPE(' ','NAUO PRDDFN',#1403);
#10476=PRODUCT_DEFINITION_SHAPE(' ','NAUO PRDDFN',#1404);
#10477=PRODUCT_DEFINITION_SHAPE(' ','NAUO PRDDFN',#1405);
#10478=PRODUCT_DEFINITION_SHAPE(' ','NAUO PRDDFN',#1406);
#10479=PRODUCT_DEFINITION_SHAPE(' ','NAUO PRDDFN',#1407);
#10480=PRODUCT_DEFINITION_SHAPE(' ','NAUO PRDDFN',#1408);
#10481=PRODUCT_DEFINITION_SHAPE(' ','NAUO PRDDFN',#1409);
#10482=PRODUCT_DEFINITION_SHAPE(' ','NAUO PRDDFN',#1410);
#10483=PRODUCT_DEFINITION_SHAPE(' ','NAUO PRDDFN',#1411);
#10484=PRODUCT_DEFINITION_SHAPE(' ','NAUO PRDDFN',#1412);
#10485=PRODUCT_DEFINITION_SHAPE(' ','NAUO PRDDFN',#1413);
#10486=PRODUCT_DEFINITION_SHAPE(' ','NAUO PRDDFN',#1414);
#10487=PRODUCT_DEFINITION_SHAPE(' ','NAUO PRDDFN',#1415);
#10488=PRODUCT_DEFINITION_SHAPE(' ','NAUO PRDDFN',#1416);
#10489=PRODUCT_DEFINITION_SHAPE(' ','NAUO PRDDFN',#1417);
#10490=PRODUCT_DEFINITION_SHAPE(' ','NAUO PRDDFN',#1418);
#10491=PRODUCT_DEFINITION_SHAPE(' ','NAUO PRDDFN',#1419);
#10492=PRODUCT_DEFINITION_SHAPE(' ','NAUO PRDDFN',#1420);
#10493=PRODUCT_DEFINITION_SHAPE(' ','NAUO PRDDFN',#1421);
#10494=PRODUCT_DEFINITION_SHAPE(' ','NAUO PRDDFN',#1422);
#10495=PRODUCT_DEFINITION_SHAPE(' ','NAUO PRDDFN',#1423);
#10496=PRODUCT_DEFINITION_SHAPE(' ','NAUO PRDDFN',#1424);
#10497=PRODUCT_DEFINITION_SHAPE(' ','NAUO PRDDFN',#1425);
#10498=PRODUCT_DEFINITION_SHAPE(' ','NAUO PRDDFN',#1426);
#10499=PRODUCT_DEFINITION_SHAPE(' ','NAUO PRDDFN',#1427);
#10500=PRODUCT_DEFINITION_SHAPE(' ','NAUO PRDDFN',#1428);
#10501=PRODUCT_DEFINITION_SHAPE(' ','NAUO PRDDFN',#1429);
#10502=PRODUCT_DEFINITION_SHAPE(' ','NAUO PRDDFN',#1430);
#10503=PRODUCT_DEFINITION_SHAPE(' ','NAUO PRDDFN',#1431);
#10504=PRODUCT_DEFINITION_SHAPE(' ','NAUO PRDDFN',#1432);
#10505=PRODUCT_DEFINITION_SHAPE(' ','NAUO PRDDFN',#1433);
#10506=PRODUCT_DEFINITION_SHAPE(' ','NAUO PRDDFN',#1434);
#10507=PRODUCT_DEFINITION_SHAPE(' ','NAUO PRDDFN',#1435);
#10508=PRODUCT_DEFINITION_SHAPE(' ','NAUO PRDDFN',#1436);
#10509=PRODUCT_DEFINITION_SHAPE(' ','NAUO PRDDFN',#1437);
#10510=PRODUCT_DEFINITION_SHAPE(' ','NAUO PRDDFN',#1438);
#10511=PRODUCT_DEFINITION_SHAPE(' ','NAUO PRDDFN',#1439);
#10512=PRODUCT_DEFINITION_SHAPE(' ','NAUO PRDDFN',#1440);
#10513=PRODUCT_DEFINITION_SHAPE(' ','NAUO PRDDFN',#1441);
#10514=PRODUCT_DEFINITION_SHAPE(' ','NAUO PRDDFN',#1442);
#10515=PRODUCT_DEFINITION_SHAPE(' ','NAUO PRDDFN',#1443);
#10516=PRODUCT_DEFINITION_SHAPE(' ','NAUO PRDDFN',#1444);
#10517=PRODUCT_DEFINITION_SHAPE(' ','NAUO PRDDFN',#1445);
#10518=PRODUCT_DEFINITION_SHAPE(' ','NAUO PRDDFN',#1446);
#10519=PRODUCT_DEFINITION_SHAPE(' ','NAUO PRDDFN',#1447);
#10520=PRODUCT_DEFINITION_SHAPE(' ','NAUO PRDDFN',#1448);
#10521=PRODUCT_DEFINITION_SHAPE(' ','NAUO PRDDFN',#1449);
#10522=PRODUCT_DEFINITION_SHAPE(' ','NAUO PRDDFN',#1450);
#10523=PRODUCT_DEFINITION_SHAPE(' ','NAUO PRDDFN',#1451);
#10524=PRODUCT_DEFINITION_SHAPE(' ','NAUO PRDDFN',#1452);
#10525=PRODUCT_DEFINITION_SHAPE(' ','NAUO PRDDFN',#1453);
#10526=PRODUCT_DEFINITION_SHAPE(' ','NAUO PRDDFN',#1454);
#10527=PRODUCT_DEFINITION_SHAPE(' ','NAUO PRDDFN',#1455);
#10528=PRODUCT_DEFINITION_SHAPE(' ','NAUO PRDDFN',#1456);
#10529=PRODUCT_DEFINITION_SHAPE(' ','NAUO PRDDFN',#1457);
#10530=PRODUCT_DEFINITION_SHAPE(' ','NAUO PRDDFN',#1458);
#10531=PRODUCT_DEFINITION_SHAPE(' ','NAUO PRDDFN',#1459);
#10532=PRODUCT_DEFINITION_SHAPE(' ','NAUO PRDDFN',#1460);
#10533=PRODUCT_DEFINITION_SHAPE(' ','NAUO PRDDFN',#1461);
#10534=PRODUCT_DEFINITION_SHAPE(' ','NAUO PRDDFN',#1462);
#10535=PRODUCT_DEFINITION_SHAPE(' ','NAUO PRDDFN',#1463);
#10536=PRODUCT_DEFINITION_SHAPE(' ','NAUO PRDDFN',#1464);
#10537=PRODUCT_DEFINITION_SHAPE(' ','NAUO PRDDFN',#1465);
#10538=PRODUCT_DEFINITION_SHAPE(' ','NAUO PRDDFN',#1466);
#10539=PRODUCT_DEFINITION_SHAPE(' ','NAUO PRDDFN',#1467);
#10540=PRODUCT_DEFINITION_SHAPE(' ','NAUO PRDDFN',#1468);
#10541=PRODUCT_DEFINITION_SHAPE(' ','NAUO PRDDFN',#1469);
#10542=PRODUCT_DEFINITION_SHAPE(' ','NAUO PRDDFN',#1470);
#10543=PRODUCT_DEFINITION_SHAPE(' ','NAUO PRDDFN',#1471);
#10544=PRODUCT_DEFINITION_SHAPE(' ','NAUO PRDDFN',#1472);
#10545=PRODUCT_DEFINITION_SHAPE(' ','NAUO PRDDFN',#1473);
#10546=PRODUCT_DEFINITION_SHAPE(' ','NAUO PRDDFN',#1474);
#10547=PRODUCT_DEFINITION_SHAPE(' ','NAUO PRDDFN',#1475);
#10548=PRODUCT_DEFINITION_SHAPE(' ','NAUO PRDDFN',#1476);
#10549=PRODUCT_DEFINITION_SHAPE(' ','NAUO PRDDFN',#1477);
#10550=PRODUCT_DEFINITION_SHAPE(' ','NAUO PRDDFN',#1478);
#10551=PRODUCT_DEFINITION_SHAPE(' ','NAUO PRDDFN',#1479);
#10552=PRODUCT_DEFINITION_SHAPE(' ','NAUO PRDDFN',#1480);
#10553=PRODUCT_DEFINITION_SHAPE(' ','NAUO PRDDFN',#1481);
#10554=PRODUCT_DEFINITION_SHAPE(' ','NAUO PRDDFN',#1482);
#10555=PRODUCT_DEFINITION_SHAPE(' ','NAUO PRDDFN',#1483);
#10556=PRODUCT_DEFINITION_SHAPE(' ','NAUO PRDDFN',#1484);
#10557=PRODUCT_DEFINITION_SHAPE(' ','NAUO PRDDFN',#1485);
#10558=PRODUCT_DEFINITION_SHAPE(' ','NAUO PRDDFN',#1486);
#10559=PRODUCT_DEFINITION_SHAPE(' ','NAUO PRDDFN',#1487);
#10560=PRODUCT_DEFINITION_SHAPE(' ','NAUO PRDDFN',#1488);
#10561=PRODUCT_DEFINITION_SHAPE(' ','NAUO PRDDFN',#1489);
#10562=PRODUCT_DEFINITION_SHAPE(' ','NAUO PRDDFN',#1490);
#10563=PRODUCT_DEFINITION_SHAPE(' ','NAUO PRDDFN',#1491);
#10564=PRODUCT_DEFINITION_SHAPE(' ','NAUO PRDDFN',#1492);
#10565=PRODUCT_DEFINITION_SHAPE(' ','NAUO PRDDFN',#1493);
#10566=PRODUCT_DEFINITION_SHAPE(' ','NAUO PRDDFN',#1494);
#10567=PRODUCT_DEFINITION_SHAPE(' ','NAUO PRDDFN',#1495);
#10568=PRODUCT_DEFINITION_SHAPE(' ','NAUO PRDDFN',#1496);
#10569=PRODUCT_DEFINITION_SHAPE(' ','NAUO PRDDFN',#1497);
#10570=PRODUCT_DEFINITION_SHAPE(' ','NAUO PRDDFN',#1498);
#10571=PRODUCT_DEFINITION_SHAPE(' ','NAUO PRDDFN',#1499);
#10572=PRODUCT_DEFINITION_SHAPE(' ','NAUO PRDDFN',#1500);
#10573=PRODUCT_DEFINITION_SHAPE(' ','NAUO PRDDFN',#1501);
#10574=PRODUCT_DEFINITION_SHAPE(' ','NAUO PRDDFN',#1502);
#10575=PRODUCT_DEFINITION_SHAPE(' ','NAUO PRDDFN',#1503);
#10576=PRODUCT_DEFINITION_SHAPE(' ','NAUO PRDDFN',#1504);
#10577=PRODUCT_DEFINITION_SHAPE(' ','NAUO PRDDFN',#1505);
#10578=PRODUCT_DEFINITION_SHAPE(' ','NAUO PRDDFN',#1506);
#10579=PRODUCT_DEFINITION_SHAPE(' ','NAUO PRDDFN',#1507);
#10580=PRODUCT_DEFINITION_SHAPE(' ','NAUO PRDDFN',#1508);
#10581=PRODUCT_DEFINITION_SHAPE(' ','NAUO PRDDFN',#1509);
#10582=PRODUCT_DEFINITION_SHAPE(' ','NAUO PRDDFN',#1510);
#10583=PRODUCT_DEFINITION_SHAPE(' ','NAUO PRDDFN',#1511);
#10584=PRODUCT_DEFINITION_SHAPE(' ','NAUO PRDDFN',#1512);
#10585=PRODUCT_DEFINITION_SHAPE(' ','NAUO PRDDFN',#1513);
#10586=PRODUCT_DEFINITION_SHAPE(' ','NAUO PRDDFN',#1514);
#10587=PRODUCT_DEFINITION_SHAPE(' ','NAUO PRDDFN',#1515);
#10588=PRODUCT_DEFINITION_SHAPE(' ','NAUO PRDDFN',#1516);
#10589=PRODUCT_DEFINITION_SHAPE(' ','NAUO PRDDFN',#1517);
#10590=PRODUCT_DEFINITION_SHAPE(' ','NAUO PRDDFN',#1518);
#10591=PRODUCT_DEFINITION_SHAPE(' ','NAUO PRDDFN',#1519);
#10592=PRODUCT_DEFINITION_SHAPE(' ','NAUO PRDDFN',#1520);
#10593=PRODUCT_DEFINITION_SHAPE(' ','NAUO PRDDFN',#1521);
#10594=PRODUCT_DEFINITION_SHAPE(' ','NAUO PRDDFN',#1522);
#10595=PRODUCT_DEFINITION_SHAPE(' ','NAUO PRDDFN',#1523);
#10596=PRODUCT_DEFINITION_SHAPE(' ','NAUO PRDDFN',#1524);
#10597=PRODUCT_DEFINITION_SHAPE(' ','NAUO PRDDFN',#1525);
#10598=PRODUCT_DEFINITION_SHAPE(' ','NAUO PRDDFN',#1526);
#10599=PRODUCT_DEFINITION_SHAPE(' ','NAUO PRDDFN',#1527);
#10600=PRODUCT_DEFINITION_SHAPE(' ','NAUO PRDDFN',#1528);
#10601=PRODUCT_DEFINITION_SHAPE(' ','NAUO PRDDFN',#1529);
#10602=PRODUCT_DEFINITION_SHAPE(' ','NAUO PRDDFN',#1530);
#10603=PRODUCT_DEFINITION_SHAPE(' ','NAUO PRDDFN',#1531);
#10604=PRODUCT_DEFINITION_SHAPE(' ','NAUO PRDDFN',#1532);
#10605=PRODUCT_DEFINITION_SHAPE(' ','NAUO PRDDFN',#1533);
#10606=PRODUCT_DEFINITION_SHAPE(' ','NAUO PRDDFN',#1534);
#10607=PRODUCT_DEFINITION_SHAPE(' ','NAUO PRDDFN',#1535);
#10608=PRODUCT_DEFINITION_SHAPE(' ','NAUO PRDDFN',#1536);
#10609=PRODUCT_DEFINITION_SHAPE(' ','NAUO PRDDFN',#1537);
#10610=PRODUCT_DEFINITION_SHAPE(' ','NAUO PRDDFN',#1538);
#10611=PRODUCT_DEFINITION_SHAPE(' ','NAUO PRDDFN',#1539);
#10612=PRODUCT_DEFINITION_SHAPE(' ','NAUO PRDDFN',#1540);
#10613=PRODUCT_DEFINITION_SHAPE(' ','NAUO PRDDFN',#1541);
#10614=PRODUCT_DEFINITION_SHAPE(' ','NAUO PRDDFN',#1542);
#10615=PRODUCT_DEFINITION_SHAPE(' ','NAUO PRDDFN',#1543);
#10616=PRODUCT_DEFINITION_SHAPE(' ','NAUO PRDDFN',#1544);
#10617=PRODUCT_DEFINITION_SHAPE(' ','NAUO PRDDFN',#1545);
#10618=PRODUCT_DEFINITION_SHAPE(' ','NAUO PRDDFN',#1546);
#10619=PRODUCT_DEFINITION_SHAPE(' ','NAUO PRDDFN',#1547);
#10620=PRODUCT_DEFINITION_SHAPE(' ','NAUO PRDDFN',#1548);
#10621=PRODUCT_DEFINITION_SHAPE(' ','NAUO PRDDFN',#1549);
#10622=PRODUCT_DEFINITION_SHAPE(' ','NAUO PRDDFN',#1550);
#10623=PRODUCT_DEFINITION_SHAPE(' ','NAUO PRDDFN',#1551);
#10624=PRODUCT_DEFINITION_SHAPE(' ','NAUO PRDDFN',#1552);
#10625=PRODUCT_DEFINITION_SHAPE(' ','NAUO PRDDFN',#1553);
#10626=PRODUCT_DEFINITION_SHAPE(' ','NAUO PRDDFN',#1554);
#10627=PRODUCT_DEFINITION_SHAPE(' ','NAUO PRDDFN',#1555);
#10628=PRODUCT_DEFINITION_SHAPE(' ','NAUO PRDDFN',#1556);
#10629=PRODUCT_DEFINITION_SHAPE(' ','NAUO PRDDFN',#1557);
#10630=PRODUCT_DEFINITION_SHAPE(' ','NAUO PRDDFN',#1558);
#10631=PRODUCT_DEFINITION_SHAPE(' ','NAUO PRDDFN',#1559);
#10632=PRODUCT_DEFINITION_SHAPE(' ','NAUO PRDDFN',#1560);
#10633=PRODUCT_DEFINITION_SHAPE(' ','NAUO PRDDFN',#1561);
#10634=PRODUCT_DEFINITION_SHAPE(' ','NAUO PRDDFN',#1562);
#10635=PRODUCT_DEFINITION_SHAPE(' ','NAUO PRDDFN',#1563);
#10636=PRODUCT_DEFINITION_SHAPE('','',#11171);
#10637=PRODUCT_DEFINITION_SHAPE(' ','NAUO PRDDFN',#1564);
#10638=PRODUCT_DEFINITION_SHAPE(' ','NAUO PRDDFN',#1565);
#10639=PRODUCT_DEFINITION_SHAPE(' ','NAUO PRDDFN',#1566);
#10640=PRODUCT_DEFINITION_SHAPE(' ','NAUO PRDDFN',#1567);
#10641=PRODUCT_DEFINITION_SHAPE(' ','NAUO PRDDFN',#1568);
#10642=PRODUCT_DEFINITION_SHAPE(' ','NAUO PRDDFN',#1569);
#10643=PRODUCT_DEFINITION_SHAPE(' ','NAUO PRDDFN',#1570);
#10644=PRODUCT_DEFINITION_SHAPE(' ','NAUO PRDDFN',#1571);
#10645=PRODUCT_DEFINITION_SHAPE(' ','NAUO PRDDFN',#1572);
#10646=PRODUCT_DEFINITION_SHAPE(' ','NAUO PRDDFN',#1573);
#10647=PRODUCT_DEFINITION_SHAPE(' ','NAUO PRDDFN',#1574);
#10648=PRODUCT_DEFINITION_SHAPE(' ','NAUO PRDDFN',#1575);
#10649=PRODUCT_DEFINITION_SHAPE(' ','NAUO PRDDFN',#1576);
#10650=PRODUCT_DEFINITION_SHAPE(' ','NAUO PRDDFN',#1577);
#10651=PRODUCT_DEFINITION_SHAPE(' ','NAUO PRDDFN',#1578);
#10652=PRODUCT_DEFINITION_SHAPE(' ','NAUO PRDDFN',#1579);
#10653=PRODUCT_DEFINITION_SHAPE(' ','NAUO PRDDFN',#1580);
#10654=PRODUCT_DEFINITION_SHAPE(' ','NAUO PRDDFN',#1581);
#10655=PRODUCT_DEFINITION_SHAPE(' ','NAUO PRDDFN',#1582);
#10656=PRODUCT_DEFINITION_SHAPE(' ','NAUO PRDDFN',#1583);
#10657=PRODUCT_DEFINITION_SHAPE(' ','NAUO PRDDFN',#1584);
#10658=PRODUCT_DEFINITION_SHAPE(' ','NAUO PRDDFN',#1585);
#10659=PRODUCT_DEFINITION_SHAPE(' ','NAUO PRDDFN',#1586);
#10660=PRODUCT_DEFINITION_SHAPE(' ','NAUO PRDDFN',#1587);
#10661=PRODUCT_DEFINITION_SHAPE(' ','NAUO PRDDFN',#1588);
#10662=PRODUCT_DEFINITION_SHAPE(' ','NAUO PRDDFN',#1589);
#10663=PRODUCT_DEFINITION_SHAPE(' ','NAUO PRDDFN',#1590);
#10664=PRODUCT_DEFINITION_SHAPE(' ','NAUO PRDDFN',#1591);
#10665=PRODUCT_DEFINITION_SHAPE(' ','NAUO PRDDFN',#1592);
#10666=PRODUCT_DEFINITION_SHAPE(' ','NAUO PRDDFN',#1593);
#10667=PRODUCT_DEFINITION_SHAPE(' ','NAUO PRDDFN',#1594);
#10668=PRODUCT_DEFINITION_SHAPE(' ','NAUO PRDDFN',#1595);
#10669=PRODUCT_DEFINITION_SHAPE(' ','NAUO PRDDFN',#1596);
#10670=PRODUCT_DEFINITION_SHAPE(' ','NAUO PRDDFN',#1597);
#10671=PRODUCT_DEFINITION_SHAPE(' ','NAUO PRDDFN',#1598);
#10672=PRODUCT_DEFINITION_SHAPE(' ','NAUO PRDDFN',#1599);
#10673=PRODUCT_DEFINITION_SHAPE(' ','NAUO PRDDFN',#1600);
#10674=PRODUCT_DEFINITION_SHAPE(' ','NAUO PRDDFN',#1601);
#10675=PRODUCT_DEFINITION_SHAPE(' ','NAUO PRDDFN',#1602);
#10676=PRODUCT_DEFINITION_SHAPE(' ','NAUO PRDDFN',#1603);
#10677=PRODUCT_DEFINITION_SHAPE(' ','NAUO PRDDFN',#1604);
#10678=PRODUCT_DEFINITION_SHAPE(' ','NAUO PRDDFN',#1605);
#10679=PRODUCT_DEFINITION_SHAPE(' ','NAUO PRDDFN',#1606);
#10680=PRODUCT_DEFINITION_SHAPE(' ','NAUO PRDDFN',#1607);
#10681=PRODUCT_DEFINITION_SHAPE(' ','NAUO PRDDFN',#1608);
#10682=PRODUCT_DEFINITION_SHAPE(' ','NAUO PRDDFN',#1609);
#10683=PRODUCT_DEFINITION_SHAPE(' ','NAUO PRDDFN',#1610);
#10684=PRODUCT_DEFINITION_SHAPE(' ','NAUO PRDDFN',#1611);
#10685=PRODUCT_DEFINITION_SHAPE(' ','NAUO PRDDFN',#1612);
#10686=PRODUCT_DEFINITION_SHAPE(' ','NAUO PRDDFN',#1613);
#10687=PRODUCT_DEFINITION_SHAPE(' ','NAUO PRDDFN',#1614);
#10688=PRODUCT_DEFINITION_SHAPE(' ','NAUO PRDDFN',#1615);
#10689=PRODUCT_DEFINITION_SHAPE(' ','NAUO PRDDFN',#1616);
#10690=PRODUCT_DEFINITION_SHAPE(' ','NAUO PRDDFN',#1617);
#10691=PRODUCT_DEFINITION_SHAPE(' ','NAUO PRDDFN',#1618);
#10692=PRODUCT_DEFINITION_SHAPE(' ','NAUO PRDDFN',#1619);
#10693=PRODUCT_DEFINITION_SHAPE(' ','NAUO PRDDFN',#1620);
#10694=PRODUCT_DEFINITION_SHAPE(' ','NAUO PRDDFN',#1621);
#10695=PRODUCT_DEFINITION_SHAPE(' ','NAUO PRDDFN',#1622);
#10696=PRODUCT_DEFINITION_SHAPE(' ','NAUO PRDDFN',#1623);
#10697=PRODUCT_DEFINITION_SHAPE(' ','NAUO PRDDFN',#1624);
#10698=PRODUCT_DEFINITION_SHAPE(' ','NAUO PRDDFN',#1625);
#10699=PRODUCT_DEFINITION_SHAPE(' ','NAUO PRDDFN',#1626);
#10700=PRODUCT_DEFINITION_SHAPE(' ','NAUO PRDDFN',#1627);
#10701=PRODUCT_DEFINITION_SHAPE(' ','NAUO PRDDFN',#1628);
#10702=PRODUCT_DEFINITION_SHAPE(' ','NAUO PRDDFN',#1629);
#10703=PRODUCT_DEFINITION_SHAPE(' ','NAUO PRDDFN',#1630);
#10704=PRODUCT_DEFINITION_SHAPE(' ','NAUO PRDDFN',#1631);
#10705=PRODUCT_DEFINITION_SHAPE(' ','NAUO PRDDFN',#1632);
#10706=PRODUCT_DEFINITION_SHAPE(' ','NAUO PRDDFN',#1633);
#10707=PRODUCT_DEFINITION_SHAPE(' ','NAUO PRDDFN',#1634);
#10708=PRODUCT_DEFINITION_SHAPE(' ','NAUO PRDDFN',#1635);
#10709=PRODUCT_DEFINITION_SHAPE(' ','NAUO PRDDFN',#1636);
#10710=PRODUCT_DEFINITION_SHAPE(' ','NAUO PRDDFN',#1637);
#10711=PRODUCT_DEFINITION_SHAPE(' ','NAUO PRDDFN',#1638);
#10712=PRODUCT_DEFINITION_SHAPE(' ','NAUO PRDDFN',#1639);
#10713=PRODUCT_DEFINITION_SHAPE(' ','NAUO PRDDFN',#1640);
#10714=PRODUCT_DEFINITION_SHAPE(' ','NAUO PRDDFN',#1641);
#10715=PRODUCT_DEFINITION_SHAPE(' ','NAUO PRDDFN',#1642);
#10716=PRODUCT_DEFINITION_SHAPE(' ','NAUO PRDDFN',#1643);
#10717=PRODUCT_DEFINITION_SHAPE(' ','NAUO PRDDFN',#1644);
#10718=PRODUCT_DEFINITION_SHAPE(' ','NAUO PRDDFN',#1645);
#10719=PRODUCT_DEFINITION_SHAPE(' ','NAUO PRDDFN',#1646);
#10720=PRODUCT_DEFINITION_SHAPE(' ','NAUO PRDDFN',#1647);
#10721=PRODUCT_DEFINITION_SHAPE(' ','NAUO PRDDFN',#1648);
#10722=PRODUCT_DEFINITION_SHAPE(' ','NAUO PRDDFN',#1649);
#10723=PRODUCT_DEFINITION_SHAPE(' ','NAUO PRDDFN',#1650);
#10724=PRODUCT_DEFINITION_SHAPE(' ','NAUO PRDDFN',#1651);
#10725=PRODUCT_DEFINITION_SHAPE(' ','NAUO PRDDFN',#1652);
#10726=PRODUCT_DEFINITION_SHAPE(' ','NAUO PRDDFN',#1653);
#10727=PRODUCT_DEFINITION_SHAPE(' ','NAUO PRDDFN',#1654);
#10728=PRODUCT_DEFINITION_SHAPE(' ','NAUO PRDDFN',#1655);
#10729=PRODUCT_DEFINITION_SHAPE(' ','NAUO PRDDFN',#1656);
#10730=PRODUCT_DEFINITION_SHAPE(' ','NAUO PRDDFN',#1657);
#10731=PRODUCT_DEFINITION_SHAPE(' ','NAUO PRDDFN',#1658);
#10732=PRODUCT_DEFINITION_SHAPE(' ','NAUO PRDDFN',#1659);
#10733=PRODUCT_DEFINITION_SHAPE(' ','NAUO PRDDFN',#1660);
#10734=PRODUCT_DEFINITION_SHAPE(' ','NAUO PRDDFN',#1661);
#10735=PRODUCT_DEFINITION_SHAPE(' ','NAUO PRDDFN',#1662);
#10736=PRODUCT_DEFINITION_SHAPE(' ','NAUO PRDDFN',#1663);
#10737=PRODUCT_DEFINITION_SHAPE(' ','NAUO PRDDFN',#1664);
#10738=PRODUCT_DEFINITION_SHAPE(' ','NAUO PRDDFN',#1665);
#10739=PRODUCT_DEFINITION_SHAPE(' ','NAUO PRDDFN',#1666);
#10740=PRODUCT_DEFINITION_SHAPE(' ','NAUO PRDDFN',#1667);
#10741=PRODUCT_DEFINITION_SHAPE(' ','NAUO PRDDFN',#1668);
#10742=PRODUCT_DEFINITION_SHAPE(' ','NAUO PRDDFN',#1669);
#10743=PRODUCT_DEFINITION_SHAPE(' ','NAUO PRDDFN',#1670);
#10744=PRODUCT_DEFINITION_SHAPE(' ','NAUO PRDDFN',#1671);
#10745=PRODUCT_DEFINITION_SHAPE(' ','NAUO PRDDFN',#1672);
#10746=PRODUCT_DEFINITION_SHAPE(' ','NAUO PRDDFN',#1673);
#10747=PRODUCT_DEFINITION_SHAPE(' ','NAUO PRDDFN',#1674);
#10748=PRODUCT_DEFINITION_SHAPE(' ','NAUO PRDDFN',#1675);
#10749=PRODUCT_DEFINITION_SHAPE(' ','NAUO PRDDFN',#1676);
#10750=PRODUCT_DEFINITION_SHAPE(' ','NAUO PRDDFN',#1677);
#10751=PRODUCT_DEFINITION_SHAPE(' ','NAUO PRDDFN',#1678);
#10752=PRODUCT_DEFINITION_SHAPE(' ','NAUO PRDDFN',#1679);
#10753=PRODUCT_DEFINITION_SHAPE(' ','NAUO PRDDFN',#1680);
#10754=PRODUCT_DEFINITION_SHAPE(' ','NAUO PRDDFN',#1681);
#10755=PRODUCT_DEFINITION_SHAPE(' ','NAUO PRDDFN',#1682);
#10756=PRODUCT_DEFINITION_SHAPE(' ','NAUO PRDDFN',#1683);
#10757=PRODUCT_DEFINITION_SHAPE(' ','NAUO PRDDFN',#1684);
#10758=PRODUCT_DEFINITION_SHAPE(' ','NAUO PRDDFN',#1685);
#10759=PRODUCT_DEFINITION_SHAPE(' ','NAUO PRDDFN',#1686);
#10760=PRODUCT_DEFINITION_SHAPE(' ','NAUO PRDDFN',#1687);
#10761=PRODUCT_DEFINITION_SHAPE(' ','NAUO PRDDFN',#1688);
#10762=PRODUCT_DEFINITION_SHAPE(' ','NAUO PRDDFN',#1689);
#10763=PRODUCT_DEFINITION_SHAPE(' ','NAUO PRDDFN',#1690);
#10764=PRODUCT_DEFINITION_SHAPE(' ','NAUO PRDDFN',#1691);
#10765=PRODUCT_DEFINITION_SHAPE(' ','NAUO PRDDFN',#1692);
#10766=PRODUCT_DEFINITION_SHAPE(' ','NAUO PRDDFN',#1693);
#10767=PRODUCT_DEFINITION_SHAPE(' ','NAUO PRDDFN',#1694);
#10768=PRODUCT_DEFINITION_SHAPE(' ','NAUO PRDDFN',#1695);
#10769=PRODUCT_DEFINITION_SHAPE(' ','NAUO PRDDFN',#1696);
#10770=PRODUCT_DEFINITION_SHAPE(' ','NAUO PRDDFN',#1697);
#10771=PRODUCT_DEFINITION_SHAPE(' ','NAUO PRDDFN',#1698);
#10772=PRODUCT_DEFINITION_SHAPE(' ','NAUO PRDDFN',#1699);
#10773=PRODUCT_DEFINITION_SHAPE(' ','NAUO PRDDFN',#1700);
#10774=PRODUCT_DEFINITION_SHAPE(' ','NAUO PRDDFN',#1701);
#10775=PRODUCT_DEFINITION_SHAPE(' ','NAUO PRDDFN',#1702);
#10776=PRODUCT_DEFINITION_SHAPE(' ','NAUO PRDDFN',#1703);
#10777=PRODUCT_DEFINITION_SHAPE(' ','NAUO PRDDFN',#1704);
#10778=PRODUCT_DEFINITION_SHAPE(' ','NAUO PRDDFN',#1705);
#10779=PRODUCT_DEFINITION_SHAPE(' ','NAUO PRDDFN',#1706);
#10780=PRODUCT_DEFINITION_SHAPE(' ','NAUO PRDDFN',#1707);
#10781=PRODUCT_DEFINITION_SHAPE(' ','NAUO PRDDFN',#1708);
#10782=PRODUCT_DEFINITION_SHAPE(' ','NAUO PRDDFN',#1709);
#10783=PRODUCT_DEFINITION_SHAPE(' ','NAUO PRDDFN',#1710);
#10784=PRODUCT_DEFINITION_SHAPE(' ','NAUO PRDDFN',#1711);
#10785=PRODUCT_DEFINITION_SHAPE(' ','NAUO PRDDFN',#1712);
#10786=PRODUCT_DEFINITION_SHAPE(' ','NAUO PRDDFN',#1713);
#10787=PRODUCT_DEFINITION_SHAPE(' ','NAUO PRDDFN',#1714);
#10788=PRODUCT_DEFINITION_SHAPE(' ','NAUO PRDDFN',#1715);
#10789=PRODUCT_DEFINITION_SHAPE(' ','NAUO PRDDFN',#1716);
#10790=PRODUCT_DEFINITION_SHAPE(' ','NAUO PRDDFN',#1717);
#10791=PRODUCT_DEFINITION_SHAPE(' ','NAUO PRDDFN',#1718);
#10792=PRODUCT_DEFINITION_SHAPE(' ','NAUO PRDDFN',#1719);
#10793=PRODUCT_DEFINITION_SHAPE(' ','NAUO PRDDFN',#1720);
#10794=PRODUCT_DEFINITION_SHAPE(' ','NAUO PRDDFN',#1721);
#10795=PRODUCT_DEFINITION_SHAPE(' ','NAUO PRDDFN',#1722);
#10796=PRODUCT_DEFINITION_SHAPE(' ','NAUO PRDDFN',#1723);
#10797=PRODUCT_DEFINITION_SHAPE(' ','NAUO PRDDFN',#1724);
#10798=PRODUCT_DEFINITION_SHAPE(' ','NAUO PRDDFN',#1725);
#10799=PRODUCT_DEFINITION_SHAPE(' ','NAUO PRDDFN',#1726);
#10800=PRODUCT_DEFINITION_SHAPE(' ','NAUO PRDDFN',#1727);
#10801=PRODUCT_DEFINITION_SHAPE(' ','NAUO PRDDFN',#1728);
#10802=PRODUCT_DEFINITION_SHAPE(' ','NAUO PRDDFN',#1729);
#10803=PRODUCT_DEFINITION_SHAPE(' ','NAUO PRDDFN',#1730);
#10804=PRODUCT_DEFINITION_SHAPE(' ','NAUO PRDDFN',#1731);
#10805=PRODUCT_DEFINITION_SHAPE(' ','NAUO PRDDFN',#1732);
#10806=PRODUCT_DEFINITION_SHAPE(' ','NAUO PRDDFN',#1733);
#10807=PRODUCT_DEFINITION_SHAPE(' ','NAUO PRDDFN',#1734);
#10808=PRODUCT_DEFINITION_SHAPE(' ','NAUO PRDDFN',#1735);
#10809=PRODUCT_DEFINITION_SHAPE(' ','NAUO PRDDFN',#1736);
#10810=PRODUCT_DEFINITION_SHAPE(' ','NAUO PRDDFN',#1737);
#10811=PRODUCT_DEFINITION_SHAPE(' ','NAUO PRDDFN',#1738);
#10812=PRODUCT_DEFINITION_SHAPE(' ','NAUO PRDDFN',#1739);
#10813=PRODUCT_DEFINITION_SHAPE(' ','NAUO PRDDFN',#1740);
#10814=PRODUCT_DEFINITION_SHAPE(' ','NAUO PRDDFN',#1741);
#10815=PRODUCT_DEFINITION_SHAPE(' ','NAUO PRDDFN',#1742);
#10816=PRODUCT_DEFINITION_SHAPE(' ','NAUO PRDDFN',#1743);
#10817=PRODUCT_DEFINITION_SHAPE(' ','NAUO PRDDFN',#1744);
#10818=PRODUCT_DEFINITION_SHAPE(' ','NAUO PRDDFN',#1745);
#10819=PRODUCT_DEFINITION_SHAPE(' ','NAUO PRDDFN',#1746);
#10820=PRODUCT_DEFINITION_SHAPE(' ','NAUO PRDDFN',#1747);
#10821=PRODUCT_DEFINITION_SHAPE(' ','NAUO PRDDFN',#1748);
#10822=PRODUCT_DEFINITION_SHAPE(' ','NAUO PRDDFN',#1749);
#10823=PRODUCT_DEFINITION_SHAPE(' ','NAUO PRDDFN',#1750);
#10824=PRODUCT_DEFINITION_SHAPE(' ','NAUO PRDDFN',#1751);
#10825=PRODUCT_DEFINITION_SHAPE(' ','NAUO PRDDFN',#1752);
#10826=PRODUCT_DEFINITION_SHAPE(' ','NAUO PRDDFN',#1753);
#10827=PRODUCT_DEFINITION_SHAPE(' ','NAUO PRDDFN',#1754);
#10828=PRODUCT_DEFINITION_SHAPE(' ','NAUO PRDDFN',#1755);
#10829=PRODUCT_DEFINITION_SHAPE(' ','NAUO PRDDFN',#1756);
#10830=PRODUCT_DEFINITION_SHAPE(' ','NAUO PRDDFN',#1757);
#10831=PRODUCT_DEFINITION_SHAPE(' ','NAUO PRDDFN',#1758);
#10832=PRODUCT_DEFINITION_SHAPE(' ','NAUO PRDDFN',#1759);
#10833=PRODUCT_DEFINITION_SHAPE(' ','NAUO PRDDFN',#1760);
#10834=PRODUCT_DEFINITION_SHAPE(' ','NAUO PRDDFN',#1761);
#10835=PRODUCT_DEFINITION_SHAPE(' ','NAUO PRDDFN',#1762);
#10836=PRODUCT_DEFINITION_SHAPE(' ','NAUO PRDDFN',#1763);
#10837=PRODUCT_DEFINITION_SHAPE(' ','NAUO PRDDFN',#1764);
#10838=PRODUCT_DEFINITION_SHAPE(' ','NAUO PRDDFN',#1765);
#10839=PRODUCT_DEFINITION_SHAPE(' ','NAUO PRDDFN',#1766);
#10840=PRODUCT_DEFINITION_SHAPE(' ','NAUO PRDDFN',#1767);
#10841=PRODUCT_DEFINITION_SHAPE(' ','NAUO PRDDFN',#1768);
#10842=PRODUCT_DEFINITION_SHAPE(' ','NAUO PRDDFN',#1769);
#10843=PRODUCT_DEFINITION_SHAPE(' ','NAUO PRDDFN',#1770);
#10844=PRODUCT_DEFINITION_SHAPE(' ','NAUO PRDDFN',#1771);
#10845=PRODUCT_DEFINITION_SHAPE(' ','NAUO PRDDFN',#1772);
#10846=PRODUCT_DEFINITION_SHAPE(' ','NAUO PRDDFN',#1773);
#10847=PRODUCT_DEFINITION_SHAPE(' ','NAUO PRDDFN',#1774);
#10848=PRODUCT_DEFINITION_SHAPE(' ','NAUO PRDDFN',#1775);
#10849=PRODUCT_DEFINITION_SHAPE(' ','NAUO PRDDFN',#1776);
#10850=PRODUCT_DEFINITION_SHAPE(' ','NAUO PRDDFN',#1777);
#10851=PRODUCT_DEFINITION_SHAPE(' ','NAUO PRDDFN',#1778);
#10852=PRODUCT_DEFINITION_SHAPE(' ','NAUO PRDDFN',#1779);
#10853=PRODUCT_DEFINITION_SHAPE(' ','NAUO PRDDFN',#1780);
#10854=PRODUCT_DEFINITION_SHAPE(' ','NAUO PRDDFN',#1781);
#10855=PRODUCT_DEFINITION_SHAPE(' ','NAUO PRDDFN',#1782);
#10856=PRODUCT_DEFINITION_SHAPE(' ','NAUO PRDDFN',#1783);
#10857=PRODUCT_DEFINITION_SHAPE(' ','NAUO PRDDFN',#1784);
#10858=PRODUCT_DEFINITION_SHAPE(' ','NAUO PRDDFN',#1785);
#10859=PRODUCT_DEFINITION_SHAPE(' ','NAUO PRDDFN',#1786);
#10860=PRODUCT_DEFINITION_SHAPE(' ','NAUO PRDDFN',#1787);
#10861=PRODUCT_DEFINITION_SHAPE(' ','NAUO PRDDFN',#1788);
#10862=PRODUCT_DEFINITION_SHAPE(' ','NAUO PRDDFN',#1789);
#10863=PRODUCT_DEFINITION_SHAPE(' ','NAUO PRDDFN',#1790);
#10864=PRODUCT_DEFINITION_SHAPE(' ','NAUO PRDDFN',#1791);
#10865=PRODUCT_DEFINITION_SHAPE(' ','NAUO PRDDFN',#1792);
#10866=PRODUCT_DEFINITION_SHAPE(' ','NAUO PRDDFN',#1793);
#10867=PRODUCT_DEFINITION_SHAPE(' ','NAUO PRDDFN',#1794);
#10868=PRODUCT_DEFINITION_SHAPE(' ','NAUO PRDDFN',#1795);
#10869=PRODUCT_DEFINITION_SHAPE(' ','NAUO PRDDFN',#1796);
#10870=PRODUCT_DEFINITION_SHAPE(' ','NAUO PRDDFN',#1797);
#10871=PRODUCT_DEFINITION_SHAPE(' ','NAUO PRDDFN',#1798);
#10872=PRODUCT_DEFINITION_SHAPE(' ','NAUO PRDDFN',#1799);
#10873=PRODUCT_DEFINITION_SHAPE(' ','NAUO PRDDFN',#1800);
#10874=PRODUCT_DEFINITION_SHAPE(' ','NAUO PRDDFN',#1801);
#10875=PRODUCT_DEFINITION_SHAPE(' ','NAUO PRDDFN',#1802);
#10876=PRODUCT_DEFINITION_SHAPE(' ','NAUO PRDDFN',#1803);
#10877=PRODUCT_DEFINITION_SHAPE(' ','NAUO PRDDFN',#1804);
#10878=PRODUCT_DEFINITION_SHAPE(' ','NAUO PRDDFN',#1805);
#10879=PRODUCT_DEFINITION_SHAPE(' ','NAUO PRDDFN',#1806);
#10880=PRODUCT_DEFINITION_SHAPE(' ','NAUO PRDDFN',#1807);
#10881=PRODUCT_DEFINITION_SHAPE(' ','NAUO PRDDFN',#1808);
#10882=PRODUCT_DEFINITION_SHAPE(' ','NAUO PRDDFN',#1809);
#10883=PRODUCT_DEFINITION_SHAPE(' ','NAUO PRDDFN',#1810);
#10884=PRODUCT_DEFINITION_SHAPE(' ','NAUO PRDDFN',#1811);
#10885=PRODUCT_DEFINITION_SHAPE(' ','NAUO PRDDFN',#1812);
#10886=PRODUCT_DEFINITION_SHAPE(' ','NAUO PRDDFN',#1813);
#10887=PRODUCT_DEFINITION_SHAPE(' ','NAUO PRDDFN',#1814);
#10888=PRODUCT_DEFINITION_SHAPE(' ','NAUO PRDDFN',#1815);
#10889=PRODUCT_DEFINITION_SHAPE(' ','NAUO PRDDFN',#1816);
#10890=PRODUCT_DEFINITION_SHAPE(' ','NAUO PRDDFN',#1817);
#10891=PRODUCT_DEFINITION_SHAPE(' ','NAUO PRDDFN',#1818);
#10892=PRODUCT_DEFINITION_SHAPE(' ','NAUO PRDDFN',#1819);
#10893=PRODUCT_DEFINITION_SHAPE(' ','NAUO PRDDFN',#1820);
#10894=PRODUCT_DEFINITION_SHAPE(' ','NAUO PRDDFN',#1821);
#10895=PRODUCT_DEFINITION_SHAPE(' ','NAUO PRDDFN',#1822);
#10896=PRODUCT_DEFINITION_SHAPE(' ','NAUO PRDDFN',#1823);
#10897=PRODUCT_DEFINITION_SHAPE(' ','NAUO PRDDFN',#1824);
#10898=PRODUCT_DEFINITION_SHAPE(' ','NAUO PRDDFN',#1825);
#10899=PRODUCT_DEFINITION_SHAPE(' ','NAUO PRDDFN',#1826);
#10900=PRODUCT_DEFINITION_SHAPE(' ','NAUO PRDDFN',#1827);
#10901=PRODUCT_DEFINITION_SHAPE(' ','NAUO PRDDFN',#1828);
#10902=PRODUCT_DEFINITION_SHAPE(' ','NAUO PRDDFN',#1829);
#10903=PRODUCT_DEFINITION_SHAPE(' ','NAUO PRDDFN',#1830);
#10904=PRODUCT_DEFINITION_SHAPE(' ','NAUO PRDDFN',#1831);
#10905=PRODUCT_DEFINITION_SHAPE(' ','NAUO PRDDFN',#1832);
#10906=PRODUCT_DEFINITION_SHAPE(' ','NAUO PRDDFN',#1833);
#10907=PRODUCT_DEFINITION_SHAPE(' ','NAUO PRDDFN',#1834);
#10908=PRODUCT_DEFINITION_SHAPE(' ','NAUO PRDDFN',#1835);
#10909=PRODUCT_DEFINITION_SHAPE(' ','NAUO PRDDFN',#1836);
#10910=PRODUCT_DEFINITION_SHAPE(' ','NAUO PRDDFN',#1837);
#10911=PRODUCT_DEFINITION_SHAPE(' ','NAUO PRDDFN',#1838);
#10912=PRODUCT_DEFINITION_SHAPE(' ','NAUO PRDDFN',#1839);
#10913=PRODUCT_DEFINITION_SHAPE(' ','NAUO PRDDFN',#1840);
#10914=PRODUCT_DEFINITION_SHAPE(' ','NAUO PRDDFN',#1841);
#10915=PRODUCT_DEFINITION_SHAPE(' ','NAUO PRDDFN',#1842);
#10916=PRODUCT_DEFINITION_SHAPE(' ','NAUO PRDDFN',#1843);
#10917=PRODUCT_DEFINITION_SHAPE(' ','NAUO PRDDFN',#1844);
#10918=PRODUCT_DEFINITION_SHAPE(' ','NAUO PRDDFN',#1845);
#10919=PRODUCT_DEFINITION_SHAPE(' ','NAUO PRDDFN',#1846);
#10920=PRODUCT_DEFINITION_SHAPE(' ','NAUO PRDDFN',#1847);
#10921=PRODUCT_DEFINITION_SHAPE(' ','NAUO PRDDFN',#1848);
#10922=PRODUCT_DEFINITION_SHAPE(' ','NAUO PRDDFN',#1849);
#10923=PRODUCT_DEFINITION_SHAPE(' ','NAUO PRDDFN',#1850);
#10924=PRODUCT_DEFINITION_SHAPE(' ','NAUO PRDDFN',#1851);
#10925=PRODUCT_DEFINITION_SHAPE(' ','NAUO PRDDFN',#1852);
#10926=PRODUCT_DEFINITION_SHAPE(' ','NAUO PRDDFN',#1853);
#10927=PRODUCT_DEFINITION_SHAPE(' ','NAUO PRDDFN',#1854);
#10928=PRODUCT_DEFINITION_SHAPE(' ','NAUO PRDDFN',#1855);
#10929=PRODUCT_DEFINITION_SHAPE(' ','NAUO PRDDFN',#1856);
#10930=PRODUCT_DEFINITION_SHAPE(' ','NAUO PRDDFN',#1857);
#10931=PRODUCT_DEFINITION_SHAPE(' ','NAUO PRDDFN',#1858);
#10932=PRODUCT_DEFINITION_SHAPE(' ','NAUO PRDDFN',#1859);
#10933=PRODUCT_DEFINITION_SHAPE(' ','NAUO PRDDFN',#1860);
#10934=PRODUCT_DEFINITION_SHAPE(' ','NAUO PRDDFN',#1861);
#10935=PRODUCT_DEFINITION_SHAPE(' ','NAUO PRDDFN',#1862);
#10936=PRODUCT_DEFINITION_SHAPE(' ','NAUO PRDDFN',#1863);
#10937=PRODUCT_DEFINITION_SHAPE(' ','NAUO PRDDFN',#1864);
#10938=PRODUCT_DEFINITION_SHAPE(' ','NAUO PRDDFN',#1865);
#10939=PRODUCT_DEFINITION_SHAPE(' ','NAUO PRDDFN',#1866);
#10940=PRODUCT_DEFINITION_SHAPE(' ','NAUO PRDDFN',#1867);
#10941=PRODUCT_DEFINITION_SHAPE(' ','NAUO PRDDFN',#1868);
#10942=PRODUCT_DEFINITION_SHAPE(' ','NAUO PRDDFN',#1869);
#10943=PRODUCT_DEFINITION_SHAPE(' ','NAUO PRDDFN',#1870);
#10944=PRODUCT_DEFINITION_SHAPE(' ','NAUO PRDDFN',#1871);
#10945=PRODUCT_DEFINITION_SHAPE(' ','NAUO PRDDFN',#1872);
#10946=PRODUCT_DEFINITION_SHAPE(' ','NAUO PRDDFN',#1873);
#10947=PRODUCT_DEFINITION_SHAPE(' ','NAUO PRDDFN',#1874);
#10948=PRODUCT_DEFINITION_SHAPE(' ','NAUO PRDDFN',#1875);
#10949=PRODUCT_DEFINITION_SHAPE(' ','NAUO PRDDFN',#1876);
#10950=PRODUCT_DEFINITION_SHAPE(' ','NAUO PRDDFN',#1877);
#10951=PRODUCT_DEFINITION_SHAPE(' ','NAUO PRDDFN',#1878);
#10952=PRODUCT_DEFINITION_SHAPE(' ','NAUO PRDDFN',#1879);
#10953=PRODUCT_DEFINITION_SHAPE(' ','NAUO PRDDFN',#1880);
#10954=PRODUCT_DEFINITION_SHAPE(' ','NAUO PRDDFN',#1881);
#10955=PRODUCT_DEFINITION_SHAPE(' ','NAUO PRDDFN',#1882);
#10956=PRODUCT_DEFINITION_SHAPE(' ','NAUO PRDDFN',#1883);
#10957=PRODUCT_DEFINITION_SHAPE(' ','NAUO PRDDFN',#1884);
#10958=PRODUCT_DEFINITION_SHAPE(' ','NAUO PRDDFN',#1885);
#10959=PRODUCT_DEFINITION_SHAPE(' ','NAUO PRDDFN',#1886);
#10960=PRODUCT_DEFINITION_SHAPE(' ','NAUO PRDDFN',#1887);
#10961=PRODUCT_DEFINITION_SHAPE(' ','NAUO PRDDFN',#1888);
#10962=PRODUCT_DEFINITION_SHAPE(' ','NAUO PRDDFN',#1889);
#10963=PRODUCT_DEFINITION_SHAPE(' ','NAUO PRDDFN',#1890);
#10964=PRODUCT_DEFINITION_SHAPE(' ','NAUO PRDDFN',#1891);
#10965=PRODUCT_DEFINITION_SHAPE(' ','NAUO PRDDFN',#1892);
#10966=PRODUCT_DEFINITION_SHAPE(' ','NAUO PRDDFN',#1893);
#10967=PRODUCT_DEFINITION_SHAPE(' ','NAUO PRDDFN',#1894);
#10968=PRODUCT_DEFINITION_SHAPE(' ','NAUO PRDDFN',#1895);
#10969=PRODUCT_DEFINITION_SHAPE(' ','NAUO PRDDFN',#1896);
#10970=PRODUCT_DEFINITION_SHAPE(' ','NAUO PRDDFN',#1897);
#10971=PRODUCT_DEFINITION_SHAPE(' ','NAUO PRDDFN',#1898);
#10972=PRODUCT_DEFINITION_SHAPE(' ','NAUO PRDDFN',#1899);
#10973=PRODUCT_DEFINITION_SHAPE(' ','NAUO PRDDFN',#1900);
#10974=PRODUCT_DEFINITION_SHAPE(' ','NAUO PRDDFN',#1901);
#10975=PRODUCT_DEFINITION_SHAPE(' ','NAUO PRDDFN',#1902);
#10976=PRODUCT_DEFINITION_SHAPE(' ','NAUO PRDDFN',#1903);
#10977=PRODUCT_DEFINITION_SHAPE(' ','NAUO PRDDFN',#1904);
#10978=PRODUCT_DEFINITION_SHAPE(' ','NAUO PRDDFN',#1905);
#10979=PRODUCT_DEFINITION_SHAPE(' ','NAUO PRDDFN',#1906);
#10980=PRODUCT_DEFINITION_SHAPE(' ','NAUO PRDDFN',#1907);
#10981=PRODUCT_DEFINITION_SHAPE(' ','NAUO PRDDFN',#1908);
#10982=PRODUCT_DEFINITION_SHAPE(' ','NAUO PRDDFN',#1909);
#10983=PRODUCT_DEFINITION_SHAPE(' ','NAUO PRDDFN',#1910);
#10984=PRODUCT_DEFINITION_SHAPE(' ','NAUO PRDDFN',#1911);
#10985=PRODUCT_DEFINITION_SHAPE(' ','NAUO PRDDFN',#1912);
#10986=PRODUCT_DEFINITION_SHAPE(' ','NAUO PRDDFN',#1913);
#10987=PRODUCT_DEFINITION_SHAPE(' ','NAUO PRDDFN',#1914);
#10988=PRODUCT_DEFINITION_SHAPE(' ','NAUO PRDDFN',#1915);
#10989=PRODUCT_DEFINITION_SHAPE(' ','NAUO PRDDFN',#1916);
#10990=PRODUCT_DEFINITION_SHAPE(' ','NAUO PRDDFN',#1917);
#10991=PRODUCT_DEFINITION_SHAPE(' ','NAUO PRDDFN',#1918);
#10992=PRODUCT_DEFINITION_SHAPE(' ','NAUO PRDDFN',#1919);
#10993=PRODUCT_DEFINITION_SHAPE(' ','NAUO PRDDFN',#1920);
#10994=PRODUCT_DEFINITION_SHAPE(' ','NAUO PRDDFN',#1921);
#10995=PRODUCT_DEFINITION_SHAPE(' ','NAUO PRDDFN',#1922);
#10996=PRODUCT_DEFINITION_SHAPE(' ','NAUO PRDDFN',#1923);
#10997=PRODUCT_DEFINITION_SHAPE(' ','NAUO PRDDFN',#1924);
#10998=PRODUCT_DEFINITION_SHAPE(' ','NAUO PRDDFN',#1925);
#10999=PRODUCT_DEFINITION_SHAPE(' ','NAUO PRDDFN',#1926);
#11000=PRODUCT_DEFINITION_SHAPE(' ','NAUO PRDDFN',#1927);
#11001=PRODUCT_DEFINITION_SHAPE(' ','NAUO PRDDFN',#1928);
#11002=PRODUCT_DEFINITION_SHAPE(' ','NAUO PRDDFN',#1929);
#11003=PRODUCT_DEFINITION_SHAPE(' ','NAUO PRDDFN',#1930);
#11004=PRODUCT_DEFINITION_SHAPE(' ','NAUO PRDDFN',#1931);
#11005=PRODUCT_DEFINITION_SHAPE(' ','NAUO PRDDFN',#1932);
#11006=PRODUCT_DEFINITION_SHAPE(' ','NAUO PRDDFN',#1933);
#11007=PRODUCT_DEFINITION_SHAPE(' ','NAUO PRDDFN',#1934);
#11008=PRODUCT_DEFINITION_SHAPE(' ','NAUO PRDDFN',#1935);
#11009=PRODUCT_DEFINITION_SHAPE(' ','NAUO PRDDFN',#1936);
#11010=PRODUCT_DEFINITION_SHAPE(' ','NAUO PRDDFN',#1937);
#11011=PRODUCT_DEFINITION_SHAPE(' ','NAUO PRDDFN',#1938);
#11012=PRODUCT_DEFINITION_SHAPE(' ','NAUO PRDDFN',#1939);
#11013=PRODUCT_DEFINITION_SHAPE(' ','NAUO PRDDFN',#1940);
#11014=PRODUCT_DEFINITION_SHAPE(' ','NAUO PRDDFN',#1941);
#11015=PRODUCT_DEFINITION_SHAPE(' ','NAUO PRDDFN',#1942);
#11016=PRODUCT_DEFINITION_SHAPE(' ','NAUO PRDDFN',#1943);
#11017=PRODUCT_DEFINITION_SHAPE(' ','NAUO PRDDFN',#1944);
#11018=PRODUCT_DEFINITION_SHAPE(' ','NAUO PRDDFN',#1945);
#11019=PRODUCT_DEFINITION_SHAPE(' ','NAUO PRDDFN',#1946);
#11020=PRODUCT_DEFINITION_SHAPE(' ','NAUO PRDDFN',#1947);
#11021=PRODUCT_DEFINITION_SHAPE(' ','NAUO PRDDFN',#1948);
#11022=PRODUCT_DEFINITION_SHAPE(' ','NAUO PRDDFN',#1949);
#11023=PRODUCT_DEFINITION_SHAPE(' ','NAUO PRDDFN',#1950);
#11024=PRODUCT_DEFINITION_SHAPE(' ','NAUO PRDDFN',#1951);
#11025=PRODUCT_DEFINITION_SHAPE(' ','NAUO PRDDFN',#1952);
#11026=PRODUCT_DEFINITION_SHAPE(' ','NAUO PRDDFN',#1953);
#11027=PRODUCT_DEFINITION_SHAPE(' ','NAUO PRDDFN',#1954);
#11028=PRODUCT_DEFINITION_SHAPE(' ','NAUO PRDDFN',#1955);
#11029=PRODUCT_DEFINITION_SHAPE(' ','NAUO PRDDFN',#1956);
#11030=PRODUCT_DEFINITION_SHAPE(' ','NAUO PRDDFN',#1957);
#11031=PRODUCT_DEFINITION_SHAPE(' ','NAUO PRDDFN',#1958);
#11032=PRODUCT_DEFINITION_SHAPE(' ','NAUO PRDDFN',#1959);
#11033=PRODUCT_DEFINITION_SHAPE(' ','NAUO PRDDFN',#1960);
#11034=PRODUCT_DEFINITION_SHAPE(' ','NAUO PRDDFN',#1961);
#11035=PRODUCT_DEFINITION_SHAPE(' ','NAUO PRDDFN',#1962);
#11036=PRODUCT_DEFINITION_SHAPE(' ','NAUO PRDDFN',#1963);
#11037=PRODUCT_DEFINITION_SHAPE(' ','NAUO PRDDFN',#1964);
#11038=PRODUCT_DEFINITION_SHAPE(' ','NAUO PRDDFN',#1965);
#11039=PRODUCT_DEFINITION_SHAPE(' ','NAUO PRDDFN',#1966);
#11040=PRODUCT_DEFINITION_SHAPE(' ','NAUO PRDDFN',#1967);
#11041=PRODUCT_DEFINITION_SHAPE(' ','NAUO PRDDFN',#1968);
#11042=PRODUCT_DEFINITION_SHAPE(' ','NAUO PRDDFN',#1969);
#11043=PRODUCT_DEFINITION_SHAPE(' ','NAUO PRDDFN',#1970);
#11044=PRODUCT_DEFINITION_SHAPE(' ','NAUO PRDDFN',#1971);
#11045=PRODUCT_DEFINITION_SHAPE(' ','NAUO PRDDFN',#1972);
#11046=PRODUCT_DEFINITION_SHAPE(' ','NAUO PRDDFN',#1973);
#11047=PRODUCT_DEFINITION_SHAPE(' ','NAUO PRDDFN',#1974);
#11048=PRODUCT_DEFINITION_SHAPE(' ','NAUO PRDDFN',#1975);
#11049=PRODUCT_DEFINITION_SHAPE(' ','NAUO PRDDFN',#1976);
#11050=PRODUCT_DEFINITION_SHAPE(' ','NAUO PRDDFN',#1977);
#11051=PRODUCT_DEFINITION_SHAPE(' ','NAUO PRDDFN',#1978);
#11052=PRODUCT_DEFINITION_SHAPE(' ','NAUO PRDDFN',#1979);
#11053=PRODUCT_DEFINITION_SHAPE(' ','NAUO PRDDFN',#1980);
#11054=PRODUCT_DEFINITION_SHAPE(' ','NAUO PRDDFN',#1981);
#11055=PRODUCT_DEFINITION_SHAPE(' ','NAUO PRDDFN',#1982);
#11056=PRODUCT_DEFINITION_SHAPE(' ','NAUO PRDDFN',#1983);
#11057=PRODUCT_DEFINITION_SHAPE(' ','NAUO PRDDFN',#1984);
#11058=PRODUCT_DEFINITION_SHAPE(' ','NAUO PRDDFN',#1985);
#11059=PRODUCT_DEFINITION_SHAPE(' ','NAUO PRDDFN',#1986);
#11060=PRODUCT_DEFINITION_SHAPE(' ','NAUO PRDDFN',#1987);
#11061=PRODUCT_DEFINITION_SHAPE(' ','NAUO PRDDFN',#1988);
#11062=PRODUCT_DEFINITION_SHAPE(' ','NAUO PRDDFN',#1989);
#11063=PRODUCT_DEFINITION_SHAPE(' ','NAUO PRDDFN',#1990);
#11064=PRODUCT_DEFINITION_SHAPE(' ','NAUO PRDDFN',#1991);
#11065=PRODUCT_DEFINITION_SHAPE(' ','NAUO PRDDFN',#1992);
#11066=PRODUCT_DEFINITION_SHAPE(' ','NAUO PRDDFN',#1993);
#11067=PRODUCT_DEFINITION_SHAPE(' ','NAUO PRDDFN',#1994);
#11068=PRODUCT_DEFINITION_SHAPE(' ','NAUO PRDDFN',#1995);
#11069=PRODUCT_DEFINITION_SHAPE(' ','NAUO PRDDFN',#1996);
#11070=PRODUCT_DEFINITION_SHAPE(' ','NAUO PRDDFN',#1997);
#11071=PRODUCT_DEFINITION_SHAPE(' ','NAUO PRDDFN',#1998);
#11072=PRODUCT_DEFINITION_SHAPE(' ','NAUO PRDDFN',#1999);
#11073=PRODUCT_DEFINITION_SHAPE(' ','NAUO PRDDFN',#2000);
#11074=PRODUCT_DEFINITION_SHAPE(' ','NAUO PRDDFN',#2001);
#11075=PRODUCT_DEFINITION_SHAPE(' ','NAUO PRDDFN',#2002);
#11076=PRODUCT_DEFINITION_SHAPE(' ','NAUO PRDDFN',#2003);
#11077=PRODUCT_DEFINITION_SHAPE(' ','NAUO PRDDFN',#2004);
#11078=PRODUCT_DEFINITION_SHAPE(' ','NAUO PRDDFN',#2005);
#11079=PRODUCT_DEFINITION_SHAPE(' ','NAUO PRDDFN',#2006);
#11080=PRODUCT_DEFINITION_SHAPE(' ','NAUO PRDDFN',#2007);
#11081=PRODUCT_DEFINITION_SHAPE(' ','NAUO PRDDFN',#2008);
#11082=PRODUCT_DEFINITION_SHAPE(' ','NAUO PRDDFN',#2009);
#11083=PRODUCT_DEFINITION_SHAPE(' ','NAUO PRDDFN',#2010);
#11084=PRODUCT_DEFINITION_SHAPE(' ','NAUO PRDDFN',#2011);
#11085=PRODUCT_DEFINITION_SHAPE(' ','NAUO PRDDFN',#2012);
#11086=PRODUCT_DEFINITION_SHAPE(' ','NAUO PRDDFN',#2013);
#11087=PRODUCT_DEFINITION_SHAPE(' ','NAUO PRDDFN',#2014);
#11088=PRODUCT_DEFINITION_SHAPE(' ','NAUO PRDDFN',#2015);
#11089=PRODUCT_DEFINITION_SHAPE(' ','NAUO PRDDFN',#2016);
#11090=PRODUCT_DEFINITION_SHAPE(' ','NAUO PRDDFN',#2017);
#11091=PRODUCT_DEFINITION_SHAPE(' ','NAUO PRDDFN',#2018);
#11092=PRODUCT_DEFINITION_SHAPE(' ','NAUO PRDDFN',#2019);
#11093=PRODUCT_DEFINITION_SHAPE(' ','NAUO PRDDFN',#2020);
#11094=PRODUCT_DEFINITION_SHAPE(' ','NAUO PRDDFN',#2021);
#11095=PRODUCT_DEFINITION_SHAPE(' ','NAUO PRDDFN',#2022);
#11096=PRODUCT_DEFINITION_SHAPE(' ','NAUO PRDDFN',#2023);
#11097=PRODUCT_DEFINITION_SHAPE(' ','NAUO PRDDFN',#2024);
#11098=PRODUCT_DEFINITION_SHAPE(' ','NAUO PRDDFN',#2025);
#11099=PRODUCT_DEFINITION_SHAPE(' ','NAUO PRDDFN',#2026);
#11100=PRODUCT_DEFINITION_SHAPE(' ','NAUO PRDDFN',#2027);
#11101=PRODUCT_DEFINITION_SHAPE(' ','NAUO PRDDFN',#2028);
#11102=PRODUCT_DEFINITION_SHAPE(' ','NAUO PRDDFN',#2029);
#11103=PRODUCT_DEFINITION_SHAPE(' ','NAUO PRDDFN',#2030);
#11104=PRODUCT_DEFINITION_SHAPE(' ','NAUO PRDDFN',#2031);
#11105=PRODUCT_DEFINITION_SHAPE(' ','NAUO PRDDFN',#2032);
#11106=PRODUCT_DEFINITION_SHAPE(' ','NAUO PRDDFN',#2033);
#11107=PRODUCT_DEFINITION_SHAPE(' ','NAUO PRDDFN',#2034);
#11108=PRODUCT_DEFINITION_SHAPE(' ','NAUO PRDDFN',#2035);
#11109=PRODUCT_DEFINITION_SHAPE(' ','NAUO PRDDFN',#2036);
#11110=PRODUCT_DEFINITION_SHAPE(' ','NAUO PRDDFN',#2037);
#11111=PRODUCT_DEFINITION_SHAPE(' ','NAUO PRDDFN',#2038);
#11112=PRODUCT_DEFINITION_SHAPE(' ','NAUO PRDDFN',#2039);
#11113=PRODUCT_DEFINITION_SHAPE(' ','NAUO PRDDFN',#2040);
#11114=PRODUCT_DEFINITION_SHAPE(' ','NAUO PRDDFN',#2041);
#11115=PRODUCT_DEFINITION_SHAPE(' ','NAUO PRDDFN',#2042);
#11116=PRODUCT_DEFINITION_SHAPE(' ','NAUO PRDDFN',#2043);
#11117=PRODUCT_DEFINITION_SHAPE(' ','NAUO PRDDFN',#2044);
#11118=PRODUCT_DEFINITION_SHAPE(' ','NAUO PRDDFN',#2045);
#11119=PRODUCT_DEFINITION_SHAPE(' ','NAUO PRDDFN',#2046);
#11120=PRODUCT_DEFINITION_SHAPE(' ','NAUO PRDDFN',#2047);
#11121=PRODUCT_DEFINITION_SHAPE(' ','NAUO PRDDFN',#2048);
#11122=PRODUCT_DEFINITION_SHAPE(' ','NAUO PRDDFN',#2049);
#11123=PRODUCT_DEFINITION_SHAPE(' ','NAUO PRDDFN',#2050);
#11124=PRODUCT_DEFINITION_SHAPE(' ','NAUO PRDDFN',#2051);
#11125=PRODUCT_DEFINITION_SHAPE(' ','NAUO PRDDFN',#2052);
#11126=PRODUCT_DEFINITION_SHAPE(' ','NAUO PRDDFN',#2053);
#11127=PRODUCT_DEFINITION_SHAPE(' ','NAUO PRDDFN',#2054);
#11128=PRODUCT_DEFINITION_SHAPE(' ','NAUO PRDDFN',#2055);
#11129=PRODUCT_DEFINITION_SHAPE(' ','NAUO PRDDFN',#2056);
#11130=PRODUCT_DEFINITION_SHAPE(' ','NAUO PRDDFN',#2057);
#11131=PRODUCT_DEFINITION_SHAPE(' ','NAUO PRDDFN',#2058);
#11132=PRODUCT_DEFINITION_SHAPE(' ','NAUO PRDDFN',#2059);
#11133=PRODUCT_DEFINITION_SHAPE(' ','NAUO PRDDFN',#2060);
#11134=PRODUCT_DEFINITION_SHAPE(' ','NAUO PRDDFN',#2061);
#11135=PRODUCT_DEFINITION_SHAPE(' ','NAUO PRDDFN',#2062);
#11136=PRODUCT_DEFINITION_SHAPE(' ','NAUO PRDDFN',#2063);
#11137=PRODUCT_DEFINITION_SHAPE(' ','NAUO PRDDFN',#2064);
#11138=PRODUCT_DEFINITION_SHAPE(' ','NAUO PRDDFN',#2065);
#11139=PRODUCT_DEFINITION_SHAPE(' ','NAUO PRDDFN',#2066);
#11140=PRODUCT_DEFINITION_SHAPE(' ','NAUO PRDDFN',#2067);
#11141=PRODUCT_DEFINITION_SHAPE(' ','NAUO PRDDFN',#2068);
#11142=PRODUCT_DEFINITION_SHAPE(' ','NAUO PRDDFN',#2069);
#11143=PRODUCT_DEFINITION_SHAPE(' ','NAUO PRDDFN',#2070);
#11144=PRODUCT_DEFINITION_SHAPE(' ','NAUO PRDDFN',#2071);
#11145=PRODUCT_DEFINITION_SHAPE(' ','NAUO PRDDFN',#2072);
#11146=PRODUCT_DEFINITION_SHAPE(' ','NAUO PRDDFN',#2073);
#11147=PRODUCT_DEFINITION_SHAPE(' ','NAUO PRDDFN',#2074);
#11148=PRODUCT_DEFINITION_SHAPE(' ','NAUO PRDDFN',#2075);
#11149=PRODUCT_DEFINITION_SHAPE(' ','NAUO PRDDFN',#2076);
#11150=PRODUCT_DEFINITION_SHAPE(' ','NAUO PRDDFN',#2077);
#11151=PRODUCT_DEFINITION_SHAPE(' ','NAUO PRDDFN',#2078);
#11152=PRODUCT_DEFINITION_SHAPE(' ','NAUO PRDDFN',#2079);
#11153=PRODUCT_DEFINITION_SHAPE(' ','NAUO PRDDFN',#2080);
#11154=PRODUCT_DEFINITION_SHAPE(' ','NAUO PRDDFN',#2081);
#11155=PRODUCT_DEFINITION_SHAPE(' ','NAUO PRDDFN',#2082);
#11156=PRODUCT_DEFINITION_SHAPE(' ','NAUO PRDDFN',#2083);
#11157=PRODUCT_DEFINITION_SHAPE(' ','NAUO PRDDFN',#2084);
#11158=PRODUCT_DEFINITION_SHAPE(' ','NAUO PRDDFN',#2085);
#11159=PRODUCT_DEFINITION_SHAPE(' ','NAUO PRDDFN',#2086);
#11160=PRODUCT_DEFINITION_SHAPE(' ','NAUO PRDDFN',#2087);
#11161=PRODUCT_DEFINITION('','',#11183,#11172);
#11162=PRODUCT_DEFINITION('','',#11184,#11173);
#11163=PRODUCT_DEFINITION('','',#11185,#11174);
#11164=PRODUCT_DEFINITION('','',#11186,#11175);
#11165=PRODUCT_DEFINITION('','',#11187,#11176);
#11166=PRODUCT_DEFINITION('','',#11188,#11177);
#11167=PRODUCT_DEFINITION('','',#11189,#11178);
#11168=PRODUCT_DEFINITION('','',#11190,#11179);
#11169=PRODUCT_DEFINITION('','',#11191,#11180);
#11170=PRODUCT_DEFINITION('','',#11192,#11181);
#11171=PRODUCT_DEFINITION('','',#11193,#11182);
#11172=PRODUCT_DEFINITION_CONTEXT('',#11239,'design');
#11173=PRODUCT_DEFINITION_CONTEXT('',#11239,'design');
#11174=PRODUCT_DEFINITION_CONTEXT('',#11239,'design');
#11175=PRODUCT_DEFINITION_CONTEXT('',#11239,'design');
#11176=PRODUCT_DEFINITION_CONTEXT('',#11239,'design');
#11177=PRODUCT_DEFINITION_CONTEXT('',#11239,'design');
#11178=PRODUCT_DEFINITION_CONTEXT('',#11239,'design');
#11179=PRODUCT_DEFINITION_CONTEXT('',#11239,'design');
#11180=PRODUCT_DEFINITION_CONTEXT('',#11239,'design');
#11181=PRODUCT_DEFINITION_CONTEXT('',#11239,'design');
#11182=PRODUCT_DEFINITION_CONTEXT('',#11239,'design');
#11183=PRODUCT_DEFINITION_FORMATION_WITH_SPECIFIED_SOURCE('','',#11205,
 .NOT_KNOWN.);
#11184=PRODUCT_DEFINITION_FORMATION_WITH_SPECIFIED_SOURCE('','',#11206,
 .NOT_KNOWN.);
#11185=PRODUCT_DEFINITION_FORMATION_WITH_SPECIFIED_SOURCE('','',#11207,
 .NOT_KNOWN.);
#11186=PRODUCT_DEFINITION_FORMATION_WITH_SPECIFIED_SOURCE('','',#11208,
 .NOT_KNOWN.);
#11187=PRODUCT_DEFINITION_FORMATION_WITH_SPECIFIED_SOURCE('','',#11209,
 .NOT_KNOWN.);
#11188=PRODUCT_DEFINITION_FORMATION_WITH_SPECIFIED_SOURCE('','',#11210,
 .NOT_KNOWN.);
#11189=PRODUCT_DEFINITION_FORMATION_WITH_SPECIFIED_SOURCE('','',#11211,
 .NOT_KNOWN.);
#11190=PRODUCT_DEFINITION_FORMATION_WITH_SPECIFIED_SOURCE('','',#11212,
 .NOT_KNOWN.);
#11191=PRODUCT_DEFINITION_FORMATION_WITH_SPECIFIED_SOURCE('','',#11213,
 .NOT_KNOWN.);
#11192=PRODUCT_DEFINITION_FORMATION_WITH_SPECIFIED_SOURCE('','',#11214,
 .NOT_KNOWN.);
#11193=PRODUCT_DEFINITION_FORMATION_WITH_SPECIFIED_SOURCE('','',#11215,
 .NOT_KNOWN.);
#11194=PRODUCT_RELATED_PRODUCT_CATEGORY('','',(#11205));
#11195=PRODUCT_RELATED_PRODUCT_CATEGORY('','',(#11206));
#11196=PRODUCT_RELATED_PRODUCT_CATEGORY('','',(#11207));
#11197=PRODUCT_RELATED_PRODUCT_CATEGORY('','',(#11208));
#11198=PRODUCT_RELATED_PRODUCT_CATEGORY('','',(#11209));
#11199=PRODUCT_RELATED_PRODUCT_CATEGORY('','',(#11210));
#11200=PRODUCT_RELATED_PRODUCT_CATEGORY('','',(#11211));
#11201=PRODUCT_RELATED_PRODUCT_CATEGORY('','',(#11212));
#11202=PRODUCT_RELATED_PRODUCT_CATEGORY('','',(#11213));
#11203=PRODUCT_RELATED_PRODUCT_CATEGORY('','',(#11214));
#11204=PRODUCT_RELATED_PRODUCT_CATEGORY('','',(#11215));
#11205=PRODUCT('dmod','dmod','dmod',(#11227));
#11206=PRODUCT('Part 1','Part 1','Part 1',(#11228));
#11207=PRODUCT('Part 2','Part 2','Part 2',(#11229));
#11208=PRODUCT('Part 6','Part 6','Part 6',(#11230));
#11209=PRODUCT('Part 5','Part 5','Part 5',(#11231));
#11210=PRODUCT('Part 3','Part 3','Part 3',(#11232));
#11211=PRODUCT('Part 4','Part 4','Part 4',(#11233));
#11212=PRODUCT('Part 7','Part 7','Part 7',(#11234));
#11213=PRODUCT('Part 1','Part 1','Part 1',(#11235));
#11214=PRODUCT('Part 1','Part 1','Part 1',(#11236));
#11215=PRODUCT('Part 1','Part 1','Part 1',(#11237));
#11216=PRODUCT_CATEGORY('','');
#11217=PRODUCT_CATEGORY('','');
#11218=PRODUCT_CATEGORY('','');
#11219=PRODUCT_CATEGORY('','');
#11220=PRODUCT_CATEGORY('','');
#11221=PRODUCT_CATEGORY('','');
#11222=PRODUCT_CATEGORY('','');
#11223=PRODUCT_CATEGORY('','');
#11224=PRODUCT_CATEGORY('','');
#11225=PRODUCT_CATEGORY('','');
#11226=PRODUCT_CATEGORY('','');
#11227=PRODUCT_CONTEXT('',#11239,'mechanical');
#11228=PRODUCT_CONTEXT('',#11239,'mechanical');
#11229=PRODUCT_CONTEXT('',#11239,'mechanical');
#11230=PRODUCT_CONTEXT('',#11239,'mechanical');
#11231=PRODUCT_CONTEXT('',#11239,'mechanical');
#11232=PRODUCT_CONTEXT('',#11239,'mechanical');
#11233=PRODUCT_CONTEXT('',#11239,'mechanical');
#11234=PRODUCT_CONTEXT('',#11239,'mechanical');
#11235=PRODUCT_CONTEXT('',#11239,'mechanical');
#11236=PRODUCT_CONTEXT('',#11239,'mechanical');
#11237=PRODUCT_CONTEXT('',#11239,'mechanical');
#11238=APPLICATION_PROTOCOL_DEFINITION('international standard',
'ap242_managed_model_based_3d_engineering',2011,#11239);
#11239=APPLICATION_CONTEXT('managed model based 3d engineering');
ENDSEC;
END-ISO-10303-21;
