ISO-10303-21;
HEADER;
/* Generated by software containing ST-Developer
 * from STEP Tools, Inc. (www.steptools.com) 
 */
/* OPTION: using custom renumber hook */

FILE_DESCRIPTION(
/* description */ ('STEP AP242',
'CAx-IF Rec.Pracs.---Representation and Presentation of Product Manufa
cturing Information (PMI)---4.0---2014-10-13',
'CAx-IF Rec.Pracs.---3D Tessellated Geometry---0.4---2014-09-14','2;1'),

/* implementation_level */ '2;1');

FILE_NAME(
/* name */ '68d2b27ca5053cd3304c8efc',
/* time_stamp */ '2025-09-23T14:45:17Z',
/* author */ (''),
/* organization */ (''),
/* preprocessor_version */ 'ST-DEVELOPER v20',
/* originating_system */ 'ONSHAPE BY PTC INC, 1.204',
/* authorisation */ '  ');

FILE_SCHEMA (('AP242_MANAGED_MODEL_BASED_3D_ENGINEERING_MIM_LF { 1 0 10303 442 1 1 4 }'));
ENDSEC;

DATA;
#10=CONTEXT_DEPENDENT_SHAPE_REPRESENTATION(#2198,#10774);
#11=CONTEXT_DEPENDENT_SHAPE_REPRESENTATION(#2199,#10777);
#12=CONTEXT_DEPENDENT_SHAPE_REPRESENTATION(#2200,#10780);
#13=CONTEXT_DEPENDENT_SHAPE_REPRESENTATION(#2201,#10781);
#14=CONTEXT_DEPENDENT_SHAPE_REPRESENTATION(#2202,#10782);
#15=CONTEXT_DEPENDENT_SHAPE_REPRESENTATION(#2203,#10783);
#16=CONTEXT_DEPENDENT_SHAPE_REPRESENTATION(#2204,#10784);
#17=CONTEXT_DEPENDENT_SHAPE_REPRESENTATION(#2205,#10785);
#18=CONTEXT_DEPENDENT_SHAPE_REPRESENTATION(#2206,#10786);
#19=CONTEXT_DEPENDENT_SHAPE_REPRESENTATION(#2207,#10787);
#20=CONTEXT_DEPENDENT_SHAPE_REPRESENTATION(#2208,#10788);
#21=CONTEXT_DEPENDENT_SHAPE_REPRESENTATION(#2209,#10789);
#22=CONTEXT_DEPENDENT_SHAPE_REPRESENTATION(#2210,#10790);
#23=CONTEXT_DEPENDENT_SHAPE_REPRESENTATION(#2211,#10791);
#24=CONTEXT_DEPENDENT_SHAPE_REPRESENTATION(#2212,#10792);
#25=CONTEXT_DEPENDENT_SHAPE_REPRESENTATION(#2213,#10793);
#26=CONTEXT_DEPENDENT_SHAPE_REPRESENTATION(#2214,#10794);
#27=CONTEXT_DEPENDENT_SHAPE_REPRESENTATION(#2215,#10795);
#28=CONTEXT_DEPENDENT_SHAPE_REPRESENTATION(#2216,#10796);
#29=CONTEXT_DEPENDENT_SHAPE_REPRESENTATION(#2217,#10797);
#30=CONTEXT_DEPENDENT_SHAPE_REPRESENTATION(#2218,#10798);
#31=CONTEXT_DEPENDENT_SHAPE_REPRESENTATION(#2219,#10799);
#32=CONTEXT_DEPENDENT_SHAPE_REPRESENTATION(#2220,#10800);
#33=CONTEXT_DEPENDENT_SHAPE_REPRESENTATION(#2221,#10801);
#34=CONTEXT_DEPENDENT_SHAPE_REPRESENTATION(#2222,#10802);
#35=CONTEXT_DEPENDENT_SHAPE_REPRESENTATION(#2223,#10803);
#36=CONTEXT_DEPENDENT_SHAPE_REPRESENTATION(#2224,#10804);
#37=CONTEXT_DEPENDENT_SHAPE_REPRESENTATION(#2225,#10805);
#38=CONTEXT_DEPENDENT_SHAPE_REPRESENTATION(#2226,#10806);
#39=CONTEXT_DEPENDENT_SHAPE_REPRESENTATION(#2227,#10807);
#40=CONTEXT_DEPENDENT_SHAPE_REPRESENTATION(#2228,#10808);
#41=CONTEXT_DEPENDENT_SHAPE_REPRESENTATION(#2229,#10809);
#42=CONTEXT_DEPENDENT_SHAPE_REPRESENTATION(#2230,#10810);
#43=CONTEXT_DEPENDENT_SHAPE_REPRESENTATION(#2231,#10811);
#44=CONTEXT_DEPENDENT_SHAPE_REPRESENTATION(#2232,#10814);
#45=CONTEXT_DEPENDENT_SHAPE_REPRESENTATION(#2233,#10816);
#46=CONTEXT_DEPENDENT_SHAPE_REPRESENTATION(#2234,#10818);
#47=CONTEXT_DEPENDENT_SHAPE_REPRESENTATION(#2235,#10820);
#48=CONTEXT_DEPENDENT_SHAPE_REPRESENTATION(#2236,#10822);
#49=CONTEXT_DEPENDENT_SHAPE_REPRESENTATION(#2237,#10824);
#50=CONTEXT_DEPENDENT_SHAPE_REPRESENTATION(#2238,#10826);
#51=CONTEXT_DEPENDENT_SHAPE_REPRESENTATION(#2239,#10827);
#52=CONTEXT_DEPENDENT_SHAPE_REPRESENTATION(#2240,#10828);
#53=CONTEXT_DEPENDENT_SHAPE_REPRESENTATION(#2241,#10829);
#54=CONTEXT_DEPENDENT_SHAPE_REPRESENTATION(#2242,#10830);
#55=CONTEXT_DEPENDENT_SHAPE_REPRESENTATION(#2243,#10831);
#56=CONTEXT_DEPENDENT_SHAPE_REPRESENTATION(#2244,#10832);
#57=CONTEXT_DEPENDENT_SHAPE_REPRESENTATION(#2245,#10834);
#58=CONTEXT_DEPENDENT_SHAPE_REPRESENTATION(#2246,#10835);
#59=CONTEXT_DEPENDENT_SHAPE_REPRESENTATION(#2247,#10836);
#60=CONTEXT_DEPENDENT_SHAPE_REPRESENTATION(#2248,#10837);
#61=CONTEXT_DEPENDENT_SHAPE_REPRESENTATION(#2249,#10838);
#62=CONTEXT_DEPENDENT_SHAPE_REPRESENTATION(#2250,#10839);
#63=CONTEXT_DEPENDENT_SHAPE_REPRESENTATION(#2251,#10840);
#64=CONTEXT_DEPENDENT_SHAPE_REPRESENTATION(#2252,#10841);
#65=CONTEXT_DEPENDENT_SHAPE_REPRESENTATION(#2253,#10842);
#66=CONTEXT_DEPENDENT_SHAPE_REPRESENTATION(#2254,#10843);
#67=CONTEXT_DEPENDENT_SHAPE_REPRESENTATION(#2255,#10844);
#68=CONTEXT_DEPENDENT_SHAPE_REPRESENTATION(#2256,#10845);
#69=CONTEXT_DEPENDENT_SHAPE_REPRESENTATION(#2257,#10846);
#70=CONTEXT_DEPENDENT_SHAPE_REPRESENTATION(#2258,#10847);
#71=CONTEXT_DEPENDENT_SHAPE_REPRESENTATION(#2259,#10848);
#72=CONTEXT_DEPENDENT_SHAPE_REPRESENTATION(#2260,#10849);
#73=CONTEXT_DEPENDENT_SHAPE_REPRESENTATION(#2261,#10850);
#74=CONTEXT_DEPENDENT_SHAPE_REPRESENTATION(#2262,#10851);
#75=CONTEXT_DEPENDENT_SHAPE_REPRESENTATION(#2263,#10852);
#76=CONTEXT_DEPENDENT_SHAPE_REPRESENTATION(#2264,#10853);
#77=CONTEXT_DEPENDENT_SHAPE_REPRESENTATION(#2265,#10854);
#78=CONTEXT_DEPENDENT_SHAPE_REPRESENTATION(#2266,#10855);
#79=CONTEXT_DEPENDENT_SHAPE_REPRESENTATION(#2267,#10856);
#80=CONTEXT_DEPENDENT_SHAPE_REPRESENTATION(#2268,#10857);
#81=CONTEXT_DEPENDENT_SHAPE_REPRESENTATION(#2269,#10858);
#82=CONTEXT_DEPENDENT_SHAPE_REPRESENTATION(#2270,#10859);
#83=CONTEXT_DEPENDENT_SHAPE_REPRESENTATION(#2271,#10861);
#84=CONTEXT_DEPENDENT_SHAPE_REPRESENTATION(#2272,#10862);
#85=CONTEXT_DEPENDENT_SHAPE_REPRESENTATION(#2273,#10863);
#86=CONTEXT_DEPENDENT_SHAPE_REPRESENTATION(#2274,#10864);
#87=CONTEXT_DEPENDENT_SHAPE_REPRESENTATION(#2275,#10865);
#88=CONTEXT_DEPENDENT_SHAPE_REPRESENTATION(#2276,#10866);
#89=CONTEXT_DEPENDENT_SHAPE_REPRESENTATION(#2277,#10867);
#90=CONTEXT_DEPENDENT_SHAPE_REPRESENTATION(#2278,#10868);
#91=CONTEXT_DEPENDENT_SHAPE_REPRESENTATION(#2279,#10869);
#92=CONTEXT_DEPENDENT_SHAPE_REPRESENTATION(#2280,#10870);
#93=CONTEXT_DEPENDENT_SHAPE_REPRESENTATION(#2281,#10871);
#94=CONTEXT_DEPENDENT_SHAPE_REPRESENTATION(#2282,#10872);
#95=CONTEXT_DEPENDENT_SHAPE_REPRESENTATION(#2283,#10873);
#96=CONTEXT_DEPENDENT_SHAPE_REPRESENTATION(#2284,#10874);
#97=CONTEXT_DEPENDENT_SHAPE_REPRESENTATION(#2285,#10875);
#98=CONTEXT_DEPENDENT_SHAPE_REPRESENTATION(#2286,#10876);
#99=CONTEXT_DEPENDENT_SHAPE_REPRESENTATION(#2287,#10877);
#100=CONTEXT_DEPENDENT_SHAPE_REPRESENTATION(#2288,#10878);
#101=CONTEXT_DEPENDENT_SHAPE_REPRESENTATION(#2289,#10879);
#102=CONTEXT_DEPENDENT_SHAPE_REPRESENTATION(#2290,#10881);
#103=CONTEXT_DEPENDENT_SHAPE_REPRESENTATION(#2291,#10882);
#104=CONTEXT_DEPENDENT_SHAPE_REPRESENTATION(#2292,#10883);
#105=CONTEXT_DEPENDENT_SHAPE_REPRESENTATION(#2293,#10884);
#106=CONTEXT_DEPENDENT_SHAPE_REPRESENTATION(#2294,#10885);
#107=CONTEXT_DEPENDENT_SHAPE_REPRESENTATION(#2295,#10886);
#108=CONTEXT_DEPENDENT_SHAPE_REPRESENTATION(#2296,#10887);
#109=CONTEXT_DEPENDENT_SHAPE_REPRESENTATION(#2297,#10888);
#110=CONTEXT_DEPENDENT_SHAPE_REPRESENTATION(#2298,#10889);
#111=CONTEXT_DEPENDENT_SHAPE_REPRESENTATION(#2299,#10890);
#112=CONTEXT_DEPENDENT_SHAPE_REPRESENTATION(#2300,#10891);
#113=CONTEXT_DEPENDENT_SHAPE_REPRESENTATION(#2301,#10892);
#114=CONTEXT_DEPENDENT_SHAPE_REPRESENTATION(#2302,#10893);
#115=CONTEXT_DEPENDENT_SHAPE_REPRESENTATION(#2303,#10894);
#116=CONTEXT_DEPENDENT_SHAPE_REPRESENTATION(#2304,#10895);
#117=CONTEXT_DEPENDENT_SHAPE_REPRESENTATION(#2305,#10896);
#118=CONTEXT_DEPENDENT_SHAPE_REPRESENTATION(#2306,#10897);
#119=CONTEXT_DEPENDENT_SHAPE_REPRESENTATION(#2307,#10898);
#120=CONTEXT_DEPENDENT_SHAPE_REPRESENTATION(#2308,#10899);
#121=CONTEXT_DEPENDENT_SHAPE_REPRESENTATION(#2309,#10900);
#122=CONTEXT_DEPENDENT_SHAPE_REPRESENTATION(#2310,#10901);
#123=CONTEXT_DEPENDENT_SHAPE_REPRESENTATION(#2311,#10902);
#124=CONTEXT_DEPENDENT_SHAPE_REPRESENTATION(#2312,#10903);
#125=CONTEXT_DEPENDENT_SHAPE_REPRESENTATION(#2313,#10904);
#126=CONTEXT_DEPENDENT_SHAPE_REPRESENTATION(#2314,#10905);
#127=CONTEXT_DEPENDENT_SHAPE_REPRESENTATION(#2315,#10906);
#128=CONTEXT_DEPENDENT_SHAPE_REPRESENTATION(#2316,#10907);
#129=CONTEXT_DEPENDENT_SHAPE_REPRESENTATION(#2317,#10908);
#130=CONTEXT_DEPENDENT_SHAPE_REPRESENTATION(#2318,#10909);
#131=CONTEXT_DEPENDENT_SHAPE_REPRESENTATION(#2319,#10910);
#132=CONTEXT_DEPENDENT_SHAPE_REPRESENTATION(#2320,#10911);
#133=CONTEXT_DEPENDENT_SHAPE_REPRESENTATION(#2321,#10912);
#134=CONTEXT_DEPENDENT_SHAPE_REPRESENTATION(#2322,#10913);
#135=CONTEXT_DEPENDENT_SHAPE_REPRESENTATION(#2323,#10915);
#136=CONTEXT_DEPENDENT_SHAPE_REPRESENTATION(#2324,#10916);
#137=CONTEXT_DEPENDENT_SHAPE_REPRESENTATION(#2325,#10917);
#138=CONTEXT_DEPENDENT_SHAPE_REPRESENTATION(#2326,#10918);
#139=CONTEXT_DEPENDENT_SHAPE_REPRESENTATION(#2327,#10919);
#140=CONTEXT_DEPENDENT_SHAPE_REPRESENTATION(#2328,#10920);
#141=CONTEXT_DEPENDENT_SHAPE_REPRESENTATION(#2329,#10921);
#142=CONTEXT_DEPENDENT_SHAPE_REPRESENTATION(#2330,#10922);
#143=CONTEXT_DEPENDENT_SHAPE_REPRESENTATION(#2331,#10923);
#144=CONTEXT_DEPENDENT_SHAPE_REPRESENTATION(#2332,#10924);
#145=CONTEXT_DEPENDENT_SHAPE_REPRESENTATION(#2333,#10925);
#146=CONTEXT_DEPENDENT_SHAPE_REPRESENTATION(#2334,#10926);
#147=CONTEXT_DEPENDENT_SHAPE_REPRESENTATION(#2335,#10928);
#148=CONTEXT_DEPENDENT_SHAPE_REPRESENTATION(#2336,#10929);
#149=CONTEXT_DEPENDENT_SHAPE_REPRESENTATION(#2337,#10930);
#150=CONTEXT_DEPENDENT_SHAPE_REPRESENTATION(#2338,#10931);
#151=CONTEXT_DEPENDENT_SHAPE_REPRESENTATION(#2339,#10932);
#152=CONTEXT_DEPENDENT_SHAPE_REPRESENTATION(#2340,#10933);
#153=CONTEXT_DEPENDENT_SHAPE_REPRESENTATION(#2341,#10934);
#154=CONTEXT_DEPENDENT_SHAPE_REPRESENTATION(#2342,#10935);
#155=CONTEXT_DEPENDENT_SHAPE_REPRESENTATION(#2343,#10936);
#156=CONTEXT_DEPENDENT_SHAPE_REPRESENTATION(#2344,#10937);
#157=CONTEXT_DEPENDENT_SHAPE_REPRESENTATION(#2345,#10938);
#158=CONTEXT_DEPENDENT_SHAPE_REPRESENTATION(#2346,#10939);
#159=CONTEXT_DEPENDENT_SHAPE_REPRESENTATION(#2347,#10940);
#160=CONTEXT_DEPENDENT_SHAPE_REPRESENTATION(#2348,#10941);
#161=CONTEXT_DEPENDENT_SHAPE_REPRESENTATION(#2349,#10942);
#162=CONTEXT_DEPENDENT_SHAPE_REPRESENTATION(#2350,#10943);
#163=CONTEXT_DEPENDENT_SHAPE_REPRESENTATION(#2351,#10944);
#164=CONTEXT_DEPENDENT_SHAPE_REPRESENTATION(#2352,#10945);
#165=CONTEXT_DEPENDENT_SHAPE_REPRESENTATION(#2353,#10946);
#166=CONTEXT_DEPENDENT_SHAPE_REPRESENTATION(#2354,#10947);
#167=CONTEXT_DEPENDENT_SHAPE_REPRESENTATION(#2355,#10948);
#168=CONTEXT_DEPENDENT_SHAPE_REPRESENTATION(#2356,#10949);
#169=CONTEXT_DEPENDENT_SHAPE_REPRESENTATION(#2357,#10950);
#170=CONTEXT_DEPENDENT_SHAPE_REPRESENTATION(#2358,#10951);
#171=CONTEXT_DEPENDENT_SHAPE_REPRESENTATION(#2359,#10952);
#172=CONTEXT_DEPENDENT_SHAPE_REPRESENTATION(#2360,#10953);
#173=CONTEXT_DEPENDENT_SHAPE_REPRESENTATION(#2361,#10954);
#174=CONTEXT_DEPENDENT_SHAPE_REPRESENTATION(#2362,#10955);
#175=CONTEXT_DEPENDENT_SHAPE_REPRESENTATION(#2363,#10956);
#176=CONTEXT_DEPENDENT_SHAPE_REPRESENTATION(#2364,#10957);
#177=CONTEXT_DEPENDENT_SHAPE_REPRESENTATION(#2365,#10959);
#178=CONTEXT_DEPENDENT_SHAPE_REPRESENTATION(#2366,#10960);
#179=CONTEXT_DEPENDENT_SHAPE_REPRESENTATION(#2367,#10961);
#180=CONTEXT_DEPENDENT_SHAPE_REPRESENTATION(#2368,#10962);
#181=CONTEXT_DEPENDENT_SHAPE_REPRESENTATION(#2369,#10963);
#182=CONTEXT_DEPENDENT_SHAPE_REPRESENTATION(#2370,#10964);
#183=CONTEXT_DEPENDENT_SHAPE_REPRESENTATION(#2371,#10965);
#184=CONTEXT_DEPENDENT_SHAPE_REPRESENTATION(#2372,#10966);
#185=CONTEXT_DEPENDENT_SHAPE_REPRESENTATION(#2373,#10967);
#186=CONTEXT_DEPENDENT_SHAPE_REPRESENTATION(#2374,#10968);
#187=CONTEXT_DEPENDENT_SHAPE_REPRESENTATION(#2375,#10969);
#188=CONTEXT_DEPENDENT_SHAPE_REPRESENTATION(#2376,#10970);
#189=CONTEXT_DEPENDENT_SHAPE_REPRESENTATION(#2377,#10971);
#190=CONTEXT_DEPENDENT_SHAPE_REPRESENTATION(#2378,#10972);
#191=CONTEXT_DEPENDENT_SHAPE_REPRESENTATION(#2379,#10973);
#192=CONTEXT_DEPENDENT_SHAPE_REPRESENTATION(#2380,#10974);
#193=CONTEXT_DEPENDENT_SHAPE_REPRESENTATION(#2381,#10976);
#194=CONTEXT_DEPENDENT_SHAPE_REPRESENTATION(#2382,#10978);
#195=CONTEXT_DEPENDENT_SHAPE_REPRESENTATION(#2383,#10979);
#196=CONTEXT_DEPENDENT_SHAPE_REPRESENTATION(#2384,#10980);
#197=CONTEXT_DEPENDENT_SHAPE_REPRESENTATION(#2385,#10981);
#198=CONTEXT_DEPENDENT_SHAPE_REPRESENTATION(#2386,#10982);
#199=CONTEXT_DEPENDENT_SHAPE_REPRESENTATION(#2387,#10983);
#200=CONTEXT_DEPENDENT_SHAPE_REPRESENTATION(#2388,#10984);
#201=CONTEXT_DEPENDENT_SHAPE_REPRESENTATION(#2389,#10985);
#202=CONTEXT_DEPENDENT_SHAPE_REPRESENTATION(#2390,#10986);
#203=CONTEXT_DEPENDENT_SHAPE_REPRESENTATION(#2391,#10987);
#204=CONTEXT_DEPENDENT_SHAPE_REPRESENTATION(#2392,#10988);
#205=CONTEXT_DEPENDENT_SHAPE_REPRESENTATION(#2393,#10989);
#206=CONTEXT_DEPENDENT_SHAPE_REPRESENTATION(#2394,#10990);
#207=CONTEXT_DEPENDENT_SHAPE_REPRESENTATION(#2395,#10991);
#208=CONTEXT_DEPENDENT_SHAPE_REPRESENTATION(#2396,#10992);
#209=CONTEXT_DEPENDENT_SHAPE_REPRESENTATION(#2397,#10993);
#210=CONTEXT_DEPENDENT_SHAPE_REPRESENTATION(#2398,#10994);
#211=CONTEXT_DEPENDENT_SHAPE_REPRESENTATION(#2399,#10995);
#212=CONTEXT_DEPENDENT_SHAPE_REPRESENTATION(#2400,#10996);
#213=CONTEXT_DEPENDENT_SHAPE_REPRESENTATION(#2401,#10997);
#214=CONTEXT_DEPENDENT_SHAPE_REPRESENTATION(#2402,#10998);
#215=CONTEXT_DEPENDENT_SHAPE_REPRESENTATION(#2403,#10999);
#216=CONTEXT_DEPENDENT_SHAPE_REPRESENTATION(#2404,#11000);
#217=CONTEXT_DEPENDENT_SHAPE_REPRESENTATION(#2405,#11001);
#218=CONTEXT_DEPENDENT_SHAPE_REPRESENTATION(#2406,#11002);
#219=CONTEXT_DEPENDENT_SHAPE_REPRESENTATION(#2407,#11003);
#220=CONTEXT_DEPENDENT_SHAPE_REPRESENTATION(#2408,#11004);
#221=CONTEXT_DEPENDENT_SHAPE_REPRESENTATION(#2409,#11005);
#222=CONTEXT_DEPENDENT_SHAPE_REPRESENTATION(#2410,#11006);
#223=CONTEXT_DEPENDENT_SHAPE_REPRESENTATION(#2411,#11007);
#224=CONTEXT_DEPENDENT_SHAPE_REPRESENTATION(#2412,#11008);
#225=CONTEXT_DEPENDENT_SHAPE_REPRESENTATION(#2413,#11009);
#226=CONTEXT_DEPENDENT_SHAPE_REPRESENTATION(#2414,#11010);
#227=CONTEXT_DEPENDENT_SHAPE_REPRESENTATION(#2415,#11011);
#228=CONTEXT_DEPENDENT_SHAPE_REPRESENTATION(#2416,#11012);
#229=CONTEXT_DEPENDENT_SHAPE_REPRESENTATION(#2417,#11014);
#230=CONTEXT_DEPENDENT_SHAPE_REPRESENTATION(#2418,#11015);
#231=CONTEXT_DEPENDENT_SHAPE_REPRESENTATION(#2419,#11016);
#232=CONTEXT_DEPENDENT_SHAPE_REPRESENTATION(#2420,#11017);
#233=CONTEXT_DEPENDENT_SHAPE_REPRESENTATION(#2421,#11018);
#234=CONTEXT_DEPENDENT_SHAPE_REPRESENTATION(#2422,#11019);
#235=CONTEXT_DEPENDENT_SHAPE_REPRESENTATION(#2423,#11020);
#236=CONTEXT_DEPENDENT_SHAPE_REPRESENTATION(#2424,#11021);
#237=CONTEXT_DEPENDENT_SHAPE_REPRESENTATION(#2425,#11022);
#238=CONTEXT_DEPENDENT_SHAPE_REPRESENTATION(#2426,#11023);
#239=CONTEXT_DEPENDENT_SHAPE_REPRESENTATION(#2427,#11025);
#240=CONTEXT_DEPENDENT_SHAPE_REPRESENTATION(#2428,#11026);
#241=CONTEXT_DEPENDENT_SHAPE_REPRESENTATION(#2429,#11027);
#242=CONTEXT_DEPENDENT_SHAPE_REPRESENTATION(#2430,#11028);
#243=CONTEXT_DEPENDENT_SHAPE_REPRESENTATION(#2431,#11029);
#244=CONTEXT_DEPENDENT_SHAPE_REPRESENTATION(#2432,#11030);
#245=CONTEXT_DEPENDENT_SHAPE_REPRESENTATION(#2433,#11031);
#246=CONTEXT_DEPENDENT_SHAPE_REPRESENTATION(#2434,#11032);
#247=CONTEXT_DEPENDENT_SHAPE_REPRESENTATION(#2435,#11033);
#248=CONTEXT_DEPENDENT_SHAPE_REPRESENTATION(#2436,#11034);
#249=CONTEXT_DEPENDENT_SHAPE_REPRESENTATION(#2437,#11035);
#250=CONTEXT_DEPENDENT_SHAPE_REPRESENTATION(#2438,#11036);
#251=CONTEXT_DEPENDENT_SHAPE_REPRESENTATION(#2439,#11037);
#252=CONTEXT_DEPENDENT_SHAPE_REPRESENTATION(#2440,#11038);
#253=CONTEXT_DEPENDENT_SHAPE_REPRESENTATION(#2441,#11039);
#254=CONTEXT_DEPENDENT_SHAPE_REPRESENTATION(#2442,#11040);
#255=CONTEXT_DEPENDENT_SHAPE_REPRESENTATION(#2443,#11041);
#256=CONTEXT_DEPENDENT_SHAPE_REPRESENTATION(#2444,#11042);
#257=CONTEXT_DEPENDENT_SHAPE_REPRESENTATION(#2445,#11043);
#258=CONTEXT_DEPENDENT_SHAPE_REPRESENTATION(#2446,#11044);
#259=CONTEXT_DEPENDENT_SHAPE_REPRESENTATION(#2447,#11045);
#260=CONTEXT_DEPENDENT_SHAPE_REPRESENTATION(#2448,#11046);
#261=CONTEXT_DEPENDENT_SHAPE_REPRESENTATION(#2449,#11047);
#262=CONTEXT_DEPENDENT_SHAPE_REPRESENTATION(#2450,#11048);
#263=CONTEXT_DEPENDENT_SHAPE_REPRESENTATION(#2451,#11049);
#264=CONTEXT_DEPENDENT_SHAPE_REPRESENTATION(#2452,#11050);
#265=CONTEXT_DEPENDENT_SHAPE_REPRESENTATION(#2453,#11051);
#266=CONTEXT_DEPENDENT_SHAPE_REPRESENTATION(#2454,#11052);
#267=CONTEXT_DEPENDENT_SHAPE_REPRESENTATION(#2455,#11053);
#268=CONTEXT_DEPENDENT_SHAPE_REPRESENTATION(#2456,#11054);
#269=CONTEXT_DEPENDENT_SHAPE_REPRESENTATION(#2457,#11055);
#270=CONTEXT_DEPENDENT_SHAPE_REPRESENTATION(#2458,#11056);
#271=CONTEXT_DEPENDENT_SHAPE_REPRESENTATION(#2459,#11057);
#272=CONTEXT_DEPENDENT_SHAPE_REPRESENTATION(#2460,#11059);
#273=CONTEXT_DEPENDENT_SHAPE_REPRESENTATION(#2461,#11060);
#274=CONTEXT_DEPENDENT_SHAPE_REPRESENTATION(#2462,#11061);
#275=CONTEXT_DEPENDENT_SHAPE_REPRESENTATION(#2463,#11062);
#276=CONTEXT_DEPENDENT_SHAPE_REPRESENTATION(#2464,#11063);
#277=CONTEXT_DEPENDENT_SHAPE_REPRESENTATION(#2465,#11064);
#278=CONTEXT_DEPENDENT_SHAPE_REPRESENTATION(#2466,#11065);
#279=CONTEXT_DEPENDENT_SHAPE_REPRESENTATION(#2467,#11066);
#280=CONTEXT_DEPENDENT_SHAPE_REPRESENTATION(#2468,#11067);
#281=CONTEXT_DEPENDENT_SHAPE_REPRESENTATION(#2469,#11068);
#282=CONTEXT_DEPENDENT_SHAPE_REPRESENTATION(#2470,#11069);
#283=CONTEXT_DEPENDENT_SHAPE_REPRESENTATION(#2471,#11070);
#284=CONTEXT_DEPENDENT_SHAPE_REPRESENTATION(#2472,#11072);
#285=CONTEXT_DEPENDENT_SHAPE_REPRESENTATION(#2473,#11073);
#286=CONTEXT_DEPENDENT_SHAPE_REPRESENTATION(#2474,#11074);
#287=CONTEXT_DEPENDENT_SHAPE_REPRESENTATION(#2475,#11075);
#288=CONTEXT_DEPENDENT_SHAPE_REPRESENTATION(#2476,#11076);
#289=CONTEXT_DEPENDENT_SHAPE_REPRESENTATION(#2477,#11077);
#290=CONTEXT_DEPENDENT_SHAPE_REPRESENTATION(#2478,#11078);
#291=CONTEXT_DEPENDENT_SHAPE_REPRESENTATION(#2479,#11079);
#292=CONTEXT_DEPENDENT_SHAPE_REPRESENTATION(#2480,#11080);
#293=CONTEXT_DEPENDENT_SHAPE_REPRESENTATION(#2481,#11081);
#294=CONTEXT_DEPENDENT_SHAPE_REPRESENTATION(#2482,#11082);
#295=CONTEXT_DEPENDENT_SHAPE_REPRESENTATION(#2483,#11083);
#296=CONTEXT_DEPENDENT_SHAPE_REPRESENTATION(#2484,#11084);
#297=CONTEXT_DEPENDENT_SHAPE_REPRESENTATION(#2485,#11085);
#298=CONTEXT_DEPENDENT_SHAPE_REPRESENTATION(#2486,#11086);
#299=CONTEXT_DEPENDENT_SHAPE_REPRESENTATION(#2487,#11087);
#300=CONTEXT_DEPENDENT_SHAPE_REPRESENTATION(#2488,#11088);
#301=CONTEXT_DEPENDENT_SHAPE_REPRESENTATION(#2489,#11089);
#302=CONTEXT_DEPENDENT_SHAPE_REPRESENTATION(#2490,#11090);
#303=CONTEXT_DEPENDENT_SHAPE_REPRESENTATION(#2491,#11091);
#304=CONTEXT_DEPENDENT_SHAPE_REPRESENTATION(#2492,#11092);
#305=CONTEXT_DEPENDENT_SHAPE_REPRESENTATION(#2493,#11093);
#306=CONTEXT_DEPENDENT_SHAPE_REPRESENTATION(#2494,#11094);
#307=CONTEXT_DEPENDENT_SHAPE_REPRESENTATION(#2495,#11095);
#308=CONTEXT_DEPENDENT_SHAPE_REPRESENTATION(#2496,#11096);
#309=CONTEXT_DEPENDENT_SHAPE_REPRESENTATION(#2497,#11097);
#310=CONTEXT_DEPENDENT_SHAPE_REPRESENTATION(#2498,#11098);
#311=CONTEXT_DEPENDENT_SHAPE_REPRESENTATION(#2499,#11099);
#312=CONTEXT_DEPENDENT_SHAPE_REPRESENTATION(#2500,#11100);
#313=CONTEXT_DEPENDENT_SHAPE_REPRESENTATION(#2501,#11101);
#314=CONTEXT_DEPENDENT_SHAPE_REPRESENTATION(#2502,#11102);
#315=CONTEXT_DEPENDENT_SHAPE_REPRESENTATION(#2503,#11103);
#316=CONTEXT_DEPENDENT_SHAPE_REPRESENTATION(#2504,#11104);
#317=CONTEXT_DEPENDENT_SHAPE_REPRESENTATION(#2505,#11106);
#318=CONTEXT_DEPENDENT_SHAPE_REPRESENTATION(#2506,#11107);
#319=CONTEXT_DEPENDENT_SHAPE_REPRESENTATION(#2507,#11108);
#320=CONTEXT_DEPENDENT_SHAPE_REPRESENTATION(#2508,#11109);
#321=CONTEXT_DEPENDENT_SHAPE_REPRESENTATION(#2509,#11110);
#322=CONTEXT_DEPENDENT_SHAPE_REPRESENTATION(#2510,#11111);
#323=CONTEXT_DEPENDENT_SHAPE_REPRESENTATION(#2511,#11112);
#324=CONTEXT_DEPENDENT_SHAPE_REPRESENTATION(#2512,#11113);
#325=CONTEXT_DEPENDENT_SHAPE_REPRESENTATION(#2513,#11114);
#326=CONTEXT_DEPENDENT_SHAPE_REPRESENTATION(#2514,#11115);
#327=CONTEXT_DEPENDENT_SHAPE_REPRESENTATION(#2515,#11116);
#328=CONTEXT_DEPENDENT_SHAPE_REPRESENTATION(#2516,#11117);
#329=CONTEXT_DEPENDENT_SHAPE_REPRESENTATION(#2517,#11119);
#330=CONTEXT_DEPENDENT_SHAPE_REPRESENTATION(#2518,#11120);
#331=CONTEXT_DEPENDENT_SHAPE_REPRESENTATION(#2519,#11121);
#332=CONTEXT_DEPENDENT_SHAPE_REPRESENTATION(#2520,#11122);
#333=CONTEXT_DEPENDENT_SHAPE_REPRESENTATION(#2521,#11123);
#334=CONTEXT_DEPENDENT_SHAPE_REPRESENTATION(#2522,#11124);
#335=CONTEXT_DEPENDENT_SHAPE_REPRESENTATION(#2523,#11125);
#336=CONTEXT_DEPENDENT_SHAPE_REPRESENTATION(#2524,#11126);
#337=CONTEXT_DEPENDENT_SHAPE_REPRESENTATION(#2525,#11127);
#338=CONTEXT_DEPENDENT_SHAPE_REPRESENTATION(#2526,#11128);
#339=CONTEXT_DEPENDENT_SHAPE_REPRESENTATION(#2527,#11129);
#340=CONTEXT_DEPENDENT_SHAPE_REPRESENTATION(#2528,#11130);
#341=CONTEXT_DEPENDENT_SHAPE_REPRESENTATION(#2529,#11131);
#342=CONTEXT_DEPENDENT_SHAPE_REPRESENTATION(#2530,#11132);
#343=CONTEXT_DEPENDENT_SHAPE_REPRESENTATION(#2531,#11133);
#344=CONTEXT_DEPENDENT_SHAPE_REPRESENTATION(#2532,#11134);
#345=CONTEXT_DEPENDENT_SHAPE_REPRESENTATION(#2533,#11135);
#346=CONTEXT_DEPENDENT_SHAPE_REPRESENTATION(#2534,#11136);
#347=CONTEXT_DEPENDENT_SHAPE_REPRESENTATION(#2535,#11137);
#348=CONTEXT_DEPENDENT_SHAPE_REPRESENTATION(#2536,#11138);
#349=CONTEXT_DEPENDENT_SHAPE_REPRESENTATION(#2537,#11139);
#350=CONTEXT_DEPENDENT_SHAPE_REPRESENTATION(#2538,#11140);
#351=CONTEXT_DEPENDENT_SHAPE_REPRESENTATION(#2539,#11141);
#352=CONTEXT_DEPENDENT_SHAPE_REPRESENTATION(#2540,#11142);
#353=CONTEXT_DEPENDENT_SHAPE_REPRESENTATION(#2541,#11143);
#354=CONTEXT_DEPENDENT_SHAPE_REPRESENTATION(#2542,#11144);
#355=CONTEXT_DEPENDENT_SHAPE_REPRESENTATION(#2543,#11145);
#356=CONTEXT_DEPENDENT_SHAPE_REPRESENTATION(#2544,#11146);
#357=CONTEXT_DEPENDENT_SHAPE_REPRESENTATION(#2545,#11147);
#358=CONTEXT_DEPENDENT_SHAPE_REPRESENTATION(#2546,#11148);
#359=CONTEXT_DEPENDENT_SHAPE_REPRESENTATION(#2547,#11149);
#360=CONTEXT_DEPENDENT_SHAPE_REPRESENTATION(#2548,#11150);
#361=CONTEXT_DEPENDENT_SHAPE_REPRESENTATION(#2549,#11151);
#362=CONTEXT_DEPENDENT_SHAPE_REPRESENTATION(#2550,#11152);
#363=CONTEXT_DEPENDENT_SHAPE_REPRESENTATION(#2551,#11153);
#364=CONTEXT_DEPENDENT_SHAPE_REPRESENTATION(#2552,#11154);
#365=CONTEXT_DEPENDENT_SHAPE_REPRESENTATION(#2553,#11156);
#366=CONTEXT_DEPENDENT_SHAPE_REPRESENTATION(#2554,#11157);
#367=CONTEXT_DEPENDENT_SHAPE_REPRESENTATION(#2555,#11158);
#368=CONTEXT_DEPENDENT_SHAPE_REPRESENTATION(#2556,#11159);
#369=CONTEXT_DEPENDENT_SHAPE_REPRESENTATION(#2557,#11160);
#370=CONTEXT_DEPENDENT_SHAPE_REPRESENTATION(#2558,#11161);
#371=CONTEXT_DEPENDENT_SHAPE_REPRESENTATION(#2559,#11162);
#372=CONTEXT_DEPENDENT_SHAPE_REPRESENTATION(#2560,#11163);
#373=CONTEXT_DEPENDENT_SHAPE_REPRESENTATION(#2561,#11164);
#374=CONTEXT_DEPENDENT_SHAPE_REPRESENTATION(#2562,#11165);
#375=CONTEXT_DEPENDENT_SHAPE_REPRESENTATION(#2563,#11167);
#376=CONTEXT_DEPENDENT_SHAPE_REPRESENTATION(#2564,#11169);
#377=CONTEXT_DEPENDENT_SHAPE_REPRESENTATION(#2565,#11170);
#378=CONTEXT_DEPENDENT_SHAPE_REPRESENTATION(#2566,#11171);
#379=CONTEXT_DEPENDENT_SHAPE_REPRESENTATION(#2567,#11172);
#380=CONTEXT_DEPENDENT_SHAPE_REPRESENTATION(#2568,#11173);
#381=CONTEXT_DEPENDENT_SHAPE_REPRESENTATION(#2569,#11174);
#382=CONTEXT_DEPENDENT_SHAPE_REPRESENTATION(#2570,#11175);
#383=CONTEXT_DEPENDENT_SHAPE_REPRESENTATION(#2571,#11176);
#384=CONTEXT_DEPENDENT_SHAPE_REPRESENTATION(#2572,#11177);
#385=CONTEXT_DEPENDENT_SHAPE_REPRESENTATION(#2573,#11178);
#386=CONTEXT_DEPENDENT_SHAPE_REPRESENTATION(#2574,#11179);
#387=CONTEXT_DEPENDENT_SHAPE_REPRESENTATION(#2575,#11180);
#388=CONTEXT_DEPENDENT_SHAPE_REPRESENTATION(#2576,#11181);
#389=CONTEXT_DEPENDENT_SHAPE_REPRESENTATION(#2577,#11182);
#390=CONTEXT_DEPENDENT_SHAPE_REPRESENTATION(#2578,#11183);
#391=CONTEXT_DEPENDENT_SHAPE_REPRESENTATION(#2579,#11184);
#392=CONTEXT_DEPENDENT_SHAPE_REPRESENTATION(#2580,#11185);
#393=CONTEXT_DEPENDENT_SHAPE_REPRESENTATION(#2581,#11186);
#394=CONTEXT_DEPENDENT_SHAPE_REPRESENTATION(#2582,#11187);
#395=CONTEXT_DEPENDENT_SHAPE_REPRESENTATION(#2583,#11188);
#396=CONTEXT_DEPENDENT_SHAPE_REPRESENTATION(#2584,#11189);
#397=CONTEXT_DEPENDENT_SHAPE_REPRESENTATION(#2585,#11190);
#398=CONTEXT_DEPENDENT_SHAPE_REPRESENTATION(#2586,#11191);
#399=CONTEXT_DEPENDENT_SHAPE_REPRESENTATION(#2587,#11192);
#400=CONTEXT_DEPENDENT_SHAPE_REPRESENTATION(#2588,#11193);
#401=CONTEXT_DEPENDENT_SHAPE_REPRESENTATION(#2589,#11194);
#402=CONTEXT_DEPENDENT_SHAPE_REPRESENTATION(#2590,#11195);
#403=CONTEXT_DEPENDENT_SHAPE_REPRESENTATION(#2591,#11196);
#404=CONTEXT_DEPENDENT_SHAPE_REPRESENTATION(#2592,#11197);
#405=CONTEXT_DEPENDENT_SHAPE_REPRESENTATION(#2593,#11198);
#406=CONTEXT_DEPENDENT_SHAPE_REPRESENTATION(#2594,#11199);
#407=CONTEXT_DEPENDENT_SHAPE_REPRESENTATION(#2595,#11200);
#408=CONTEXT_DEPENDENT_SHAPE_REPRESENTATION(#2596,#11202);
#409=CONTEXT_DEPENDENT_SHAPE_REPRESENTATION(#2597,#11203);
#410=CONTEXT_DEPENDENT_SHAPE_REPRESENTATION(#2598,#11204);
#411=CONTEXT_DEPENDENT_SHAPE_REPRESENTATION(#2599,#11205);
#412=CONTEXT_DEPENDENT_SHAPE_REPRESENTATION(#2600,#11206);
#413=CONTEXT_DEPENDENT_SHAPE_REPRESENTATION(#2601,#11207);
#414=CONTEXT_DEPENDENT_SHAPE_REPRESENTATION(#2602,#11208);
#415=CONTEXT_DEPENDENT_SHAPE_REPRESENTATION(#2603,#11209);
#416=CONTEXT_DEPENDENT_SHAPE_REPRESENTATION(#2604,#11210);
#417=CONTEXT_DEPENDENT_SHAPE_REPRESENTATION(#2605,#11211);
#418=CONTEXT_DEPENDENT_SHAPE_REPRESENTATION(#2606,#11212);
#419=CONTEXT_DEPENDENT_SHAPE_REPRESENTATION(#2607,#11213);
#420=CONTEXT_DEPENDENT_SHAPE_REPRESENTATION(#2608,#11214);
#421=CONTEXT_DEPENDENT_SHAPE_REPRESENTATION(#2609,#11216);
#422=CONTEXT_DEPENDENT_SHAPE_REPRESENTATION(#2610,#11217);
#423=CONTEXT_DEPENDENT_SHAPE_REPRESENTATION(#2611,#11218);
#424=CONTEXT_DEPENDENT_SHAPE_REPRESENTATION(#2612,#11219);
#425=CONTEXT_DEPENDENT_SHAPE_REPRESENTATION(#2613,#11220);
#426=CONTEXT_DEPENDENT_SHAPE_REPRESENTATION(#2614,#11221);
#427=CONTEXT_DEPENDENT_SHAPE_REPRESENTATION(#2615,#11222);
#428=CONTEXT_DEPENDENT_SHAPE_REPRESENTATION(#2616,#11223);
#429=CONTEXT_DEPENDENT_SHAPE_REPRESENTATION(#2617,#11224);
#430=CONTEXT_DEPENDENT_SHAPE_REPRESENTATION(#2618,#11225);
#431=CONTEXT_DEPENDENT_SHAPE_REPRESENTATION(#2619,#11226);
#432=CONTEXT_DEPENDENT_SHAPE_REPRESENTATION(#2620,#11227);
#433=CONTEXT_DEPENDENT_SHAPE_REPRESENTATION(#2621,#11228);
#434=CONTEXT_DEPENDENT_SHAPE_REPRESENTATION(#2622,#11229);
#435=CONTEXT_DEPENDENT_SHAPE_REPRESENTATION(#2623,#11230);
#436=CONTEXT_DEPENDENT_SHAPE_REPRESENTATION(#2624,#11231);
#437=CONTEXT_DEPENDENT_SHAPE_REPRESENTATION(#2625,#11232);
#438=CONTEXT_DEPENDENT_SHAPE_REPRESENTATION(#2626,#11233);
#439=CONTEXT_DEPENDENT_SHAPE_REPRESENTATION(#2627,#11234);
#440=CONTEXT_DEPENDENT_SHAPE_REPRESENTATION(#2628,#11235);
#441=CONTEXT_DEPENDENT_SHAPE_REPRESENTATION(#2629,#11236);
#442=CONTEXT_DEPENDENT_SHAPE_REPRESENTATION(#2630,#11237);
#443=CONTEXT_DEPENDENT_SHAPE_REPRESENTATION(#2631,#11238);
#444=CONTEXT_DEPENDENT_SHAPE_REPRESENTATION(#2632,#11239);
#445=CONTEXT_DEPENDENT_SHAPE_REPRESENTATION(#2633,#11240);
#446=CONTEXT_DEPENDENT_SHAPE_REPRESENTATION(#2634,#11241);
#447=CONTEXT_DEPENDENT_SHAPE_REPRESENTATION(#2635,#11242);
#448=CONTEXT_DEPENDENT_SHAPE_REPRESENTATION(#2636,#11243);
#449=CONTEXT_DEPENDENT_SHAPE_REPRESENTATION(#2637,#11244);
#450=CONTEXT_DEPENDENT_SHAPE_REPRESENTATION(#2638,#11245);
#451=CONTEXT_DEPENDENT_SHAPE_REPRESENTATION(#2639,#11246);
#452=CONTEXT_DEPENDENT_SHAPE_REPRESENTATION(#2640,#11248);
#453=CONTEXT_DEPENDENT_SHAPE_REPRESENTATION(#2641,#11249);
#454=CONTEXT_DEPENDENT_SHAPE_REPRESENTATION(#2642,#11250);
#455=CONTEXT_DEPENDENT_SHAPE_REPRESENTATION(#2643,#11251);
#456=CONTEXT_DEPENDENT_SHAPE_REPRESENTATION(#2644,#11252);
#457=CONTEXT_DEPENDENT_SHAPE_REPRESENTATION(#2645,#11253);
#458=CONTEXT_DEPENDENT_SHAPE_REPRESENTATION(#2646,#11254);
#459=CONTEXT_DEPENDENT_SHAPE_REPRESENTATION(#2647,#11255);
#460=CONTEXT_DEPENDENT_SHAPE_REPRESENTATION(#2648,#11256);
#461=CONTEXT_DEPENDENT_SHAPE_REPRESENTATION(#2649,#11257);
#462=CONTEXT_DEPENDENT_SHAPE_REPRESENTATION(#2650,#11258);
#463=CONTEXT_DEPENDENT_SHAPE_REPRESENTATION(#2651,#11259);
#464=CONTEXT_DEPENDENT_SHAPE_REPRESENTATION(#2652,#11260);
#465=CONTEXT_DEPENDENT_SHAPE_REPRESENTATION(#2653,#11261);
#466=CONTEXT_DEPENDENT_SHAPE_REPRESENTATION(#2654,#11263);
#467=CONTEXT_DEPENDENT_SHAPE_REPRESENTATION(#2655,#11264);
#468=CONTEXT_DEPENDENT_SHAPE_REPRESENTATION(#2656,#11265);
#469=CONTEXT_DEPENDENT_SHAPE_REPRESENTATION(#2657,#11266);
#470=CONTEXT_DEPENDENT_SHAPE_REPRESENTATION(#2658,#11267);
#471=CONTEXT_DEPENDENT_SHAPE_REPRESENTATION(#2659,#11268);
#472=CONTEXT_DEPENDENT_SHAPE_REPRESENTATION(#2660,#11269);
#473=CONTEXT_DEPENDENT_SHAPE_REPRESENTATION(#2661,#11270);
#474=CONTEXT_DEPENDENT_SHAPE_REPRESENTATION(#2662,#11271);
#475=CONTEXT_DEPENDENT_SHAPE_REPRESENTATION(#2663,#11272);
#476=CONTEXT_DEPENDENT_SHAPE_REPRESENTATION(#2664,#11273);
#477=CONTEXT_DEPENDENT_SHAPE_REPRESENTATION(#2665,#11274);
#478=CONTEXT_DEPENDENT_SHAPE_REPRESENTATION(#2666,#11275);
#479=CONTEXT_DEPENDENT_SHAPE_REPRESENTATION(#2667,#11276);
#480=CONTEXT_DEPENDENT_SHAPE_REPRESENTATION(#2668,#11277);
#481=CONTEXT_DEPENDENT_SHAPE_REPRESENTATION(#2669,#11278);
#482=CONTEXT_DEPENDENT_SHAPE_REPRESENTATION(#2670,#11279);
#483=CONTEXT_DEPENDENT_SHAPE_REPRESENTATION(#2671,#11280);
#484=CONTEXT_DEPENDENT_SHAPE_REPRESENTATION(#2672,#11281);
#485=CONTEXT_DEPENDENT_SHAPE_REPRESENTATION(#2673,#11282);
#486=CONTEXT_DEPENDENT_SHAPE_REPRESENTATION(#2674,#11283);
#487=CONTEXT_DEPENDENT_SHAPE_REPRESENTATION(#2675,#11284);
#488=CONTEXT_DEPENDENT_SHAPE_REPRESENTATION(#2676,#11285);
#489=CONTEXT_DEPENDENT_SHAPE_REPRESENTATION(#2677,#11286);
#490=CONTEXT_DEPENDENT_SHAPE_REPRESENTATION(#2678,#11287);
#491=CONTEXT_DEPENDENT_SHAPE_REPRESENTATION(#2679,#11288);
#492=CONTEXT_DEPENDENT_SHAPE_REPRESENTATION(#2680,#11289);
#493=CONTEXT_DEPENDENT_SHAPE_REPRESENTATION(#2681,#11290);
#494=CONTEXT_DEPENDENT_SHAPE_REPRESENTATION(#2682,#11292);
#495=CONTEXT_DEPENDENT_SHAPE_REPRESENTATION(#2683,#11293);
#496=CONTEXT_DEPENDENT_SHAPE_REPRESENTATION(#2684,#11294);
#497=CONTEXT_DEPENDENT_SHAPE_REPRESENTATION(#2685,#11295);
#498=CONTEXT_DEPENDENT_SHAPE_REPRESENTATION(#2686,#11296);
#499=CONTEXT_DEPENDENT_SHAPE_REPRESENTATION(#2687,#11297);
#500=CONTEXT_DEPENDENT_SHAPE_REPRESENTATION(#2688,#11298);
#501=CONTEXT_DEPENDENT_SHAPE_REPRESENTATION(#2689,#11299);
#502=CONTEXT_DEPENDENT_SHAPE_REPRESENTATION(#2690,#11300);
#503=CONTEXT_DEPENDENT_SHAPE_REPRESENTATION(#2691,#11301);
#504=CONTEXT_DEPENDENT_SHAPE_REPRESENTATION(#2692,#11302);
#505=CONTEXT_DEPENDENT_SHAPE_REPRESENTATION(#2693,#11303);
#506=CONTEXT_DEPENDENT_SHAPE_REPRESENTATION(#2694,#11304);
#507=CONTEXT_DEPENDENT_SHAPE_REPRESENTATION(#2695,#11305);
#508=CONTEXT_DEPENDENT_SHAPE_REPRESENTATION(#2696,#11306);
#509=CONTEXT_DEPENDENT_SHAPE_REPRESENTATION(#2697,#11307);
#510=CONTEXT_DEPENDENT_SHAPE_REPRESENTATION(#2698,#11308);
#511=CONTEXT_DEPENDENT_SHAPE_REPRESENTATION(#2699,#11310);
#512=CONTEXT_DEPENDENT_SHAPE_REPRESENTATION(#2700,#11311);
#513=CONTEXT_DEPENDENT_SHAPE_REPRESENTATION(#2701,#11312);
#514=CONTEXT_DEPENDENT_SHAPE_REPRESENTATION(#2702,#11313);
#515=CONTEXT_DEPENDENT_SHAPE_REPRESENTATION(#2703,#11314);
#516=CONTEXT_DEPENDENT_SHAPE_REPRESENTATION(#2704,#11315);
#517=CONTEXT_DEPENDENT_SHAPE_REPRESENTATION(#2705,#11316);
#518=CONTEXT_DEPENDENT_SHAPE_REPRESENTATION(#2706,#11317);
#519=CONTEXT_DEPENDENT_SHAPE_REPRESENTATION(#2707,#11318);
#520=CONTEXT_DEPENDENT_SHAPE_REPRESENTATION(#2708,#11319);
#521=CONTEXT_DEPENDENT_SHAPE_REPRESENTATION(#2709,#11320);
#522=CONTEXT_DEPENDENT_SHAPE_REPRESENTATION(#2710,#11321);
#523=CONTEXT_DEPENDENT_SHAPE_REPRESENTATION(#2711,#11322);
#524=CONTEXT_DEPENDENT_SHAPE_REPRESENTATION(#2712,#11323);
#525=CONTEXT_DEPENDENT_SHAPE_REPRESENTATION(#2713,#11324);
#526=CONTEXT_DEPENDENT_SHAPE_REPRESENTATION(#2714,#11325);
#527=CONTEXT_DEPENDENT_SHAPE_REPRESENTATION(#2715,#11326);
#528=CONTEXT_DEPENDENT_SHAPE_REPRESENTATION(#2716,#11327);
#529=CONTEXT_DEPENDENT_SHAPE_REPRESENTATION(#2717,#11328);
#530=CONTEXT_DEPENDENT_SHAPE_REPRESENTATION(#2718,#11329);
#531=CONTEXT_DEPENDENT_SHAPE_REPRESENTATION(#2719,#11330);
#532=CONTEXT_DEPENDENT_SHAPE_REPRESENTATION(#2720,#11331);
#533=CONTEXT_DEPENDENT_SHAPE_REPRESENTATION(#2721,#11332);
#534=CONTEXT_DEPENDENT_SHAPE_REPRESENTATION(#2722,#11333);
#535=CONTEXT_DEPENDENT_SHAPE_REPRESENTATION(#2723,#11334);
#536=CONTEXT_DEPENDENT_SHAPE_REPRESENTATION(#2724,#11335);
#537=CONTEXT_DEPENDENT_SHAPE_REPRESENTATION(#2725,#11336);
#538=CONTEXT_DEPENDENT_SHAPE_REPRESENTATION(#2726,#11337);
#539=CONTEXT_DEPENDENT_SHAPE_REPRESENTATION(#2727,#11338);
#540=CONTEXT_DEPENDENT_SHAPE_REPRESENTATION(#2728,#11339);
#541=CONTEXT_DEPENDENT_SHAPE_REPRESENTATION(#2729,#11340);
#542=CONTEXT_DEPENDENT_SHAPE_REPRESENTATION(#2730,#11341);
#543=CONTEXT_DEPENDENT_SHAPE_REPRESENTATION(#2731,#11342);
#544=CONTEXT_DEPENDENT_SHAPE_REPRESENTATION(#2732,#11343);
#545=CONTEXT_DEPENDENT_SHAPE_REPRESENTATION(#2733,#11345);
#546=CONTEXT_DEPENDENT_SHAPE_REPRESENTATION(#2734,#11346);
#547=CONTEXT_DEPENDENT_SHAPE_REPRESENTATION(#2735,#11347);
#548=CONTEXT_DEPENDENT_SHAPE_REPRESENTATION(#2736,#11348);
#549=CONTEXT_DEPENDENT_SHAPE_REPRESENTATION(#2737,#11349);
#550=CONTEXT_DEPENDENT_SHAPE_REPRESENTATION(#2738,#11350);
#551=CONTEXT_DEPENDENT_SHAPE_REPRESENTATION(#2739,#11351);
#552=CONTEXT_DEPENDENT_SHAPE_REPRESENTATION(#2740,#11352);
#553=CONTEXT_DEPENDENT_SHAPE_REPRESENTATION(#2741,#11353);
#554=CONTEXT_DEPENDENT_SHAPE_REPRESENTATION(#2742,#11354);
#555=CONTEXT_DEPENDENT_SHAPE_REPRESENTATION(#2743,#11355);
#556=CONTEXT_DEPENDENT_SHAPE_REPRESENTATION(#2744,#11356);
#557=CONTEXT_DEPENDENT_SHAPE_REPRESENTATION(#2745,#11358);
#558=CONTEXT_DEPENDENT_SHAPE_REPRESENTATION(#2746,#11360);
#559=CONTEXT_DEPENDENT_SHAPE_REPRESENTATION(#2747,#11361);
#560=CONTEXT_DEPENDENT_SHAPE_REPRESENTATION(#2748,#11362);
#561=CONTEXT_DEPENDENT_SHAPE_REPRESENTATION(#2749,#11363);
#562=CONTEXT_DEPENDENT_SHAPE_REPRESENTATION(#2750,#11364);
#563=CONTEXT_DEPENDENT_SHAPE_REPRESENTATION(#2751,#11365);
#564=CONTEXT_DEPENDENT_SHAPE_REPRESENTATION(#2752,#11366);
#565=CONTEXT_DEPENDENT_SHAPE_REPRESENTATION(#2753,#11367);
#566=CONTEXT_DEPENDENT_SHAPE_REPRESENTATION(#2754,#11368);
#567=CONTEXT_DEPENDENT_SHAPE_REPRESENTATION(#2755,#11369);
#568=CONTEXT_DEPENDENT_SHAPE_REPRESENTATION(#2756,#11370);
#569=CONTEXT_DEPENDENT_SHAPE_REPRESENTATION(#2757,#11371);
#570=CONTEXT_DEPENDENT_SHAPE_REPRESENTATION(#2758,#11372);
#571=CONTEXT_DEPENDENT_SHAPE_REPRESENTATION(#2759,#11373);
#572=CONTEXT_DEPENDENT_SHAPE_REPRESENTATION(#2760,#11374);
#573=CONTEXT_DEPENDENT_SHAPE_REPRESENTATION(#2761,#11375);
#574=CONTEXT_DEPENDENT_SHAPE_REPRESENTATION(#2762,#11376);
#575=CONTEXT_DEPENDENT_SHAPE_REPRESENTATION(#2763,#11377);
#576=CONTEXT_DEPENDENT_SHAPE_REPRESENTATION(#2764,#11378);
#577=CONTEXT_DEPENDENT_SHAPE_REPRESENTATION(#2765,#11379);
#578=CONTEXT_DEPENDENT_SHAPE_REPRESENTATION(#2766,#11380);
#579=CONTEXT_DEPENDENT_SHAPE_REPRESENTATION(#2767,#11381);
#580=CONTEXT_DEPENDENT_SHAPE_REPRESENTATION(#2768,#11382);
#581=CONTEXT_DEPENDENT_SHAPE_REPRESENTATION(#2769,#11383);
#582=CONTEXT_DEPENDENT_SHAPE_REPRESENTATION(#2770,#11384);
#583=CONTEXT_DEPENDENT_SHAPE_REPRESENTATION(#2771,#11385);
#584=CONTEXT_DEPENDENT_SHAPE_REPRESENTATION(#2772,#11386);
#585=CONTEXT_DEPENDENT_SHAPE_REPRESENTATION(#2773,#11387);
#586=CONTEXT_DEPENDENT_SHAPE_REPRESENTATION(#2774,#11388);
#587=CONTEXT_DEPENDENT_SHAPE_REPRESENTATION(#2775,#11389);
#588=CONTEXT_DEPENDENT_SHAPE_REPRESENTATION(#2776,#11390);
#589=CONTEXT_DEPENDENT_SHAPE_REPRESENTATION(#2777,#11391);
#590=CONTEXT_DEPENDENT_SHAPE_REPRESENTATION(#2778,#11392);
#591=CONTEXT_DEPENDENT_SHAPE_REPRESENTATION(#2779,#11393);
#592=CONTEXT_DEPENDENT_SHAPE_REPRESENTATION(#2780,#11394);
#593=CONTEXT_DEPENDENT_SHAPE_REPRESENTATION(#2781,#11395);
#594=CONTEXT_DEPENDENT_SHAPE_REPRESENTATION(#2782,#11397);
#595=CONTEXT_DEPENDENT_SHAPE_REPRESENTATION(#2783,#11398);
#596=CONTEXT_DEPENDENT_SHAPE_REPRESENTATION(#2784,#11399);
#597=CONTEXT_DEPENDENT_SHAPE_REPRESENTATION(#2785,#11400);
#598=CONTEXT_DEPENDENT_SHAPE_REPRESENTATION(#2786,#11401);
#599=CONTEXT_DEPENDENT_SHAPE_REPRESENTATION(#2787,#11402);
#600=CONTEXT_DEPENDENT_SHAPE_REPRESENTATION(#2788,#11403);
#601=CONTEXT_DEPENDENT_SHAPE_REPRESENTATION(#2789,#11404);
#602=CONTEXT_DEPENDENT_SHAPE_REPRESENTATION(#2790,#11405);
#603=CONTEXT_DEPENDENT_SHAPE_REPRESENTATION(#2791,#11407);
#604=CONTEXT_DEPENDENT_SHAPE_REPRESENTATION(#2792,#11408);
#605=CONTEXT_DEPENDENT_SHAPE_REPRESENTATION(#2793,#11409);
#606=CONTEXT_DEPENDENT_SHAPE_REPRESENTATION(#2794,#11410);
#607=CONTEXT_DEPENDENT_SHAPE_REPRESENTATION(#2795,#11411);
#608=CONTEXT_DEPENDENT_SHAPE_REPRESENTATION(#2796,#11412);
#609=CONTEXT_DEPENDENT_SHAPE_REPRESENTATION(#2797,#11413);
#610=CONTEXT_DEPENDENT_SHAPE_REPRESENTATION(#2798,#11414);
#611=CONTEXT_DEPENDENT_SHAPE_REPRESENTATION(#2799,#11415);
#612=CONTEXT_DEPENDENT_SHAPE_REPRESENTATION(#2800,#11416);
#613=CONTEXT_DEPENDENT_SHAPE_REPRESENTATION(#2801,#11417);
#614=CONTEXT_DEPENDENT_SHAPE_REPRESENTATION(#2802,#11418);
#615=CONTEXT_DEPENDENT_SHAPE_REPRESENTATION(#2803,#11419);
#616=CONTEXT_DEPENDENT_SHAPE_REPRESENTATION(#2804,#11420);
#617=CONTEXT_DEPENDENT_SHAPE_REPRESENTATION(#2805,#11421);
#618=CONTEXT_DEPENDENT_SHAPE_REPRESENTATION(#2806,#11422);
#619=CONTEXT_DEPENDENT_SHAPE_REPRESENTATION(#2807,#11423);
#620=CONTEXT_DEPENDENT_SHAPE_REPRESENTATION(#2808,#11424);
#621=CONTEXT_DEPENDENT_SHAPE_REPRESENTATION(#2809,#11425);
#622=CONTEXT_DEPENDENT_SHAPE_REPRESENTATION(#2810,#11426);
#623=CONTEXT_DEPENDENT_SHAPE_REPRESENTATION(#2811,#11427);
#624=CONTEXT_DEPENDENT_SHAPE_REPRESENTATION(#2812,#11428);
#625=CONTEXT_DEPENDENT_SHAPE_REPRESENTATION(#2813,#11429);
#626=CONTEXT_DEPENDENT_SHAPE_REPRESENTATION(#2814,#11430);
#627=CONTEXT_DEPENDENT_SHAPE_REPRESENTATION(#2815,#11431);
#628=CONTEXT_DEPENDENT_SHAPE_REPRESENTATION(#2816,#11432);
#629=CONTEXT_DEPENDENT_SHAPE_REPRESENTATION(#2817,#11433);
#630=CONTEXT_DEPENDENT_SHAPE_REPRESENTATION(#2818,#11434);
#631=CONTEXT_DEPENDENT_SHAPE_REPRESENTATION(#2819,#11435);
#632=CONTEXT_DEPENDENT_SHAPE_REPRESENTATION(#2820,#11436);
#633=CONTEXT_DEPENDENT_SHAPE_REPRESENTATION(#2821,#11437);
#634=CONTEXT_DEPENDENT_SHAPE_REPRESENTATION(#2822,#11438);
#635=CONTEXT_DEPENDENT_SHAPE_REPRESENTATION(#2823,#11439);
#636=CONTEXT_DEPENDENT_SHAPE_REPRESENTATION(#2824,#11441);
#637=CONTEXT_DEPENDENT_SHAPE_REPRESENTATION(#2825,#11442);
#638=CONTEXT_DEPENDENT_SHAPE_REPRESENTATION(#2826,#11443);
#639=CONTEXT_DEPENDENT_SHAPE_REPRESENTATION(#2827,#11444);
#640=CONTEXT_DEPENDENT_SHAPE_REPRESENTATION(#2828,#11445);
#641=CONTEXT_DEPENDENT_SHAPE_REPRESENTATION(#2829,#11446);
#642=CONTEXT_DEPENDENT_SHAPE_REPRESENTATION(#2830,#11447);
#643=CONTEXT_DEPENDENT_SHAPE_REPRESENTATION(#2831,#11448);
#644=CONTEXT_DEPENDENT_SHAPE_REPRESENTATION(#2832,#11449);
#645=CONTEXT_DEPENDENT_SHAPE_REPRESENTATION(#2833,#11450);
#646=CONTEXT_DEPENDENT_SHAPE_REPRESENTATION(#2834,#11451);
#647=CONTEXT_DEPENDENT_SHAPE_REPRESENTATION(#2835,#11452);
#648=CONTEXT_DEPENDENT_SHAPE_REPRESENTATION(#2836,#11454);
#649=CONTEXT_DEPENDENT_SHAPE_REPRESENTATION(#2837,#11455);
#650=CONTEXT_DEPENDENT_SHAPE_REPRESENTATION(#2838,#11456);
#651=CONTEXT_DEPENDENT_SHAPE_REPRESENTATION(#2839,#11457);
#652=CONTEXT_DEPENDENT_SHAPE_REPRESENTATION(#2840,#11458);
#653=CONTEXT_DEPENDENT_SHAPE_REPRESENTATION(#2841,#11459);
#654=CONTEXT_DEPENDENT_SHAPE_REPRESENTATION(#2842,#11460);
#655=CONTEXT_DEPENDENT_SHAPE_REPRESENTATION(#2843,#11461);
#656=CONTEXT_DEPENDENT_SHAPE_REPRESENTATION(#2844,#11462);
#657=CONTEXT_DEPENDENT_SHAPE_REPRESENTATION(#2845,#11463);
#658=CONTEXT_DEPENDENT_SHAPE_REPRESENTATION(#2846,#11464);
#659=CONTEXT_DEPENDENT_SHAPE_REPRESENTATION(#2847,#11465);
#660=CONTEXT_DEPENDENT_SHAPE_REPRESENTATION(#2848,#11466);
#661=CONTEXT_DEPENDENT_SHAPE_REPRESENTATION(#2849,#11467);
#662=CONTEXT_DEPENDENT_SHAPE_REPRESENTATION(#2850,#11468);
#663=CONTEXT_DEPENDENT_SHAPE_REPRESENTATION(#2851,#11469);
#664=CONTEXT_DEPENDENT_SHAPE_REPRESENTATION(#2852,#11470);
#665=CONTEXT_DEPENDENT_SHAPE_REPRESENTATION(#2853,#11471);
#666=CONTEXT_DEPENDENT_SHAPE_REPRESENTATION(#2854,#11472);
#667=CONTEXT_DEPENDENT_SHAPE_REPRESENTATION(#2855,#11473);
#668=CONTEXT_DEPENDENT_SHAPE_REPRESENTATION(#2856,#11474);
#669=CONTEXT_DEPENDENT_SHAPE_REPRESENTATION(#2857,#11475);
#670=CONTEXT_DEPENDENT_SHAPE_REPRESENTATION(#2858,#11476);
#671=CONTEXT_DEPENDENT_SHAPE_REPRESENTATION(#2859,#11477);
#672=CONTEXT_DEPENDENT_SHAPE_REPRESENTATION(#2860,#11478);
#673=CONTEXT_DEPENDENT_SHAPE_REPRESENTATION(#2861,#11479);
#674=CONTEXT_DEPENDENT_SHAPE_REPRESENTATION(#2862,#11480);
#675=CONTEXT_DEPENDENT_SHAPE_REPRESENTATION(#2863,#11481);
#676=CONTEXT_DEPENDENT_SHAPE_REPRESENTATION(#2864,#11482);
#677=CONTEXT_DEPENDENT_SHAPE_REPRESENTATION(#2865,#11483);
#678=CONTEXT_DEPENDENT_SHAPE_REPRESENTATION(#2866,#11484);
#679=CONTEXT_DEPENDENT_SHAPE_REPRESENTATION(#2867,#11485);
#680=CONTEXT_DEPENDENT_SHAPE_REPRESENTATION(#2868,#11486);
#681=CONTEXT_DEPENDENT_SHAPE_REPRESENTATION(#2869,#11487);
#682=CONTEXT_DEPENDENT_SHAPE_REPRESENTATION(#2870,#11488);
#683=CONTEXT_DEPENDENT_SHAPE_REPRESENTATION(#2871,#11490);
#684=CONTEXT_DEPENDENT_SHAPE_REPRESENTATION(#2872,#11491);
#685=CONTEXT_DEPENDENT_SHAPE_REPRESENTATION(#2873,#11492);
#686=CONTEXT_DEPENDENT_SHAPE_REPRESENTATION(#2874,#11493);
#687=CONTEXT_DEPENDENT_SHAPE_REPRESENTATION(#2875,#11494);
#688=CONTEXT_DEPENDENT_SHAPE_REPRESENTATION(#2876,#11495);
#689=CONTEXT_DEPENDENT_SHAPE_REPRESENTATION(#2877,#11496);
#690=CONTEXT_DEPENDENT_SHAPE_REPRESENTATION(#2878,#11497);
#691=CONTEXT_DEPENDENT_SHAPE_REPRESENTATION(#2879,#11498);
#692=CONTEXT_DEPENDENT_SHAPE_REPRESENTATION(#2880,#11499);
#693=CONTEXT_DEPENDENT_SHAPE_REPRESENTATION(#2881,#11501);
#694=CONTEXT_DEPENDENT_SHAPE_REPRESENTATION(#2882,#11502);
#695=CONTEXT_DEPENDENT_SHAPE_REPRESENTATION(#2883,#11503);
#696=CONTEXT_DEPENDENT_SHAPE_REPRESENTATION(#2884,#11504);
#697=CONTEXT_DEPENDENT_SHAPE_REPRESENTATION(#2885,#11505);
#698=CONTEXT_DEPENDENT_SHAPE_REPRESENTATION(#2886,#11506);
#699=CONTEXT_DEPENDENT_SHAPE_REPRESENTATION(#2887,#11507);
#700=CONTEXT_DEPENDENT_SHAPE_REPRESENTATION(#2888,#11508);
#701=CONTEXT_DEPENDENT_SHAPE_REPRESENTATION(#2889,#11509);
#702=CONTEXT_DEPENDENT_SHAPE_REPRESENTATION(#2890,#11510);
#703=CONTEXT_DEPENDENT_SHAPE_REPRESENTATION(#2891,#11511);
#704=CONTEXT_DEPENDENT_SHAPE_REPRESENTATION(#2892,#11512);
#705=CONTEXT_DEPENDENT_SHAPE_REPRESENTATION(#2893,#11513);
#706=CONTEXT_DEPENDENT_SHAPE_REPRESENTATION(#2894,#11514);
#707=CONTEXT_DEPENDENT_SHAPE_REPRESENTATION(#2895,#11515);
#708=CONTEXT_DEPENDENT_SHAPE_REPRESENTATION(#2896,#11516);
#709=CONTEXT_DEPENDENT_SHAPE_REPRESENTATION(#2897,#11517);
#710=CONTEXT_DEPENDENT_SHAPE_REPRESENTATION(#2898,#11518);
#711=CONTEXT_DEPENDENT_SHAPE_REPRESENTATION(#2899,#11519);
#712=CONTEXT_DEPENDENT_SHAPE_REPRESENTATION(#2900,#11520);
#713=CONTEXT_DEPENDENT_SHAPE_REPRESENTATION(#2901,#11521);
#714=CONTEXT_DEPENDENT_SHAPE_REPRESENTATION(#2902,#11522);
#715=CONTEXT_DEPENDENT_SHAPE_REPRESENTATION(#2903,#11523);
#716=CONTEXT_DEPENDENT_SHAPE_REPRESENTATION(#2904,#11524);
#717=CONTEXT_DEPENDENT_SHAPE_REPRESENTATION(#2905,#11525);
#718=CONTEXT_DEPENDENT_SHAPE_REPRESENTATION(#2906,#11526);
#719=CONTEXT_DEPENDENT_SHAPE_REPRESENTATION(#2907,#11527);
#720=CONTEXT_DEPENDENT_SHAPE_REPRESENTATION(#2908,#11528);
#721=CONTEXT_DEPENDENT_SHAPE_REPRESENTATION(#2909,#11529);
#722=CONTEXT_DEPENDENT_SHAPE_REPRESENTATION(#2910,#11530);
#723=CONTEXT_DEPENDENT_SHAPE_REPRESENTATION(#2911,#11531);
#724=CONTEXT_DEPENDENT_SHAPE_REPRESENTATION(#2912,#11532);
#725=CONTEXT_DEPENDENT_SHAPE_REPRESENTATION(#2913,#11533);
#726=CONTEXT_DEPENDENT_SHAPE_REPRESENTATION(#2914,#11534);
#727=CONTEXT_DEPENDENT_SHAPE_REPRESENTATION(#2915,#11535);
#728=CONTEXT_DEPENDENT_SHAPE_REPRESENTATION(#2916,#11536);
#729=CONTEXT_DEPENDENT_SHAPE_REPRESENTATION(#2917,#11538);
#730=CONTEXT_DEPENDENT_SHAPE_REPRESENTATION(#2918,#11539);
#731=CONTEXT_DEPENDENT_SHAPE_REPRESENTATION(#2919,#11540);
#732=CONTEXT_DEPENDENT_SHAPE_REPRESENTATION(#2920,#11541);
#733=CONTEXT_DEPENDENT_SHAPE_REPRESENTATION(#2921,#11542);
#734=CONTEXT_DEPENDENT_SHAPE_REPRESENTATION(#2922,#11543);
#735=CONTEXT_DEPENDENT_SHAPE_REPRESENTATION(#2923,#11544);
#736=CONTEXT_DEPENDENT_SHAPE_REPRESENTATION(#2924,#11545);
#737=CONTEXT_DEPENDENT_SHAPE_REPRESENTATION(#2925,#11546);
#738=CONTEXT_DEPENDENT_SHAPE_REPRESENTATION(#2926,#11547);
#739=CONTEXT_DEPENDENT_SHAPE_REPRESENTATION(#2927,#11549);
#740=CONTEXT_DEPENDENT_SHAPE_REPRESENTATION(#2928,#11551);
#741=CONTEXT_DEPENDENT_SHAPE_REPRESENTATION(#2929,#11552);
#742=CONTEXT_DEPENDENT_SHAPE_REPRESENTATION(#2930,#11553);
#743=CONTEXT_DEPENDENT_SHAPE_REPRESENTATION(#2931,#11554);
#744=CONTEXT_DEPENDENT_SHAPE_REPRESENTATION(#2932,#11555);
#745=CONTEXT_DEPENDENT_SHAPE_REPRESENTATION(#2933,#11556);
#746=CONTEXT_DEPENDENT_SHAPE_REPRESENTATION(#2934,#11557);
#747=CONTEXT_DEPENDENT_SHAPE_REPRESENTATION(#2935,#11558);
#748=CONTEXT_DEPENDENT_SHAPE_REPRESENTATION(#2936,#11559);
#749=CONTEXT_DEPENDENT_SHAPE_REPRESENTATION(#2937,#11560);
#750=CONTEXT_DEPENDENT_SHAPE_REPRESENTATION(#2938,#11561);
#751=CONTEXT_DEPENDENT_SHAPE_REPRESENTATION(#2939,#11562);
#752=CONTEXT_DEPENDENT_SHAPE_REPRESENTATION(#2940,#11563);
#753=CONTEXT_DEPENDENT_SHAPE_REPRESENTATION(#2941,#11564);
#754=CONTEXT_DEPENDENT_SHAPE_REPRESENTATION(#2942,#11565);
#755=CONTEXT_DEPENDENT_SHAPE_REPRESENTATION(#2943,#11566);
#756=CONTEXT_DEPENDENT_SHAPE_REPRESENTATION(#2944,#11567);
#757=CONTEXT_DEPENDENT_SHAPE_REPRESENTATION(#2945,#11568);
#758=CONTEXT_DEPENDENT_SHAPE_REPRESENTATION(#2946,#11569);
#759=CONTEXT_DEPENDENT_SHAPE_REPRESENTATION(#2947,#11570);
#760=CONTEXT_DEPENDENT_SHAPE_REPRESENTATION(#2948,#11571);
#761=CONTEXT_DEPENDENT_SHAPE_REPRESENTATION(#2949,#11572);
#762=CONTEXT_DEPENDENT_SHAPE_REPRESENTATION(#2950,#11573);
#763=CONTEXT_DEPENDENT_SHAPE_REPRESENTATION(#2951,#11574);
#764=CONTEXT_DEPENDENT_SHAPE_REPRESENTATION(#2952,#11575);
#765=CONTEXT_DEPENDENT_SHAPE_REPRESENTATION(#2953,#11577);
#766=CONTEXT_DEPENDENT_SHAPE_REPRESENTATION(#2954,#11578);
#767=CONTEXT_DEPENDENT_SHAPE_REPRESENTATION(#2955,#11579);
#768=CONTEXT_DEPENDENT_SHAPE_REPRESENTATION(#2956,#11580);
#769=CONTEXT_DEPENDENT_SHAPE_REPRESENTATION(#2957,#11581);
#770=CONTEXT_DEPENDENT_SHAPE_REPRESENTATION(#2958,#11582);
#771=CONTEXT_DEPENDENT_SHAPE_REPRESENTATION(#2959,#11583);
#772=CONTEXT_DEPENDENT_SHAPE_REPRESENTATION(#2960,#11584);
#773=CONTEXT_DEPENDENT_SHAPE_REPRESENTATION(#2961,#11585);
#774=CONTEXT_DEPENDENT_SHAPE_REPRESENTATION(#2962,#11586);
#775=CONTEXT_DEPENDENT_SHAPE_REPRESENTATION(#2963,#11587);
#776=CONTEXT_DEPENDENT_SHAPE_REPRESENTATION(#2964,#11588);
#777=CONTEXT_DEPENDENT_SHAPE_REPRESENTATION(#2965,#11589);
#778=CONTEXT_DEPENDENT_SHAPE_REPRESENTATION(#2966,#11590);
#779=CONTEXT_DEPENDENT_SHAPE_REPRESENTATION(#2967,#11591);
#780=CONTEXT_DEPENDENT_SHAPE_REPRESENTATION(#2968,#11592);
#781=CONTEXT_DEPENDENT_SHAPE_REPRESENTATION(#2969,#11593);
#782=CONTEXT_DEPENDENT_SHAPE_REPRESENTATION(#2970,#11594);
#783=CONTEXT_DEPENDENT_SHAPE_REPRESENTATION(#2971,#11595);
#784=CONTEXT_DEPENDENT_SHAPE_REPRESENTATION(#2972,#11596);
#785=CONTEXT_DEPENDENT_SHAPE_REPRESENTATION(#2973,#11598);
#786=CONTEXT_DEPENDENT_SHAPE_REPRESENTATION(#2974,#11599);
#787=CONTEXT_DEPENDENT_SHAPE_REPRESENTATION(#2975,#11600);
#788=CONTEXT_DEPENDENT_SHAPE_REPRESENTATION(#2976,#11601);
#789=CONTEXT_DEPENDENT_SHAPE_REPRESENTATION(#2977,#11602);
#790=CONTEXT_DEPENDENT_SHAPE_REPRESENTATION(#2978,#11603);
#791=CONTEXT_DEPENDENT_SHAPE_REPRESENTATION(#2979,#11604);
#792=CONTEXT_DEPENDENT_SHAPE_REPRESENTATION(#2980,#11605);
#793=CONTEXT_DEPENDENT_SHAPE_REPRESENTATION(#2981,#11606);
#794=CONTEXT_DEPENDENT_SHAPE_REPRESENTATION(#2982,#11607);
#795=CONTEXT_DEPENDENT_SHAPE_REPRESENTATION(#2983,#11608);
#796=CONTEXT_DEPENDENT_SHAPE_REPRESENTATION(#2984,#11609);
#797=CONTEXT_DEPENDENT_SHAPE_REPRESENTATION(#2985,#11610);
#798=CONTEXT_DEPENDENT_SHAPE_REPRESENTATION(#2986,#11611);
#799=CONTEXT_DEPENDENT_SHAPE_REPRESENTATION(#2987,#11612);
#800=CONTEXT_DEPENDENT_SHAPE_REPRESENTATION(#2988,#11613);
#801=CONTEXT_DEPENDENT_SHAPE_REPRESENTATION(#2989,#11614);
#802=CONTEXT_DEPENDENT_SHAPE_REPRESENTATION(#2990,#11615);
#803=CONTEXT_DEPENDENT_SHAPE_REPRESENTATION(#2991,#11616);
#804=CONTEXT_DEPENDENT_SHAPE_REPRESENTATION(#2992,#11617);
#805=CONTEXT_DEPENDENT_SHAPE_REPRESENTATION(#2993,#11618);
#806=CONTEXT_DEPENDENT_SHAPE_REPRESENTATION(#2994,#11619);
#807=CONTEXT_DEPENDENT_SHAPE_REPRESENTATION(#2995,#11620);
#808=CONTEXT_DEPENDENT_SHAPE_REPRESENTATION(#2996,#11621);
#809=CONTEXT_DEPENDENT_SHAPE_REPRESENTATION(#2997,#11622);
#810=CONTEXT_DEPENDENT_SHAPE_REPRESENTATION(#2998,#11623);
#811=CONTEXT_DEPENDENT_SHAPE_REPRESENTATION(#2999,#11624);
#812=CONTEXT_DEPENDENT_SHAPE_REPRESENTATION(#3000,#11625);
#813=CONTEXT_DEPENDENT_SHAPE_REPRESENTATION(#3001,#11626);
#814=CONTEXT_DEPENDENT_SHAPE_REPRESENTATION(#3002,#11627);
#815=CONTEXT_DEPENDENT_SHAPE_REPRESENTATION(#3003,#11628);
#816=CONTEXT_DEPENDENT_SHAPE_REPRESENTATION(#3004,#11629);
#817=CONTEXT_DEPENDENT_SHAPE_REPRESENTATION(#3005,#11630);
#818=CONTEXT_DEPENDENT_SHAPE_REPRESENTATION(#3006,#11632);
#819=CONTEXT_DEPENDENT_SHAPE_REPRESENTATION(#3007,#11633);
#820=CONTEXT_DEPENDENT_SHAPE_REPRESENTATION(#3008,#11634);
#821=CONTEXT_DEPENDENT_SHAPE_REPRESENTATION(#3009,#11635);
#822=CONTEXT_DEPENDENT_SHAPE_REPRESENTATION(#3010,#11636);
#823=CONTEXT_DEPENDENT_SHAPE_REPRESENTATION(#3011,#11637);
#824=CONTEXT_DEPENDENT_SHAPE_REPRESENTATION(#3012,#11638);
#825=CONTEXT_DEPENDENT_SHAPE_REPRESENTATION(#3013,#11639);
#826=CONTEXT_DEPENDENT_SHAPE_REPRESENTATION(#3014,#11640);
#827=CONTEXT_DEPENDENT_SHAPE_REPRESENTATION(#3015,#11641);
#828=CONTEXT_DEPENDENT_SHAPE_REPRESENTATION(#3016,#11642);
#829=CONTEXT_DEPENDENT_SHAPE_REPRESENTATION(#3017,#11643);
#830=CONTEXT_DEPENDENT_SHAPE_REPRESENTATION(#3018,#11645);
#831=CONTEXT_DEPENDENT_SHAPE_REPRESENTATION(#3019,#11646);
#832=CONTEXT_DEPENDENT_SHAPE_REPRESENTATION(#3020,#11647);
#833=CONTEXT_DEPENDENT_SHAPE_REPRESENTATION(#3021,#11648);
#834=CONTEXT_DEPENDENT_SHAPE_REPRESENTATION(#3022,#11649);
#835=CONTEXT_DEPENDENT_SHAPE_REPRESENTATION(#3023,#11650);
#836=CONTEXT_DEPENDENT_SHAPE_REPRESENTATION(#3024,#11651);
#837=CONTEXT_DEPENDENT_SHAPE_REPRESENTATION(#3025,#11652);
#838=CONTEXT_DEPENDENT_SHAPE_REPRESENTATION(#3026,#11653);
#839=CONTEXT_DEPENDENT_SHAPE_REPRESENTATION(#3027,#11654);
#840=CONTEXT_DEPENDENT_SHAPE_REPRESENTATION(#3028,#11655);
#841=CONTEXT_DEPENDENT_SHAPE_REPRESENTATION(#3029,#11656);
#842=CONTEXT_DEPENDENT_SHAPE_REPRESENTATION(#3030,#11657);
#843=CONTEXT_DEPENDENT_SHAPE_REPRESENTATION(#3031,#11658);
#844=CONTEXT_DEPENDENT_SHAPE_REPRESENTATION(#3032,#11659);
#845=CONTEXT_DEPENDENT_SHAPE_REPRESENTATION(#3033,#11660);
#846=CONTEXT_DEPENDENT_SHAPE_REPRESENTATION(#3034,#11661);
#847=CONTEXT_DEPENDENT_SHAPE_REPRESENTATION(#3035,#11662);
#848=CONTEXT_DEPENDENT_SHAPE_REPRESENTATION(#3036,#11663);
#849=CONTEXT_DEPENDENT_SHAPE_REPRESENTATION(#3037,#11664);
#850=CONTEXT_DEPENDENT_SHAPE_REPRESENTATION(#3038,#11665);
#851=CONTEXT_DEPENDENT_SHAPE_REPRESENTATION(#3039,#11666);
#852=CONTEXT_DEPENDENT_SHAPE_REPRESENTATION(#3040,#11667);
#853=CONTEXT_DEPENDENT_SHAPE_REPRESENTATION(#3041,#11668);
#854=CONTEXT_DEPENDENT_SHAPE_REPRESENTATION(#3042,#11669);
#855=CONTEXT_DEPENDENT_SHAPE_REPRESENTATION(#3043,#11670);
#856=CONTEXT_DEPENDENT_SHAPE_REPRESENTATION(#3044,#11671);
#857=CONTEXT_DEPENDENT_SHAPE_REPRESENTATION(#3045,#11672);
#858=CONTEXT_DEPENDENT_SHAPE_REPRESENTATION(#3046,#11673);
#859=CONTEXT_DEPENDENT_SHAPE_REPRESENTATION(#3047,#11674);
#860=CONTEXT_DEPENDENT_SHAPE_REPRESENTATION(#3048,#11675);
#861=CONTEXT_DEPENDENT_SHAPE_REPRESENTATION(#3049,#11676);
#862=CONTEXT_DEPENDENT_SHAPE_REPRESENTATION(#3050,#11678);
#863=CONTEXT_DEPENDENT_SHAPE_REPRESENTATION(#3051,#11679);
#864=CONTEXT_DEPENDENT_SHAPE_REPRESENTATION(#3052,#11680);
#865=CONTEXT_DEPENDENT_SHAPE_REPRESENTATION(#3053,#11681);
#866=CONTEXT_DEPENDENT_SHAPE_REPRESENTATION(#3054,#11682);
#867=CONTEXT_DEPENDENT_SHAPE_REPRESENTATION(#3055,#11683);
#868=CONTEXT_DEPENDENT_SHAPE_REPRESENTATION(#3056,#11684);
#869=CONTEXT_DEPENDENT_SHAPE_REPRESENTATION(#3057,#11685);
#870=CONTEXT_DEPENDENT_SHAPE_REPRESENTATION(#3058,#11686);
#871=CONTEXT_DEPENDENT_SHAPE_REPRESENTATION(#3059,#11687);
#872=CONTEXT_DEPENDENT_SHAPE_REPRESENTATION(#3060,#11688);
#873=CONTEXT_DEPENDENT_SHAPE_REPRESENTATION(#3061,#11689);
#874=CONTEXT_DEPENDENT_SHAPE_REPRESENTATION(#3062,#11690);
#875=CONTEXT_DEPENDENT_SHAPE_REPRESENTATION(#3063,#11692);
#876=CONTEXT_DEPENDENT_SHAPE_REPRESENTATION(#3064,#11693);
#877=CONTEXT_DEPENDENT_SHAPE_REPRESENTATION(#3065,#11694);
#878=CONTEXT_DEPENDENT_SHAPE_REPRESENTATION(#3066,#11695);
#879=CONTEXT_DEPENDENT_SHAPE_REPRESENTATION(#3067,#11696);
#880=CONTEXT_DEPENDENT_SHAPE_REPRESENTATION(#3068,#11697);
#881=CONTEXT_DEPENDENT_SHAPE_REPRESENTATION(#3069,#11698);
#882=CONTEXT_DEPENDENT_SHAPE_REPRESENTATION(#3070,#11699);
#883=CONTEXT_DEPENDENT_SHAPE_REPRESENTATION(#3071,#11700);
#884=CONTEXT_DEPENDENT_SHAPE_REPRESENTATION(#3072,#11701);
#885=CONTEXT_DEPENDENT_SHAPE_REPRESENTATION(#3073,#11702);
#886=CONTEXT_DEPENDENT_SHAPE_REPRESENTATION(#3074,#11703);
#887=CONTEXT_DEPENDENT_SHAPE_REPRESENTATION(#3075,#11704);
#888=CONTEXT_DEPENDENT_SHAPE_REPRESENTATION(#3076,#11705);
#889=CONTEXT_DEPENDENT_SHAPE_REPRESENTATION(#3077,#11706);
#890=CONTEXT_DEPENDENT_SHAPE_REPRESENTATION(#3078,#11707);
#891=CONTEXT_DEPENDENT_SHAPE_REPRESENTATION(#3079,#11708);
#892=CONTEXT_DEPENDENT_SHAPE_REPRESENTATION(#3080,#11709);
#893=CONTEXT_DEPENDENT_SHAPE_REPRESENTATION(#3081,#11710);
#894=CONTEXT_DEPENDENT_SHAPE_REPRESENTATION(#3082,#11711);
#895=CONTEXT_DEPENDENT_SHAPE_REPRESENTATION(#3083,#11712);
#896=CONTEXT_DEPENDENT_SHAPE_REPRESENTATION(#3084,#11713);
#897=CONTEXT_DEPENDENT_SHAPE_REPRESENTATION(#3085,#11714);
#898=CONTEXT_DEPENDENT_SHAPE_REPRESENTATION(#3086,#11715);
#899=CONTEXT_DEPENDENT_SHAPE_REPRESENTATION(#3087,#11716);
#900=CONTEXT_DEPENDENT_SHAPE_REPRESENTATION(#3088,#11717);
#901=CONTEXT_DEPENDENT_SHAPE_REPRESENTATION(#3089,#11718);
#902=CONTEXT_DEPENDENT_SHAPE_REPRESENTATION(#3090,#11720);
#903=CONTEXT_DEPENDENT_SHAPE_REPRESENTATION(#3091,#11721);
#904=CONTEXT_DEPENDENT_SHAPE_REPRESENTATION(#3092,#11722);
#905=CONTEXT_DEPENDENT_SHAPE_REPRESENTATION(#3093,#11723);
#906=CONTEXT_DEPENDENT_SHAPE_REPRESENTATION(#3094,#11724);
#907=CONTEXT_DEPENDENT_SHAPE_REPRESENTATION(#3095,#11725);
#908=CONTEXT_DEPENDENT_SHAPE_REPRESENTATION(#3096,#11726);
#909=CONTEXT_DEPENDENT_SHAPE_REPRESENTATION(#3097,#11727);
#910=CONTEXT_DEPENDENT_SHAPE_REPRESENTATION(#3098,#11728);
#911=CONTEXT_DEPENDENT_SHAPE_REPRESENTATION(#3099,#11729);
#912=CONTEXT_DEPENDENT_SHAPE_REPRESENTATION(#3100,#11730);
#913=CONTEXT_DEPENDENT_SHAPE_REPRESENTATION(#3101,#11731);
#914=CONTEXT_DEPENDENT_SHAPE_REPRESENTATION(#3102,#11732);
#915=CONTEXT_DEPENDENT_SHAPE_REPRESENTATION(#3103,#11733);
#916=CONTEXT_DEPENDENT_SHAPE_REPRESENTATION(#3104,#11734);
#917=CONTEXT_DEPENDENT_SHAPE_REPRESENTATION(#3105,#11735);
#918=CONTEXT_DEPENDENT_SHAPE_REPRESENTATION(#3106,#11736);
#919=CONTEXT_DEPENDENT_SHAPE_REPRESENTATION(#3107,#11737);
#920=CONTEXT_DEPENDENT_SHAPE_REPRESENTATION(#3108,#11738);
#921=CONTEXT_DEPENDENT_SHAPE_REPRESENTATION(#3109,#11740);
#922=CONTEXT_DEPENDENT_SHAPE_REPRESENTATION(#3110,#11742);
#923=CONTEXT_DEPENDENT_SHAPE_REPRESENTATION(#3111,#11743);
#924=CONTEXT_DEPENDENT_SHAPE_REPRESENTATION(#3112,#11744);
#925=CONTEXT_DEPENDENT_SHAPE_REPRESENTATION(#3113,#11745);
#926=CONTEXT_DEPENDENT_SHAPE_REPRESENTATION(#3114,#11746);
#927=CONTEXT_DEPENDENT_SHAPE_REPRESENTATION(#3115,#11747);
#928=CONTEXT_DEPENDENT_SHAPE_REPRESENTATION(#3116,#11748);
#929=CONTEXT_DEPENDENT_SHAPE_REPRESENTATION(#3117,#11749);
#930=CONTEXT_DEPENDENT_SHAPE_REPRESENTATION(#3118,#11750);
#931=CONTEXT_DEPENDENT_SHAPE_REPRESENTATION(#3119,#11751);
#932=CONTEXT_DEPENDENT_SHAPE_REPRESENTATION(#3120,#11752);
#933=CONTEXT_DEPENDENT_SHAPE_REPRESENTATION(#3121,#11753);
#934=CONTEXT_DEPENDENT_SHAPE_REPRESENTATION(#3122,#11754);
#935=CONTEXT_DEPENDENT_SHAPE_REPRESENTATION(#3123,#11755);
#936=CONTEXT_DEPENDENT_SHAPE_REPRESENTATION(#3124,#11756);
#937=CONTEXT_DEPENDENT_SHAPE_REPRESENTATION(#3125,#11757);
#938=CONTEXT_DEPENDENT_SHAPE_REPRESENTATION(#3126,#11758);
#939=CONTEXT_DEPENDENT_SHAPE_REPRESENTATION(#3127,#11759);
#940=CONTEXT_DEPENDENT_SHAPE_REPRESENTATION(#3128,#11760);
#941=CONTEXT_DEPENDENT_SHAPE_REPRESENTATION(#3129,#11761);
#942=CONTEXT_DEPENDENT_SHAPE_REPRESENTATION(#3130,#11762);
#943=CONTEXT_DEPENDENT_SHAPE_REPRESENTATION(#3131,#11763);
#944=CONTEXT_DEPENDENT_SHAPE_REPRESENTATION(#3132,#11764);
#945=CONTEXT_DEPENDENT_SHAPE_REPRESENTATION(#3133,#11765);
#946=CONTEXT_DEPENDENT_SHAPE_REPRESENTATION(#3134,#11766);
#947=CONTEXT_DEPENDENT_SHAPE_REPRESENTATION(#3135,#11767);
#948=CONTEXT_DEPENDENT_SHAPE_REPRESENTATION(#3136,#11768);
#949=CONTEXT_DEPENDENT_SHAPE_REPRESENTATION(#3137,#11769);
#950=CONTEXT_DEPENDENT_SHAPE_REPRESENTATION(#3138,#11770);
#951=CONTEXT_DEPENDENT_SHAPE_REPRESENTATION(#3139,#11771);
#952=CONTEXT_DEPENDENT_SHAPE_REPRESENTATION(#3140,#11772);
#953=CONTEXT_DEPENDENT_SHAPE_REPRESENTATION(#3141,#11773);
#954=CONTEXT_DEPENDENT_SHAPE_REPRESENTATION(#3142,#11774);
#955=CONTEXT_DEPENDENT_SHAPE_REPRESENTATION(#3143,#11775);
#956=CONTEXT_DEPENDENT_SHAPE_REPRESENTATION(#3144,#11776);
#957=CONTEXT_DEPENDENT_SHAPE_REPRESENTATION(#3145,#11777);
#958=CONTEXT_DEPENDENT_SHAPE_REPRESENTATION(#3146,#11779);
#959=CONTEXT_DEPENDENT_SHAPE_REPRESENTATION(#3147,#11780);
#960=CONTEXT_DEPENDENT_SHAPE_REPRESENTATION(#3148,#11781);
#961=CONTEXT_DEPENDENT_SHAPE_REPRESENTATION(#3149,#11782);
#962=CONTEXT_DEPENDENT_SHAPE_REPRESENTATION(#3150,#11783);
#963=CONTEXT_DEPENDENT_SHAPE_REPRESENTATION(#3151,#11784);
#964=CONTEXT_DEPENDENT_SHAPE_REPRESENTATION(#3152,#11785);
#965=CONTEXT_DEPENDENT_SHAPE_REPRESENTATION(#3153,#11786);
#966=CONTEXT_DEPENDENT_SHAPE_REPRESENTATION(#3154,#11787);
#967=CONTEXT_DEPENDENT_SHAPE_REPRESENTATION(#3155,#11789);
#968=CONTEXT_DEPENDENT_SHAPE_REPRESENTATION(#3156,#11790);
#969=CONTEXT_DEPENDENT_SHAPE_REPRESENTATION(#3157,#11791);
#970=CONTEXT_DEPENDENT_SHAPE_REPRESENTATION(#3158,#11792);
#971=CONTEXT_DEPENDENT_SHAPE_REPRESENTATION(#3159,#11793);
#972=CONTEXT_DEPENDENT_SHAPE_REPRESENTATION(#3160,#11794);
#973=CONTEXT_DEPENDENT_SHAPE_REPRESENTATION(#3161,#11795);
#974=CONTEXT_DEPENDENT_SHAPE_REPRESENTATION(#3162,#11796);
#975=CONTEXT_DEPENDENT_SHAPE_REPRESENTATION(#3163,#11797);
#976=CONTEXT_DEPENDENT_SHAPE_REPRESENTATION(#3164,#11798);
#977=CONTEXT_DEPENDENT_SHAPE_REPRESENTATION(#3165,#11799);
#978=CONTEXT_DEPENDENT_SHAPE_REPRESENTATION(#3166,#11800);
#979=CONTEXT_DEPENDENT_SHAPE_REPRESENTATION(#3167,#11801);
#980=CONTEXT_DEPENDENT_SHAPE_REPRESENTATION(#3168,#11802);
#981=CONTEXT_DEPENDENT_SHAPE_REPRESENTATION(#3169,#11803);
#982=CONTEXT_DEPENDENT_SHAPE_REPRESENTATION(#3170,#11804);
#983=CONTEXT_DEPENDENT_SHAPE_REPRESENTATION(#3171,#11805);
#984=CONTEXT_DEPENDENT_SHAPE_REPRESENTATION(#3172,#11806);
#985=CONTEXT_DEPENDENT_SHAPE_REPRESENTATION(#3173,#11807);
#986=CONTEXT_DEPENDENT_SHAPE_REPRESENTATION(#3174,#11808);
#987=CONTEXT_DEPENDENT_SHAPE_REPRESENTATION(#3175,#11809);
#988=CONTEXT_DEPENDENT_SHAPE_REPRESENTATION(#3176,#11810);
#989=CONTEXT_DEPENDENT_SHAPE_REPRESENTATION(#3177,#11811);
#990=CONTEXT_DEPENDENT_SHAPE_REPRESENTATION(#3178,#11812);
#991=CONTEXT_DEPENDENT_SHAPE_REPRESENTATION(#3179,#11813);
#992=CONTEXT_DEPENDENT_SHAPE_REPRESENTATION(#3180,#11814);
#993=CONTEXT_DEPENDENT_SHAPE_REPRESENTATION(#3181,#11815);
#994=CONTEXT_DEPENDENT_SHAPE_REPRESENTATION(#3182,#11816);
#995=CONTEXT_DEPENDENT_SHAPE_REPRESENTATION(#3183,#11818);
#996=CONTEXT_DEPENDENT_SHAPE_REPRESENTATION(#3184,#11819);
#997=CONTEXT_DEPENDENT_SHAPE_REPRESENTATION(#3185,#11820);
#998=CONTEXT_DEPENDENT_SHAPE_REPRESENTATION(#3186,#11821);
#999=CONTEXT_DEPENDENT_SHAPE_REPRESENTATION(#3187,#11822);
#1000=CONTEXT_DEPENDENT_SHAPE_REPRESENTATION(#3188,#11823);
#1001=CONTEXT_DEPENDENT_SHAPE_REPRESENTATION(#3189,#11824);
#1002=CONTEXT_DEPENDENT_SHAPE_REPRESENTATION(#3190,#11825);
#1003=CONTEXT_DEPENDENT_SHAPE_REPRESENTATION(#3191,#11826);
#1004=CONTEXT_DEPENDENT_SHAPE_REPRESENTATION(#3192,#11827);
#1005=CONTEXT_DEPENDENT_SHAPE_REPRESENTATION(#3193,#11828);
#1006=CONTEXT_DEPENDENT_SHAPE_REPRESENTATION(#3194,#11829);
#1007=CONTEXT_DEPENDENT_SHAPE_REPRESENTATION(#3195,#11830);
#1008=CONTEXT_DEPENDENT_SHAPE_REPRESENTATION(#3196,#11831);
#1009=CONTEXT_DEPENDENT_SHAPE_REPRESENTATION(#3197,#11832);
#1010=CONTEXT_DEPENDENT_SHAPE_REPRESENTATION(#3198,#11833);
#1011=CONTEXT_DEPENDENT_SHAPE_REPRESENTATION(#3199,#11834);
#1012=CONTEXT_DEPENDENT_SHAPE_REPRESENTATION(#3200,#11836);
#1013=CONTEXT_DEPENDENT_SHAPE_REPRESENTATION(#3201,#11837);
#1014=CONTEXT_DEPENDENT_SHAPE_REPRESENTATION(#3202,#11838);
#1015=CONTEXT_DEPENDENT_SHAPE_REPRESENTATION(#3203,#11839);
#1016=CONTEXT_DEPENDENT_SHAPE_REPRESENTATION(#3204,#11840);
#1017=CONTEXT_DEPENDENT_SHAPE_REPRESENTATION(#3205,#11841);
#1018=CONTEXT_DEPENDENT_SHAPE_REPRESENTATION(#3206,#11842);
#1019=CONTEXT_DEPENDENT_SHAPE_REPRESENTATION(#3207,#11843);
#1020=CONTEXT_DEPENDENT_SHAPE_REPRESENTATION(#3208,#11844);
#1021=CONTEXT_DEPENDENT_SHAPE_REPRESENTATION(#3209,#11845);
#1022=CONTEXT_DEPENDENT_SHAPE_REPRESENTATION(#3210,#11846);
#1023=CONTEXT_DEPENDENT_SHAPE_REPRESENTATION(#3211,#11847);
#1024=CONTEXT_DEPENDENT_SHAPE_REPRESENTATION(#3212,#11848);
#1025=CONTEXT_DEPENDENT_SHAPE_REPRESENTATION(#3213,#11849);
#1026=CONTEXT_DEPENDENT_SHAPE_REPRESENTATION(#3214,#11850);
#1027=CONTEXT_DEPENDENT_SHAPE_REPRESENTATION(#3215,#11851);
#1028=CONTEXT_DEPENDENT_SHAPE_REPRESENTATION(#3216,#11852);
#1029=CONTEXT_DEPENDENT_SHAPE_REPRESENTATION(#3217,#11853);
#1030=CONTEXT_DEPENDENT_SHAPE_REPRESENTATION(#3218,#11854);
#1031=CONTEXT_DEPENDENT_SHAPE_REPRESENTATION(#3219,#11855);
#1032=CONTEXT_DEPENDENT_SHAPE_REPRESENTATION(#3220,#11856);
#1033=CONTEXT_DEPENDENT_SHAPE_REPRESENTATION(#3221,#11857);
#1034=CONTEXT_DEPENDENT_SHAPE_REPRESENTATION(#3222,#11858);
#1035=CONTEXT_DEPENDENT_SHAPE_REPRESENTATION(#3223,#11859);
#1036=CONTEXT_DEPENDENT_SHAPE_REPRESENTATION(#3224,#11860);
#1037=CONTEXT_DEPENDENT_SHAPE_REPRESENTATION(#3225,#11861);
#1038=CONTEXT_DEPENDENT_SHAPE_REPRESENTATION(#3226,#11862);
#1039=CONTEXT_DEPENDENT_SHAPE_REPRESENTATION(#3227,#11863);
#1040=CONTEXT_DEPENDENT_SHAPE_REPRESENTATION(#3228,#11864);
#1041=CONTEXT_DEPENDENT_SHAPE_REPRESENTATION(#3229,#11865);
#1042=CONTEXT_DEPENDENT_SHAPE_REPRESENTATION(#3230,#11866);
#1043=CONTEXT_DEPENDENT_SHAPE_REPRESENTATION(#3231,#11867);
#1044=CONTEXT_DEPENDENT_SHAPE_REPRESENTATION(#3232,#11868);
#1045=CONTEXT_DEPENDENT_SHAPE_REPRESENTATION(#3233,#11870);
#1046=CONTEXT_DEPENDENT_SHAPE_REPRESENTATION(#3234,#11871);
#1047=CONTEXT_DEPENDENT_SHAPE_REPRESENTATION(#3235,#11872);
#1048=CONTEXT_DEPENDENT_SHAPE_REPRESENTATION(#3236,#11873);
#1049=CONTEXT_DEPENDENT_SHAPE_REPRESENTATION(#3237,#11874);
#1050=CONTEXT_DEPENDENT_SHAPE_REPRESENTATION(#3238,#11875);
#1051=CONTEXT_DEPENDENT_SHAPE_REPRESENTATION(#3239,#11876);
#1052=CONTEXT_DEPENDENT_SHAPE_REPRESENTATION(#3240,#11877);
#1053=CONTEXT_DEPENDENT_SHAPE_REPRESENTATION(#3241,#11878);
#1054=CONTEXT_DEPENDENT_SHAPE_REPRESENTATION(#3242,#11879);
#1055=CONTEXT_DEPENDENT_SHAPE_REPRESENTATION(#3243,#11880);
#1056=CONTEXT_DEPENDENT_SHAPE_REPRESENTATION(#3244,#11881);
#1057=CONTEXT_DEPENDENT_SHAPE_REPRESENTATION(#3245,#11883);
#1058=CONTEXT_DEPENDENT_SHAPE_REPRESENTATION(#3246,#11884);
#1059=CONTEXT_DEPENDENT_SHAPE_REPRESENTATION(#3247,#11885);
#1060=CONTEXT_DEPENDENT_SHAPE_REPRESENTATION(#3248,#11886);
#1061=CONTEXT_DEPENDENT_SHAPE_REPRESENTATION(#3249,#11887);
#1062=CONTEXT_DEPENDENT_SHAPE_REPRESENTATION(#3250,#11888);
#1063=CONTEXT_DEPENDENT_SHAPE_REPRESENTATION(#3251,#11889);
#1064=CONTEXT_DEPENDENT_SHAPE_REPRESENTATION(#3252,#11890);
#1065=CONTEXT_DEPENDENT_SHAPE_REPRESENTATION(#3253,#11891);
#1066=CONTEXT_DEPENDENT_SHAPE_REPRESENTATION(#3254,#11892);
#1067=CONTEXT_DEPENDENT_SHAPE_REPRESENTATION(#3255,#11893);
#1068=CONTEXT_DEPENDENT_SHAPE_REPRESENTATION(#3256,#11894);
#1069=CONTEXT_DEPENDENT_SHAPE_REPRESENTATION(#3257,#11895);
#1070=CONTEXT_DEPENDENT_SHAPE_REPRESENTATION(#3258,#11896);
#1071=CONTEXT_DEPENDENT_SHAPE_REPRESENTATION(#3259,#11897);
#1072=CONTEXT_DEPENDENT_SHAPE_REPRESENTATION(#3260,#11898);
#1073=CONTEXT_DEPENDENT_SHAPE_REPRESENTATION(#3261,#11899);
#1074=CONTEXT_DEPENDENT_SHAPE_REPRESENTATION(#3262,#11900);
#1075=CONTEXT_DEPENDENT_SHAPE_REPRESENTATION(#3263,#11901);
#1076=CONTEXT_DEPENDENT_SHAPE_REPRESENTATION(#3264,#11902);
#1077=CONTEXT_DEPENDENT_SHAPE_REPRESENTATION(#3265,#11903);
#1078=CONTEXT_DEPENDENT_SHAPE_REPRESENTATION(#3266,#11904);
#1079=CONTEXT_DEPENDENT_SHAPE_REPRESENTATION(#3267,#11905);
#1080=CONTEXT_DEPENDENT_SHAPE_REPRESENTATION(#3268,#11906);
#1081=CONTEXT_DEPENDENT_SHAPE_REPRESENTATION(#3269,#11907);
#1082=CONTEXT_DEPENDENT_SHAPE_REPRESENTATION(#3270,#11908);
#1083=CONTEXT_DEPENDENT_SHAPE_REPRESENTATION(#3271,#11909);
#1084=CONTEXT_DEPENDENT_SHAPE_REPRESENTATION(#3272,#11910);
#1085=CONTEXT_DEPENDENT_SHAPE_REPRESENTATION(#3273,#11911);
#1086=CONTEXT_DEPENDENT_SHAPE_REPRESENTATION(#3274,#11912);
#1087=CONTEXT_DEPENDENT_SHAPE_REPRESENTATION(#3275,#11913);
#1088=CONTEXT_DEPENDENT_SHAPE_REPRESENTATION(#3276,#11914);
#1089=CONTEXT_DEPENDENT_SHAPE_REPRESENTATION(#3277,#11915);
#1090=CONTEXT_DEPENDENT_SHAPE_REPRESENTATION(#3278,#11916);
#1091=CONTEXT_DEPENDENT_SHAPE_REPRESENTATION(#3279,#11917);
#1092=CONTEXT_DEPENDENT_SHAPE_REPRESENTATION(#3280,#11918);
#1093=CONTEXT_DEPENDENT_SHAPE_REPRESENTATION(#3281,#11920);
#1094=CONTEXT_DEPENDENT_SHAPE_REPRESENTATION(#3282,#11921);
#1095=CONTEXT_DEPENDENT_SHAPE_REPRESENTATION(#3283,#11922);
#1096=CONTEXT_DEPENDENT_SHAPE_REPRESENTATION(#3284,#11923);
#1097=CONTEXT_DEPENDENT_SHAPE_REPRESENTATION(#3285,#11924);
#1098=CONTEXT_DEPENDENT_SHAPE_REPRESENTATION(#3286,#11925);
#1099=CONTEXT_DEPENDENT_SHAPE_REPRESENTATION(#3287,#11926);
#1100=CONTEXT_DEPENDENT_SHAPE_REPRESENTATION(#3288,#11927);
#1101=CONTEXT_DEPENDENT_SHAPE_REPRESENTATION(#3289,#11928);
#1102=CONTEXT_DEPENDENT_SHAPE_REPRESENTATION(#3290,#11929);
#1103=CONTEXT_DEPENDENT_SHAPE_REPRESENTATION(#3291,#11930);
#1104=NEXT_ASSEMBLY_USAGE_OCCURRENCE('NAUO1','Part 1','Part 1',#11932,#11933,
'');
#1105=NEXT_ASSEMBLY_USAGE_OCCURRENCE('NAUO2','Part 1','Part 1',#11934,#11935,
'');
#1106=NEXT_ASSEMBLY_USAGE_OCCURRENCE('NAUO3','Part 1','Part 1',#11936,#11937,
'');
#1107=NEXT_ASSEMBLY_USAGE_OCCURRENCE('NAUO4','Part 1','Part 1',#11936,#11937,
'');
#1108=NEXT_ASSEMBLY_USAGE_OCCURRENCE('NAUO5','Part 1','Part 1',#11936,#11937,
'');
#1109=NEXT_ASSEMBLY_USAGE_OCCURRENCE('NAUO6','Part 1','Part 1',#11936,#11937,
'');
#1110=NEXT_ASSEMBLY_USAGE_OCCURRENCE('NAUO7','Part 1','Part 1',#11936,#11937,
'');
#1111=NEXT_ASSEMBLY_USAGE_OCCURRENCE('NAUO8','Part 1','Part 1',#11936,#11937,
'');
#1112=NEXT_ASSEMBLY_USAGE_OCCURRENCE('NAUO9','Part 1','Part 1',#11936,#11937,
'');
#1113=NEXT_ASSEMBLY_USAGE_OCCURRENCE('NAUO10','Part 1','Part 1',#11936,
#11937,'');
#1114=NEXT_ASSEMBLY_USAGE_OCCURRENCE('NAUO11','Part 1','Part 1',#11936,
#11937,'');
#1115=NEXT_ASSEMBLY_USAGE_OCCURRENCE('NAUO12','Part 1','Part 1',#11936,
#11937,'');
#1116=NEXT_ASSEMBLY_USAGE_OCCURRENCE('NAUO13','Part 1','Part 1',#11936,
#11937,'');
#1117=NEXT_ASSEMBLY_USAGE_OCCURRENCE('NAUO14','Part 1','Part 1',#11936,
#11937,'');
#1118=NEXT_ASSEMBLY_USAGE_OCCURRENCE('NAUO15','Part 1','Part 1',#11936,
#11937,'');
#1119=NEXT_ASSEMBLY_USAGE_OCCURRENCE('NAUO16','Part 1','Part 1',#11936,
#11937,'');
#1120=NEXT_ASSEMBLY_USAGE_OCCURRENCE('NAUO17','Part 1','Part 1',#11936,
#11937,'');
#1121=NEXT_ASSEMBLY_USAGE_OCCURRENCE('NAUO18','Part 1','Part 1',#11936,
#11937,'');
#1122=NEXT_ASSEMBLY_USAGE_OCCURRENCE('NAUO19','Part 1','Part 1',#11936,
#11937,'');
#1123=NEXT_ASSEMBLY_USAGE_OCCURRENCE('NAUO20','Part 1','Part 1',#11936,
#11937,'');
#1124=NEXT_ASSEMBLY_USAGE_OCCURRENCE('NAUO21','Part 1','Part 1',#11936,
#11937,'');
#1125=NEXT_ASSEMBLY_USAGE_OCCURRENCE('NAUO22','Part 1','Part 1',#11936,
#11937,'');
#1126=NEXT_ASSEMBLY_USAGE_OCCURRENCE('NAUO23','Part 1','Part 1',#11936,
#11937,'');
#1127=NEXT_ASSEMBLY_USAGE_OCCURRENCE('NAUO24','Part 1','Part 1',#11936,
#11937,'');
#1128=NEXT_ASSEMBLY_USAGE_OCCURRENCE('NAUO25','Part 1','Part 1',#11936,
#11937,'');
#1129=NEXT_ASSEMBLY_USAGE_OCCURRENCE('NAUO26','Part 1','Part 1',#11936,
#11937,'');
#1130=NEXT_ASSEMBLY_USAGE_OCCURRENCE('NAUO27','Part 1','Part 1',#11936,
#11937,'');
#1131=NEXT_ASSEMBLY_USAGE_OCCURRENCE('NAUO28','Part 1','Part 1',#11936,
#11937,'');
#1132=NEXT_ASSEMBLY_USAGE_OCCURRENCE('NAUO29','Part 1','Part 1',#11936,
#11937,'');
#1133=NEXT_ASSEMBLY_USAGE_OCCURRENCE('NAUO30','Part 1','Part 1',#11936,
#11937,'');
#1134=NEXT_ASSEMBLY_USAGE_OCCURRENCE('NAUO31','Part 1','Part 1',#11936,
#11937,'');
#1135=NEXT_ASSEMBLY_USAGE_OCCURRENCE('NAUO32','Part 1','Part 1',#11936,
#11937,'');
#1136=NEXT_ASSEMBLY_USAGE_OCCURRENCE('NAUO33','Part 1','Part 1',#11936,
#11937,'');
#1137=NEXT_ASSEMBLY_USAGE_OCCURRENCE('NAUO34','Part 1','Part 1',#11936,
#11937,'');
#1138=NEXT_ASSEMBLY_USAGE_OCCURRENCE('NAUO35','Part 2','Part 2',#11938,
#11939,'');
#1139=NEXT_ASSEMBLY_USAGE_OCCURRENCE('NAUO36','Part 4','Part 4',#11938,
#11940,'');
#1140=NEXT_ASSEMBLY_USAGE_OCCURRENCE('NAUO37','Part 6','Part 6',#11938,
#11941,'');
#1141=NEXT_ASSEMBLY_USAGE_OCCURRENCE('NAUO38','Part 7','Part 7',#11938,
#11942,'');
#1142=NEXT_ASSEMBLY_USAGE_OCCURRENCE('NAUO39','Part 5','Part 5',#11938,
#11943,'');
#1143=NEXT_ASSEMBLY_USAGE_OCCURRENCE('NAUO40','Part 3','Part 3',#11938,
#11944,'');
#1144=NEXT_ASSEMBLY_USAGE_OCCURRENCE('NAUO41','Part 1','Part 1',#11938,
#11945,'');
#1145=NEXT_ASSEMBLY_USAGE_OCCURRENCE('NAUO42','SiPM <1>','SiPM <1>',#11936,
#11938,'');
#1146=NEXT_ASSEMBLY_USAGE_OCCURRENCE('NAUO43','Part 1','Part 1',#11936,
#11937,'');
#1147=NEXT_ASSEMBLY_USAGE_OCCURRENCE('NAUO44','Part 1','Part 1',#11936,
#11937,'');
#1148=NEXT_ASSEMBLY_USAGE_OCCURRENCE('NAUO45','Part 1','Part 1',#11936,
#11937,'');
#1149=NEXT_ASSEMBLY_USAGE_OCCURRENCE('NAUO46','Part 1','Part 1',#11936,
#11937,'');
#1150=NEXT_ASSEMBLY_USAGE_OCCURRENCE('NAUO47','Block <4>','Block <4>',#11934,
#11936,'');
#1151=NEXT_ASSEMBLY_USAGE_OCCURRENCE('NAUO48','Part 1','Part 1',#11946,
#11937,'');
#1152=NEXT_ASSEMBLY_USAGE_OCCURRENCE('NAUO49','Part 1','Part 1',#11946,
#11937,'');
#1153=NEXT_ASSEMBLY_USAGE_OCCURRENCE('NAUO50','Part 1','Part 1',#11946,
#11937,'');
#1154=NEXT_ASSEMBLY_USAGE_OCCURRENCE('NAUO51','Part 1','Part 1',#11946,
#11937,'');
#1155=NEXT_ASSEMBLY_USAGE_OCCURRENCE('NAUO52','Part 1','Part 1',#11946,
#11937,'');
#1156=NEXT_ASSEMBLY_USAGE_OCCURRENCE('NAUO53','Part 1','Part 1',#11946,
#11937,'');
#1157=NEXT_ASSEMBLY_USAGE_OCCURRENCE('NAUO54','Part 1','Part 1',#11946,
#11937,'');
#1158=NEXT_ASSEMBLY_USAGE_OCCURRENCE('NAUO55','Part 1','Part 1',#11946,
#11937,'');
#1159=NEXT_ASSEMBLY_USAGE_OCCURRENCE('NAUO56','Part 1','Part 1',#11946,
#11937,'');
#1160=NEXT_ASSEMBLY_USAGE_OCCURRENCE('NAUO57','Part 1','Part 1',#11946,
#11937,'');
#1161=NEXT_ASSEMBLY_USAGE_OCCURRENCE('NAUO58','Part 1','Part 1',#11946,
#11937,'');
#1162=NEXT_ASSEMBLY_USAGE_OCCURRENCE('NAUO59','Part 1','Part 1',#11946,
#11937,'');
#1163=NEXT_ASSEMBLY_USAGE_OCCURRENCE('NAUO60','Part 1','Part 1',#11946,
#11937,'');
#1164=NEXT_ASSEMBLY_USAGE_OCCURRENCE('NAUO61','Part 1','Part 1',#11946,
#11937,'');
#1165=NEXT_ASSEMBLY_USAGE_OCCURRENCE('NAUO62','Part 1','Part 1',#11946,
#11937,'');
#1166=NEXT_ASSEMBLY_USAGE_OCCURRENCE('NAUO63','Part 1','Part 1',#11946,
#11937,'');
#1167=NEXT_ASSEMBLY_USAGE_OCCURRENCE('NAUO64','Part 1','Part 1',#11946,
#11937,'');
#1168=NEXT_ASSEMBLY_USAGE_OCCURRENCE('NAUO65','Part 1','Part 1',#11946,
#11937,'');
#1169=NEXT_ASSEMBLY_USAGE_OCCURRENCE('NAUO66','Part 1','Part 1',#11946,
#11937,'');
#1170=NEXT_ASSEMBLY_USAGE_OCCURRENCE('NAUO67','Part 1','Part 1',#11946,
#11937,'');
#1171=NEXT_ASSEMBLY_USAGE_OCCURRENCE('NAUO68','Part 1','Part 1',#11946,
#11937,'');
#1172=NEXT_ASSEMBLY_USAGE_OCCURRENCE('NAUO69','Part 1','Part 1',#11946,
#11937,'');
#1173=NEXT_ASSEMBLY_USAGE_OCCURRENCE('NAUO70','Part 1','Part 1',#11946,
#11937,'');
#1174=NEXT_ASSEMBLY_USAGE_OCCURRENCE('NAUO71','Part 1','Part 1',#11946,
#11937,'');
#1175=NEXT_ASSEMBLY_USAGE_OCCURRENCE('NAUO72','Part 1','Part 1',#11946,
#11937,'');
#1176=NEXT_ASSEMBLY_USAGE_OCCURRENCE('NAUO73','Part 1','Part 1',#11946,
#11937,'');
#1177=NEXT_ASSEMBLY_USAGE_OCCURRENCE('NAUO74','Part 3','Part 3',#11947,
#11944,'');
#1178=NEXT_ASSEMBLY_USAGE_OCCURRENCE('NAUO75','Part 7','Part 7',#11947,
#11942,'');
#1179=NEXT_ASSEMBLY_USAGE_OCCURRENCE('NAUO76','Part 6','Part 6',#11947,
#11941,'');
#1180=NEXT_ASSEMBLY_USAGE_OCCURRENCE('NAUO77','Part 2','Part 2',#11947,
#11939,'');
#1181=NEXT_ASSEMBLY_USAGE_OCCURRENCE('NAUO78','Part 1','Part 1',#11947,
#11945,'');
#1182=NEXT_ASSEMBLY_USAGE_OCCURRENCE('NAUO79','Part 4','Part 4',#11947,
#11940,'');
#1183=NEXT_ASSEMBLY_USAGE_OCCURRENCE('NAUO80','Part 5','Part 5',#11947,
#11943,'');
#1184=NEXT_ASSEMBLY_USAGE_OCCURRENCE('NAUO81','SiPM <1>','SiPM <1>',#11946,
#11947,'');
#1185=NEXT_ASSEMBLY_USAGE_OCCURRENCE('NAUO82','Part 1','Part 1',#11946,
#11937,'');
#1186=NEXT_ASSEMBLY_USAGE_OCCURRENCE('NAUO83','Part 1','Part 1',#11946,
#11937,'');
#1187=NEXT_ASSEMBLY_USAGE_OCCURRENCE('NAUO84','Part 1','Part 1',#11946,
#11937,'');
#1188=NEXT_ASSEMBLY_USAGE_OCCURRENCE('NAUO85','Part 1','Part 1',#11946,
#11937,'');
#1189=NEXT_ASSEMBLY_USAGE_OCCURRENCE('NAUO86','Part 1','Part 1',#11946,
#11937,'');
#1190=NEXT_ASSEMBLY_USAGE_OCCURRENCE('NAUO87','Part 1','Part 1',#11946,
#11937,'');
#1191=NEXT_ASSEMBLY_USAGE_OCCURRENCE('NAUO88','Part 1','Part 1',#11946,
#11937,'');
#1192=NEXT_ASSEMBLY_USAGE_OCCURRENCE('NAUO89','Part 1','Part 1',#11946,
#11937,'');
#1193=NEXT_ASSEMBLY_USAGE_OCCURRENCE('NAUO90','Part 1','Part 1',#11946,
#11937,'');
#1194=NEXT_ASSEMBLY_USAGE_OCCURRENCE('NAUO91','Part 1','Part 1',#11946,
#11937,'');
#1195=NEXT_ASSEMBLY_USAGE_OCCURRENCE('NAUO92','Block <3>','Block <3>',#11934,
#11946,'');
#1196=NEXT_ASSEMBLY_USAGE_OCCURRENCE('NAUO93','Part 1','Part 1',#11948,
#11937,'');
#1197=NEXT_ASSEMBLY_USAGE_OCCURRENCE('NAUO94','Part 1','Part 1',#11948,
#11937,'');
#1198=NEXT_ASSEMBLY_USAGE_OCCURRENCE('NAUO95','Part 1','Part 1',#11948,
#11937,'');
#1199=NEXT_ASSEMBLY_USAGE_OCCURRENCE('NAUO96','Part 1','Part 1',#11948,
#11937,'');
#1200=NEXT_ASSEMBLY_USAGE_OCCURRENCE('NAUO97','Part 1','Part 1',#11948,
#11937,'');
#1201=NEXT_ASSEMBLY_USAGE_OCCURRENCE('NAUO98','Part 1','Part 1',#11948,
#11937,'');
#1202=NEXT_ASSEMBLY_USAGE_OCCURRENCE('NAUO99','Part 1','Part 1',#11948,
#11937,'');
#1203=NEXT_ASSEMBLY_USAGE_OCCURRENCE('NAUO100','Part 1','Part 1',#11948,
#11937,'');
#1204=NEXT_ASSEMBLY_USAGE_OCCURRENCE('NAUO101','Part 1','Part 1',#11948,
#11937,'');
#1205=NEXT_ASSEMBLY_USAGE_OCCURRENCE('NAUO102','Part 1','Part 1',#11948,
#11937,'');
#1206=NEXT_ASSEMBLY_USAGE_OCCURRENCE('NAUO103','Part 1','Part 1',#11948,
#11937,'');
#1207=NEXT_ASSEMBLY_USAGE_OCCURRENCE('NAUO104','Part 1','Part 1',#11948,
#11937,'');
#1208=NEXT_ASSEMBLY_USAGE_OCCURRENCE('NAUO105','Part 1','Part 1',#11948,
#11937,'');
#1209=NEXT_ASSEMBLY_USAGE_OCCURRENCE('NAUO106','Part 1','Part 1',#11948,
#11937,'');
#1210=NEXT_ASSEMBLY_USAGE_OCCURRENCE('NAUO107','Part 1','Part 1',#11948,
#11937,'');
#1211=NEXT_ASSEMBLY_USAGE_OCCURRENCE('NAUO108','Part 1','Part 1',#11948,
#11937,'');
#1212=NEXT_ASSEMBLY_USAGE_OCCURRENCE('NAUO109','Part 1','Part 1',#11948,
#11937,'');
#1213=NEXT_ASSEMBLY_USAGE_OCCURRENCE('NAUO110','Part 1','Part 1',#11948,
#11937,'');
#1214=NEXT_ASSEMBLY_USAGE_OCCURRENCE('NAUO111','Part 1','Part 1',#11948,
#11937,'');
#1215=NEXT_ASSEMBLY_USAGE_OCCURRENCE('NAUO112','Part 1','Part 1',#11948,
#11937,'');
#1216=NEXT_ASSEMBLY_USAGE_OCCURRENCE('NAUO113','Part 1','Part 1',#11948,
#11937,'');
#1217=NEXT_ASSEMBLY_USAGE_OCCURRENCE('NAUO114','Part 1','Part 1',#11948,
#11937,'');
#1218=NEXT_ASSEMBLY_USAGE_OCCURRENCE('NAUO115','Part 1','Part 1',#11948,
#11937,'');
#1219=NEXT_ASSEMBLY_USAGE_OCCURRENCE('NAUO116','Part 1','Part 1',#11948,
#11937,'');
#1220=NEXT_ASSEMBLY_USAGE_OCCURRENCE('NAUO117','Part 1','Part 1',#11948,
#11937,'');
#1221=NEXT_ASSEMBLY_USAGE_OCCURRENCE('NAUO118','Part 1','Part 1',#11948,
#11937,'');
#1222=NEXT_ASSEMBLY_USAGE_OCCURRENCE('NAUO119','Part 1','Part 1',#11948,
#11937,'');
#1223=NEXT_ASSEMBLY_USAGE_OCCURRENCE('NAUO120','Part 1','Part 1',#11948,
#11937,'');
#1224=NEXT_ASSEMBLY_USAGE_OCCURRENCE('NAUO121','Part 1','Part 1',#11948,
#11937,'');
#1225=NEXT_ASSEMBLY_USAGE_OCCURRENCE('NAUO122','Part 1','Part 1',#11948,
#11937,'');
#1226=NEXT_ASSEMBLY_USAGE_OCCURRENCE('NAUO123','Part 1','Part 1',#11948,
#11937,'');
#1227=NEXT_ASSEMBLY_USAGE_OCCURRENCE('NAUO124','Part 1','Part 1',#11948,
#11937,'');
#1228=NEXT_ASSEMBLY_USAGE_OCCURRENCE('NAUO125','Part 1','Part 1',#11948,
#11937,'');
#1229=NEXT_ASSEMBLY_USAGE_OCCURRENCE('NAUO126','Part 4','Part 4',#11949,
#11940,'');
#1230=NEXT_ASSEMBLY_USAGE_OCCURRENCE('NAUO127','Part 1','Part 1',#11949,
#11945,'');
#1231=NEXT_ASSEMBLY_USAGE_OCCURRENCE('NAUO128','Part 2','Part 2',#11949,
#11939,'');
#1232=NEXT_ASSEMBLY_USAGE_OCCURRENCE('NAUO129','Part 5','Part 5',#11949,
#11943,'');
#1233=NEXT_ASSEMBLY_USAGE_OCCURRENCE('NAUO130','Part 3','Part 3',#11949,
#11944,'');
#1234=NEXT_ASSEMBLY_USAGE_OCCURRENCE('NAUO131','Part 7','Part 7',#11949,
#11942,'');
#1235=NEXT_ASSEMBLY_USAGE_OCCURRENCE('NAUO132','Part 6','Part 6',#11949,
#11941,'');
#1236=NEXT_ASSEMBLY_USAGE_OCCURRENCE('NAUO133','SiPM <1>','SiPM <1>',#11948,
#11949,'');
#1237=NEXT_ASSEMBLY_USAGE_OCCURRENCE('NAUO134','Part 1','Part 1',#11948,
#11937,'');
#1238=NEXT_ASSEMBLY_USAGE_OCCURRENCE('NAUO135','Part 1','Part 1',#11948,
#11937,'');
#1239=NEXT_ASSEMBLY_USAGE_OCCURRENCE('NAUO136','Part 1','Part 1',#11948,
#11937,'');
#1240=NEXT_ASSEMBLY_USAGE_OCCURRENCE('NAUO137','Block <2>','Block <2>',
#11934,#11948,'');
#1241=NEXT_ASSEMBLY_USAGE_OCCURRENCE('NAUO138','Part 1','Part 1',#11950,
#11937,'');
#1242=NEXT_ASSEMBLY_USAGE_OCCURRENCE('NAUO139','Part 1','Part 1',#11950,
#11937,'');
#1243=NEXT_ASSEMBLY_USAGE_OCCURRENCE('NAUO140','Part 1','Part 1',#11950,
#11937,'');
#1244=NEXT_ASSEMBLY_USAGE_OCCURRENCE('NAUO141','Part 1','Part 1',#11950,
#11937,'');
#1245=NEXT_ASSEMBLY_USAGE_OCCURRENCE('NAUO142','Part 1','Part 1',#11950,
#11937,'');
#1246=NEXT_ASSEMBLY_USAGE_OCCURRENCE('NAUO143','Part 1','Part 1',#11950,
#11937,'');
#1247=NEXT_ASSEMBLY_USAGE_OCCURRENCE('NAUO144','Part 1','Part 1',#11950,
#11937,'');
#1248=NEXT_ASSEMBLY_USAGE_OCCURRENCE('NAUO145','Part 1','Part 1',#11950,
#11937,'');
#1249=NEXT_ASSEMBLY_USAGE_OCCURRENCE('NAUO146','Part 1','Part 1',#11950,
#11937,'');
#1250=NEXT_ASSEMBLY_USAGE_OCCURRENCE('NAUO147','Part 1','Part 1',#11950,
#11937,'');
#1251=NEXT_ASSEMBLY_USAGE_OCCURRENCE('NAUO148','Part 1','Part 1',#11950,
#11937,'');
#1252=NEXT_ASSEMBLY_USAGE_OCCURRENCE('NAUO149','Part 1','Part 1',#11950,
#11937,'');
#1253=NEXT_ASSEMBLY_USAGE_OCCURRENCE('NAUO150','Part 1','Part 1',#11950,
#11937,'');
#1254=NEXT_ASSEMBLY_USAGE_OCCURRENCE('NAUO151','Part 1','Part 1',#11950,
#11937,'');
#1255=NEXT_ASSEMBLY_USAGE_OCCURRENCE('NAUO152','Part 1','Part 1',#11950,
#11937,'');
#1256=NEXT_ASSEMBLY_USAGE_OCCURRENCE('NAUO153','Part 1','Part 1',#11950,
#11937,'');
#1257=NEXT_ASSEMBLY_USAGE_OCCURRENCE('NAUO154','Part 1','Part 1',#11950,
#11937,'');
#1258=NEXT_ASSEMBLY_USAGE_OCCURRENCE('NAUO155','Part 1','Part 1',#11950,
#11937,'');
#1259=NEXT_ASSEMBLY_USAGE_OCCURRENCE('NAUO156','Part 1','Part 1',#11950,
#11937,'');
#1260=NEXT_ASSEMBLY_USAGE_OCCURRENCE('NAUO157','Part 1','Part 1',#11950,
#11937,'');
#1261=NEXT_ASSEMBLY_USAGE_OCCURRENCE('NAUO158','Part 1','Part 1',#11950,
#11937,'');
#1262=NEXT_ASSEMBLY_USAGE_OCCURRENCE('NAUO159','Part 1','Part 1',#11950,
#11937,'');
#1263=NEXT_ASSEMBLY_USAGE_OCCURRENCE('NAUO160','Part 1','Part 1',#11950,
#11937,'');
#1264=NEXT_ASSEMBLY_USAGE_OCCURRENCE('NAUO161','Part 1','Part 1',#11950,
#11937,'');
#1265=NEXT_ASSEMBLY_USAGE_OCCURRENCE('NAUO162','Part 1','Part 1',#11950,
#11937,'');
#1266=NEXT_ASSEMBLY_USAGE_OCCURRENCE('NAUO163','Part 1','Part 1',#11950,
#11937,'');
#1267=NEXT_ASSEMBLY_USAGE_OCCURRENCE('NAUO164','Part 1','Part 1',#11950,
#11937,'');
#1268=NEXT_ASSEMBLY_USAGE_OCCURRENCE('NAUO165','Part 1','Part 1',#11950,
#11937,'');
#1269=NEXT_ASSEMBLY_USAGE_OCCURRENCE('NAUO166','Part 1','Part 1',#11950,
#11937,'');
#1270=NEXT_ASSEMBLY_USAGE_OCCURRENCE('NAUO167','Part 1','Part 1',#11950,
#11937,'');
#1271=NEXT_ASSEMBLY_USAGE_OCCURRENCE('NAUO168','Part 2','Part 2',#11951,
#11939,'');
#1272=NEXT_ASSEMBLY_USAGE_OCCURRENCE('NAUO169','Part 4','Part 4',#11951,
#11940,'');
#1273=NEXT_ASSEMBLY_USAGE_OCCURRENCE('NAUO170','Part 6','Part 6',#11951,
#11941,'');
#1274=NEXT_ASSEMBLY_USAGE_OCCURRENCE('NAUO171','Part 7','Part 7',#11951,
#11942,'');
#1275=NEXT_ASSEMBLY_USAGE_OCCURRENCE('NAUO172','Part 3','Part 3',#11951,
#11944,'');
#1276=NEXT_ASSEMBLY_USAGE_OCCURRENCE('NAUO173','Part 1','Part 1',#11951,
#11945,'');
#1277=NEXT_ASSEMBLY_USAGE_OCCURRENCE('NAUO174','Part 5','Part 5',#11951,
#11943,'');
#1278=NEXT_ASSEMBLY_USAGE_OCCURRENCE('NAUO175','SiPM <1>','SiPM <1>',#11950,
#11951,'');
#1279=NEXT_ASSEMBLY_USAGE_OCCURRENCE('NAUO176','Part 1','Part 1',#11950,
#11937,'');
#1280=NEXT_ASSEMBLY_USAGE_OCCURRENCE('NAUO177','Part 1','Part 1',#11950,
#11937,'');
#1281=NEXT_ASSEMBLY_USAGE_OCCURRENCE('NAUO178','Part 1','Part 1',#11950,
#11937,'');
#1282=NEXT_ASSEMBLY_USAGE_OCCURRENCE('NAUO179','Part 1','Part 1',#11950,
#11937,'');
#1283=NEXT_ASSEMBLY_USAGE_OCCURRENCE('NAUO180','Part 1','Part 1',#11950,
#11937,'');
#1284=NEXT_ASSEMBLY_USAGE_OCCURRENCE('NAUO181','Part 1','Part 1',#11950,
#11937,'');
#1285=NEXT_ASSEMBLY_USAGE_OCCURRENCE('NAUO182','Block <1>','Block <1>',
#11934,#11950,'');
#1286=NEXT_ASSEMBLY_USAGE_OCCURRENCE('NAUO183','Unit <6>','Unit <6>',#11932,
#11934,'');
#1287=NEXT_ASSEMBLY_USAGE_OCCURRENCE('NAUO184','Part 1','Part 1',#11952,
#11935,'');
#1288=NEXT_ASSEMBLY_USAGE_OCCURRENCE('NAUO185','Part 1','Part 1',#11953,
#11937,'');
#1289=NEXT_ASSEMBLY_USAGE_OCCURRENCE('NAUO186','Part 1','Part 1',#11953,
#11937,'');
#1290=NEXT_ASSEMBLY_USAGE_OCCURRENCE('NAUO187','Part 1','Part 1',#11953,
#11937,'');
#1291=NEXT_ASSEMBLY_USAGE_OCCURRENCE('NAUO188','Part 1','Part 1',#11953,
#11937,'');
#1292=NEXT_ASSEMBLY_USAGE_OCCURRENCE('NAUO189','Part 1','Part 1',#11953,
#11937,'');
#1293=NEXT_ASSEMBLY_USAGE_OCCURRENCE('NAUO190','Part 1','Part 1',#11953,
#11937,'');
#1294=NEXT_ASSEMBLY_USAGE_OCCURRENCE('NAUO191','Part 1','Part 1',#11953,
#11937,'');
#1295=NEXT_ASSEMBLY_USAGE_OCCURRENCE('NAUO192','Part 1','Part 1',#11953,
#11937,'');
#1296=NEXT_ASSEMBLY_USAGE_OCCURRENCE('NAUO193','Part 1','Part 1',#11953,
#11937,'');
#1297=NEXT_ASSEMBLY_USAGE_OCCURRENCE('NAUO194','Part 1','Part 1',#11953,
#11937,'');
#1298=NEXT_ASSEMBLY_USAGE_OCCURRENCE('NAUO195','Part 1','Part 1',#11953,
#11937,'');
#1299=NEXT_ASSEMBLY_USAGE_OCCURRENCE('NAUO196','Part 1','Part 1',#11953,
#11937,'');
#1300=NEXT_ASSEMBLY_USAGE_OCCURRENCE('NAUO197','Part 1','Part 1',#11953,
#11937,'');
#1301=NEXT_ASSEMBLY_USAGE_OCCURRENCE('NAUO198','Part 1','Part 1',#11953,
#11937,'');
#1302=NEXT_ASSEMBLY_USAGE_OCCURRENCE('NAUO199','Part 1','Part 1',#11953,
#11937,'');
#1303=NEXT_ASSEMBLY_USAGE_OCCURRENCE('NAUO200','Part 1','Part 1',#11953,
#11937,'');
#1304=NEXT_ASSEMBLY_USAGE_OCCURRENCE('NAUO201','Part 1','Part 1',#11953,
#11937,'');
#1305=NEXT_ASSEMBLY_USAGE_OCCURRENCE('NAUO202','Part 1','Part 1',#11953,
#11937,'');
#1306=NEXT_ASSEMBLY_USAGE_OCCURRENCE('NAUO203','Part 1','Part 1',#11953,
#11937,'');
#1307=NEXT_ASSEMBLY_USAGE_OCCURRENCE('NAUO204','Part 1','Part 1',#11953,
#11937,'');
#1308=NEXT_ASSEMBLY_USAGE_OCCURRENCE('NAUO205','Part 1','Part 1',#11953,
#11937,'');
#1309=NEXT_ASSEMBLY_USAGE_OCCURRENCE('NAUO206','Part 1','Part 1',#11953,
#11937,'');
#1310=NEXT_ASSEMBLY_USAGE_OCCURRENCE('NAUO207','Part 1','Part 1',#11953,
#11937,'');
#1311=NEXT_ASSEMBLY_USAGE_OCCURRENCE('NAUO208','Part 1','Part 1',#11953,
#11937,'');
#1312=NEXT_ASSEMBLY_USAGE_OCCURRENCE('NAUO209','Part 1','Part 1',#11953,
#11937,'');
#1313=NEXT_ASSEMBLY_USAGE_OCCURRENCE('NAUO210','Part 1','Part 1',#11953,
#11937,'');
#1314=NEXT_ASSEMBLY_USAGE_OCCURRENCE('NAUO211','Part 1','Part 1',#11953,
#11937,'');
#1315=NEXT_ASSEMBLY_USAGE_OCCURRENCE('NAUO212','Part 1','Part 1',#11953,
#11937,'');
#1316=NEXT_ASSEMBLY_USAGE_OCCURRENCE('NAUO213','Part 1','Part 1',#11953,
#11937,'');
#1317=NEXT_ASSEMBLY_USAGE_OCCURRENCE('NAUO214','Part 1','Part 1',#11953,
#11937,'');
#1318=NEXT_ASSEMBLY_USAGE_OCCURRENCE('NAUO215','Part 1','Part 1',#11953,
#11937,'');
#1319=NEXT_ASSEMBLY_USAGE_OCCURRENCE('NAUO216','Part 1','Part 1',#11953,
#11937,'');
#1320=NEXT_ASSEMBLY_USAGE_OCCURRENCE('NAUO217','Part 1','Part 1',#11953,
#11937,'');
#1321=NEXT_ASSEMBLY_USAGE_OCCURRENCE('NAUO218','Part 1','Part 1',#11953,
#11937,'');
#1322=NEXT_ASSEMBLY_USAGE_OCCURRENCE('NAUO219','Part 1','Part 1',#11953,
#11937,'');
#1323=NEXT_ASSEMBLY_USAGE_OCCURRENCE('NAUO220','Part 2','Part 2',#11954,
#11939,'');
#1324=NEXT_ASSEMBLY_USAGE_OCCURRENCE('NAUO221','Part 5','Part 5',#11954,
#11943,'');
#1325=NEXT_ASSEMBLY_USAGE_OCCURRENCE('NAUO222','Part 4','Part 4',#11954,
#11940,'');
#1326=NEXT_ASSEMBLY_USAGE_OCCURRENCE('NAUO223','Part 7','Part 7',#11954,
#11942,'');
#1327=NEXT_ASSEMBLY_USAGE_OCCURRENCE('NAUO224','Part 6','Part 6',#11954,
#11941,'');
#1328=NEXT_ASSEMBLY_USAGE_OCCURRENCE('NAUO225','Part 3','Part 3',#11954,
#11944,'');
#1329=NEXT_ASSEMBLY_USAGE_OCCURRENCE('NAUO226','Part 1','Part 1',#11954,
#11945,'');
#1330=NEXT_ASSEMBLY_USAGE_OCCURRENCE('NAUO227','SiPM <1>','SiPM <1>',#11953,
#11954,'');
#1331=NEXT_ASSEMBLY_USAGE_OCCURRENCE('NAUO228','Part 1','Part 1',#11953,
#11937,'');
#1332=NEXT_ASSEMBLY_USAGE_OCCURRENCE('NAUO229','Block <3>','Block <3>',
#11952,#11953,'');
#1333=NEXT_ASSEMBLY_USAGE_OCCURRENCE('NAUO230','Part 1','Part 1',#11955,
#11937,'');
#1334=NEXT_ASSEMBLY_USAGE_OCCURRENCE('NAUO231','Part 1','Part 1',#11955,
#11937,'');
#1335=NEXT_ASSEMBLY_USAGE_OCCURRENCE('NAUO232','Part 1','Part 1',#11955,
#11937,'');
#1336=NEXT_ASSEMBLY_USAGE_OCCURRENCE('NAUO233','Part 1','Part 1',#11955,
#11937,'');
#1337=NEXT_ASSEMBLY_USAGE_OCCURRENCE('NAUO234','Part 1','Part 1',#11955,
#11937,'');
#1338=NEXT_ASSEMBLY_USAGE_OCCURRENCE('NAUO235','Part 1','Part 1',#11955,
#11937,'');
#1339=NEXT_ASSEMBLY_USAGE_OCCURRENCE('NAUO236','Part 1','Part 1',#11955,
#11937,'');
#1340=NEXT_ASSEMBLY_USAGE_OCCURRENCE('NAUO237','Part 1','Part 1',#11955,
#11937,'');
#1341=NEXT_ASSEMBLY_USAGE_OCCURRENCE('NAUO238','Part 1','Part 1',#11955,
#11937,'');
#1342=NEXT_ASSEMBLY_USAGE_OCCURRENCE('NAUO239','Part 1','Part 1',#11955,
#11937,'');
#1343=NEXT_ASSEMBLY_USAGE_OCCURRENCE('NAUO240','Part 1','Part 1',#11955,
#11937,'');
#1344=NEXT_ASSEMBLY_USAGE_OCCURRENCE('NAUO241','Part 1','Part 1',#11955,
#11937,'');
#1345=NEXT_ASSEMBLY_USAGE_OCCURRENCE('NAUO242','Part 1','Part 1',#11955,
#11937,'');
#1346=NEXT_ASSEMBLY_USAGE_OCCURRENCE('NAUO243','Part 1','Part 1',#11955,
#11937,'');
#1347=NEXT_ASSEMBLY_USAGE_OCCURRENCE('NAUO244','Part 1','Part 1',#11955,
#11937,'');
#1348=NEXT_ASSEMBLY_USAGE_OCCURRENCE('NAUO245','Part 1','Part 1',#11955,
#11937,'');
#1349=NEXT_ASSEMBLY_USAGE_OCCURRENCE('NAUO246','Part 1','Part 1',#11955,
#11937,'');
#1350=NEXT_ASSEMBLY_USAGE_OCCURRENCE('NAUO247','Part 1','Part 1',#11955,
#11937,'');
#1351=NEXT_ASSEMBLY_USAGE_OCCURRENCE('NAUO248','Part 1','Part 1',#11955,
#11937,'');
#1352=NEXT_ASSEMBLY_USAGE_OCCURRENCE('NAUO249','Part 1','Part 1',#11955,
#11937,'');
#1353=NEXT_ASSEMBLY_USAGE_OCCURRENCE('NAUO250','Part 1','Part 1',#11955,
#11937,'');
#1354=NEXT_ASSEMBLY_USAGE_OCCURRENCE('NAUO251','Part 1','Part 1',#11955,
#11937,'');
#1355=NEXT_ASSEMBLY_USAGE_OCCURRENCE('NAUO252','Part 1','Part 1',#11955,
#11937,'');
#1356=NEXT_ASSEMBLY_USAGE_OCCURRENCE('NAUO253','Part 1','Part 1',#11955,
#11937,'');
#1357=NEXT_ASSEMBLY_USAGE_OCCURRENCE('NAUO254','Part 1','Part 1',#11955,
#11937,'');
#1358=NEXT_ASSEMBLY_USAGE_OCCURRENCE('NAUO255','Part 1','Part 1',#11955,
#11937,'');
#1359=NEXT_ASSEMBLY_USAGE_OCCURRENCE('NAUO256','Part 1','Part 1',#11955,
#11937,'');
#1360=NEXT_ASSEMBLY_USAGE_OCCURRENCE('NAUO257','Part 1','Part 1',#11955,
#11937,'');
#1361=NEXT_ASSEMBLY_USAGE_OCCURRENCE('NAUO258','Part 1','Part 1',#11955,
#11937,'');
#1362=NEXT_ASSEMBLY_USAGE_OCCURRENCE('NAUO259','Part 1','Part 1',#11955,
#11937,'');
#1363=NEXT_ASSEMBLY_USAGE_OCCURRENCE('NAUO260','Part 1','Part 1',#11955,
#11937,'');
#1364=NEXT_ASSEMBLY_USAGE_OCCURRENCE('NAUO261','Part 1','Part 1',#11955,
#11937,'');
#1365=NEXT_ASSEMBLY_USAGE_OCCURRENCE('NAUO262','Part 1','Part 1',#11955,
#11937,'');
#1366=NEXT_ASSEMBLY_USAGE_OCCURRENCE('NAUO263','Part 3','Part 3',#11956,
#11944,'');
#1367=NEXT_ASSEMBLY_USAGE_OCCURRENCE('NAUO264','Part 5','Part 5',#11956,
#11943,'');
#1368=NEXT_ASSEMBLY_USAGE_OCCURRENCE('NAUO265','Part 1','Part 1',#11956,
#11945,'');
#1369=NEXT_ASSEMBLY_USAGE_OCCURRENCE('NAUO266','Part 2','Part 2',#11956,
#11939,'');
#1370=NEXT_ASSEMBLY_USAGE_OCCURRENCE('NAUO267','Part 4','Part 4',#11956,
#11940,'');
#1371=NEXT_ASSEMBLY_USAGE_OCCURRENCE('NAUO268','Part 7','Part 7',#11956,
#11942,'');
#1372=NEXT_ASSEMBLY_USAGE_OCCURRENCE('NAUO269','Part 6','Part 6',#11956,
#11941,'');
#1373=NEXT_ASSEMBLY_USAGE_OCCURRENCE('NAUO270','SiPM <1>','SiPM <1>',#11955,
#11956,'');
#1374=NEXT_ASSEMBLY_USAGE_OCCURRENCE('NAUO271','Part 1','Part 1',#11955,
#11937,'');
#1375=NEXT_ASSEMBLY_USAGE_OCCURRENCE('NAUO272','Part 1','Part 1',#11955,
#11937,'');
#1376=NEXT_ASSEMBLY_USAGE_OCCURRENCE('NAUO273','Part 1','Part 1',#11955,
#11937,'');
#1377=NEXT_ASSEMBLY_USAGE_OCCURRENCE('NAUO274','Block <2>','Block <2>',
#11952,#11955,'');
#1378=NEXT_ASSEMBLY_USAGE_OCCURRENCE('NAUO275','Part 1','Part 1',#11957,
#11937,'');
#1379=NEXT_ASSEMBLY_USAGE_OCCURRENCE('NAUO276','Part 1','Part 1',#11957,
#11937,'');
#1380=NEXT_ASSEMBLY_USAGE_OCCURRENCE('NAUO277','Part 1','Part 1',#11957,
#11937,'');
#1381=NEXT_ASSEMBLY_USAGE_OCCURRENCE('NAUO278','Part 1','Part 1',#11957,
#11937,'');
#1382=NEXT_ASSEMBLY_USAGE_OCCURRENCE('NAUO279','Part 1','Part 1',#11957,
#11937,'');
#1383=NEXT_ASSEMBLY_USAGE_OCCURRENCE('NAUO280','Part 1','Part 1',#11957,
#11937,'');
#1384=NEXT_ASSEMBLY_USAGE_OCCURRENCE('NAUO281','Part 1','Part 1',#11957,
#11937,'');
#1385=NEXT_ASSEMBLY_USAGE_OCCURRENCE('NAUO282','Part 1','Part 1',#11957,
#11937,'');
#1386=NEXT_ASSEMBLY_USAGE_OCCURRENCE('NAUO283','Part 1','Part 1',#11957,
#11937,'');
#1387=NEXT_ASSEMBLY_USAGE_OCCURRENCE('NAUO284','Part 1','Part 1',#11957,
#11937,'');
#1388=NEXT_ASSEMBLY_USAGE_OCCURRENCE('NAUO285','Part 1','Part 1',#11957,
#11937,'');
#1389=NEXT_ASSEMBLY_USAGE_OCCURRENCE('NAUO286','Part 1','Part 1',#11957,
#11937,'');
#1390=NEXT_ASSEMBLY_USAGE_OCCURRENCE('NAUO287','Part 1','Part 1',#11957,
#11937,'');
#1391=NEXT_ASSEMBLY_USAGE_OCCURRENCE('NAUO288','Part 1','Part 1',#11957,
#11937,'');
#1392=NEXT_ASSEMBLY_USAGE_OCCURRENCE('NAUO289','Part 1','Part 1',#11957,
#11937,'');
#1393=NEXT_ASSEMBLY_USAGE_OCCURRENCE('NAUO290','Part 1','Part 1',#11957,
#11937,'');
#1394=NEXT_ASSEMBLY_USAGE_OCCURRENCE('NAUO291','Part 1','Part 1',#11957,
#11937,'');
#1395=NEXT_ASSEMBLY_USAGE_OCCURRENCE('NAUO292','Part 1','Part 1',#11957,
#11937,'');
#1396=NEXT_ASSEMBLY_USAGE_OCCURRENCE('NAUO293','Part 1','Part 1',#11957,
#11937,'');
#1397=NEXT_ASSEMBLY_USAGE_OCCURRENCE('NAUO294','Part 1','Part 1',#11957,
#11937,'');
#1398=NEXT_ASSEMBLY_USAGE_OCCURRENCE('NAUO295','Part 1','Part 1',#11957,
#11937,'');
#1399=NEXT_ASSEMBLY_USAGE_OCCURRENCE('NAUO296','Part 1','Part 1',#11957,
#11937,'');
#1400=NEXT_ASSEMBLY_USAGE_OCCURRENCE('NAUO297','Part 1','Part 1',#11957,
#11937,'');
#1401=NEXT_ASSEMBLY_USAGE_OCCURRENCE('NAUO298','Part 1','Part 1',#11957,
#11937,'');
#1402=NEXT_ASSEMBLY_USAGE_OCCURRENCE('NAUO299','Part 1','Part 1',#11957,
#11937,'');
#1403=NEXT_ASSEMBLY_USAGE_OCCURRENCE('NAUO300','Part 1','Part 1',#11957,
#11937,'');
#1404=NEXT_ASSEMBLY_USAGE_OCCURRENCE('NAUO301','Part 1','Part 1',#11957,
#11937,'');
#1405=NEXT_ASSEMBLY_USAGE_OCCURRENCE('NAUO302','Part 1','Part 1',#11957,
#11937,'');
#1406=NEXT_ASSEMBLY_USAGE_OCCURRENCE('NAUO303','Part 1','Part 1',#11957,
#11937,'');
#1407=NEXT_ASSEMBLY_USAGE_OCCURRENCE('NAUO304','Part 1','Part 1',#11957,
#11937,'');
#1408=NEXT_ASSEMBLY_USAGE_OCCURRENCE('NAUO305','Part 1','Part 1',#11957,
#11937,'');
#1409=NEXT_ASSEMBLY_USAGE_OCCURRENCE('NAUO306','Part 1','Part 1',#11957,
#11937,'');
#1410=NEXT_ASSEMBLY_USAGE_OCCURRENCE('NAUO307','Part 1','Part 1',#11957,
#11937,'');
#1411=NEXT_ASSEMBLY_USAGE_OCCURRENCE('NAUO308','Part 7','Part 7',#11958,
#11942,'');
#1412=NEXT_ASSEMBLY_USAGE_OCCURRENCE('NAUO309','Part 6','Part 6',#11958,
#11941,'');
#1413=NEXT_ASSEMBLY_USAGE_OCCURRENCE('NAUO310','Part 4','Part 4',#11958,
#11940,'');
#1414=NEXT_ASSEMBLY_USAGE_OCCURRENCE('NAUO311','Part 2','Part 2',#11958,
#11939,'');
#1415=NEXT_ASSEMBLY_USAGE_OCCURRENCE('NAUO312','Part 3','Part 3',#11958,
#11944,'');
#1416=NEXT_ASSEMBLY_USAGE_OCCURRENCE('NAUO313','Part 1','Part 1',#11958,
#11945,'');
#1417=NEXT_ASSEMBLY_USAGE_OCCURRENCE('NAUO314','Part 5','Part 5',#11958,
#11943,'');
#1418=NEXT_ASSEMBLY_USAGE_OCCURRENCE('NAUO315','SiPM <1>','SiPM <1>',#11957,
#11958,'');
#1419=NEXT_ASSEMBLY_USAGE_OCCURRENCE('NAUO316','Part 1','Part 1',#11957,
#11937,'');
#1420=NEXT_ASSEMBLY_USAGE_OCCURRENCE('NAUO317','Part 1','Part 1',#11957,
#11937,'');
#1421=NEXT_ASSEMBLY_USAGE_OCCURRENCE('NAUO318','Part 1','Part 1',#11957,
#11937,'');
#1422=NEXT_ASSEMBLY_USAGE_OCCURRENCE('NAUO319','Block <4>','Block <4>',
#11952,#11957,'');
#1423=NEXT_ASSEMBLY_USAGE_OCCURRENCE('NAUO320','Part 1','Part 1',#11959,
#11937,'');
#1424=NEXT_ASSEMBLY_USAGE_OCCURRENCE('NAUO321','Part 1','Part 1',#11959,
#11937,'');
#1425=NEXT_ASSEMBLY_USAGE_OCCURRENCE('NAUO322','Part 1','Part 1',#11959,
#11937,'');
#1426=NEXT_ASSEMBLY_USAGE_OCCURRENCE('NAUO323','Part 1','Part 1',#11959,
#11937,'');
#1427=NEXT_ASSEMBLY_USAGE_OCCURRENCE('NAUO324','Part 1','Part 1',#11959,
#11937,'');
#1428=NEXT_ASSEMBLY_USAGE_OCCURRENCE('NAUO325','Part 1','Part 1',#11959,
#11937,'');
#1429=NEXT_ASSEMBLY_USAGE_OCCURRENCE('NAUO326','Part 1','Part 1',#11959,
#11937,'');
#1430=NEXT_ASSEMBLY_USAGE_OCCURRENCE('NAUO327','Part 1','Part 1',#11959,
#11937,'');
#1431=NEXT_ASSEMBLY_USAGE_OCCURRENCE('NAUO328','Part 1','Part 1',#11959,
#11937,'');
#1432=NEXT_ASSEMBLY_USAGE_OCCURRENCE('NAUO329','Part 1','Part 1',#11959,
#11937,'');
#1433=NEXT_ASSEMBLY_USAGE_OCCURRENCE('NAUO330','Part 1','Part 1',#11959,
#11937,'');
#1434=NEXT_ASSEMBLY_USAGE_OCCURRENCE('NAUO331','Part 1','Part 1',#11959,
#11937,'');
#1435=NEXT_ASSEMBLY_USAGE_OCCURRENCE('NAUO332','Part 1','Part 1',#11959,
#11937,'');
#1436=NEXT_ASSEMBLY_USAGE_OCCURRENCE('NAUO333','Part 1','Part 1',#11959,
#11937,'');
#1437=NEXT_ASSEMBLY_USAGE_OCCURRENCE('NAUO334','Part 1','Part 1',#11959,
#11937,'');
#1438=NEXT_ASSEMBLY_USAGE_OCCURRENCE('NAUO335','Part 1','Part 1',#11959,
#11937,'');
#1439=NEXT_ASSEMBLY_USAGE_OCCURRENCE('NAUO336','Part 1','Part 1',#11959,
#11937,'');
#1440=NEXT_ASSEMBLY_USAGE_OCCURRENCE('NAUO337','Part 1','Part 1',#11959,
#11937,'');
#1441=NEXT_ASSEMBLY_USAGE_OCCURRENCE('NAUO338','Part 1','Part 1',#11959,
#11937,'');
#1442=NEXT_ASSEMBLY_USAGE_OCCURRENCE('NAUO339','Part 1','Part 1',#11959,
#11937,'');
#1443=NEXT_ASSEMBLY_USAGE_OCCURRENCE('NAUO340','Part 1','Part 1',#11959,
#11937,'');
#1444=NEXT_ASSEMBLY_USAGE_OCCURRENCE('NAUO341','Part 1','Part 1',#11959,
#11937,'');
#1445=NEXT_ASSEMBLY_USAGE_OCCURRENCE('NAUO342','Part 1','Part 1',#11959,
#11937,'');
#1446=NEXT_ASSEMBLY_USAGE_OCCURRENCE('NAUO343','Part 1','Part 1',#11959,
#11937,'');
#1447=NEXT_ASSEMBLY_USAGE_OCCURRENCE('NAUO344','Part 1','Part 1',#11959,
#11937,'');
#1448=NEXT_ASSEMBLY_USAGE_OCCURRENCE('NAUO345','Part 1','Part 1',#11959,
#11937,'');
#1449=NEXT_ASSEMBLY_USAGE_OCCURRENCE('NAUO346','Part 1','Part 1',#11959,
#11937,'');
#1450=NEXT_ASSEMBLY_USAGE_OCCURRENCE('NAUO347','Part 1','Part 1',#11959,
#11937,'');
#1451=NEXT_ASSEMBLY_USAGE_OCCURRENCE('NAUO348','Part 1','Part 1',#11959,
#11937,'');
#1452=NEXT_ASSEMBLY_USAGE_OCCURRENCE('NAUO349','Part 1','Part 1',#11959,
#11937,'');
#1453=NEXT_ASSEMBLY_USAGE_OCCURRENCE('NAUO350','Part 1','Part 1',#11959,
#11937,'');
#1454=NEXT_ASSEMBLY_USAGE_OCCURRENCE('NAUO351','Part 1','Part 1',#11959,
#11937,'');
#1455=NEXT_ASSEMBLY_USAGE_OCCURRENCE('NAUO352','Part 1','Part 1',#11959,
#11937,'');
#1456=NEXT_ASSEMBLY_USAGE_OCCURRENCE('NAUO353','Part 1','Part 1',#11959,
#11937,'');
#1457=NEXT_ASSEMBLY_USAGE_OCCURRENCE('NAUO354','Part 1','Part 1',#11959,
#11937,'');
#1458=NEXT_ASSEMBLY_USAGE_OCCURRENCE('NAUO355','Part 1','Part 1',#11959,
#11937,'');
#1459=NEXT_ASSEMBLY_USAGE_OCCURRENCE('NAUO356','Part 4','Part 4',#11960,
#11940,'');
#1460=NEXT_ASSEMBLY_USAGE_OCCURRENCE('NAUO357','Part 7','Part 7',#11960,
#11942,'');
#1461=NEXT_ASSEMBLY_USAGE_OCCURRENCE('NAUO358','Part 5','Part 5',#11960,
#11943,'');
#1462=NEXT_ASSEMBLY_USAGE_OCCURRENCE('NAUO359','Part 1','Part 1',#11960,
#11945,'');
#1463=NEXT_ASSEMBLY_USAGE_OCCURRENCE('NAUO360','Part 6','Part 6',#11960,
#11941,'');
#1464=NEXT_ASSEMBLY_USAGE_OCCURRENCE('NAUO361','Part 2','Part 2',#11960,
#11939,'');
#1465=NEXT_ASSEMBLY_USAGE_OCCURRENCE('NAUO362','Part 3','Part 3',#11960,
#11944,'');
#1466=NEXT_ASSEMBLY_USAGE_OCCURRENCE('NAUO363','SiPM <1>','SiPM <1>',#11959,
#11960,'');
#1467=NEXT_ASSEMBLY_USAGE_OCCURRENCE('NAUO364','Block <1>','Block <1>',
#11952,#11959,'');
#1468=NEXT_ASSEMBLY_USAGE_OCCURRENCE('NAUO365','Unit <4>','Unit <4>',#11932,
#11952,'');
#1469=NEXT_ASSEMBLY_USAGE_OCCURRENCE('NAUO366','Part 1','Part 1',#11961,
#11935,'');
#1470=NEXT_ASSEMBLY_USAGE_OCCURRENCE('NAUO367','Part 1','Part 1',#11962,
#11937,'');
#1471=NEXT_ASSEMBLY_USAGE_OCCURRENCE('NAUO368','Part 1','Part 1',#11962,
#11937,'');
#1472=NEXT_ASSEMBLY_USAGE_OCCURRENCE('NAUO369','Part 1','Part 1',#11962,
#11937,'');
#1473=NEXT_ASSEMBLY_USAGE_OCCURRENCE('NAUO370','Part 1','Part 1',#11962,
#11937,'');
#1474=NEXT_ASSEMBLY_USAGE_OCCURRENCE('NAUO371','Part 1','Part 1',#11962,
#11937,'');
#1475=NEXT_ASSEMBLY_USAGE_OCCURRENCE('NAUO372','Part 1','Part 1',#11962,
#11937,'');
#1476=NEXT_ASSEMBLY_USAGE_OCCURRENCE('NAUO373','Part 1','Part 1',#11962,
#11937,'');
#1477=NEXT_ASSEMBLY_USAGE_OCCURRENCE('NAUO374','Part 1','Part 1',#11962,
#11937,'');
#1478=NEXT_ASSEMBLY_USAGE_OCCURRENCE('NAUO375','Part 1','Part 1',#11962,
#11937,'');
#1479=NEXT_ASSEMBLY_USAGE_OCCURRENCE('NAUO376','Part 1','Part 1',#11962,
#11937,'');
#1480=NEXT_ASSEMBLY_USAGE_OCCURRENCE('NAUO377','Part 1','Part 1',#11962,
#11937,'');
#1481=NEXT_ASSEMBLY_USAGE_OCCURRENCE('NAUO378','Part 1','Part 1',#11962,
#11937,'');
#1482=NEXT_ASSEMBLY_USAGE_OCCURRENCE('NAUO379','Part 1','Part 1',#11962,
#11937,'');
#1483=NEXT_ASSEMBLY_USAGE_OCCURRENCE('NAUO380','Part 1','Part 1',#11962,
#11937,'');
#1484=NEXT_ASSEMBLY_USAGE_OCCURRENCE('NAUO381','Part 1','Part 1',#11962,
#11937,'');
#1485=NEXT_ASSEMBLY_USAGE_OCCURRENCE('NAUO382','Part 1','Part 1',#11962,
#11937,'');
#1486=NEXT_ASSEMBLY_USAGE_OCCURRENCE('NAUO383','Part 1','Part 1',#11962,
#11937,'');
#1487=NEXT_ASSEMBLY_USAGE_OCCURRENCE('NAUO384','Part 1','Part 1',#11962,
#11937,'');
#1488=NEXT_ASSEMBLY_USAGE_OCCURRENCE('NAUO385','Part 1','Part 1',#11962,
#11937,'');
#1489=NEXT_ASSEMBLY_USAGE_OCCURRENCE('NAUO386','Part 1','Part 1',#11962,
#11937,'');
#1490=NEXT_ASSEMBLY_USAGE_OCCURRENCE('NAUO387','Part 1','Part 1',#11962,
#11937,'');
#1491=NEXT_ASSEMBLY_USAGE_OCCURRENCE('NAUO388','Part 1','Part 1',#11962,
#11937,'');
#1492=NEXT_ASSEMBLY_USAGE_OCCURRENCE('NAUO389','Part 1','Part 1',#11962,
#11937,'');
#1493=NEXT_ASSEMBLY_USAGE_OCCURRENCE('NAUO390','Part 1','Part 1',#11962,
#11937,'');
#1494=NEXT_ASSEMBLY_USAGE_OCCURRENCE('NAUO391','Part 1','Part 1',#11962,
#11937,'');
#1495=NEXT_ASSEMBLY_USAGE_OCCURRENCE('NAUO392','Part 1','Part 1',#11962,
#11937,'');
#1496=NEXT_ASSEMBLY_USAGE_OCCURRENCE('NAUO393','Part 1','Part 1',#11962,
#11937,'');
#1497=NEXT_ASSEMBLY_USAGE_OCCURRENCE('NAUO394','Part 1','Part 1',#11962,
#11937,'');
#1498=NEXT_ASSEMBLY_USAGE_OCCURRENCE('NAUO395','Part 1','Part 1',#11962,
#11937,'');
#1499=NEXT_ASSEMBLY_USAGE_OCCURRENCE('NAUO396','Part 1','Part 1',#11962,
#11937,'');
#1500=NEXT_ASSEMBLY_USAGE_OCCURRENCE('NAUO397','Part 1','Part 1',#11962,
#11937,'');
#1501=NEXT_ASSEMBLY_USAGE_OCCURRENCE('NAUO398','Part 1','Part 1',#11962,
#11937,'');
#1502=NEXT_ASSEMBLY_USAGE_OCCURRENCE('NAUO399','Part 5','Part 5',#11963,
#11943,'');
#1503=NEXT_ASSEMBLY_USAGE_OCCURRENCE('NAUO400','Part 1','Part 1',#11963,
#11945,'');
#1504=NEXT_ASSEMBLY_USAGE_OCCURRENCE('NAUO401','Part 3','Part 3',#11963,
#11944,'');
#1505=NEXT_ASSEMBLY_USAGE_OCCURRENCE('NAUO402','Part 6','Part 6',#11963,
#11941,'');
#1506=NEXT_ASSEMBLY_USAGE_OCCURRENCE('NAUO403','Part 7','Part 7',#11963,
#11942,'');
#1507=NEXT_ASSEMBLY_USAGE_OCCURRENCE('NAUO404','Part 2','Part 2',#11963,
#11939,'');
#1508=NEXT_ASSEMBLY_USAGE_OCCURRENCE('NAUO405','Part 4','Part 4',#11963,
#11940,'');
#1509=NEXT_ASSEMBLY_USAGE_OCCURRENCE('NAUO406','SiPM <1>','SiPM <1>',#11962,
#11963,'');
#1510=NEXT_ASSEMBLY_USAGE_OCCURRENCE('NAUO407','Part 1','Part 1',#11962,
#11937,'');
#1511=NEXT_ASSEMBLY_USAGE_OCCURRENCE('NAUO408','Part 1','Part 1',#11962,
#11937,'');
#1512=NEXT_ASSEMBLY_USAGE_OCCURRENCE('NAUO409','Part 1','Part 1',#11962,
#11937,'');
#1513=NEXT_ASSEMBLY_USAGE_OCCURRENCE('NAUO410','Part 1','Part 1',#11962,
#11937,'');
#1514=NEXT_ASSEMBLY_USAGE_OCCURRENCE('NAUO411','Block <4>','Block <4>',
#11961,#11962,'');
#1515=NEXT_ASSEMBLY_USAGE_OCCURRENCE('NAUO412','Part 1','Part 1',#11964,
#11937,'');
#1516=NEXT_ASSEMBLY_USAGE_OCCURRENCE('NAUO413','Part 1','Part 1',#11964,
#11937,'');
#1517=NEXT_ASSEMBLY_USAGE_OCCURRENCE('NAUO414','Part 1','Part 1',#11964,
#11937,'');
#1518=NEXT_ASSEMBLY_USAGE_OCCURRENCE('NAUO415','Part 1','Part 1',#11964,
#11937,'');
#1519=NEXT_ASSEMBLY_USAGE_OCCURRENCE('NAUO416','Part 1','Part 1',#11964,
#11937,'');
#1520=NEXT_ASSEMBLY_USAGE_OCCURRENCE('NAUO417','Part 1','Part 1',#11964,
#11937,'');
#1521=NEXT_ASSEMBLY_USAGE_OCCURRENCE('NAUO418','Part 1','Part 1',#11964,
#11937,'');
#1522=NEXT_ASSEMBLY_USAGE_OCCURRENCE('NAUO419','Part 1','Part 1',#11964,
#11937,'');
#1523=NEXT_ASSEMBLY_USAGE_OCCURRENCE('NAUO420','Part 1','Part 1',#11964,
#11937,'');
#1524=NEXT_ASSEMBLY_USAGE_OCCURRENCE('NAUO421','Part 1','Part 1',#11964,
#11937,'');
#1525=NEXT_ASSEMBLY_USAGE_OCCURRENCE('NAUO422','Part 1','Part 1',#11964,
#11937,'');
#1526=NEXT_ASSEMBLY_USAGE_OCCURRENCE('NAUO423','Part 1','Part 1',#11964,
#11937,'');
#1527=NEXT_ASSEMBLY_USAGE_OCCURRENCE('NAUO424','Part 1','Part 1',#11964,
#11937,'');
#1528=NEXT_ASSEMBLY_USAGE_OCCURRENCE('NAUO425','Part 1','Part 1',#11964,
#11937,'');
#1529=NEXT_ASSEMBLY_USAGE_OCCURRENCE('NAUO426','Part 1','Part 1',#11964,
#11937,'');
#1530=NEXT_ASSEMBLY_USAGE_OCCURRENCE('NAUO427','Part 1','Part 1',#11964,
#11937,'');
#1531=NEXT_ASSEMBLY_USAGE_OCCURRENCE('NAUO428','Part 1','Part 1',#11964,
#11937,'');
#1532=NEXT_ASSEMBLY_USAGE_OCCURRENCE('NAUO429','Part 1','Part 1',#11964,
#11937,'');
#1533=NEXT_ASSEMBLY_USAGE_OCCURRENCE('NAUO430','Part 1','Part 1',#11964,
#11937,'');
#1534=NEXT_ASSEMBLY_USAGE_OCCURRENCE('NAUO431','Part 1','Part 1',#11964,
#11937,'');
#1535=NEXT_ASSEMBLY_USAGE_OCCURRENCE('NAUO432','Part 1','Part 1',#11964,
#11937,'');
#1536=NEXT_ASSEMBLY_USAGE_OCCURRENCE('NAUO433','Part 1','Part 1',#11964,
#11937,'');
#1537=NEXT_ASSEMBLY_USAGE_OCCURRENCE('NAUO434','Part 1','Part 1',#11964,
#11937,'');
#1538=NEXT_ASSEMBLY_USAGE_OCCURRENCE('NAUO435','Part 1','Part 1',#11964,
#11937,'');
#1539=NEXT_ASSEMBLY_USAGE_OCCURRENCE('NAUO436','Part 1','Part 1',#11964,
#11937,'');
#1540=NEXT_ASSEMBLY_USAGE_OCCURRENCE('NAUO437','Part 1','Part 1',#11964,
#11937,'');
#1541=NEXT_ASSEMBLY_USAGE_OCCURRENCE('NAUO438','Part 1','Part 1',#11964,
#11937,'');
#1542=NEXT_ASSEMBLY_USAGE_OCCURRENCE('NAUO439','Part 1','Part 1',#11964,
#11937,'');
#1543=NEXT_ASSEMBLY_USAGE_OCCURRENCE('NAUO440','Part 1','Part 1',#11964,
#11937,'');
#1544=NEXT_ASSEMBLY_USAGE_OCCURRENCE('NAUO441','Part 1','Part 1',#11964,
#11937,'');
#1545=NEXT_ASSEMBLY_USAGE_OCCURRENCE('NAUO442','Part 1','Part 1',#11964,
#11937,'');
#1546=NEXT_ASSEMBLY_USAGE_OCCURRENCE('NAUO443','Part 6','Part 6',#11965,
#11941,'');
#1547=NEXT_ASSEMBLY_USAGE_OCCURRENCE('NAUO444','Part 7','Part 7',#11965,
#11942,'');
#1548=NEXT_ASSEMBLY_USAGE_OCCURRENCE('NAUO445','Part 1','Part 1',#11965,
#11945,'');
#1549=NEXT_ASSEMBLY_USAGE_OCCURRENCE('NAUO446','Part 3','Part 3',#11965,
#11944,'');
#1550=NEXT_ASSEMBLY_USAGE_OCCURRENCE('NAUO447','Part 5','Part 5',#11965,
#11943,'');
#1551=NEXT_ASSEMBLY_USAGE_OCCURRENCE('NAUO448','Part 2','Part 2',#11965,
#11939,'');
#1552=NEXT_ASSEMBLY_USAGE_OCCURRENCE('NAUO449','Part 4','Part 4',#11965,
#11940,'');
#1553=NEXT_ASSEMBLY_USAGE_OCCURRENCE('NAUO450','SiPM <1>','SiPM <1>',#11964,
#11965,'');
#1554=NEXT_ASSEMBLY_USAGE_OCCURRENCE('NAUO451','Part 1','Part 1',#11964,
#11937,'');
#1555=NEXT_ASSEMBLY_USAGE_OCCURRENCE('NAUO452','Part 1','Part 1',#11964,
#11937,'');
#1556=NEXT_ASSEMBLY_USAGE_OCCURRENCE('NAUO453','Part 1','Part 1',#11964,
#11937,'');
#1557=NEXT_ASSEMBLY_USAGE_OCCURRENCE('NAUO454','Part 1','Part 1',#11964,
#11937,'');
#1558=NEXT_ASSEMBLY_USAGE_OCCURRENCE('NAUO455','Part 1','Part 1',#11964,
#11937,'');
#1559=NEXT_ASSEMBLY_USAGE_OCCURRENCE('NAUO456','Block <1>','Block <1>',
#11961,#11964,'');
#1560=NEXT_ASSEMBLY_USAGE_OCCURRENCE('NAUO457','Part 1','Part 1',#11966,
#11937,'');
#1561=NEXT_ASSEMBLY_USAGE_OCCURRENCE('NAUO458','Part 1','Part 1',#11966,
#11937,'');
#1562=NEXT_ASSEMBLY_USAGE_OCCURRENCE('NAUO459','Part 1','Part 1',#11966,
#11937,'');
#1563=NEXT_ASSEMBLY_USAGE_OCCURRENCE('NAUO460','Part 1','Part 1',#11966,
#11937,'');
#1564=NEXT_ASSEMBLY_USAGE_OCCURRENCE('NAUO461','Part 1','Part 1',#11966,
#11937,'');
#1565=NEXT_ASSEMBLY_USAGE_OCCURRENCE('NAUO462','Part 1','Part 1',#11966,
#11937,'');
#1566=NEXT_ASSEMBLY_USAGE_OCCURRENCE('NAUO463','Part 1','Part 1',#11966,
#11937,'');
#1567=NEXT_ASSEMBLY_USAGE_OCCURRENCE('NAUO464','Part 1','Part 1',#11966,
#11937,'');
#1568=NEXT_ASSEMBLY_USAGE_OCCURRENCE('NAUO465','Part 1','Part 1',#11966,
#11937,'');
#1569=NEXT_ASSEMBLY_USAGE_OCCURRENCE('NAUO466','Part 1','Part 1',#11966,
#11937,'');
#1570=NEXT_ASSEMBLY_USAGE_OCCURRENCE('NAUO467','Part 1','Part 1',#11966,
#11937,'');
#1571=NEXT_ASSEMBLY_USAGE_OCCURRENCE('NAUO468','Part 1','Part 1',#11966,
#11937,'');
#1572=NEXT_ASSEMBLY_USAGE_OCCURRENCE('NAUO469','Part 1','Part 1',#11966,
#11937,'');
#1573=NEXT_ASSEMBLY_USAGE_OCCURRENCE('NAUO470','Part 1','Part 1',#11966,
#11937,'');
#1574=NEXT_ASSEMBLY_USAGE_OCCURRENCE('NAUO471','Part 1','Part 1',#11966,
#11937,'');
#1575=NEXT_ASSEMBLY_USAGE_OCCURRENCE('NAUO472','Part 1','Part 1',#11966,
#11937,'');
#1576=NEXT_ASSEMBLY_USAGE_OCCURRENCE('NAUO473','Part 1','Part 1',#11966,
#11937,'');
#1577=NEXT_ASSEMBLY_USAGE_OCCURRENCE('NAUO474','Part 1','Part 1',#11966,
#11937,'');
#1578=NEXT_ASSEMBLY_USAGE_OCCURRENCE('NAUO475','Part 1','Part 1',#11966,
#11937,'');
#1579=NEXT_ASSEMBLY_USAGE_OCCURRENCE('NAUO476','Part 1','Part 1',#11966,
#11937,'');
#1580=NEXT_ASSEMBLY_USAGE_OCCURRENCE('NAUO477','Part 1','Part 1',#11966,
#11937,'');
#1581=NEXT_ASSEMBLY_USAGE_OCCURRENCE('NAUO478','Part 1','Part 1',#11966,
#11937,'');
#1582=NEXT_ASSEMBLY_USAGE_OCCURRENCE('NAUO479','Part 1','Part 1',#11966,
#11937,'');
#1583=NEXT_ASSEMBLY_USAGE_OCCURRENCE('NAUO480','Part 1','Part 1',#11966,
#11937,'');
#1584=NEXT_ASSEMBLY_USAGE_OCCURRENCE('NAUO481','Part 1','Part 1',#11966,
#11937,'');
#1585=NEXT_ASSEMBLY_USAGE_OCCURRENCE('NAUO482','Part 1','Part 1',#11966,
#11937,'');
#1586=NEXT_ASSEMBLY_USAGE_OCCURRENCE('NAUO483','Part 1','Part 1',#11966,
#11937,'');
#1587=NEXT_ASSEMBLY_USAGE_OCCURRENCE('NAUO484','Part 1','Part 1',#11966,
#11937,'');
#1588=NEXT_ASSEMBLY_USAGE_OCCURRENCE('NAUO485','Part 2','Part 2',#11967,
#11939,'');
#1589=NEXT_ASSEMBLY_USAGE_OCCURRENCE('NAUO486','Part 5','Part 5',#11967,
#11943,'');
#1590=NEXT_ASSEMBLY_USAGE_OCCURRENCE('NAUO487','Part 1','Part 1',#11967,
#11945,'');
#1591=NEXT_ASSEMBLY_USAGE_OCCURRENCE('NAUO488','Part 3','Part 3',#11967,
#11944,'');
#1592=NEXT_ASSEMBLY_USAGE_OCCURRENCE('NAUO489','Part 6','Part 6',#11967,
#11941,'');
#1593=NEXT_ASSEMBLY_USAGE_OCCURRENCE('NAUO490','Part 7','Part 7',#11967,
#11942,'');
#1594=NEXT_ASSEMBLY_USAGE_OCCURRENCE('NAUO491','Part 4','Part 4',#11967,
#11940,'');
#1595=NEXT_ASSEMBLY_USAGE_OCCURRENCE('NAUO492','SiPM <1>','SiPM <1>',#11966,
#11967,'');
#1596=NEXT_ASSEMBLY_USAGE_OCCURRENCE('NAUO493','Part 1','Part 1',#11966,
#11937,'');
#1597=NEXT_ASSEMBLY_USAGE_OCCURRENCE('NAUO494','Part 1','Part 1',#11966,
#11937,'');
#1598=NEXT_ASSEMBLY_USAGE_OCCURRENCE('NAUO495','Part 1','Part 1',#11966,
#11937,'');
#1599=NEXT_ASSEMBLY_USAGE_OCCURRENCE('NAUO496','Part 1','Part 1',#11966,
#11937,'');
#1600=NEXT_ASSEMBLY_USAGE_OCCURRENCE('NAUO497','Part 1','Part 1',#11966,
#11937,'');
#1601=NEXT_ASSEMBLY_USAGE_OCCURRENCE('NAUO498','Part 1','Part 1',#11966,
#11937,'');
#1602=NEXT_ASSEMBLY_USAGE_OCCURRENCE('NAUO499','Part 1','Part 1',#11966,
#11937,'');
#1603=NEXT_ASSEMBLY_USAGE_OCCURRENCE('NAUO500','Part 1','Part 1',#11966,
#11937,'');
#1604=NEXT_ASSEMBLY_USAGE_OCCURRENCE('NAUO501','Block <3>','Block <3>',
#11961,#11966,'');
#1605=NEXT_ASSEMBLY_USAGE_OCCURRENCE('NAUO502','Part 1','Part 1',#11968,
#11937,'');
#1606=NEXT_ASSEMBLY_USAGE_OCCURRENCE('NAUO503','Part 1','Part 1',#11968,
#11937,'');
#1607=NEXT_ASSEMBLY_USAGE_OCCURRENCE('NAUO504','Part 1','Part 1',#11968,
#11937,'');
#1608=NEXT_ASSEMBLY_USAGE_OCCURRENCE('NAUO505','Part 1','Part 1',#11968,
#11937,'');
#1609=NEXT_ASSEMBLY_USAGE_OCCURRENCE('NAUO506','Part 1','Part 1',#11968,
#11937,'');
#1610=NEXT_ASSEMBLY_USAGE_OCCURRENCE('NAUO507','Part 1','Part 1',#11968,
#11937,'');
#1611=NEXT_ASSEMBLY_USAGE_OCCURRENCE('NAUO508','Part 1','Part 1',#11968,
#11937,'');
#1612=NEXT_ASSEMBLY_USAGE_OCCURRENCE('NAUO509','Part 1','Part 1',#11968,
#11937,'');
#1613=NEXT_ASSEMBLY_USAGE_OCCURRENCE('NAUO510','Part 1','Part 1',#11968,
#11937,'');
#1614=NEXT_ASSEMBLY_USAGE_OCCURRENCE('NAUO511','Part 1','Part 1',#11968,
#11937,'');
#1615=NEXT_ASSEMBLY_USAGE_OCCURRENCE('NAUO512','Part 1','Part 1',#11968,
#11937,'');
#1616=NEXT_ASSEMBLY_USAGE_OCCURRENCE('NAUO513','Part 1','Part 1',#11968,
#11937,'');
#1617=NEXT_ASSEMBLY_USAGE_OCCURRENCE('NAUO514','Part 1','Part 1',#11968,
#11937,'');
#1618=NEXT_ASSEMBLY_USAGE_OCCURRENCE('NAUO515','Part 1','Part 1',#11968,
#11937,'');
#1619=NEXT_ASSEMBLY_USAGE_OCCURRENCE('NAUO516','Part 1','Part 1',#11968,
#11937,'');
#1620=NEXT_ASSEMBLY_USAGE_OCCURRENCE('NAUO517','Part 1','Part 1',#11968,
#11937,'');
#1621=NEXT_ASSEMBLY_USAGE_OCCURRENCE('NAUO518','Part 1','Part 1',#11968,
#11937,'');
#1622=NEXT_ASSEMBLY_USAGE_OCCURRENCE('NAUO519','Part 1','Part 1',#11968,
#11937,'');
#1623=NEXT_ASSEMBLY_USAGE_OCCURRENCE('NAUO520','Part 1','Part 1',#11968,
#11937,'');
#1624=NEXT_ASSEMBLY_USAGE_OCCURRENCE('NAUO521','Part 1','Part 1',#11968,
#11937,'');
#1625=NEXT_ASSEMBLY_USAGE_OCCURRENCE('NAUO522','Part 1','Part 1',#11968,
#11937,'');
#1626=NEXT_ASSEMBLY_USAGE_OCCURRENCE('NAUO523','Part 1','Part 1',#11968,
#11937,'');
#1627=NEXT_ASSEMBLY_USAGE_OCCURRENCE('NAUO524','Part 1','Part 1',#11968,
#11937,'');
#1628=NEXT_ASSEMBLY_USAGE_OCCURRENCE('NAUO525','Part 1','Part 1',#11968,
#11937,'');
#1629=NEXT_ASSEMBLY_USAGE_OCCURRENCE('NAUO526','Part 1','Part 1',#11968,
#11937,'');
#1630=NEXT_ASSEMBLY_USAGE_OCCURRENCE('NAUO527','Part 1','Part 1',#11968,
#11937,'');
#1631=NEXT_ASSEMBLY_USAGE_OCCURRENCE('NAUO528','Part 1','Part 1',#11968,
#11937,'');
#1632=NEXT_ASSEMBLY_USAGE_OCCURRENCE('NAUO529','Part 1','Part 1',#11968,
#11937,'');
#1633=NEXT_ASSEMBLY_USAGE_OCCURRENCE('NAUO530','Part 1','Part 1',#11968,
#11937,'');
#1634=NEXT_ASSEMBLY_USAGE_OCCURRENCE('NAUO531','Part 1','Part 1',#11968,
#11937,'');
#1635=NEXT_ASSEMBLY_USAGE_OCCURRENCE('NAUO532','Part 1','Part 1',#11968,
#11937,'');
#1636=NEXT_ASSEMBLY_USAGE_OCCURRENCE('NAUO533','Part 1','Part 1',#11968,
#11937,'');
#1637=NEXT_ASSEMBLY_USAGE_OCCURRENCE('NAUO534','Part 1','Part 1',#11968,
#11937,'');
#1638=NEXT_ASSEMBLY_USAGE_OCCURRENCE('NAUO535','Part 1','Part 1',#11968,
#11937,'');
#1639=NEXT_ASSEMBLY_USAGE_OCCURRENCE('NAUO536','Part 6','Part 6',#11969,
#11941,'');
#1640=NEXT_ASSEMBLY_USAGE_OCCURRENCE('NAUO537','Part 7','Part 7',#11969,
#11942,'');
#1641=NEXT_ASSEMBLY_USAGE_OCCURRENCE('NAUO538','Part 4','Part 4',#11969,
#11940,'');
#1642=NEXT_ASSEMBLY_USAGE_OCCURRENCE('NAUO539','Part 1','Part 1',#11969,
#11945,'');
#1643=NEXT_ASSEMBLY_USAGE_OCCURRENCE('NAUO540','Part 5','Part 5',#11969,
#11943,'');
#1644=NEXT_ASSEMBLY_USAGE_OCCURRENCE('NAUO541','Part 3','Part 3',#11969,
#11944,'');
#1645=NEXT_ASSEMBLY_USAGE_OCCURRENCE('NAUO542','Part 2','Part 2',#11969,
#11939,'');
#1646=NEXT_ASSEMBLY_USAGE_OCCURRENCE('NAUO543','SiPM <1>','SiPM <1>',#11968,
#11969,'');
#1647=NEXT_ASSEMBLY_USAGE_OCCURRENCE('NAUO544','Part 1','Part 1',#11968,
#11937,'');
#1648=NEXT_ASSEMBLY_USAGE_OCCURRENCE('NAUO545','Part 1','Part 1',#11968,
#11937,'');
#1649=NEXT_ASSEMBLY_USAGE_OCCURRENCE('NAUO546','Block <2>','Block <2>',
#11961,#11968,'');
#1650=NEXT_ASSEMBLY_USAGE_OCCURRENCE('NAUO547','Unit <5>','Unit <5>',#11932,
#11961,'');
#1651=NEXT_ASSEMBLY_USAGE_OCCURRENCE('NAUO548','Part 1','Part 1',#11970,
#11935,'');
#1652=NEXT_ASSEMBLY_USAGE_OCCURRENCE('NAUO549','Part 1','Part 1',#11971,
#11937,'');
#1653=NEXT_ASSEMBLY_USAGE_OCCURRENCE('NAUO550','Part 1','Part 1',#11971,
#11937,'');
#1654=NEXT_ASSEMBLY_USAGE_OCCURRENCE('NAUO551','Part 1','Part 1',#11971,
#11937,'');
#1655=NEXT_ASSEMBLY_USAGE_OCCURRENCE('NAUO552','Part 1','Part 1',#11971,
#11937,'');
#1656=NEXT_ASSEMBLY_USAGE_OCCURRENCE('NAUO553','Part 1','Part 1',#11971,
#11937,'');
#1657=NEXT_ASSEMBLY_USAGE_OCCURRENCE('NAUO554','Part 1','Part 1',#11971,
#11937,'');
#1658=NEXT_ASSEMBLY_USAGE_OCCURRENCE('NAUO555','Part 1','Part 1',#11971,
#11937,'');
#1659=NEXT_ASSEMBLY_USAGE_OCCURRENCE('NAUO556','Part 1','Part 1',#11971,
#11937,'');
#1660=NEXT_ASSEMBLY_USAGE_OCCURRENCE('NAUO557','Part 1','Part 1',#11971,
#11937,'');
#1661=NEXT_ASSEMBLY_USAGE_OCCURRENCE('NAUO558','Part 1','Part 1',#11971,
#11937,'');
#1662=NEXT_ASSEMBLY_USAGE_OCCURRENCE('NAUO559','Part 1','Part 1',#11971,
#11937,'');
#1663=NEXT_ASSEMBLY_USAGE_OCCURRENCE('NAUO560','Part 1','Part 1',#11971,
#11937,'');
#1664=NEXT_ASSEMBLY_USAGE_OCCURRENCE('NAUO561','Part 1','Part 1',#11971,
#11937,'');
#1665=NEXT_ASSEMBLY_USAGE_OCCURRENCE('NAUO562','Part 1','Part 1',#11971,
#11937,'');
#1666=NEXT_ASSEMBLY_USAGE_OCCURRENCE('NAUO563','Part 1','Part 1',#11971,
#11937,'');
#1667=NEXT_ASSEMBLY_USAGE_OCCURRENCE('NAUO564','Part 1','Part 1',#11971,
#11937,'');
#1668=NEXT_ASSEMBLY_USAGE_OCCURRENCE('NAUO565','Part 1','Part 1',#11971,
#11937,'');
#1669=NEXT_ASSEMBLY_USAGE_OCCURRENCE('NAUO566','Part 1','Part 1',#11971,
#11937,'');
#1670=NEXT_ASSEMBLY_USAGE_OCCURRENCE('NAUO567','Part 1','Part 1',#11971,
#11937,'');
#1671=NEXT_ASSEMBLY_USAGE_OCCURRENCE('NAUO568','Part 1','Part 1',#11971,
#11937,'');
#1672=NEXT_ASSEMBLY_USAGE_OCCURRENCE('NAUO569','Part 1','Part 1',#11971,
#11937,'');
#1673=NEXT_ASSEMBLY_USAGE_OCCURRENCE('NAUO570','Part 1','Part 1',#11971,
#11937,'');
#1674=NEXT_ASSEMBLY_USAGE_OCCURRENCE('NAUO571','Part 1','Part 1',#11971,
#11937,'');
#1675=NEXT_ASSEMBLY_USAGE_OCCURRENCE('NAUO572','Part 1','Part 1',#11971,
#11937,'');
#1676=NEXT_ASSEMBLY_USAGE_OCCURRENCE('NAUO573','Part 1','Part 1',#11971,
#11937,'');
#1677=NEXT_ASSEMBLY_USAGE_OCCURRENCE('NAUO574','Part 1','Part 1',#11971,
#11937,'');
#1678=NEXT_ASSEMBLY_USAGE_OCCURRENCE('NAUO575','Part 1','Part 1',#11971,
#11937,'');
#1679=NEXT_ASSEMBLY_USAGE_OCCURRENCE('NAUO576','Part 1','Part 1',#11971,
#11937,'');
#1680=NEXT_ASSEMBLY_USAGE_OCCURRENCE('NAUO577','Part 1','Part 1',#11971,
#11937,'');
#1681=NEXT_ASSEMBLY_USAGE_OCCURRENCE('NAUO578','Part 1','Part 1',#11971,
#11937,'');
#1682=NEXT_ASSEMBLY_USAGE_OCCURRENCE('NAUO579','Part 1','Part 1',#11971,
#11937,'');
#1683=NEXT_ASSEMBLY_USAGE_OCCURRENCE('NAUO580','Part 1','Part 1',#11971,
#11937,'');
#1684=NEXT_ASSEMBLY_USAGE_OCCURRENCE('NAUO581','Part 1','Part 1',#11971,
#11937,'');
#1685=NEXT_ASSEMBLY_USAGE_OCCURRENCE('NAUO582','Part 1','Part 1',#11971,
#11937,'');
#1686=NEXT_ASSEMBLY_USAGE_OCCURRENCE('NAUO583','Part 1','Part 1',#11971,
#11937,'');
#1687=NEXT_ASSEMBLY_USAGE_OCCURRENCE('NAUO584','Part 1','Part 1',#11971,
#11937,'');
#1688=NEXT_ASSEMBLY_USAGE_OCCURRENCE('NAUO585','Part 6','Part 6',#11972,
#11941,'');
#1689=NEXT_ASSEMBLY_USAGE_OCCURRENCE('NAUO586','Part 5','Part 5',#11972,
#11943,'');
#1690=NEXT_ASSEMBLY_USAGE_OCCURRENCE('NAUO587','Part 7','Part 7',#11972,
#11942,'');
#1691=NEXT_ASSEMBLY_USAGE_OCCURRENCE('NAUO588','Part 3','Part 3',#11972,
#11944,'');
#1692=NEXT_ASSEMBLY_USAGE_OCCURRENCE('NAUO589','Part 2','Part 2',#11972,
#11939,'');
#1693=NEXT_ASSEMBLY_USAGE_OCCURRENCE('NAUO590','Part 1','Part 1',#11972,
#11945,'');
#1694=NEXT_ASSEMBLY_USAGE_OCCURRENCE('NAUO591','Part 4','Part 4',#11972,
#11940,'');
#1695=NEXT_ASSEMBLY_USAGE_OCCURRENCE('NAUO592','SiPM <1>','SiPM <1>',#11971,
#11972,'');
#1696=NEXT_ASSEMBLY_USAGE_OCCURRENCE('NAUO593','Block <2>','Block <2>',
#11970,#11971,'');
#1697=NEXT_ASSEMBLY_USAGE_OCCURRENCE('NAUO594','Part 1','Part 1',#11973,
#11937,'');
#1698=NEXT_ASSEMBLY_USAGE_OCCURRENCE('NAUO595','Part 1','Part 1',#11973,
#11937,'');
#1699=NEXT_ASSEMBLY_USAGE_OCCURRENCE('NAUO596','Part 1','Part 1',#11973,
#11937,'');
#1700=NEXT_ASSEMBLY_USAGE_OCCURRENCE('NAUO597','Part 1','Part 1',#11973,
#11937,'');
#1701=NEXT_ASSEMBLY_USAGE_OCCURRENCE('NAUO598','Part 1','Part 1',#11973,
#11937,'');
#1702=NEXT_ASSEMBLY_USAGE_OCCURRENCE('NAUO599','Part 1','Part 1',#11973,
#11937,'');
#1703=NEXT_ASSEMBLY_USAGE_OCCURRENCE('NAUO600','Part 1','Part 1',#11973,
#11937,'');
#1704=NEXT_ASSEMBLY_USAGE_OCCURRENCE('NAUO601','Part 1','Part 1',#11973,
#11937,'');
#1705=NEXT_ASSEMBLY_USAGE_OCCURRENCE('NAUO602','Part 1','Part 1',#11973,
#11937,'');
#1706=NEXT_ASSEMBLY_USAGE_OCCURRENCE('NAUO603','Part 1','Part 1',#11973,
#11937,'');
#1707=NEXT_ASSEMBLY_USAGE_OCCURRENCE('NAUO604','Part 1','Part 1',#11973,
#11937,'');
#1708=NEXT_ASSEMBLY_USAGE_OCCURRENCE('NAUO605','Part 1','Part 1',#11973,
#11937,'');
#1709=NEXT_ASSEMBLY_USAGE_OCCURRENCE('NAUO606','Part 1','Part 1',#11973,
#11937,'');
#1710=NEXT_ASSEMBLY_USAGE_OCCURRENCE('NAUO607','Part 1','Part 1',#11973,
#11937,'');
#1711=NEXT_ASSEMBLY_USAGE_OCCURRENCE('NAUO608','Part 1','Part 1',#11973,
#11937,'');
#1712=NEXT_ASSEMBLY_USAGE_OCCURRENCE('NAUO609','Part 1','Part 1',#11973,
#11937,'');
#1713=NEXT_ASSEMBLY_USAGE_OCCURRENCE('NAUO610','Part 1','Part 1',#11973,
#11937,'');
#1714=NEXT_ASSEMBLY_USAGE_OCCURRENCE('NAUO611','Part 1','Part 1',#11973,
#11937,'');
#1715=NEXT_ASSEMBLY_USAGE_OCCURRENCE('NAUO612','Part 1','Part 1',#11973,
#11937,'');
#1716=NEXT_ASSEMBLY_USAGE_OCCURRENCE('NAUO613','Part 1','Part 1',#11973,
#11937,'');
#1717=NEXT_ASSEMBLY_USAGE_OCCURRENCE('NAUO614','Part 1','Part 1',#11973,
#11937,'');
#1718=NEXT_ASSEMBLY_USAGE_OCCURRENCE('NAUO615','Part 1','Part 1',#11973,
#11937,'');
#1719=NEXT_ASSEMBLY_USAGE_OCCURRENCE('NAUO616','Part 1','Part 1',#11973,
#11937,'');
#1720=NEXT_ASSEMBLY_USAGE_OCCURRENCE('NAUO617','Part 1','Part 1',#11973,
#11937,'');
#1721=NEXT_ASSEMBLY_USAGE_OCCURRENCE('NAUO618','Part 1','Part 1',#11973,
#11937,'');
#1722=NEXT_ASSEMBLY_USAGE_OCCURRENCE('NAUO619','Part 1','Part 1',#11973,
#11937,'');
#1723=NEXT_ASSEMBLY_USAGE_OCCURRENCE('NAUO620','Part 1','Part 1',#11973,
#11937,'');
#1724=NEXT_ASSEMBLY_USAGE_OCCURRENCE('NAUO621','Part 1','Part 1',#11973,
#11937,'');
#1725=NEXT_ASSEMBLY_USAGE_OCCURRENCE('NAUO622','Part 1','Part 1',#11973,
#11937,'');
#1726=NEXT_ASSEMBLY_USAGE_OCCURRENCE('NAUO623','Part 1','Part 1',#11973,
#11937,'');
#1727=NEXT_ASSEMBLY_USAGE_OCCURRENCE('NAUO624','Part 1','Part 1',#11973,
#11937,'');
#1728=NEXT_ASSEMBLY_USAGE_OCCURRENCE('NAUO625','Part 1','Part 1',#11973,
#11937,'');
#1729=NEXT_ASSEMBLY_USAGE_OCCURRENCE('NAUO626','Part 1','Part 1',#11973,
#11937,'');
#1730=NEXT_ASSEMBLY_USAGE_OCCURRENCE('NAUO627','Part 4','Part 4',#11974,
#11940,'');
#1731=NEXT_ASSEMBLY_USAGE_OCCURRENCE('NAUO628','Part 2','Part 2',#11974,
#11939,'');
#1732=NEXT_ASSEMBLY_USAGE_OCCURRENCE('NAUO629','Part 3','Part 3',#11974,
#11944,'');
#1733=NEXT_ASSEMBLY_USAGE_OCCURRENCE('NAUO630','Part 6','Part 6',#11974,
#11941,'');
#1734=NEXT_ASSEMBLY_USAGE_OCCURRENCE('NAUO631','Part 7','Part 7',#11974,
#11942,'');
#1735=NEXT_ASSEMBLY_USAGE_OCCURRENCE('NAUO632','Part 1','Part 1',#11974,
#11945,'');
#1736=NEXT_ASSEMBLY_USAGE_OCCURRENCE('NAUO633','Part 5','Part 5',#11974,
#11943,'');
#1737=NEXT_ASSEMBLY_USAGE_OCCURRENCE('NAUO634','SiPM <1>','SiPM <1>',#11973,
#11974,'');
#1738=NEXT_ASSEMBLY_USAGE_OCCURRENCE('NAUO635','Part 1','Part 1',#11973,
#11937,'');
#1739=NEXT_ASSEMBLY_USAGE_OCCURRENCE('NAUO636','Part 1','Part 1',#11973,
#11937,'');
#1740=NEXT_ASSEMBLY_USAGE_OCCURRENCE('NAUO637','Part 1','Part 1',#11973,
#11937,'');
#1741=NEXT_ASSEMBLY_USAGE_OCCURRENCE('NAUO638','Block <3>','Block <3>',
#11970,#11973,'');
#1742=NEXT_ASSEMBLY_USAGE_OCCURRENCE('NAUO639','Part 1','Part 1',#11975,
#11937,'');
#1743=NEXT_ASSEMBLY_USAGE_OCCURRENCE('NAUO640','Part 1','Part 1',#11975,
#11937,'');
#1744=NEXT_ASSEMBLY_USAGE_OCCURRENCE('NAUO641','Part 1','Part 1',#11975,
#11937,'');
#1745=NEXT_ASSEMBLY_USAGE_OCCURRENCE('NAUO642','Part 1','Part 1',#11975,
#11937,'');
#1746=NEXT_ASSEMBLY_USAGE_OCCURRENCE('NAUO643','Part 1','Part 1',#11975,
#11937,'');
#1747=NEXT_ASSEMBLY_USAGE_OCCURRENCE('NAUO644','Part 1','Part 1',#11975,
#11937,'');
#1748=NEXT_ASSEMBLY_USAGE_OCCURRENCE('NAUO645','Part 1','Part 1',#11975,
#11937,'');
#1749=NEXT_ASSEMBLY_USAGE_OCCURRENCE('NAUO646','Part 1','Part 1',#11975,
#11937,'');
#1750=NEXT_ASSEMBLY_USAGE_OCCURRENCE('NAUO647','Part 1','Part 1',#11975,
#11937,'');
#1751=NEXT_ASSEMBLY_USAGE_OCCURRENCE('NAUO648','Part 1','Part 1',#11975,
#11937,'');
#1752=NEXT_ASSEMBLY_USAGE_OCCURRENCE('NAUO649','Part 1','Part 1',#11975,
#11937,'');
#1753=NEXT_ASSEMBLY_USAGE_OCCURRENCE('NAUO650','Part 1','Part 1',#11975,
#11937,'');
#1754=NEXT_ASSEMBLY_USAGE_OCCURRENCE('NAUO651','Part 1','Part 1',#11975,
#11937,'');
#1755=NEXT_ASSEMBLY_USAGE_OCCURRENCE('NAUO652','Part 1','Part 1',#11975,
#11937,'');
#1756=NEXT_ASSEMBLY_USAGE_OCCURRENCE('NAUO653','Part 1','Part 1',#11975,
#11937,'');
#1757=NEXT_ASSEMBLY_USAGE_OCCURRENCE('NAUO654','Part 1','Part 1',#11975,
#11937,'');
#1758=NEXT_ASSEMBLY_USAGE_OCCURRENCE('NAUO655','Part 1','Part 1',#11975,
#11937,'');
#1759=NEXT_ASSEMBLY_USAGE_OCCURRENCE('NAUO656','Part 1','Part 1',#11975,
#11937,'');
#1760=NEXT_ASSEMBLY_USAGE_OCCURRENCE('NAUO657','Part 1','Part 1',#11975,
#11937,'');
#1761=NEXT_ASSEMBLY_USAGE_OCCURRENCE('NAUO658','Part 1','Part 1',#11975,
#11937,'');
#1762=NEXT_ASSEMBLY_USAGE_OCCURRENCE('NAUO659','Part 1','Part 1',#11975,
#11937,'');
#1763=NEXT_ASSEMBLY_USAGE_OCCURRENCE('NAUO660','Part 1','Part 1',#11975,
#11937,'');
#1764=NEXT_ASSEMBLY_USAGE_OCCURRENCE('NAUO661','Part 1','Part 1',#11975,
#11937,'');
#1765=NEXT_ASSEMBLY_USAGE_OCCURRENCE('NAUO662','Part 1','Part 1',#11975,
#11937,'');
#1766=NEXT_ASSEMBLY_USAGE_OCCURRENCE('NAUO663','Part 1','Part 1',#11975,
#11937,'');
#1767=NEXT_ASSEMBLY_USAGE_OCCURRENCE('NAUO664','Part 1','Part 1',#11975,
#11937,'');
#1768=NEXT_ASSEMBLY_USAGE_OCCURRENCE('NAUO665','Part 1','Part 1',#11975,
#11937,'');
#1769=NEXT_ASSEMBLY_USAGE_OCCURRENCE('NAUO666','Part 1','Part 1',#11975,
#11937,'');
#1770=NEXT_ASSEMBLY_USAGE_OCCURRENCE('NAUO667','Part 1','Part 1',#11975,
#11937,'');
#1771=NEXT_ASSEMBLY_USAGE_OCCURRENCE('NAUO668','Part 1','Part 1',#11975,
#11937,'');
#1772=NEXT_ASSEMBLY_USAGE_OCCURRENCE('NAUO669','Part 1','Part 1',#11975,
#11937,'');
#1773=NEXT_ASSEMBLY_USAGE_OCCURRENCE('NAUO670','Part 1','Part 1',#11975,
#11937,'');
#1774=NEXT_ASSEMBLY_USAGE_OCCURRENCE('NAUO671','Part 1','Part 1',#11975,
#11937,'');
#1775=NEXT_ASSEMBLY_USAGE_OCCURRENCE('NAUO672','Part 1','Part 1',#11975,
#11937,'');
#1776=NEXT_ASSEMBLY_USAGE_OCCURRENCE('NAUO673','Part 1','Part 1',#11975,
#11937,'');
#1777=NEXT_ASSEMBLY_USAGE_OCCURRENCE('NAUO674','Part 2','Part 2',#11976,
#11939,'');
#1778=NEXT_ASSEMBLY_USAGE_OCCURRENCE('NAUO675','Part 3','Part 3',#11976,
#11944,'');
#1779=NEXT_ASSEMBLY_USAGE_OCCURRENCE('NAUO676','Part 7','Part 7',#11976,
#11942,'');
#1780=NEXT_ASSEMBLY_USAGE_OCCURRENCE('NAUO677','Part 6','Part 6',#11976,
#11941,'');
#1781=NEXT_ASSEMBLY_USAGE_OCCURRENCE('NAUO678','Part 4','Part 4',#11976,
#11940,'');
#1782=NEXT_ASSEMBLY_USAGE_OCCURRENCE('NAUO679','Part 5','Part 5',#11976,
#11943,'');
#1783=NEXT_ASSEMBLY_USAGE_OCCURRENCE('NAUO680','Part 1','Part 1',#11976,
#11945,'');
#1784=NEXT_ASSEMBLY_USAGE_OCCURRENCE('NAUO681','SiPM <1>','SiPM <1>',#11975,
#11976,'');
#1785=NEXT_ASSEMBLY_USAGE_OCCURRENCE('NAUO682','Part 1','Part 1',#11975,
#11937,'');
#1786=NEXT_ASSEMBLY_USAGE_OCCURRENCE('NAUO683','Block <1>','Block <1>',
#11970,#11975,'');
#1787=NEXT_ASSEMBLY_USAGE_OCCURRENCE('NAUO684','Part 1','Part 1',#11977,
#11937,'');
#1788=NEXT_ASSEMBLY_USAGE_OCCURRENCE('NAUO685','Part 1','Part 1',#11977,
#11937,'');
#1789=NEXT_ASSEMBLY_USAGE_OCCURRENCE('NAUO686','Part 1','Part 1',#11977,
#11937,'');
#1790=NEXT_ASSEMBLY_USAGE_OCCURRENCE('NAUO687','Part 1','Part 1',#11977,
#11937,'');
#1791=NEXT_ASSEMBLY_USAGE_OCCURRENCE('NAUO688','Part 1','Part 1',#11977,
#11937,'');
#1792=NEXT_ASSEMBLY_USAGE_OCCURRENCE('NAUO689','Part 1','Part 1',#11977,
#11937,'');
#1793=NEXT_ASSEMBLY_USAGE_OCCURRENCE('NAUO690','Part 1','Part 1',#11977,
#11937,'');
#1794=NEXT_ASSEMBLY_USAGE_OCCURRENCE('NAUO691','Part 1','Part 1',#11977,
#11937,'');
#1795=NEXT_ASSEMBLY_USAGE_OCCURRENCE('NAUO692','Part 1','Part 1',#11977,
#11937,'');
#1796=NEXT_ASSEMBLY_USAGE_OCCURRENCE('NAUO693','Part 1','Part 1',#11977,
#11937,'');
#1797=NEXT_ASSEMBLY_USAGE_OCCURRENCE('NAUO694','Part 1','Part 1',#11977,
#11937,'');
#1798=NEXT_ASSEMBLY_USAGE_OCCURRENCE('NAUO695','Part 1','Part 1',#11977,
#11937,'');
#1799=NEXT_ASSEMBLY_USAGE_OCCURRENCE('NAUO696','Part 1','Part 1',#11977,
#11937,'');
#1800=NEXT_ASSEMBLY_USAGE_OCCURRENCE('NAUO697','Part 1','Part 1',#11977,
#11937,'');
#1801=NEXT_ASSEMBLY_USAGE_OCCURRENCE('NAUO698','Part 1','Part 1',#11977,
#11937,'');
#1802=NEXT_ASSEMBLY_USAGE_OCCURRENCE('NAUO699','Part 1','Part 1',#11977,
#11937,'');
#1803=NEXT_ASSEMBLY_USAGE_OCCURRENCE('NAUO700','Part 1','Part 1',#11977,
#11937,'');
#1804=NEXT_ASSEMBLY_USAGE_OCCURRENCE('NAUO701','Part 1','Part 1',#11977,
#11937,'');
#1805=NEXT_ASSEMBLY_USAGE_OCCURRENCE('NAUO702','Part 1','Part 1',#11977,
#11937,'');
#1806=NEXT_ASSEMBLY_USAGE_OCCURRENCE('NAUO703','Part 1','Part 1',#11977,
#11937,'');
#1807=NEXT_ASSEMBLY_USAGE_OCCURRENCE('NAUO704','Part 1','Part 1',#11977,
#11937,'');
#1808=NEXT_ASSEMBLY_USAGE_OCCURRENCE('NAUO705','Part 1','Part 1',#11977,
#11937,'');
#1809=NEXT_ASSEMBLY_USAGE_OCCURRENCE('NAUO706','Part 1','Part 1',#11977,
#11937,'');
#1810=NEXT_ASSEMBLY_USAGE_OCCURRENCE('NAUO707','Part 1','Part 1',#11977,
#11937,'');
#1811=NEXT_ASSEMBLY_USAGE_OCCURRENCE('NAUO708','Part 1','Part 1',#11977,
#11937,'');
#1812=NEXT_ASSEMBLY_USAGE_OCCURRENCE('NAUO709','Part 1','Part 1',#11977,
#11937,'');
#1813=NEXT_ASSEMBLY_USAGE_OCCURRENCE('NAUO710','Part 1','Part 1',#11977,
#11937,'');
#1814=NEXT_ASSEMBLY_USAGE_OCCURRENCE('NAUO711','Part 1','Part 1',#11977,
#11937,'');
#1815=NEXT_ASSEMBLY_USAGE_OCCURRENCE('NAUO712','Part 1','Part 1',#11977,
#11937,'');
#1816=NEXT_ASSEMBLY_USAGE_OCCURRENCE('NAUO713','Part 1','Part 1',#11977,
#11937,'');
#1817=NEXT_ASSEMBLY_USAGE_OCCURRENCE('NAUO714','Part 1','Part 1',#11977,
#11937,'');
#1818=NEXT_ASSEMBLY_USAGE_OCCURRENCE('NAUO715','Part 1','Part 1',#11977,
#11937,'');
#1819=NEXT_ASSEMBLY_USAGE_OCCURRENCE('NAUO716','Part 1','Part 1',#11977,
#11937,'');
#1820=NEXT_ASSEMBLY_USAGE_OCCURRENCE('NAUO717','Part 1','Part 1',#11977,
#11937,'');
#1821=NEXT_ASSEMBLY_USAGE_OCCURRENCE('NAUO718','Part 1','Part 1',#11977,
#11937,'');
#1822=NEXT_ASSEMBLY_USAGE_OCCURRENCE('NAUO719','Part 1','Part 1',#11977,
#11937,'');
#1823=NEXT_ASSEMBLY_USAGE_OCCURRENCE('NAUO720','Part 5','Part 5',#11978,
#11943,'');
#1824=NEXT_ASSEMBLY_USAGE_OCCURRENCE('NAUO721','Part 7','Part 7',#11978,
#11942,'');
#1825=NEXT_ASSEMBLY_USAGE_OCCURRENCE('NAUO722','Part 6','Part 6',#11978,
#11941,'');
#1826=NEXT_ASSEMBLY_USAGE_OCCURRENCE('NAUO723','Part 1','Part 1',#11978,
#11945,'');
#1827=NEXT_ASSEMBLY_USAGE_OCCURRENCE('NAUO724','Part 4','Part 4',#11978,
#11940,'');
#1828=NEXT_ASSEMBLY_USAGE_OCCURRENCE('NAUO725','Part 3','Part 3',#11978,
#11944,'');
#1829=NEXT_ASSEMBLY_USAGE_OCCURRENCE('NAUO726','Part 2','Part 2',#11978,
#11939,'');
#1830=NEXT_ASSEMBLY_USAGE_OCCURRENCE('NAUO727','SiPM <1>','SiPM <1>',#11977,
#11978,'');
#1831=NEXT_ASSEMBLY_USAGE_OCCURRENCE('NAUO728','Block <4>','Block <4>',
#11970,#11977,'');
#1832=NEXT_ASSEMBLY_USAGE_OCCURRENCE('NAUO729','Unit <3>','Unit <3>',#11932,
#11970,'');
#1833=NEXT_ASSEMBLY_USAGE_OCCURRENCE('NAUO730','Part 1','Part 1',#11979,
#11935,'');
#1834=NEXT_ASSEMBLY_USAGE_OCCURRENCE('NAUO731','Part 1','Part 1',#11980,
#11937,'');
#1835=NEXT_ASSEMBLY_USAGE_OCCURRENCE('NAUO732','Part 1','Part 1',#11980,
#11937,'');
#1836=NEXT_ASSEMBLY_USAGE_OCCURRENCE('NAUO733','Part 1','Part 1',#11980,
#11937,'');
#1837=NEXT_ASSEMBLY_USAGE_OCCURRENCE('NAUO734','Part 1','Part 1',#11980,
#11937,'');
#1838=NEXT_ASSEMBLY_USAGE_OCCURRENCE('NAUO735','Part 1','Part 1',#11980,
#11937,'');
#1839=NEXT_ASSEMBLY_USAGE_OCCURRENCE('NAUO736','Part 1','Part 1',#11980,
#11937,'');
#1840=NEXT_ASSEMBLY_USAGE_OCCURRENCE('NAUO737','Part 1','Part 1',#11980,
#11937,'');
#1841=NEXT_ASSEMBLY_USAGE_OCCURRENCE('NAUO738','Part 1','Part 1',#11980,
#11937,'');
#1842=NEXT_ASSEMBLY_USAGE_OCCURRENCE('NAUO739','Part 1','Part 1',#11980,
#11937,'');
#1843=NEXT_ASSEMBLY_USAGE_OCCURRENCE('NAUO740','Part 1','Part 1',#11980,
#11937,'');
#1844=NEXT_ASSEMBLY_USAGE_OCCURRENCE('NAUO741','Part 1','Part 1',#11980,
#11937,'');
#1845=NEXT_ASSEMBLY_USAGE_OCCURRENCE('NAUO742','Part 1','Part 1',#11980,
#11937,'');
#1846=NEXT_ASSEMBLY_USAGE_OCCURRENCE('NAUO743','Part 1','Part 1',#11980,
#11937,'');
#1847=NEXT_ASSEMBLY_USAGE_OCCURRENCE('NAUO744','Part 1','Part 1',#11980,
#11937,'');
#1848=NEXT_ASSEMBLY_USAGE_OCCURRENCE('NAUO745','Part 1','Part 1',#11980,
#11937,'');
#1849=NEXT_ASSEMBLY_USAGE_OCCURRENCE('NAUO746','Part 1','Part 1',#11980,
#11937,'');
#1850=NEXT_ASSEMBLY_USAGE_OCCURRENCE('NAUO747','Part 1','Part 1',#11980,
#11937,'');
#1851=NEXT_ASSEMBLY_USAGE_OCCURRENCE('NAUO748','Part 1','Part 1',#11980,
#11937,'');
#1852=NEXT_ASSEMBLY_USAGE_OCCURRENCE('NAUO749','Part 1','Part 1',#11980,
#11937,'');
#1853=NEXT_ASSEMBLY_USAGE_OCCURRENCE('NAUO750','Part 1','Part 1',#11980,
#11937,'');
#1854=NEXT_ASSEMBLY_USAGE_OCCURRENCE('NAUO751','Part 1','Part 1',#11980,
#11937,'');
#1855=NEXT_ASSEMBLY_USAGE_OCCURRENCE('NAUO752','Part 1','Part 1',#11980,
#11937,'');
#1856=NEXT_ASSEMBLY_USAGE_OCCURRENCE('NAUO753','Part 1','Part 1',#11980,
#11937,'');
#1857=NEXT_ASSEMBLY_USAGE_OCCURRENCE('NAUO754','Part 1','Part 1',#11980,
#11937,'');
#1858=NEXT_ASSEMBLY_USAGE_OCCURRENCE('NAUO755','Part 1','Part 1',#11980,
#11937,'');
#1859=NEXT_ASSEMBLY_USAGE_OCCURRENCE('NAUO756','Part 4','Part 4',#11981,
#11940,'');
#1860=NEXT_ASSEMBLY_USAGE_OCCURRENCE('NAUO757','Part 2','Part 2',#11981,
#11939,'');
#1861=NEXT_ASSEMBLY_USAGE_OCCURRENCE('NAUO758','Part 5','Part 5',#11981,
#11943,'');
#1862=NEXT_ASSEMBLY_USAGE_OCCURRENCE('NAUO759','Part 1','Part 1',#11981,
#11945,'');
#1863=NEXT_ASSEMBLY_USAGE_OCCURRENCE('NAUO760','Part 6','Part 6',#11981,
#11941,'');
#1864=NEXT_ASSEMBLY_USAGE_OCCURRENCE('NAUO761','Part 7','Part 7',#11981,
#11942,'');
#1865=NEXT_ASSEMBLY_USAGE_OCCURRENCE('NAUO762','Part 3','Part 3',#11981,
#11944,'');
#1866=NEXT_ASSEMBLY_USAGE_OCCURRENCE('NAUO763','SiPM <1>','SiPM <1>',#11980,
#11981,'');
#1867=NEXT_ASSEMBLY_USAGE_OCCURRENCE('NAUO764','Part 1','Part 1',#11980,
#11937,'');
#1868=NEXT_ASSEMBLY_USAGE_OCCURRENCE('NAUO765','Part 1','Part 1',#11980,
#11937,'');
#1869=NEXT_ASSEMBLY_USAGE_OCCURRENCE('NAUO766','Part 1','Part 1',#11980,
#11937,'');
#1870=NEXT_ASSEMBLY_USAGE_OCCURRENCE('NAUO767','Part 1','Part 1',#11980,
#11937,'');
#1871=NEXT_ASSEMBLY_USAGE_OCCURRENCE('NAUO768','Part 1','Part 1',#11980,
#11937,'');
#1872=NEXT_ASSEMBLY_USAGE_OCCURRENCE('NAUO769','Part 1','Part 1',#11980,
#11937,'');
#1873=NEXT_ASSEMBLY_USAGE_OCCURRENCE('NAUO770','Part 1','Part 1',#11980,
#11937,'');
#1874=NEXT_ASSEMBLY_USAGE_OCCURRENCE('NAUO771','Part 1','Part 1',#11980,
#11937,'');
#1875=NEXT_ASSEMBLY_USAGE_OCCURRENCE('NAUO772','Part 1','Part 1',#11980,
#11937,'');
#1876=NEXT_ASSEMBLY_USAGE_OCCURRENCE('NAUO773','Part 1','Part 1',#11980,
#11937,'');
#1877=NEXT_ASSEMBLY_USAGE_OCCURRENCE('NAUO774','Part 1','Part 1',#11980,
#11937,'');
#1878=NEXT_ASSEMBLY_USAGE_OCCURRENCE('NAUO775','Block <2>','Block <2>',
#11979,#11980,'');
#1879=NEXT_ASSEMBLY_USAGE_OCCURRENCE('NAUO776','Part 1','Part 1',#11982,
#11937,'');
#1880=NEXT_ASSEMBLY_USAGE_OCCURRENCE('NAUO777','Part 1','Part 1',#11982,
#11937,'');
#1881=NEXT_ASSEMBLY_USAGE_OCCURRENCE('NAUO778','Part 1','Part 1',#11982,
#11937,'');
#1882=NEXT_ASSEMBLY_USAGE_OCCURRENCE('NAUO779','Part 1','Part 1',#11982,
#11937,'');
#1883=NEXT_ASSEMBLY_USAGE_OCCURRENCE('NAUO780','Part 1','Part 1',#11982,
#11937,'');
#1884=NEXT_ASSEMBLY_USAGE_OCCURRENCE('NAUO781','Part 1','Part 1',#11982,
#11937,'');
#1885=NEXT_ASSEMBLY_USAGE_OCCURRENCE('NAUO782','Part 1','Part 1',#11982,
#11937,'');
#1886=NEXT_ASSEMBLY_USAGE_OCCURRENCE('NAUO783','Part 1','Part 1',#11982,
#11937,'');
#1887=NEXT_ASSEMBLY_USAGE_OCCURRENCE('NAUO784','Part 1','Part 1',#11982,
#11937,'');
#1888=NEXT_ASSEMBLY_USAGE_OCCURRENCE('NAUO785','Part 1','Part 1',#11982,
#11937,'');
#1889=NEXT_ASSEMBLY_USAGE_OCCURRENCE('NAUO786','Part 1','Part 1',#11982,
#11937,'');
#1890=NEXT_ASSEMBLY_USAGE_OCCURRENCE('NAUO787','Part 1','Part 1',#11982,
#11937,'');
#1891=NEXT_ASSEMBLY_USAGE_OCCURRENCE('NAUO788','Part 1','Part 1',#11982,
#11937,'');
#1892=NEXT_ASSEMBLY_USAGE_OCCURRENCE('NAUO789','Part 1','Part 1',#11982,
#11937,'');
#1893=NEXT_ASSEMBLY_USAGE_OCCURRENCE('NAUO790','Part 1','Part 1',#11982,
#11937,'');
#1894=NEXT_ASSEMBLY_USAGE_OCCURRENCE('NAUO791','Part 1','Part 1',#11982,
#11937,'');
#1895=NEXT_ASSEMBLY_USAGE_OCCURRENCE('NAUO792','Part 1','Part 1',#11982,
#11937,'');
#1896=NEXT_ASSEMBLY_USAGE_OCCURRENCE('NAUO793','Part 1','Part 1',#11982,
#11937,'');
#1897=NEXT_ASSEMBLY_USAGE_OCCURRENCE('NAUO794','Part 1','Part 1',#11982,
#11937,'');
#1898=NEXT_ASSEMBLY_USAGE_OCCURRENCE('NAUO795','Part 1','Part 1',#11982,
#11937,'');
#1899=NEXT_ASSEMBLY_USAGE_OCCURRENCE('NAUO796','Part 1','Part 1',#11982,
#11937,'');
#1900=NEXT_ASSEMBLY_USAGE_OCCURRENCE('NAUO797','Part 1','Part 1',#11982,
#11937,'');
#1901=NEXT_ASSEMBLY_USAGE_OCCURRENCE('NAUO798','Part 1','Part 1',#11982,
#11937,'');
#1902=NEXT_ASSEMBLY_USAGE_OCCURRENCE('NAUO799','Part 1','Part 1',#11982,
#11937,'');
#1903=NEXT_ASSEMBLY_USAGE_OCCURRENCE('NAUO800','Part 1','Part 1',#11982,
#11937,'');
#1904=NEXT_ASSEMBLY_USAGE_OCCURRENCE('NAUO801','Part 1','Part 1',#11982,
#11937,'');
#1905=NEXT_ASSEMBLY_USAGE_OCCURRENCE('NAUO802','Part 1','Part 1',#11982,
#11937,'');
#1906=NEXT_ASSEMBLY_USAGE_OCCURRENCE('NAUO803','Part 1','Part 1',#11982,
#11937,'');
#1907=NEXT_ASSEMBLY_USAGE_OCCURRENCE('NAUO804','Part 1','Part 1',#11982,
#11937,'');
#1908=NEXT_ASSEMBLY_USAGE_OCCURRENCE('NAUO805','Part 1','Part 1',#11982,
#11937,'');
#1909=NEXT_ASSEMBLY_USAGE_OCCURRENCE('NAUO806','Part 1','Part 1',#11982,
#11937,'');
#1910=NEXT_ASSEMBLY_USAGE_OCCURRENCE('NAUO807','Part 1','Part 1',#11982,
#11937,'');
#1911=NEXT_ASSEMBLY_USAGE_OCCURRENCE('NAUO808','Part 1','Part 1',#11982,
#11937,'');
#1912=NEXT_ASSEMBLY_USAGE_OCCURRENCE('NAUO809','Part 3','Part 3',#11983,
#11944,'');
#1913=NEXT_ASSEMBLY_USAGE_OCCURRENCE('NAUO810','Part 7','Part 7',#11983,
#11942,'');
#1914=NEXT_ASSEMBLY_USAGE_OCCURRENCE('NAUO811','Part 6','Part 6',#11983,
#11941,'');
#1915=NEXT_ASSEMBLY_USAGE_OCCURRENCE('NAUO812','Part 2','Part 2',#11983,
#11939,'');
#1916=NEXT_ASSEMBLY_USAGE_OCCURRENCE('NAUO813','Part 4','Part 4',#11983,
#11940,'');
#1917=NEXT_ASSEMBLY_USAGE_OCCURRENCE('NAUO814','Part 5','Part 5',#11983,
#11943,'');
#1918=NEXT_ASSEMBLY_USAGE_OCCURRENCE('NAUO815','Part 1','Part 1',#11983,
#11945,'');
#1919=NEXT_ASSEMBLY_USAGE_OCCURRENCE('NAUO816','SiPM <1>','SiPM <1>',#11982,
#11983,'');
#1920=NEXT_ASSEMBLY_USAGE_OCCURRENCE('NAUO817','Part 1','Part 1',#11982,
#11937,'');
#1921=NEXT_ASSEMBLY_USAGE_OCCURRENCE('NAUO818','Part 1','Part 1',#11982,
#11937,'');
#1922=NEXT_ASSEMBLY_USAGE_OCCURRENCE('NAUO819','Part 1','Part 1',#11982,
#11937,'');
#1923=NEXT_ASSEMBLY_USAGE_OCCURRENCE('NAUO820','Block <3>','Block <3>',
#11979,#11982,'');
#1924=NEXT_ASSEMBLY_USAGE_OCCURRENCE('NAUO821','Part 1','Part 1',#11984,
#11937,'');
#1925=NEXT_ASSEMBLY_USAGE_OCCURRENCE('NAUO822','Part 1','Part 1',#11984,
#11937,'');
#1926=NEXT_ASSEMBLY_USAGE_OCCURRENCE('NAUO823','Part 1','Part 1',#11984,
#11937,'');
#1927=NEXT_ASSEMBLY_USAGE_OCCURRENCE('NAUO824','Part 1','Part 1',#11984,
#11937,'');
#1928=NEXT_ASSEMBLY_USAGE_OCCURRENCE('NAUO825','Part 1','Part 1',#11984,
#11937,'');
#1929=NEXT_ASSEMBLY_USAGE_OCCURRENCE('NAUO826','Part 1','Part 1',#11984,
#11937,'');
#1930=NEXT_ASSEMBLY_USAGE_OCCURRENCE('NAUO827','Part 1','Part 1',#11984,
#11937,'');
#1931=NEXT_ASSEMBLY_USAGE_OCCURRENCE('NAUO828','Part 1','Part 1',#11984,
#11937,'');
#1932=NEXT_ASSEMBLY_USAGE_OCCURRENCE('NAUO829','Part 1','Part 1',#11984,
#11937,'');
#1933=NEXT_ASSEMBLY_USAGE_OCCURRENCE('NAUO830','Part 1','Part 1',#11984,
#11937,'');
#1934=NEXT_ASSEMBLY_USAGE_OCCURRENCE('NAUO831','Part 1','Part 1',#11984,
#11937,'');
#1935=NEXT_ASSEMBLY_USAGE_OCCURRENCE('NAUO832','Part 1','Part 1',#11984,
#11937,'');
#1936=NEXT_ASSEMBLY_USAGE_OCCURRENCE('NAUO833','Part 1','Part 1',#11984,
#11937,'');
#1937=NEXT_ASSEMBLY_USAGE_OCCURRENCE('NAUO834','Part 1','Part 1',#11984,
#11937,'');
#1938=NEXT_ASSEMBLY_USAGE_OCCURRENCE('NAUO835','Part 1','Part 1',#11984,
#11937,'');
#1939=NEXT_ASSEMBLY_USAGE_OCCURRENCE('NAUO836','Part 1','Part 1',#11984,
#11937,'');
#1940=NEXT_ASSEMBLY_USAGE_OCCURRENCE('NAUO837','Part 1','Part 1',#11984,
#11937,'');
#1941=NEXT_ASSEMBLY_USAGE_OCCURRENCE('NAUO838','Part 1','Part 1',#11984,
#11937,'');
#1942=NEXT_ASSEMBLY_USAGE_OCCURRENCE('NAUO839','Part 1','Part 1',#11984,
#11937,'');
#1943=NEXT_ASSEMBLY_USAGE_OCCURRENCE('NAUO840','Part 1','Part 1',#11984,
#11937,'');
#1944=NEXT_ASSEMBLY_USAGE_OCCURRENCE('NAUO841','Part 1','Part 1',#11984,
#11937,'');
#1945=NEXT_ASSEMBLY_USAGE_OCCURRENCE('NAUO842','Part 1','Part 1',#11984,
#11937,'');
#1946=NEXT_ASSEMBLY_USAGE_OCCURRENCE('NAUO843','Part 1','Part 1',#11984,
#11937,'');
#1947=NEXT_ASSEMBLY_USAGE_OCCURRENCE('NAUO844','Part 1','Part 1',#11984,
#11937,'');
#1948=NEXT_ASSEMBLY_USAGE_OCCURRENCE('NAUO845','Part 1','Part 1',#11984,
#11937,'');
#1949=NEXT_ASSEMBLY_USAGE_OCCURRENCE('NAUO846','Part 1','Part 1',#11984,
#11937,'');
#1950=NEXT_ASSEMBLY_USAGE_OCCURRENCE('NAUO847','Part 1','Part 1',#11984,
#11937,'');
#1951=NEXT_ASSEMBLY_USAGE_OCCURRENCE('NAUO848','Part 1','Part 1',#11984,
#11937,'');
#1952=NEXT_ASSEMBLY_USAGE_OCCURRENCE('NAUO849','Part 1','Part 1',#11984,
#11937,'');
#1953=NEXT_ASSEMBLY_USAGE_OCCURRENCE('NAUO850','Part 1','Part 1',#11984,
#11937,'');
#1954=NEXT_ASSEMBLY_USAGE_OCCURRENCE('NAUO851','Part 1','Part 1',#11984,
#11937,'');
#1955=NEXT_ASSEMBLY_USAGE_OCCURRENCE('NAUO852','Part 1','Part 1',#11984,
#11937,'');
#1956=NEXT_ASSEMBLY_USAGE_OCCURRENCE('NAUO853','Part 6','Part 6',#11985,
#11941,'');
#1957=NEXT_ASSEMBLY_USAGE_OCCURRENCE('NAUO854','Part 4','Part 4',#11985,
#11940,'');
#1958=NEXT_ASSEMBLY_USAGE_OCCURRENCE('NAUO855','Part 5','Part 5',#11985,
#11943,'');
#1959=NEXT_ASSEMBLY_USAGE_OCCURRENCE('NAUO856','Part 7','Part 7',#11985,
#11942,'');
#1960=NEXT_ASSEMBLY_USAGE_OCCURRENCE('NAUO857','Part 2','Part 2',#11985,
#11939,'');
#1961=NEXT_ASSEMBLY_USAGE_OCCURRENCE('NAUO858','Part 3','Part 3',#11985,
#11944,'');
#1962=NEXT_ASSEMBLY_USAGE_OCCURRENCE('NAUO859','Part 1','Part 1',#11985,
#11945,'');
#1963=NEXT_ASSEMBLY_USAGE_OCCURRENCE('NAUO860','SiPM <1>','SiPM <1>',#11984,
#11985,'');
#1964=NEXT_ASSEMBLY_USAGE_OCCURRENCE('NAUO861','Part 1','Part 1',#11984,
#11937,'');
#1965=NEXT_ASSEMBLY_USAGE_OCCURRENCE('NAUO862','Part 1','Part 1',#11984,
#11937,'');
#1966=NEXT_ASSEMBLY_USAGE_OCCURRENCE('NAUO863','Part 1','Part 1',#11984,
#11937,'');
#1967=NEXT_ASSEMBLY_USAGE_OCCURRENCE('NAUO864','Part 1','Part 1',#11984,
#11937,'');
#1968=NEXT_ASSEMBLY_USAGE_OCCURRENCE('NAUO865','Block <4>','Block <4>',
#11979,#11984,'');
#1969=NEXT_ASSEMBLY_USAGE_OCCURRENCE('NAUO866','Part 1','Part 1',#11986,
#11937,'');
#1970=NEXT_ASSEMBLY_USAGE_OCCURRENCE('NAUO867','Part 1','Part 1',#11986,
#11937,'');
#1971=NEXT_ASSEMBLY_USAGE_OCCURRENCE('NAUO868','Part 1','Part 1',#11986,
#11937,'');
#1972=NEXT_ASSEMBLY_USAGE_OCCURRENCE('NAUO869','Part 1','Part 1',#11986,
#11937,'');
#1973=NEXT_ASSEMBLY_USAGE_OCCURRENCE('NAUO870','Part 1','Part 1',#11986,
#11937,'');
#1974=NEXT_ASSEMBLY_USAGE_OCCURRENCE('NAUO871','Part 1','Part 1',#11986,
#11937,'');
#1975=NEXT_ASSEMBLY_USAGE_OCCURRENCE('NAUO872','Part 1','Part 1',#11986,
#11937,'');
#1976=NEXT_ASSEMBLY_USAGE_OCCURRENCE('NAUO873','Part 1','Part 1',#11986,
#11937,'');
#1977=NEXT_ASSEMBLY_USAGE_OCCURRENCE('NAUO874','Part 1','Part 1',#11986,
#11937,'');
#1978=NEXT_ASSEMBLY_USAGE_OCCURRENCE('NAUO875','Part 1','Part 1',#11986,
#11937,'');
#1979=NEXT_ASSEMBLY_USAGE_OCCURRENCE('NAUO876','Part 1','Part 1',#11986,
#11937,'');
#1980=NEXT_ASSEMBLY_USAGE_OCCURRENCE('NAUO877','Part 1','Part 1',#11986,
#11937,'');
#1981=NEXT_ASSEMBLY_USAGE_OCCURRENCE('NAUO878','Part 1','Part 1',#11986,
#11937,'');
#1982=NEXT_ASSEMBLY_USAGE_OCCURRENCE('NAUO879','Part 1','Part 1',#11986,
#11937,'');
#1983=NEXT_ASSEMBLY_USAGE_OCCURRENCE('NAUO880','Part 1','Part 1',#11986,
#11937,'');
#1984=NEXT_ASSEMBLY_USAGE_OCCURRENCE('NAUO881','Part 1','Part 1',#11986,
#11937,'');
#1985=NEXT_ASSEMBLY_USAGE_OCCURRENCE('NAUO882','Part 1','Part 1',#11986,
#11937,'');
#1986=NEXT_ASSEMBLY_USAGE_OCCURRENCE('NAUO883','Part 1','Part 1',#11986,
#11937,'');
#1987=NEXT_ASSEMBLY_USAGE_OCCURRENCE('NAUO884','Part 1','Part 1',#11986,
#11937,'');
#1988=NEXT_ASSEMBLY_USAGE_OCCURRENCE('NAUO885','Part 1','Part 1',#11986,
#11937,'');
#1989=NEXT_ASSEMBLY_USAGE_OCCURRENCE('NAUO886','Part 1','Part 1',#11986,
#11937,'');
#1990=NEXT_ASSEMBLY_USAGE_OCCURRENCE('NAUO887','Part 1','Part 1',#11986,
#11937,'');
#1991=NEXT_ASSEMBLY_USAGE_OCCURRENCE('NAUO888','Part 1','Part 1',#11986,
#11937,'');
#1992=NEXT_ASSEMBLY_USAGE_OCCURRENCE('NAUO889','Part 1','Part 1',#11986,
#11937,'');
#1993=NEXT_ASSEMBLY_USAGE_OCCURRENCE('NAUO890','Part 1','Part 1',#11986,
#11937,'');
#1994=NEXT_ASSEMBLY_USAGE_OCCURRENCE('NAUO891','Part 1','Part 1',#11986,
#11937,'');
#1995=NEXT_ASSEMBLY_USAGE_OCCURRENCE('NAUO892','Part 1','Part 1',#11986,
#11937,'');
#1996=NEXT_ASSEMBLY_USAGE_OCCURRENCE('NAUO893','Part 2','Part 2',#11987,
#11939,'');
#1997=NEXT_ASSEMBLY_USAGE_OCCURRENCE('NAUO894','Part 1','Part 1',#11987,
#11945,'');
#1998=NEXT_ASSEMBLY_USAGE_OCCURRENCE('NAUO895','Part 3','Part 3',#11987,
#11944,'');
#1999=NEXT_ASSEMBLY_USAGE_OCCURRENCE('NAUO896','Part 5','Part 5',#11987,
#11943,'');
#2000=NEXT_ASSEMBLY_USAGE_OCCURRENCE('NAUO897','Part 6','Part 6',#11987,
#11941,'');
#2001=NEXT_ASSEMBLY_USAGE_OCCURRENCE('NAUO898','Part 7','Part 7',#11987,
#11942,'');
#2002=NEXT_ASSEMBLY_USAGE_OCCURRENCE('NAUO899','Part 4','Part 4',#11987,
#11940,'');
#2003=NEXT_ASSEMBLY_USAGE_OCCURRENCE('NAUO900','SiPM <1>','SiPM <1>',#11986,
#11987,'');
#2004=NEXT_ASSEMBLY_USAGE_OCCURRENCE('NAUO901','Part 1','Part 1',#11986,
#11937,'');
#2005=NEXT_ASSEMBLY_USAGE_OCCURRENCE('NAUO902','Part 1','Part 1',#11986,
#11937,'');
#2006=NEXT_ASSEMBLY_USAGE_OCCURRENCE('NAUO903','Part 1','Part 1',#11986,
#11937,'');
#2007=NEXT_ASSEMBLY_USAGE_OCCURRENCE('NAUO904','Part 1','Part 1',#11986,
#11937,'');
#2008=NEXT_ASSEMBLY_USAGE_OCCURRENCE('NAUO905','Part 1','Part 1',#11986,
#11937,'');
#2009=NEXT_ASSEMBLY_USAGE_OCCURRENCE('NAUO906','Part 1','Part 1',#11986,
#11937,'');
#2010=NEXT_ASSEMBLY_USAGE_OCCURRENCE('NAUO907','Part 1','Part 1',#11986,
#11937,'');
#2011=NEXT_ASSEMBLY_USAGE_OCCURRENCE('NAUO908','Part 1','Part 1',#11986,
#11937,'');
#2012=NEXT_ASSEMBLY_USAGE_OCCURRENCE('NAUO909','Part 1','Part 1',#11986,
#11937,'');
#2013=NEXT_ASSEMBLY_USAGE_OCCURRENCE('NAUO910','Block <1>','Block <1>',
#11979,#11986,'');
#2014=NEXT_ASSEMBLY_USAGE_OCCURRENCE('NAUO911','Unit <2>','Unit <2>',#11932,
#11979,'');
#2015=NEXT_ASSEMBLY_USAGE_OCCURRENCE('NAUO912','Part 1','Part 1',#11988,
#11935,'');
#2016=NEXT_ASSEMBLY_USAGE_OCCURRENCE('NAUO913','Part 1','Part 1',#11989,
#11937,'');
#2017=NEXT_ASSEMBLY_USAGE_OCCURRENCE('NAUO914','Part 1','Part 1',#11989,
#11937,'');
#2018=NEXT_ASSEMBLY_USAGE_OCCURRENCE('NAUO915','Part 1','Part 1',#11989,
#11937,'');
#2019=NEXT_ASSEMBLY_USAGE_OCCURRENCE('NAUO916','Part 1','Part 1',#11989,
#11937,'');
#2020=NEXT_ASSEMBLY_USAGE_OCCURRENCE('NAUO917','Part 1','Part 1',#11989,
#11937,'');
#2021=NEXT_ASSEMBLY_USAGE_OCCURRENCE('NAUO918','Part 1','Part 1',#11989,
#11937,'');
#2022=NEXT_ASSEMBLY_USAGE_OCCURRENCE('NAUO919','Part 1','Part 1',#11989,
#11937,'');
#2023=NEXT_ASSEMBLY_USAGE_OCCURRENCE('NAUO920','Part 1','Part 1',#11989,
#11937,'');
#2024=NEXT_ASSEMBLY_USAGE_OCCURRENCE('NAUO921','Part 1','Part 1',#11989,
#11937,'');
#2025=NEXT_ASSEMBLY_USAGE_OCCURRENCE('NAUO922','Part 1','Part 1',#11989,
#11937,'');
#2026=NEXT_ASSEMBLY_USAGE_OCCURRENCE('NAUO923','Part 1','Part 1',#11989,
#11937,'');
#2027=NEXT_ASSEMBLY_USAGE_OCCURRENCE('NAUO924','Part 1','Part 1',#11989,
#11937,'');
#2028=NEXT_ASSEMBLY_USAGE_OCCURRENCE('NAUO925','Part 1','Part 1',#11989,
#11937,'');
#2029=NEXT_ASSEMBLY_USAGE_OCCURRENCE('NAUO926','Part 1','Part 1',#11989,
#11937,'');
#2030=NEXT_ASSEMBLY_USAGE_OCCURRENCE('NAUO927','Part 1','Part 1',#11989,
#11937,'');
#2031=NEXT_ASSEMBLY_USAGE_OCCURRENCE('NAUO928','Part 1','Part 1',#11989,
#11937,'');
#2032=NEXT_ASSEMBLY_USAGE_OCCURRENCE('NAUO929','Part 1','Part 1',#11989,
#11937,'');
#2033=NEXT_ASSEMBLY_USAGE_OCCURRENCE('NAUO930','Part 1','Part 1',#11989,
#11937,'');
#2034=NEXT_ASSEMBLY_USAGE_OCCURRENCE('NAUO931','Part 1','Part 1',#11989,
#11937,'');
#2035=NEXT_ASSEMBLY_USAGE_OCCURRENCE('NAUO932','Part 1','Part 1',#11989,
#11937,'');
#2036=NEXT_ASSEMBLY_USAGE_OCCURRENCE('NAUO933','Part 1','Part 1',#11989,
#11937,'');
#2037=NEXT_ASSEMBLY_USAGE_OCCURRENCE('NAUO934','Part 1','Part 1',#11989,
#11937,'');
#2038=NEXT_ASSEMBLY_USAGE_OCCURRENCE('NAUO935','Part 1','Part 1',#11989,
#11937,'');
#2039=NEXT_ASSEMBLY_USAGE_OCCURRENCE('NAUO936','Part 1','Part 1',#11989,
#11937,'');
#2040=NEXT_ASSEMBLY_USAGE_OCCURRENCE('NAUO937','Part 1','Part 1',#11989,
#11937,'');
#2041=NEXT_ASSEMBLY_USAGE_OCCURRENCE('NAUO938','Part 1','Part 1',#11989,
#11937,'');
#2042=NEXT_ASSEMBLY_USAGE_OCCURRENCE('NAUO939','Part 1','Part 1',#11989,
#11937,'');
#2043=NEXT_ASSEMBLY_USAGE_OCCURRENCE('NAUO940','Part 1','Part 1',#11989,
#11937,'');
#2044=NEXT_ASSEMBLY_USAGE_OCCURRENCE('NAUO941','Part 1','Part 1',#11989,
#11937,'');
#2045=NEXT_ASSEMBLY_USAGE_OCCURRENCE('NAUO942','Part 1','Part 1',#11989,
#11937,'');
#2046=NEXT_ASSEMBLY_USAGE_OCCURRENCE('NAUO943','Part 1','Part 1',#11989,
#11937,'');
#2047=NEXT_ASSEMBLY_USAGE_OCCURRENCE('NAUO944','Part 1','Part 1',#11989,
#11937,'');
#2048=NEXT_ASSEMBLY_USAGE_OCCURRENCE('NAUO945','Part 1','Part 1',#11989,
#11937,'');
#2049=NEXT_ASSEMBLY_USAGE_OCCURRENCE('NAUO946','Part 1','Part 1',#11989,
#11937,'');
#2050=NEXT_ASSEMBLY_USAGE_OCCURRENCE('NAUO947','Part 1','Part 1',#11989,
#11937,'');
#2051=NEXT_ASSEMBLY_USAGE_OCCURRENCE('NAUO948','Part 1','Part 1',#11989,
#11937,'');
#2052=NEXT_ASSEMBLY_USAGE_OCCURRENCE('NAUO949','Part 4','Part 4',#11990,
#11940,'');
#2053=NEXT_ASSEMBLY_USAGE_OCCURRENCE('NAUO950','Part 6','Part 6',#11990,
#11941,'');
#2054=NEXT_ASSEMBLY_USAGE_OCCURRENCE('NAUO951','Part 7','Part 7',#11990,
#11942,'');
#2055=NEXT_ASSEMBLY_USAGE_OCCURRENCE('NAUO952','Part 1','Part 1',#11990,
#11945,'');
#2056=NEXT_ASSEMBLY_USAGE_OCCURRENCE('NAUO953','Part 2','Part 2',#11990,
#11939,'');
#2057=NEXT_ASSEMBLY_USAGE_OCCURRENCE('NAUO954','Part 3','Part 3',#11990,
#11944,'');
#2058=NEXT_ASSEMBLY_USAGE_OCCURRENCE('NAUO955','Part 5','Part 5',#11990,
#11943,'');
#2059=NEXT_ASSEMBLY_USAGE_OCCURRENCE('NAUO956','SiPM <1>','SiPM <1>',#11989,
#11990,'');
#2060=NEXT_ASSEMBLY_USAGE_OCCURRENCE('NAUO957','Block <4>','Block <4>',
#11988,#11989,'');
#2061=NEXT_ASSEMBLY_USAGE_OCCURRENCE('NAUO958','Part 1','Part 1',#11991,
#11937,'');
#2062=NEXT_ASSEMBLY_USAGE_OCCURRENCE('NAUO959','Part 1','Part 1',#11991,
#11937,'');
#2063=NEXT_ASSEMBLY_USAGE_OCCURRENCE('NAUO960','Part 1','Part 1',#11991,
#11937,'');
#2064=NEXT_ASSEMBLY_USAGE_OCCURRENCE('NAUO961','Part 1','Part 1',#11991,
#11937,'');
#2065=NEXT_ASSEMBLY_USAGE_OCCURRENCE('NAUO962','Part 1','Part 1',#11991,
#11937,'');
#2066=NEXT_ASSEMBLY_USAGE_OCCURRENCE('NAUO963','Part 1','Part 1',#11991,
#11937,'');
#2067=NEXT_ASSEMBLY_USAGE_OCCURRENCE('NAUO964','Part 1','Part 1',#11991,
#11937,'');
#2068=NEXT_ASSEMBLY_USAGE_OCCURRENCE('NAUO965','Part 1','Part 1',#11991,
#11937,'');
#2069=NEXT_ASSEMBLY_USAGE_OCCURRENCE('NAUO966','Part 1','Part 1',#11991,
#11937,'');
#2070=NEXT_ASSEMBLY_USAGE_OCCURRENCE('NAUO967','Part 1','Part 1',#11991,
#11937,'');
#2071=NEXT_ASSEMBLY_USAGE_OCCURRENCE('NAUO968','Part 1','Part 1',#11991,
#11937,'');
#2072=NEXT_ASSEMBLY_USAGE_OCCURRENCE('NAUO969','Part 1','Part 1',#11991,
#11937,'');
#2073=NEXT_ASSEMBLY_USAGE_OCCURRENCE('NAUO970','Part 1','Part 1',#11991,
#11937,'');
#2074=NEXT_ASSEMBLY_USAGE_OCCURRENCE('NAUO971','Part 1','Part 1',#11991,
#11937,'');
#2075=NEXT_ASSEMBLY_USAGE_OCCURRENCE('NAUO972','Part 1','Part 1',#11991,
#11937,'');
#2076=NEXT_ASSEMBLY_USAGE_OCCURRENCE('NAUO973','Part 1','Part 1',#11991,
#11937,'');
#2077=NEXT_ASSEMBLY_USAGE_OCCURRENCE('NAUO974','Part 1','Part 1',#11991,
#11937,'');
#2078=NEXT_ASSEMBLY_USAGE_OCCURRENCE('NAUO975','Part 1','Part 1',#11991,
#11937,'');
#2079=NEXT_ASSEMBLY_USAGE_OCCURRENCE('NAUO976','Part 1','Part 1',#11991,
#11937,'');
#2080=NEXT_ASSEMBLY_USAGE_OCCURRENCE('NAUO977','Part 1','Part 1',#11991,
#11937,'');
#2081=NEXT_ASSEMBLY_USAGE_OCCURRENCE('NAUO978','Part 1','Part 1',#11991,
#11937,'');
#2082=NEXT_ASSEMBLY_USAGE_OCCURRENCE('NAUO979','Part 1','Part 1',#11991,
#11937,'');
#2083=NEXT_ASSEMBLY_USAGE_OCCURRENCE('NAUO980','Part 1','Part 1',#11991,
#11937,'');
#2084=NEXT_ASSEMBLY_USAGE_OCCURRENCE('NAUO981','Part 1','Part 1',#11991,
#11937,'');
#2085=NEXT_ASSEMBLY_USAGE_OCCURRENCE('NAUO982','Part 1','Part 1',#11991,
#11937,'');
#2086=NEXT_ASSEMBLY_USAGE_OCCURRENCE('NAUO983','Part 1','Part 1',#11991,
#11937,'');
#2087=NEXT_ASSEMBLY_USAGE_OCCURRENCE('NAUO984','Part 1','Part 1',#11991,
#11937,'');
#2088=NEXT_ASSEMBLY_USAGE_OCCURRENCE('NAUO985','Part 1','Part 1',#11991,
#11937,'');
#2089=NEXT_ASSEMBLY_USAGE_OCCURRENCE('NAUO986','Part 1','Part 1',#11992,
#11945,'');
#2090=NEXT_ASSEMBLY_USAGE_OCCURRENCE('NAUO987','Part 2','Part 2',#11992,
#11939,'');
#2091=NEXT_ASSEMBLY_USAGE_OCCURRENCE('NAUO988','Part 4','Part 4',#11992,
#11940,'');
#2092=NEXT_ASSEMBLY_USAGE_OCCURRENCE('NAUO989','Part 7','Part 7',#11992,
#11942,'');
#2093=NEXT_ASSEMBLY_USAGE_OCCURRENCE('NAUO990','Part 5','Part 5',#11992,
#11943,'');
#2094=NEXT_ASSEMBLY_USAGE_OCCURRENCE('NAUO991','Part 3','Part 3',#11992,
#11944,'');
#2095=NEXT_ASSEMBLY_USAGE_OCCURRENCE('NAUO992','Part 6','Part 6',#11992,
#11941,'');
#2096=NEXT_ASSEMBLY_USAGE_OCCURRENCE('NAUO993','SiPM <1>','SiPM <1>',#11991,
#11992,'');
#2097=NEXT_ASSEMBLY_USAGE_OCCURRENCE('NAUO994','Part 1','Part 1',#11991,
#11937,'');
#2098=NEXT_ASSEMBLY_USAGE_OCCURRENCE('NAUO995','Part 1','Part 1',#11991,
#11937,'');
#2099=NEXT_ASSEMBLY_USAGE_OCCURRENCE('NAUO996','Part 1','Part 1',#11991,
#11937,'');
#2100=NEXT_ASSEMBLY_USAGE_OCCURRENCE('NAUO997','Part 1','Part 1',#11991,
#11937,'');
#2101=NEXT_ASSEMBLY_USAGE_OCCURRENCE('NAUO998','Part 1','Part 1',#11991,
#11937,'');
#2102=NEXT_ASSEMBLY_USAGE_OCCURRENCE('NAUO999','Part 1','Part 1',#11991,
#11937,'');
#2103=NEXT_ASSEMBLY_USAGE_OCCURRENCE('NAUO1000','Part 1','Part 1',#11991,
#11937,'');
#2104=NEXT_ASSEMBLY_USAGE_OCCURRENCE('NAUO1001','Part 1','Part 1',#11991,
#11937,'');
#2105=NEXT_ASSEMBLY_USAGE_OCCURRENCE('NAUO1002','Block <2>','Block <2>',
#11988,#11991,'');
#2106=NEXT_ASSEMBLY_USAGE_OCCURRENCE('NAUO1003','Part 1','Part 1',#11993,
#11937,'');
#2107=NEXT_ASSEMBLY_USAGE_OCCURRENCE('NAUO1004','Part 1','Part 1',#11993,
#11937,'');
#2108=NEXT_ASSEMBLY_USAGE_OCCURRENCE('NAUO1005','Part 1','Part 1',#11993,
#11937,'');
#2109=NEXT_ASSEMBLY_USAGE_OCCURRENCE('NAUO1006','Part 1','Part 1',#11993,
#11937,'');
#2110=NEXT_ASSEMBLY_USAGE_OCCURRENCE('NAUO1007','Part 1','Part 1',#11993,
#11937,'');
#2111=NEXT_ASSEMBLY_USAGE_OCCURRENCE('NAUO1008','Part 1','Part 1',#11993,
#11937,'');
#2112=NEXT_ASSEMBLY_USAGE_OCCURRENCE('NAUO1009','Part 1','Part 1',#11993,
#11937,'');
#2113=NEXT_ASSEMBLY_USAGE_OCCURRENCE('NAUO1010','Part 1','Part 1',#11993,
#11937,'');
#2114=NEXT_ASSEMBLY_USAGE_OCCURRENCE('NAUO1011','Part 1','Part 1',#11993,
#11937,'');
#2115=NEXT_ASSEMBLY_USAGE_OCCURRENCE('NAUO1012','Part 1','Part 1',#11993,
#11937,'');
#2116=NEXT_ASSEMBLY_USAGE_OCCURRENCE('NAUO1013','Part 1','Part 1',#11993,
#11937,'');
#2117=NEXT_ASSEMBLY_USAGE_OCCURRENCE('NAUO1014','Part 1','Part 1',#11993,
#11937,'');
#2118=NEXT_ASSEMBLY_USAGE_OCCURRENCE('NAUO1015','Part 1','Part 1',#11993,
#11937,'');
#2119=NEXT_ASSEMBLY_USAGE_OCCURRENCE('NAUO1016','Part 1','Part 1',#11993,
#11937,'');
#2120=NEXT_ASSEMBLY_USAGE_OCCURRENCE('NAUO1017','Part 1','Part 1',#11993,
#11937,'');
#2121=NEXT_ASSEMBLY_USAGE_OCCURRENCE('NAUO1018','Part 1','Part 1',#11993,
#11937,'');
#2122=NEXT_ASSEMBLY_USAGE_OCCURRENCE('NAUO1019','Part 1','Part 1',#11993,
#11937,'');
#2123=NEXT_ASSEMBLY_USAGE_OCCURRENCE('NAUO1020','Part 1','Part 1',#11993,
#11937,'');
#2124=NEXT_ASSEMBLY_USAGE_OCCURRENCE('NAUO1021','Part 1','Part 1',#11993,
#11937,'');
#2125=NEXT_ASSEMBLY_USAGE_OCCURRENCE('NAUO1022','Part 1','Part 1',#11993,
#11937,'');
#2126=NEXT_ASSEMBLY_USAGE_OCCURRENCE('NAUO1023','Part 1','Part 1',#11993,
#11937,'');
#2127=NEXT_ASSEMBLY_USAGE_OCCURRENCE('NAUO1024','Part 1','Part 1',#11993,
#11937,'');
#2128=NEXT_ASSEMBLY_USAGE_OCCURRENCE('NAUO1025','Part 1','Part 1',#11993,
#11937,'');
#2129=NEXT_ASSEMBLY_USAGE_OCCURRENCE('NAUO1026','Part 1','Part 1',#11993,
#11937,'');
#2130=NEXT_ASSEMBLY_USAGE_OCCURRENCE('NAUO1027','Part 1','Part 1',#11993,
#11937,'');
#2131=NEXT_ASSEMBLY_USAGE_OCCURRENCE('NAUO1028','Part 1','Part 1',#11993,
#11937,'');
#2132=NEXT_ASSEMBLY_USAGE_OCCURRENCE('NAUO1029','Part 1','Part 1',#11993,
#11937,'');
#2133=NEXT_ASSEMBLY_USAGE_OCCURRENCE('NAUO1030','Part 1','Part 1',#11993,
#11937,'');
#2134=NEXT_ASSEMBLY_USAGE_OCCURRENCE('NAUO1031','Part 1','Part 1',#11993,
#11937,'');
#2135=NEXT_ASSEMBLY_USAGE_OCCURRENCE('NAUO1032','Part 1','Part 1',#11993,
#11937,'');
#2136=NEXT_ASSEMBLY_USAGE_OCCURRENCE('NAUO1033','Part 1','Part 1',#11993,
#11937,'');
#2137=NEXT_ASSEMBLY_USAGE_OCCURRENCE('NAUO1034','Part 1','Part 1',#11993,
#11937,'');
#2138=NEXT_ASSEMBLY_USAGE_OCCURRENCE('NAUO1035','Part 1','Part 1',#11993,
#11937,'');
#2139=NEXT_ASSEMBLY_USAGE_OCCURRENCE('NAUO1036','Part 2','Part 2',#11994,
#11939,'');
#2140=NEXT_ASSEMBLY_USAGE_OCCURRENCE('NAUO1037','Part 4','Part 4',#11994,
#11940,'');
#2141=NEXT_ASSEMBLY_USAGE_OCCURRENCE('NAUO1038','Part 1','Part 1',#11994,
#11945,'');
#2142=NEXT_ASSEMBLY_USAGE_OCCURRENCE('NAUO1039','Part 5','Part 5',#11994,
#11943,'');
#2143=NEXT_ASSEMBLY_USAGE_OCCURRENCE('NAUO1040','Part 3','Part 3',#11994,
#11944,'');
#2144=NEXT_ASSEMBLY_USAGE_OCCURRENCE('NAUO1041','Part 6','Part 6',#11994,
#11941,'');
#2145=NEXT_ASSEMBLY_USAGE_OCCURRENCE('NAUO1042','Part 7','Part 7',#11994,
#11942,'');
#2146=NEXT_ASSEMBLY_USAGE_OCCURRENCE('NAUO1043','SiPM <1>','SiPM <1>',#11993,
#11994,'');
#2147=NEXT_ASSEMBLY_USAGE_OCCURRENCE('NAUO1044','Part 1','Part 1',#11993,
#11937,'');
#2148=NEXT_ASSEMBLY_USAGE_OCCURRENCE('NAUO1045','Part 1','Part 1',#11993,
#11937,'');
#2149=NEXT_ASSEMBLY_USAGE_OCCURRENCE('NAUO1046','Part 1','Part 1',#11993,
#11937,'');
#2150=NEXT_ASSEMBLY_USAGE_OCCURRENCE('NAUO1047','Block <1>','Block <1>',
#11988,#11993,'');
#2151=NEXT_ASSEMBLY_USAGE_OCCURRENCE('NAUO1048','Part 1','Part 1',#11995,
#11937,'');
#2152=NEXT_ASSEMBLY_USAGE_OCCURRENCE('NAUO1049','Part 1','Part 1',#11995,
#11937,'');
#2153=NEXT_ASSEMBLY_USAGE_OCCURRENCE('NAUO1050','Part 1','Part 1',#11995,
#11937,'');
#2154=NEXT_ASSEMBLY_USAGE_OCCURRENCE('NAUO1051','Part 1','Part 1',#11995,
#11937,'');
#2155=NEXT_ASSEMBLY_USAGE_OCCURRENCE('NAUO1052','Part 1','Part 1',#11995,
#11937,'');
#2156=NEXT_ASSEMBLY_USAGE_OCCURRENCE('NAUO1053','Part 1','Part 1',#11995,
#11937,'');
#2157=NEXT_ASSEMBLY_USAGE_OCCURRENCE('NAUO1054','Part 1','Part 1',#11995,
#11937,'');
#2158=NEXT_ASSEMBLY_USAGE_OCCURRENCE('NAUO1055','Part 1','Part 1',#11995,
#11937,'');
#2159=NEXT_ASSEMBLY_USAGE_OCCURRENCE('NAUO1056','Part 1','Part 1',#11995,
#11937,'');
#2160=NEXT_ASSEMBLY_USAGE_OCCURRENCE('NAUO1057','Part 1','Part 1',#11995,
#11937,'');
#2161=NEXT_ASSEMBLY_USAGE_OCCURRENCE('NAUO1058','Part 1','Part 1',#11995,
#11937,'');
#2162=NEXT_ASSEMBLY_USAGE_OCCURRENCE('NAUO1059','Part 1','Part 1',#11995,
#11937,'');
#2163=NEXT_ASSEMBLY_USAGE_OCCURRENCE('NAUO1060','Part 1','Part 1',#11995,
#11937,'');
#2164=NEXT_ASSEMBLY_USAGE_OCCURRENCE('NAUO1061','Part 1','Part 1',#11995,
#11937,'');
#2165=NEXT_ASSEMBLY_USAGE_OCCURRENCE('NAUO1062','Part 1','Part 1',#11995,
#11937,'');
#2166=NEXT_ASSEMBLY_USAGE_OCCURRENCE('NAUO1063','Part 1','Part 1',#11995,
#11937,'');
#2167=NEXT_ASSEMBLY_USAGE_OCCURRENCE('NAUO1064','Part 1','Part 1',#11995,
#11937,'');
#2168=NEXT_ASSEMBLY_USAGE_OCCURRENCE('NAUO1065','Part 1','Part 1',#11995,
#11937,'');
#2169=NEXT_ASSEMBLY_USAGE_OCCURRENCE('NAUO1066','Part 1','Part 1',#11995,
#11937,'');
#2170=NEXT_ASSEMBLY_USAGE_OCCURRENCE('NAUO1067','Part 1','Part 1',#11995,
#11937,'');
#2171=NEXT_ASSEMBLY_USAGE_OCCURRENCE('NAUO1068','Part 1','Part 1',#11995,
#11937,'');
#2172=NEXT_ASSEMBLY_USAGE_OCCURRENCE('NAUO1069','Part 1','Part 1',#11995,
#11937,'');
#2173=NEXT_ASSEMBLY_USAGE_OCCURRENCE('NAUO1070','Part 1','Part 1',#11995,
#11937,'');
#2174=NEXT_ASSEMBLY_USAGE_OCCURRENCE('NAUO1071','Part 1','Part 1',#11995,
#11937,'');
#2175=NEXT_ASSEMBLY_USAGE_OCCURRENCE('NAUO1072','Part 1','Part 1',#11995,
#11937,'');
#2176=NEXT_ASSEMBLY_USAGE_OCCURRENCE('NAUO1073','Part 1','Part 1',#11995,
#11937,'');
#2177=NEXT_ASSEMBLY_USAGE_OCCURRENCE('NAUO1074','Part 1','Part 1',#11995,
#11937,'');
#2178=NEXT_ASSEMBLY_USAGE_OCCURRENCE('NAUO1075','Part 1','Part 1',#11995,
#11937,'');
#2179=NEXT_ASSEMBLY_USAGE_OCCURRENCE('NAUO1076','Part 1','Part 1',#11995,
#11937,'');
#2180=NEXT_ASSEMBLY_USAGE_OCCURRENCE('NAUO1077','Part 1','Part 1',#11995,
#11937,'');
#2181=NEXT_ASSEMBLY_USAGE_OCCURRENCE('NAUO1078','Part 1','Part 1',#11995,
#11937,'');
#2182=NEXT_ASSEMBLY_USAGE_OCCURRENCE('NAUO1079','Part 1','Part 1',#11995,
#11937,'');
#2183=NEXT_ASSEMBLY_USAGE_OCCURRENCE('NAUO1080','Part 1','Part 1',#11995,
#11937,'');
#2184=NEXT_ASSEMBLY_USAGE_OCCURRENCE('NAUO1081','Part 1','Part 1',#11995,
#11937,'');
#2185=NEXT_ASSEMBLY_USAGE_OCCURRENCE('NAUO1082','Part 1','Part 1',#11995,
#11937,'');
#2186=NEXT_ASSEMBLY_USAGE_OCCURRENCE('NAUO1083','Part 1','Part 1',#11995,
#11937,'');
#2187=NEXT_ASSEMBLY_USAGE_OCCURRENCE('NAUO1084','Part 3','Part 3',#11996,
#11944,'');
#2188=NEXT_ASSEMBLY_USAGE_OCCURRENCE('NAUO1085','Part 6','Part 6',#11996,
#11941,'');
#2189=NEXT_ASSEMBLY_USAGE_OCCURRENCE('NAUO1086','Part 7','Part 7',#11996,
#11942,'');
#2190=NEXT_ASSEMBLY_USAGE_OCCURRENCE('NAUO1087','Part 4','Part 4',#11996,
#11940,'');
#2191=NEXT_ASSEMBLY_USAGE_OCCURRENCE('NAUO1088','Part 5','Part 5',#11996,
#11943,'');
#2192=NEXT_ASSEMBLY_USAGE_OCCURRENCE('NAUO1089','Part 2','Part 2',#11996,
#11939,'');
#2193=NEXT_ASSEMBLY_USAGE_OCCURRENCE('NAUO1090','Part 1','Part 1',#11996,
#11945,'');
#2194=NEXT_ASSEMBLY_USAGE_OCCURRENCE('NAUO1091','SiPM <1>','SiPM <1>',#11995,
#11996,'');
#2195=NEXT_ASSEMBLY_USAGE_OCCURRENCE('NAUO1092','Block <3>','Block <3>',
#11988,#11995,'');
#2196=NEXT_ASSEMBLY_USAGE_OCCURRENCE('NAUO1093','Unit <1>','Unit <1>',#11932,
#11988,'');
#2197=NEXT_ASSEMBLY_USAGE_OCCURRENCE('NAUO1094','dmod <1>','dmod <1>',#11931,
#11932,'');
#2198=(
REPRESENTATION_RELATIONSHIP(' ',' ',#5579,#5578)
REPRESENTATION_RELATIONSHIP_WITH_TRANSFORMATION(#3292)
SHAPE_REPRESENTATION_RELATIONSHIP()
);
#2199=(
REPRESENTATION_RELATIONSHIP(' ',' ',#5581,#5580)
REPRESENTATION_RELATIONSHIP_WITH_TRANSFORMATION(#3293)
SHAPE_REPRESENTATION_RELATIONSHIP()
);
#2200=(
REPRESENTATION_RELATIONSHIP(' ',' ',#5583,#5582)
REPRESENTATION_RELATIONSHIP_WITH_TRANSFORMATION(#3294)
SHAPE_REPRESENTATION_RELATIONSHIP()
);
#2201=(
REPRESENTATION_RELATIONSHIP(' ',' ',#5583,#5582)
REPRESENTATION_RELATIONSHIP_WITH_TRANSFORMATION(#3295)
SHAPE_REPRESENTATION_RELATIONSHIP()
);
#2202=(
REPRESENTATION_RELATIONSHIP(' ',' ',#5583,#5582)
REPRESENTATION_RELATIONSHIP_WITH_TRANSFORMATION(#3296)
SHAPE_REPRESENTATION_RELATIONSHIP()
);
#2203=(
REPRESENTATION_RELATIONSHIP(' ',' ',#5583,#5582)
REPRESENTATION_RELATIONSHIP_WITH_TRANSFORMATION(#3297)
SHAPE_REPRESENTATION_RELATIONSHIP()
);
#2204=(
REPRESENTATION_RELATIONSHIP(' ',' ',#5583,#5582)
REPRESENTATION_RELATIONSHIP_WITH_TRANSFORMATION(#3298)
SHAPE_REPRESENTATION_RELATIONSHIP()
);
#2205=(
REPRESENTATION_RELATIONSHIP(' ',' ',#5583,#5582)
REPRESENTATION_RELATIONSHIP_WITH_TRANSFORMATION(#3299)
SHAPE_REPRESENTATION_RELATIONSHIP()
);
#2206=(
REPRESENTATION_RELATIONSHIP(' ',' ',#5583,#5582)
REPRESENTATION_RELATIONSHIP_WITH_TRANSFORMATION(#3300)
SHAPE_REPRESENTATION_RELATIONSHIP()
);
#2207=(
REPRESENTATION_RELATIONSHIP(' ',' ',#5583,#5582)
REPRESENTATION_RELATIONSHIP_WITH_TRANSFORMATION(#3301)
SHAPE_REPRESENTATION_RELATIONSHIP()
);
#2208=(
REPRESENTATION_RELATIONSHIP(' ',' ',#5583,#5582)
REPRESENTATION_RELATIONSHIP_WITH_TRANSFORMATION(#3302)
SHAPE_REPRESENTATION_RELATIONSHIP()
);
#2209=(
REPRESENTATION_RELATIONSHIP(' ',' ',#5583,#5582)
REPRESENTATION_RELATIONSHIP_WITH_TRANSFORMATION(#3303)
SHAPE_REPRESENTATION_RELATIONSHIP()
);
#2210=(
REPRESENTATION_RELATIONSHIP(' ',' ',#5583,#5582)
REPRESENTATION_RELATIONSHIP_WITH_TRANSFORMATION(#3304)
SHAPE_REPRESENTATION_RELATIONSHIP()
);
#2211=(
REPRESENTATION_RELATIONSHIP(' ',' ',#5583,#5582)
REPRESENTATION_RELATIONSHIP_WITH_TRANSFORMATION(#3305)
SHAPE_REPRESENTATION_RELATIONSHIP()
);
#2212=(
REPRESENTATION_RELATIONSHIP(' ',' ',#5583,#5582)
REPRESENTATION_RELATIONSHIP_WITH_TRANSFORMATION(#3306)
SHAPE_REPRESENTATION_RELATIONSHIP()
);
#2213=(
REPRESENTATION_RELATIONSHIP(' ',' ',#5583,#5582)
REPRESENTATION_RELATIONSHIP_WITH_TRANSFORMATION(#3307)
SHAPE_REPRESENTATION_RELATIONSHIP()
);
#2214=(
REPRESENTATION_RELATIONSHIP(' ',' ',#5583,#5582)
REPRESENTATION_RELATIONSHIP_WITH_TRANSFORMATION(#3308)
SHAPE_REPRESENTATION_RELATIONSHIP()
);
#2215=(
REPRESENTATION_RELATIONSHIP(' ',' ',#5583,#5582)
REPRESENTATION_RELATIONSHIP_WITH_TRANSFORMATION(#3309)
SHAPE_REPRESENTATION_RELATIONSHIP()
);
#2216=(
REPRESENTATION_RELATIONSHIP(' ',' ',#5583,#5582)
REPRESENTATION_RELATIONSHIP_WITH_TRANSFORMATION(#3310)
SHAPE_REPRESENTATION_RELATIONSHIP()
);
#2217=(
REPRESENTATION_RELATIONSHIP(' ',' ',#5583,#5582)
REPRESENTATION_RELATIONSHIP_WITH_TRANSFORMATION(#3311)
SHAPE_REPRESENTATION_RELATIONSHIP()
);
#2218=(
REPRESENTATION_RELATIONSHIP(' ',' ',#5583,#5582)
REPRESENTATION_RELATIONSHIP_WITH_TRANSFORMATION(#3312)
SHAPE_REPRESENTATION_RELATIONSHIP()
);
#2219=(
REPRESENTATION_RELATIONSHIP(' ',' ',#5583,#5582)
REPRESENTATION_RELATIONSHIP_WITH_TRANSFORMATION(#3313)
SHAPE_REPRESENTATION_RELATIONSHIP()
);
#2220=(
REPRESENTATION_RELATIONSHIP(' ',' ',#5583,#5582)
REPRESENTATION_RELATIONSHIP_WITH_TRANSFORMATION(#3314)
SHAPE_REPRESENTATION_RELATIONSHIP()
);
#2221=(
REPRESENTATION_RELATIONSHIP(' ',' ',#5583,#5582)
REPRESENTATION_RELATIONSHIP_WITH_TRANSFORMATION(#3315)
SHAPE_REPRESENTATION_RELATIONSHIP()
);
#2222=(
REPRESENTATION_RELATIONSHIP(' ',' ',#5583,#5582)
REPRESENTATION_RELATIONSHIP_WITH_TRANSFORMATION(#3316)
SHAPE_REPRESENTATION_RELATIONSHIP()
);
#2223=(
REPRESENTATION_RELATIONSHIP(' ',' ',#5583,#5582)
REPRESENTATION_RELATIONSHIP_WITH_TRANSFORMATION(#3317)
SHAPE_REPRESENTATION_RELATIONSHIP()
);
#2224=(
REPRESENTATION_RELATIONSHIP(' ',' ',#5583,#5582)
REPRESENTATION_RELATIONSHIP_WITH_TRANSFORMATION(#3318)
SHAPE_REPRESENTATION_RELATIONSHIP()
);
#2225=(
REPRESENTATION_RELATIONSHIP(' ',' ',#5583,#5582)
REPRESENTATION_RELATIONSHIP_WITH_TRANSFORMATION(#3319)
SHAPE_REPRESENTATION_RELATIONSHIP()
);
#2226=(
REPRESENTATION_RELATIONSHIP(' ',' ',#5583,#5582)
REPRESENTATION_RELATIONSHIP_WITH_TRANSFORMATION(#3320)
SHAPE_REPRESENTATION_RELATIONSHIP()
);
#2227=(
REPRESENTATION_RELATIONSHIP(' ',' ',#5583,#5582)
REPRESENTATION_RELATIONSHIP_WITH_TRANSFORMATION(#3321)
SHAPE_REPRESENTATION_RELATIONSHIP()
);
#2228=(
REPRESENTATION_RELATIONSHIP(' ',' ',#5583,#5582)
REPRESENTATION_RELATIONSHIP_WITH_TRANSFORMATION(#3322)
SHAPE_REPRESENTATION_RELATIONSHIP()
);
#2229=(
REPRESENTATION_RELATIONSHIP(' ',' ',#5583,#5582)
REPRESENTATION_RELATIONSHIP_WITH_TRANSFORMATION(#3323)
SHAPE_REPRESENTATION_RELATIONSHIP()
);
#2230=(
REPRESENTATION_RELATIONSHIP(' ',' ',#5583,#5582)
REPRESENTATION_RELATIONSHIP_WITH_TRANSFORMATION(#3324)
SHAPE_REPRESENTATION_RELATIONSHIP()
);
#2231=(
REPRESENTATION_RELATIONSHIP(' ',' ',#5583,#5582)
REPRESENTATION_RELATIONSHIP_WITH_TRANSFORMATION(#3325)
SHAPE_REPRESENTATION_RELATIONSHIP()
);
#2232=(
REPRESENTATION_RELATIONSHIP(' ',' ',#5585,#5584)
REPRESENTATION_RELATIONSHIP_WITH_TRANSFORMATION(#3326)
SHAPE_REPRESENTATION_RELATIONSHIP()
);
#2233=(
REPRESENTATION_RELATIONSHIP(' ',' ',#5586,#5584)
REPRESENTATION_RELATIONSHIP_WITH_TRANSFORMATION(#3327)
SHAPE_REPRESENTATION_RELATIONSHIP()
);
#2234=(
REPRESENTATION_RELATIONSHIP(' ',' ',#5587,#5584)
REPRESENTATION_RELATIONSHIP_WITH_TRANSFORMATION(#3328)
SHAPE_REPRESENTATION_RELATIONSHIP()
);
#2235=(
REPRESENTATION_RELATIONSHIP(' ',' ',#5588,#5584)
REPRESENTATION_RELATIONSHIP_WITH_TRANSFORMATION(#3329)
SHAPE_REPRESENTATION_RELATIONSHIP()
);
#2236=(
REPRESENTATION_RELATIONSHIP(' ',' ',#5589,#5584)
REPRESENTATION_RELATIONSHIP_WITH_TRANSFORMATION(#3330)
SHAPE_REPRESENTATION_RELATIONSHIP()
);
#2237=(
REPRESENTATION_RELATIONSHIP(' ',' ',#5590,#5584)
REPRESENTATION_RELATIONSHIP_WITH_TRANSFORMATION(#3331)
SHAPE_REPRESENTATION_RELATIONSHIP()
);
#2238=(
REPRESENTATION_RELATIONSHIP(' ',' ',#5591,#5584)
REPRESENTATION_RELATIONSHIP_WITH_TRANSFORMATION(#3332)
SHAPE_REPRESENTATION_RELATIONSHIP()
);
#2239=(
REPRESENTATION_RELATIONSHIP(' ',' ',#5584,#5582)
REPRESENTATION_RELATIONSHIP_WITH_TRANSFORMATION(#3333)
SHAPE_REPRESENTATION_RELATIONSHIP()
);
#2240=(
REPRESENTATION_RELATIONSHIP(' ',' ',#5583,#5582)
REPRESENTATION_RELATIONSHIP_WITH_TRANSFORMATION(#3334)
SHAPE_REPRESENTATION_RELATIONSHIP()
);
#2241=(
REPRESENTATION_RELATIONSHIP(' ',' ',#5583,#5582)
REPRESENTATION_RELATIONSHIP_WITH_TRANSFORMATION(#3335)
SHAPE_REPRESENTATION_RELATIONSHIP()
);
#2242=(
REPRESENTATION_RELATIONSHIP(' ',' ',#5583,#5582)
REPRESENTATION_RELATIONSHIP_WITH_TRANSFORMATION(#3336)
SHAPE_REPRESENTATION_RELATIONSHIP()
);
#2243=(
REPRESENTATION_RELATIONSHIP(' ',' ',#5583,#5582)
REPRESENTATION_RELATIONSHIP_WITH_TRANSFORMATION(#3337)
SHAPE_REPRESENTATION_RELATIONSHIP()
);
#2244=(
REPRESENTATION_RELATIONSHIP(' ',' ',#5582,#5580)
REPRESENTATION_RELATIONSHIP_WITH_TRANSFORMATION(#3338)
SHAPE_REPRESENTATION_RELATIONSHIP()
);
#2245=(
REPRESENTATION_RELATIONSHIP(' ',' ',#5583,#5592)
REPRESENTATION_RELATIONSHIP_WITH_TRANSFORMATION(#3339)
SHAPE_REPRESENTATION_RELATIONSHIP()
);
#2246=(
REPRESENTATION_RELATIONSHIP(' ',' ',#5583,#5592)
REPRESENTATION_RELATIONSHIP_WITH_TRANSFORMATION(#3340)
SHAPE_REPRESENTATION_RELATIONSHIP()
);
#2247=(
REPRESENTATION_RELATIONSHIP(' ',' ',#5583,#5592)
REPRESENTATION_RELATIONSHIP_WITH_TRANSFORMATION(#3341)
SHAPE_REPRESENTATION_RELATIONSHIP()
);
#2248=(
REPRESENTATION_RELATIONSHIP(' ',' ',#5583,#5592)
REPRESENTATION_RELATIONSHIP_WITH_TRANSFORMATION(#3342)
SHAPE_REPRESENTATION_RELATIONSHIP()
);
#2249=(
REPRESENTATION_RELATIONSHIP(' ',' ',#5583,#5592)
REPRESENTATION_RELATIONSHIP_WITH_TRANSFORMATION(#3343)
SHAPE_REPRESENTATION_RELATIONSHIP()
);
#2250=(
REPRESENTATION_RELATIONSHIP(' ',' ',#5583,#5592)
REPRESENTATION_RELATIONSHIP_WITH_TRANSFORMATION(#3344)
SHAPE_REPRESENTATION_RELATIONSHIP()
);
#2251=(
REPRESENTATION_RELATIONSHIP(' ',' ',#5583,#5592)
REPRESENTATION_RELATIONSHIP_WITH_TRANSFORMATION(#3345)
SHAPE_REPRESENTATION_RELATIONSHIP()
);
#2252=(
REPRESENTATION_RELATIONSHIP(' ',' ',#5583,#5592)
REPRESENTATION_RELATIONSHIP_WITH_TRANSFORMATION(#3346)
SHAPE_REPRESENTATION_RELATIONSHIP()
);
#2253=(
REPRESENTATION_RELATIONSHIP(' ',' ',#5583,#5592)
REPRESENTATION_RELATIONSHIP_WITH_TRANSFORMATION(#3347)
SHAPE_REPRESENTATION_RELATIONSHIP()
);
#2254=(
REPRESENTATION_RELATIONSHIP(' ',' ',#5583,#5592)
REPRESENTATION_RELATIONSHIP_WITH_TRANSFORMATION(#3348)
SHAPE_REPRESENTATION_RELATIONSHIP()
);
#2255=(
REPRESENTATION_RELATIONSHIP(' ',' ',#5583,#5592)
REPRESENTATION_RELATIONSHIP_WITH_TRANSFORMATION(#3349)
SHAPE_REPRESENTATION_RELATIONSHIP()
);
#2256=(
REPRESENTATION_RELATIONSHIP(' ',' ',#5583,#5592)
REPRESENTATION_RELATIONSHIP_WITH_TRANSFORMATION(#3350)
SHAPE_REPRESENTATION_RELATIONSHIP()
);
#2257=(
REPRESENTATION_RELATIONSHIP(' ',' ',#5583,#5592)
REPRESENTATION_RELATIONSHIP_WITH_TRANSFORMATION(#3351)
SHAPE_REPRESENTATION_RELATIONSHIP()
);
#2258=(
REPRESENTATION_RELATIONSHIP(' ',' ',#5583,#5592)
REPRESENTATION_RELATIONSHIP_WITH_TRANSFORMATION(#3352)
SHAPE_REPRESENTATION_RELATIONSHIP()
);
#2259=(
REPRESENTATION_RELATIONSHIP(' ',' ',#5583,#5592)
REPRESENTATION_RELATIONSHIP_WITH_TRANSFORMATION(#3353)
SHAPE_REPRESENTATION_RELATIONSHIP()
);
#2260=(
REPRESENTATION_RELATIONSHIP(' ',' ',#5583,#5592)
REPRESENTATION_RELATIONSHIP_WITH_TRANSFORMATION(#3354)
SHAPE_REPRESENTATION_RELATIONSHIP()
);
#2261=(
REPRESENTATION_RELATIONSHIP(' ',' ',#5583,#5592)
REPRESENTATION_RELATIONSHIP_WITH_TRANSFORMATION(#3355)
SHAPE_REPRESENTATION_RELATIONSHIP()
);
#2262=(
REPRESENTATION_RELATIONSHIP(' ',' ',#5583,#5592)
REPRESENTATION_RELATIONSHIP_WITH_TRANSFORMATION(#3356)
SHAPE_REPRESENTATION_RELATIONSHIP()
);
#2263=(
REPRESENTATION_RELATIONSHIP(' ',' ',#5583,#5592)
REPRESENTATION_RELATIONSHIP_WITH_TRANSFORMATION(#3357)
SHAPE_REPRESENTATION_RELATIONSHIP()
);
#2264=(
REPRESENTATION_RELATIONSHIP(' ',' ',#5583,#5592)
REPRESENTATION_RELATIONSHIP_WITH_TRANSFORMATION(#3358)
SHAPE_REPRESENTATION_RELATIONSHIP()
);
#2265=(
REPRESENTATION_RELATIONSHIP(' ',' ',#5583,#5592)
REPRESENTATION_RELATIONSHIP_WITH_TRANSFORMATION(#3359)
SHAPE_REPRESENTATION_RELATIONSHIP()
);
#2266=(
REPRESENTATION_RELATIONSHIP(' ',' ',#5583,#5592)
REPRESENTATION_RELATIONSHIP_WITH_TRANSFORMATION(#3360)
SHAPE_REPRESENTATION_RELATIONSHIP()
);
#2267=(
REPRESENTATION_RELATIONSHIP(' ',' ',#5583,#5592)
REPRESENTATION_RELATIONSHIP_WITH_TRANSFORMATION(#3361)
SHAPE_REPRESENTATION_RELATIONSHIP()
);
#2268=(
REPRESENTATION_RELATIONSHIP(' ',' ',#5583,#5592)
REPRESENTATION_RELATIONSHIP_WITH_TRANSFORMATION(#3362)
SHAPE_REPRESENTATION_RELATIONSHIP()
);
#2269=(
REPRESENTATION_RELATIONSHIP(' ',' ',#5583,#5592)
REPRESENTATION_RELATIONSHIP_WITH_TRANSFORMATION(#3363)
SHAPE_REPRESENTATION_RELATIONSHIP()
);
#2270=(
REPRESENTATION_RELATIONSHIP(' ',' ',#5583,#5592)
REPRESENTATION_RELATIONSHIP_WITH_TRANSFORMATION(#3364)
SHAPE_REPRESENTATION_RELATIONSHIP()
);
#2271=(
REPRESENTATION_RELATIONSHIP(' ',' ',#5590,#5593)
REPRESENTATION_RELATIONSHIP_WITH_TRANSFORMATION(#3365)
SHAPE_REPRESENTATION_RELATIONSHIP()
);
#2272=(
REPRESENTATION_RELATIONSHIP(' ',' ',#5588,#5593)
REPRESENTATION_RELATIONSHIP_WITH_TRANSFORMATION(#3366)
SHAPE_REPRESENTATION_RELATIONSHIP()
);
#2273=(
REPRESENTATION_RELATIONSHIP(' ',' ',#5587,#5593)
REPRESENTATION_RELATIONSHIP_WITH_TRANSFORMATION(#3367)
SHAPE_REPRESENTATION_RELATIONSHIP()
);
#2274=(
REPRESENTATION_RELATIONSHIP(' ',' ',#5585,#5593)
REPRESENTATION_RELATIONSHIP_WITH_TRANSFORMATION(#3368)
SHAPE_REPRESENTATION_RELATIONSHIP()
);
#2275=(
REPRESENTATION_RELATIONSHIP(' ',' ',#5591,#5593)
REPRESENTATION_RELATIONSHIP_WITH_TRANSFORMATION(#3369)
SHAPE_REPRESENTATION_RELATIONSHIP()
);
#2276=(
REPRESENTATION_RELATIONSHIP(' ',' ',#5586,#5593)
REPRESENTATION_RELATIONSHIP_WITH_TRANSFORMATION(#3370)
SHAPE_REPRESENTATION_RELATIONSHIP()
);
#2277=(
REPRESENTATION_RELATIONSHIP(' ',' ',#5589,#5593)
REPRESENTATION_RELATIONSHIP_WITH_TRANSFORMATION(#3371)
SHAPE_REPRESENTATION_RELATIONSHIP()
);
#2278=(
REPRESENTATION_RELATIONSHIP(' ',' ',#5593,#5592)
REPRESENTATION_RELATIONSHIP_WITH_TRANSFORMATION(#3372)
SHAPE_REPRESENTATION_RELATIONSHIP()
);
#2279=(
REPRESENTATION_RELATIONSHIP(' ',' ',#5583,#5592)
REPRESENTATION_RELATIONSHIP_WITH_TRANSFORMATION(#3373)
SHAPE_REPRESENTATION_RELATIONSHIP()
);
#2280=(
REPRESENTATION_RELATIONSHIP(' ',' ',#5583,#5592)
REPRESENTATION_RELATIONSHIP_WITH_TRANSFORMATION(#3374)
SHAPE_REPRESENTATION_RELATIONSHIP()
);
#2281=(
REPRESENTATION_RELATIONSHIP(' ',' ',#5583,#5592)
REPRESENTATION_RELATIONSHIP_WITH_TRANSFORMATION(#3375)
SHAPE_REPRESENTATION_RELATIONSHIP()
);
#2282=(
REPRESENTATION_RELATIONSHIP(' ',' ',#5583,#5592)
REPRESENTATION_RELATIONSHIP_WITH_TRANSFORMATION(#3376)
SHAPE_REPRESENTATION_RELATIONSHIP()
);
#2283=(
REPRESENTATION_RELATIONSHIP(' ',' ',#5583,#5592)
REPRESENTATION_RELATIONSHIP_WITH_TRANSFORMATION(#3377)
SHAPE_REPRESENTATION_RELATIONSHIP()
);
#2284=(
REPRESENTATION_RELATIONSHIP(' ',' ',#5583,#5592)
REPRESENTATION_RELATIONSHIP_WITH_TRANSFORMATION(#3378)
SHAPE_REPRESENTATION_RELATIONSHIP()
);
#2285=(
REPRESENTATION_RELATIONSHIP(' ',' ',#5583,#5592)
REPRESENTATION_RELATIONSHIP_WITH_TRANSFORMATION(#3379)
SHAPE_REPRESENTATION_RELATIONSHIP()
);
#2286=(
REPRESENTATION_RELATIONSHIP(' ',' ',#5583,#5592)
REPRESENTATION_RELATIONSHIP_WITH_TRANSFORMATION(#3380)
SHAPE_REPRESENTATION_RELATIONSHIP()
);
#2287=(
REPRESENTATION_RELATIONSHIP(' ',' ',#5583,#5592)
REPRESENTATION_RELATIONSHIP_WITH_TRANSFORMATION(#3381)
SHAPE_REPRESENTATION_RELATIONSHIP()
);
#2288=(
REPRESENTATION_RELATIONSHIP(' ',' ',#5583,#5592)
REPRESENTATION_RELATIONSHIP_WITH_TRANSFORMATION(#3382)
SHAPE_REPRESENTATION_RELATIONSHIP()
);
#2289=(
REPRESENTATION_RELATIONSHIP(' ',' ',#5592,#5580)
REPRESENTATION_RELATIONSHIP_WITH_TRANSFORMATION(#3383)
SHAPE_REPRESENTATION_RELATIONSHIP()
);
#2290=(
REPRESENTATION_RELATIONSHIP(' ',' ',#5583,#5594)
REPRESENTATION_RELATIONSHIP_WITH_TRANSFORMATION(#3384)
SHAPE_REPRESENTATION_RELATIONSHIP()
);
#2291=(
REPRESENTATION_RELATIONSHIP(' ',' ',#5583,#5594)
REPRESENTATION_RELATIONSHIP_WITH_TRANSFORMATION(#3385)
SHAPE_REPRESENTATION_RELATIONSHIP()
);
#2292=(
REPRESENTATION_RELATIONSHIP(' ',' ',#5583,#5594)
REPRESENTATION_RELATIONSHIP_WITH_TRANSFORMATION(#3386)
SHAPE_REPRESENTATION_RELATIONSHIP()
);
#2293=(
REPRESENTATION_RELATIONSHIP(' ',' ',#5583,#5594)
REPRESENTATION_RELATIONSHIP_WITH_TRANSFORMATION(#3387)
SHAPE_REPRESENTATION_RELATIONSHIP()
);
#2294=(
REPRESENTATION_RELATIONSHIP(' ',' ',#5583,#5594)
REPRESENTATION_RELATIONSHIP_WITH_TRANSFORMATION(#3388)
SHAPE_REPRESENTATION_RELATIONSHIP()
);
#2295=(
REPRESENTATION_RELATIONSHIP(' ',' ',#5583,#5594)
REPRESENTATION_RELATIONSHIP_WITH_TRANSFORMATION(#3389)
SHAPE_REPRESENTATION_RELATIONSHIP()
);
#2296=(
REPRESENTATION_RELATIONSHIP(' ',' ',#5583,#5594)
REPRESENTATION_RELATIONSHIP_WITH_TRANSFORMATION(#3390)
SHAPE_REPRESENTATION_RELATIONSHIP()
);
#2297=(
REPRESENTATION_RELATIONSHIP(' ',' ',#5583,#5594)
REPRESENTATION_RELATIONSHIP_WITH_TRANSFORMATION(#3391)
SHAPE_REPRESENTATION_RELATIONSHIP()
);
#2298=(
REPRESENTATION_RELATIONSHIP(' ',' ',#5583,#5594)
REPRESENTATION_RELATIONSHIP_WITH_TRANSFORMATION(#3392)
SHAPE_REPRESENTATION_RELATIONSHIP()
);
#2299=(
REPRESENTATION_RELATIONSHIP(' ',' ',#5583,#5594)
REPRESENTATION_RELATIONSHIP_WITH_TRANSFORMATION(#3393)
SHAPE_REPRESENTATION_RELATIONSHIP()
);
#2300=(
REPRESENTATION_RELATIONSHIP(' ',' ',#5583,#5594)
REPRESENTATION_RELATIONSHIP_WITH_TRANSFORMATION(#3394)
SHAPE_REPRESENTATION_RELATIONSHIP()
);
#2301=(
REPRESENTATION_RELATIONSHIP(' ',' ',#5583,#5594)
REPRESENTATION_RELATIONSHIP_WITH_TRANSFORMATION(#3395)
SHAPE_REPRESENTATION_RELATIONSHIP()
);
#2302=(
REPRESENTATION_RELATIONSHIP(' ',' ',#5583,#5594)
REPRESENTATION_RELATIONSHIP_WITH_TRANSFORMATION(#3396)
SHAPE_REPRESENTATION_RELATIONSHIP()
);
#2303=(
REPRESENTATION_RELATIONSHIP(' ',' ',#5583,#5594)
REPRESENTATION_RELATIONSHIP_WITH_TRANSFORMATION(#3397)
SHAPE_REPRESENTATION_RELATIONSHIP()
);
#2304=(
REPRESENTATION_RELATIONSHIP(' ',' ',#5583,#5594)
REPRESENTATION_RELATIONSHIP_WITH_TRANSFORMATION(#3398)
SHAPE_REPRESENTATION_RELATIONSHIP()
);
#2305=(
REPRESENTATION_RELATIONSHIP(' ',' ',#5583,#5594)
REPRESENTATION_RELATIONSHIP_WITH_TRANSFORMATION(#3399)
SHAPE_REPRESENTATION_RELATIONSHIP()
);
#2306=(
REPRESENTATION_RELATIONSHIP(' ',' ',#5583,#5594)
REPRESENTATION_RELATIONSHIP_WITH_TRANSFORMATION(#3400)
SHAPE_REPRESENTATION_RELATIONSHIP()
);
#2307=(
REPRESENTATION_RELATIONSHIP(' ',' ',#5583,#5594)
REPRESENTATION_RELATIONSHIP_WITH_TRANSFORMATION(#3401)
SHAPE_REPRESENTATION_RELATIONSHIP()
);
#2308=(
REPRESENTATION_RELATIONSHIP(' ',' ',#5583,#5594)
REPRESENTATION_RELATIONSHIP_WITH_TRANSFORMATION(#3402)
SHAPE_REPRESENTATION_RELATIONSHIP()
);
#2309=(
REPRESENTATION_RELATIONSHIP(' ',' ',#5583,#5594)
REPRESENTATION_RELATIONSHIP_WITH_TRANSFORMATION(#3403)
SHAPE_REPRESENTATION_RELATIONSHIP()
);
#2310=(
REPRESENTATION_RELATIONSHIP(' ',' ',#5583,#5594)
REPRESENTATION_RELATIONSHIP_WITH_TRANSFORMATION(#3404)
SHAPE_REPRESENTATION_RELATIONSHIP()
);
#2311=(
REPRESENTATION_RELATIONSHIP(' ',' ',#5583,#5594)
REPRESENTATION_RELATIONSHIP_WITH_TRANSFORMATION(#3405)
SHAPE_REPRESENTATION_RELATIONSHIP()
);
#2312=(
REPRESENTATION_RELATIONSHIP(' ',' ',#5583,#5594)
REPRESENTATION_RELATIONSHIP_WITH_TRANSFORMATION(#3406)
SHAPE_REPRESENTATION_RELATIONSHIP()
);
#2313=(
REPRESENTATION_RELATIONSHIP(' ',' ',#5583,#5594)
REPRESENTATION_RELATIONSHIP_WITH_TRANSFORMATION(#3407)
SHAPE_REPRESENTATION_RELATIONSHIP()
);
#2314=(
REPRESENTATION_RELATIONSHIP(' ',' ',#5583,#5594)
REPRESENTATION_RELATIONSHIP_WITH_TRANSFORMATION(#3408)
SHAPE_REPRESENTATION_RELATIONSHIP()
);
#2315=(
REPRESENTATION_RELATIONSHIP(' ',' ',#5583,#5594)
REPRESENTATION_RELATIONSHIP_WITH_TRANSFORMATION(#3409)
SHAPE_REPRESENTATION_RELATIONSHIP()
);
#2316=(
REPRESENTATION_RELATIONSHIP(' ',' ',#5583,#5594)
REPRESENTATION_RELATIONSHIP_WITH_TRANSFORMATION(#3410)
SHAPE_REPRESENTATION_RELATIONSHIP()
);
#2317=(
REPRESENTATION_RELATIONSHIP(' ',' ',#5583,#5594)
REPRESENTATION_RELATIONSHIP_WITH_TRANSFORMATION(#3411)
SHAPE_REPRESENTATION_RELATIONSHIP()
);
#2318=(
REPRESENTATION_RELATIONSHIP(' ',' ',#5583,#5594)
REPRESENTATION_RELATIONSHIP_WITH_TRANSFORMATION(#3412)
SHAPE_REPRESENTATION_RELATIONSHIP()
);
#2319=(
REPRESENTATION_RELATIONSHIP(' ',' ',#5583,#5594)
REPRESENTATION_RELATIONSHIP_WITH_TRANSFORMATION(#3413)
SHAPE_REPRESENTATION_RELATIONSHIP()
);
#2320=(
REPRESENTATION_RELATIONSHIP(' ',' ',#5583,#5594)
REPRESENTATION_RELATIONSHIP_WITH_TRANSFORMATION(#3414)
SHAPE_REPRESENTATION_RELATIONSHIP()
);
#2321=(
REPRESENTATION_RELATIONSHIP(' ',' ',#5583,#5594)
REPRESENTATION_RELATIONSHIP_WITH_TRANSFORMATION(#3415)
SHAPE_REPRESENTATION_RELATIONSHIP()
);
#2322=(
REPRESENTATION_RELATIONSHIP(' ',' ',#5583,#5594)
REPRESENTATION_RELATIONSHIP_WITH_TRANSFORMATION(#3416)
SHAPE_REPRESENTATION_RELATIONSHIP()
);
#2323=(
REPRESENTATION_RELATIONSHIP(' ',' ',#5586,#5595)
REPRESENTATION_RELATIONSHIP_WITH_TRANSFORMATION(#3417)
SHAPE_REPRESENTATION_RELATIONSHIP()
);
#2324=(
REPRESENTATION_RELATIONSHIP(' ',' ',#5591,#5595)
REPRESENTATION_RELATIONSHIP_WITH_TRANSFORMATION(#3418)
SHAPE_REPRESENTATION_RELATIONSHIP()
);
#2325=(
REPRESENTATION_RELATIONSHIP(' ',' ',#5585,#5595)
REPRESENTATION_RELATIONSHIP_WITH_TRANSFORMATION(#3419)
SHAPE_REPRESENTATION_RELATIONSHIP()
);
#2326=(
REPRESENTATION_RELATIONSHIP(' ',' ',#5589,#5595)
REPRESENTATION_RELATIONSHIP_WITH_TRANSFORMATION(#3420)
SHAPE_REPRESENTATION_RELATIONSHIP()
);
#2327=(
REPRESENTATION_RELATIONSHIP(' ',' ',#5590,#5595)
REPRESENTATION_RELATIONSHIP_WITH_TRANSFORMATION(#3421)
SHAPE_REPRESENTATION_RELATIONSHIP()
);
#2328=(
REPRESENTATION_RELATIONSHIP(' ',' ',#5588,#5595)
REPRESENTATION_RELATIONSHIP_WITH_TRANSFORMATION(#3422)
SHAPE_REPRESENTATION_RELATIONSHIP()
);
#2329=(
REPRESENTATION_RELATIONSHIP(' ',' ',#5587,#5595)
REPRESENTATION_RELATIONSHIP_WITH_TRANSFORMATION(#3423)
SHAPE_REPRESENTATION_RELATIONSHIP()
);
#2330=(
REPRESENTATION_RELATIONSHIP(' ',' ',#5595,#5594)
REPRESENTATION_RELATIONSHIP_WITH_TRANSFORMATION(#3424)
SHAPE_REPRESENTATION_RELATIONSHIP()
);
#2331=(
REPRESENTATION_RELATIONSHIP(' ',' ',#5583,#5594)
REPRESENTATION_RELATIONSHIP_WITH_TRANSFORMATION(#3425)
SHAPE_REPRESENTATION_RELATIONSHIP()
);
#2332=(
REPRESENTATION_RELATIONSHIP(' ',' ',#5583,#5594)
REPRESENTATION_RELATIONSHIP_WITH_TRANSFORMATION(#3426)
SHAPE_REPRESENTATION_RELATIONSHIP()
);
#2333=(
REPRESENTATION_RELATIONSHIP(' ',' ',#5583,#5594)
REPRESENTATION_RELATIONSHIP_WITH_TRANSFORMATION(#3427)
SHAPE_REPRESENTATION_RELATIONSHIP()
);
#2334=(
REPRESENTATION_RELATIONSHIP(' ',' ',#5594,#5580)
REPRESENTATION_RELATIONSHIP_WITH_TRANSFORMATION(#3428)
SHAPE_REPRESENTATION_RELATIONSHIP()
);
#2335=(
REPRESENTATION_RELATIONSHIP(' ',' ',#5583,#5596)
REPRESENTATION_RELATIONSHIP_WITH_TRANSFORMATION(#3429)
SHAPE_REPRESENTATION_RELATIONSHIP()
);
#2336=(
REPRESENTATION_RELATIONSHIP(' ',' ',#5583,#5596)
REPRESENTATION_RELATIONSHIP_WITH_TRANSFORMATION(#3430)
SHAPE_REPRESENTATION_RELATIONSHIP()
);
#2337=(
REPRESENTATION_RELATIONSHIP(' ',' ',#5583,#5596)
REPRESENTATION_RELATIONSHIP_WITH_TRANSFORMATION(#3431)
SHAPE_REPRESENTATION_RELATIONSHIP()
);
#2338=(
REPRESENTATION_RELATIONSHIP(' ',' ',#5583,#5596)
REPRESENTATION_RELATIONSHIP_WITH_TRANSFORMATION(#3432)
SHAPE_REPRESENTATION_RELATIONSHIP()
);
#2339=(
REPRESENTATION_RELATIONSHIP(' ',' ',#5583,#5596)
REPRESENTATION_RELATIONSHIP_WITH_TRANSFORMATION(#3433)
SHAPE_REPRESENTATION_RELATIONSHIP()
);
#2340=(
REPRESENTATION_RELATIONSHIP(' ',' ',#5583,#5596)
REPRESENTATION_RELATIONSHIP_WITH_TRANSFORMATION(#3434)
SHAPE_REPRESENTATION_RELATIONSHIP()
);
#2341=(
REPRESENTATION_RELATIONSHIP(' ',' ',#5583,#5596)
REPRESENTATION_RELATIONSHIP_WITH_TRANSFORMATION(#3435)
SHAPE_REPRESENTATION_RELATIONSHIP()
);
#2342=(
REPRESENTATION_RELATIONSHIP(' ',' ',#5583,#5596)
REPRESENTATION_RELATIONSHIP_WITH_TRANSFORMATION(#3436)
SHAPE_REPRESENTATION_RELATIONSHIP()
);
#2343=(
REPRESENTATION_RELATIONSHIP(' ',' ',#5583,#5596)
REPRESENTATION_RELATIONSHIP_WITH_TRANSFORMATION(#3437)
SHAPE_REPRESENTATION_RELATIONSHIP()
);
#2344=(
REPRESENTATION_RELATIONSHIP(' ',' ',#5583,#5596)
REPRESENTATION_RELATIONSHIP_WITH_TRANSFORMATION(#3438)
SHAPE_REPRESENTATION_RELATIONSHIP()
);
#2345=(
REPRESENTATION_RELATIONSHIP(' ',' ',#5583,#5596)
REPRESENTATION_RELATIONSHIP_WITH_TRANSFORMATION(#3439)
SHAPE_REPRESENTATION_RELATIONSHIP()
);
#2346=(
REPRESENTATION_RELATIONSHIP(' ',' ',#5583,#5596)
REPRESENTATION_RELATIONSHIP_WITH_TRANSFORMATION(#3440)
SHAPE_REPRESENTATION_RELATIONSHIP()
);
#2347=(
REPRESENTATION_RELATIONSHIP(' ',' ',#5583,#5596)
REPRESENTATION_RELATIONSHIP_WITH_TRANSFORMATION(#3441)
SHAPE_REPRESENTATION_RELATIONSHIP()
);
#2348=(
REPRESENTATION_RELATIONSHIP(' ',' ',#5583,#5596)
REPRESENTATION_RELATIONSHIP_WITH_TRANSFORMATION(#3442)
SHAPE_REPRESENTATION_RELATIONSHIP()
);
#2349=(
REPRESENTATION_RELATIONSHIP(' ',' ',#5583,#5596)
REPRESENTATION_RELATIONSHIP_WITH_TRANSFORMATION(#3443)
SHAPE_REPRESENTATION_RELATIONSHIP()
);
#2350=(
REPRESENTATION_RELATIONSHIP(' ',' ',#5583,#5596)
REPRESENTATION_RELATIONSHIP_WITH_TRANSFORMATION(#3444)
SHAPE_REPRESENTATION_RELATIONSHIP()
);
#2351=(
REPRESENTATION_RELATIONSHIP(' ',' ',#5583,#5596)
REPRESENTATION_RELATIONSHIP_WITH_TRANSFORMATION(#3445)
SHAPE_REPRESENTATION_RELATIONSHIP()
);
#2352=(
REPRESENTATION_RELATIONSHIP(' ',' ',#5583,#5596)
REPRESENTATION_RELATIONSHIP_WITH_TRANSFORMATION(#3446)
SHAPE_REPRESENTATION_RELATIONSHIP()
);
#2353=(
REPRESENTATION_RELATIONSHIP(' ',' ',#5583,#5596)
REPRESENTATION_RELATIONSHIP_WITH_TRANSFORMATION(#3447)
SHAPE_REPRESENTATION_RELATIONSHIP()
);
#2354=(
REPRESENTATION_RELATIONSHIP(' ',' ',#5583,#5596)
REPRESENTATION_RELATIONSHIP_WITH_TRANSFORMATION(#3448)
SHAPE_REPRESENTATION_RELATIONSHIP()
);
#2355=(
REPRESENTATION_RELATIONSHIP(' ',' ',#5583,#5596)
REPRESENTATION_RELATIONSHIP_WITH_TRANSFORMATION(#3449)
SHAPE_REPRESENTATION_RELATIONSHIP()
);
#2356=(
REPRESENTATION_RELATIONSHIP(' ',' ',#5583,#5596)
REPRESENTATION_RELATIONSHIP_WITH_TRANSFORMATION(#3450)
SHAPE_REPRESENTATION_RELATIONSHIP()
);
#2357=(
REPRESENTATION_RELATIONSHIP(' ',' ',#5583,#5596)
REPRESENTATION_RELATIONSHIP_WITH_TRANSFORMATION(#3451)
SHAPE_REPRESENTATION_RELATIONSHIP()
);
#2358=(
REPRESENTATION_RELATIONSHIP(' ',' ',#5583,#5596)
REPRESENTATION_RELATIONSHIP_WITH_TRANSFORMATION(#3452)
SHAPE_REPRESENTATION_RELATIONSHIP()
);
#2359=(
REPRESENTATION_RELATIONSHIP(' ',' ',#5583,#5596)
REPRESENTATION_RELATIONSHIP_WITH_TRANSFORMATION(#3453)
SHAPE_REPRESENTATION_RELATIONSHIP()
);
#2360=(
REPRESENTATION_RELATIONSHIP(' ',' ',#5583,#5596)
REPRESENTATION_RELATIONSHIP_WITH_TRANSFORMATION(#3454)
SHAPE_REPRESENTATION_RELATIONSHIP()
);
#2361=(
REPRESENTATION_RELATIONSHIP(' ',' ',#5583,#5596)
REPRESENTATION_RELATIONSHIP_WITH_TRANSFORMATION(#3455)
SHAPE_REPRESENTATION_RELATIONSHIP()
);
#2362=(
REPRESENTATION_RELATIONSHIP(' ',' ',#5583,#5596)
REPRESENTATION_RELATIONSHIP_WITH_TRANSFORMATION(#3456)
SHAPE_REPRESENTATION_RELATIONSHIP()
);
#2363=(
REPRESENTATION_RELATIONSHIP(' ',' ',#5583,#5596)
REPRESENTATION_RELATIONSHIP_WITH_TRANSFORMATION(#3457)
SHAPE_REPRESENTATION_RELATIONSHIP()
);
#2364=(
REPRESENTATION_RELATIONSHIP(' ',' ',#5583,#5596)
REPRESENTATION_RELATIONSHIP_WITH_TRANSFORMATION(#3458)
SHAPE_REPRESENTATION_RELATIONSHIP()
);
#2365=(
REPRESENTATION_RELATIONSHIP(' ',' ',#5585,#5597)
REPRESENTATION_RELATIONSHIP_WITH_TRANSFORMATION(#3459)
SHAPE_REPRESENTATION_RELATIONSHIP()
);
#2366=(
REPRESENTATION_RELATIONSHIP(' ',' ',#5586,#5597)
REPRESENTATION_RELATIONSHIP_WITH_TRANSFORMATION(#3460)
SHAPE_REPRESENTATION_RELATIONSHIP()
);
#2367=(
REPRESENTATION_RELATIONSHIP(' ',' ',#5587,#5597)
REPRESENTATION_RELATIONSHIP_WITH_TRANSFORMATION(#3461)
SHAPE_REPRESENTATION_RELATIONSHIP()
);
#2368=(
REPRESENTATION_RELATIONSHIP(' ',' ',#5588,#5597)
REPRESENTATION_RELATIONSHIP_WITH_TRANSFORMATION(#3462)
SHAPE_REPRESENTATION_RELATIONSHIP()
);
#2369=(
REPRESENTATION_RELATIONSHIP(' ',' ',#5590,#5597)
REPRESENTATION_RELATIONSHIP_WITH_TRANSFORMATION(#3463)
SHAPE_REPRESENTATION_RELATIONSHIP()
);
#2370=(
REPRESENTATION_RELATIONSHIP(' ',' ',#5591,#5597)
REPRESENTATION_RELATIONSHIP_WITH_TRANSFORMATION(#3464)
SHAPE_REPRESENTATION_RELATIONSHIP()
);
#2371=(
REPRESENTATION_RELATIONSHIP(' ',' ',#5589,#5597)
REPRESENTATION_RELATIONSHIP_WITH_TRANSFORMATION(#3465)
SHAPE_REPRESENTATION_RELATIONSHIP()
);
#2372=(
REPRESENTATION_RELATIONSHIP(' ',' ',#5597,#5596)
REPRESENTATION_RELATIONSHIP_WITH_TRANSFORMATION(#3466)
SHAPE_REPRESENTATION_RELATIONSHIP()
);
#2373=(
REPRESENTATION_RELATIONSHIP(' ',' ',#5583,#5596)
REPRESENTATION_RELATIONSHIP_WITH_TRANSFORMATION(#3467)
SHAPE_REPRESENTATION_RELATIONSHIP()
);
#2374=(
REPRESENTATION_RELATIONSHIP(' ',' ',#5583,#5596)
REPRESENTATION_RELATIONSHIP_WITH_TRANSFORMATION(#3468)
SHAPE_REPRESENTATION_RELATIONSHIP()
);
#2375=(
REPRESENTATION_RELATIONSHIP(' ',' ',#5583,#5596)
REPRESENTATION_RELATIONSHIP_WITH_TRANSFORMATION(#3469)
SHAPE_REPRESENTATION_RELATIONSHIP()
);
#2376=(
REPRESENTATION_RELATIONSHIP(' ',' ',#5583,#5596)
REPRESENTATION_RELATIONSHIP_WITH_TRANSFORMATION(#3470)
SHAPE_REPRESENTATION_RELATIONSHIP()
);
#2377=(
REPRESENTATION_RELATIONSHIP(' ',' ',#5583,#5596)
REPRESENTATION_RELATIONSHIP_WITH_TRANSFORMATION(#3471)
SHAPE_REPRESENTATION_RELATIONSHIP()
);
#2378=(
REPRESENTATION_RELATIONSHIP(' ',' ',#5583,#5596)
REPRESENTATION_RELATIONSHIP_WITH_TRANSFORMATION(#3472)
SHAPE_REPRESENTATION_RELATIONSHIP()
);
#2379=(
REPRESENTATION_RELATIONSHIP(' ',' ',#5596,#5580)
REPRESENTATION_RELATIONSHIP_WITH_TRANSFORMATION(#3473)
SHAPE_REPRESENTATION_RELATIONSHIP()
);
#2380=(
REPRESENTATION_RELATIONSHIP(' ',' ',#5580,#5578)
REPRESENTATION_RELATIONSHIP_WITH_TRANSFORMATION(#3474)
SHAPE_REPRESENTATION_RELATIONSHIP()
);
#2381=(
REPRESENTATION_RELATIONSHIP(' ',' ',#5581,#5598)
REPRESENTATION_RELATIONSHIP_WITH_TRANSFORMATION(#3475)
SHAPE_REPRESENTATION_RELATIONSHIP()
);
#2382=(
REPRESENTATION_RELATIONSHIP(' ',' ',#5583,#5599)
REPRESENTATION_RELATIONSHIP_WITH_TRANSFORMATION(#3476)
SHAPE_REPRESENTATION_RELATIONSHIP()
);
#2383=(
REPRESENTATION_RELATIONSHIP(' ',' ',#5583,#5599)
REPRESENTATION_RELATIONSHIP_WITH_TRANSFORMATION(#3477)
SHAPE_REPRESENTATION_RELATIONSHIP()
);
#2384=(
REPRESENTATION_RELATIONSHIP(' ',' ',#5583,#5599)
REPRESENTATION_RELATIONSHIP_WITH_TRANSFORMATION(#3478)
SHAPE_REPRESENTATION_RELATIONSHIP()
);
#2385=(
REPRESENTATION_RELATIONSHIP(' ',' ',#5583,#5599)
REPRESENTATION_RELATIONSHIP_WITH_TRANSFORMATION(#3479)
SHAPE_REPRESENTATION_RELATIONSHIP()
);
#2386=(
REPRESENTATION_RELATIONSHIP(' ',' ',#5583,#5599)
REPRESENTATION_RELATIONSHIP_WITH_TRANSFORMATION(#3480)
SHAPE_REPRESENTATION_RELATIONSHIP()
);
#2387=(
REPRESENTATION_RELATIONSHIP(' ',' ',#5583,#5599)
REPRESENTATION_RELATIONSHIP_WITH_TRANSFORMATION(#3481)
SHAPE_REPRESENTATION_RELATIONSHIP()
);
#2388=(
REPRESENTATION_RELATIONSHIP(' ',' ',#5583,#5599)
REPRESENTATION_RELATIONSHIP_WITH_TRANSFORMATION(#3482)
SHAPE_REPRESENTATION_RELATIONSHIP()
);
#2389=(
REPRESENTATION_RELATIONSHIP(' ',' ',#5583,#5599)
REPRESENTATION_RELATIONSHIP_WITH_TRANSFORMATION(#3483)
SHAPE_REPRESENTATION_RELATIONSHIP()
);
#2390=(
REPRESENTATION_RELATIONSHIP(' ',' ',#5583,#5599)
REPRESENTATION_RELATIONSHIP_WITH_TRANSFORMATION(#3484)
SHAPE_REPRESENTATION_RELATIONSHIP()
);
#2391=(
REPRESENTATION_RELATIONSHIP(' ',' ',#5583,#5599)
REPRESENTATION_RELATIONSHIP_WITH_TRANSFORMATION(#3485)
SHAPE_REPRESENTATION_RELATIONSHIP()
);
#2392=(
REPRESENTATION_RELATIONSHIP(' ',' ',#5583,#5599)
REPRESENTATION_RELATIONSHIP_WITH_TRANSFORMATION(#3486)
SHAPE_REPRESENTATION_RELATIONSHIP()
);
#2393=(
REPRESENTATION_RELATIONSHIP(' ',' ',#5583,#5599)
REPRESENTATION_RELATIONSHIP_WITH_TRANSFORMATION(#3487)
SHAPE_REPRESENTATION_RELATIONSHIP()
);
#2394=(
REPRESENTATION_RELATIONSHIP(' ',' ',#5583,#5599)
REPRESENTATION_RELATIONSHIP_WITH_TRANSFORMATION(#3488)
SHAPE_REPRESENTATION_RELATIONSHIP()
);
#2395=(
REPRESENTATION_RELATIONSHIP(' ',' ',#5583,#5599)
REPRESENTATION_RELATIONSHIP_WITH_TRANSFORMATION(#3489)
SHAPE_REPRESENTATION_RELATIONSHIP()
);
#2396=(
REPRESENTATION_RELATIONSHIP(' ',' ',#5583,#5599)
REPRESENTATION_RELATIONSHIP_WITH_TRANSFORMATION(#3490)
SHAPE_REPRESENTATION_RELATIONSHIP()
);
#2397=(
REPRESENTATION_RELATIONSHIP(' ',' ',#5583,#5599)
REPRESENTATION_RELATIONSHIP_WITH_TRANSFORMATION(#3491)
SHAPE_REPRESENTATION_RELATIONSHIP()
);
#2398=(
REPRESENTATION_RELATIONSHIP(' ',' ',#5583,#5599)
REPRESENTATION_RELATIONSHIP_WITH_TRANSFORMATION(#3492)
SHAPE_REPRESENTATION_RELATIONSHIP()
);
#2399=(
REPRESENTATION_RELATIONSHIP(' ',' ',#5583,#5599)
REPRESENTATION_RELATIONSHIP_WITH_TRANSFORMATION(#3493)
SHAPE_REPRESENTATION_RELATIONSHIP()
);
#2400=(
REPRESENTATION_RELATIONSHIP(' ',' ',#5583,#5599)
REPRESENTATION_RELATIONSHIP_WITH_TRANSFORMATION(#3494)
SHAPE_REPRESENTATION_RELATIONSHIP()
);
#2401=(
REPRESENTATION_RELATIONSHIP(' ',' ',#5583,#5599)
REPRESENTATION_RELATIONSHIP_WITH_TRANSFORMATION(#3495)
SHAPE_REPRESENTATION_RELATIONSHIP()
);
#2402=(
REPRESENTATION_RELATIONSHIP(' ',' ',#5583,#5599)
REPRESENTATION_RELATIONSHIP_WITH_TRANSFORMATION(#3496)
SHAPE_REPRESENTATION_RELATIONSHIP()
);
#2403=(
REPRESENTATION_RELATIONSHIP(' ',' ',#5583,#5599)
REPRESENTATION_RELATIONSHIP_WITH_TRANSFORMATION(#3497)
SHAPE_REPRESENTATION_RELATIONSHIP()
);
#2404=(
REPRESENTATION_RELATIONSHIP(' ',' ',#5583,#5599)
REPRESENTATION_RELATIONSHIP_WITH_TRANSFORMATION(#3498)
SHAPE_REPRESENTATION_RELATIONSHIP()
);
#2405=(
REPRESENTATION_RELATIONSHIP(' ',' ',#5583,#5599)
REPRESENTATION_RELATIONSHIP_WITH_TRANSFORMATION(#3499)
SHAPE_REPRESENTATION_RELATIONSHIP()
);
#2406=(
REPRESENTATION_RELATIONSHIP(' ',' ',#5583,#5599)
REPRESENTATION_RELATIONSHIP_WITH_TRANSFORMATION(#3500)
SHAPE_REPRESENTATION_RELATIONSHIP()
);
#2407=(
REPRESENTATION_RELATIONSHIP(' ',' ',#5583,#5599)
REPRESENTATION_RELATIONSHIP_WITH_TRANSFORMATION(#3501)
SHAPE_REPRESENTATION_RELATIONSHIP()
);
#2408=(
REPRESENTATION_RELATIONSHIP(' ',' ',#5583,#5599)
REPRESENTATION_RELATIONSHIP_WITH_TRANSFORMATION(#3502)
SHAPE_REPRESENTATION_RELATIONSHIP()
);
#2409=(
REPRESENTATION_RELATIONSHIP(' ',' ',#5583,#5599)
REPRESENTATION_RELATIONSHIP_WITH_TRANSFORMATION(#3503)
SHAPE_REPRESENTATION_RELATIONSHIP()
);
#2410=(
REPRESENTATION_RELATIONSHIP(' ',' ',#5583,#5599)
REPRESENTATION_RELATIONSHIP_WITH_TRANSFORMATION(#3504)
SHAPE_REPRESENTATION_RELATIONSHIP()
);
#2411=(
REPRESENTATION_RELATIONSHIP(' ',' ',#5583,#5599)
REPRESENTATION_RELATIONSHIP_WITH_TRANSFORMATION(#3505)
SHAPE_REPRESENTATION_RELATIONSHIP()
);
#2412=(
REPRESENTATION_RELATIONSHIP(' ',' ',#5583,#5599)
REPRESENTATION_RELATIONSHIP_WITH_TRANSFORMATION(#3506)
SHAPE_REPRESENTATION_RELATIONSHIP()
);
#2413=(
REPRESENTATION_RELATIONSHIP(' ',' ',#5583,#5599)
REPRESENTATION_RELATIONSHIP_WITH_TRANSFORMATION(#3507)
SHAPE_REPRESENTATION_RELATIONSHIP()
);
#2414=(
REPRESENTATION_RELATIONSHIP(' ',' ',#5583,#5599)
REPRESENTATION_RELATIONSHIP_WITH_TRANSFORMATION(#3508)
SHAPE_REPRESENTATION_RELATIONSHIP()
);
#2415=(
REPRESENTATION_RELATIONSHIP(' ',' ',#5583,#5599)
REPRESENTATION_RELATIONSHIP_WITH_TRANSFORMATION(#3509)
SHAPE_REPRESENTATION_RELATIONSHIP()
);
#2416=(
REPRESENTATION_RELATIONSHIP(' ',' ',#5583,#5599)
REPRESENTATION_RELATIONSHIP_WITH_TRANSFORMATION(#3510)
SHAPE_REPRESENTATION_RELATIONSHIP()
);
#2417=(
REPRESENTATION_RELATIONSHIP(' ',' ',#5585,#5600)
REPRESENTATION_RELATIONSHIP_WITH_TRANSFORMATION(#3511)
SHAPE_REPRESENTATION_RELATIONSHIP()
);
#2418=(
REPRESENTATION_RELATIONSHIP(' ',' ',#5589,#5600)
REPRESENTATION_RELATIONSHIP_WITH_TRANSFORMATION(#3512)
SHAPE_REPRESENTATION_RELATIONSHIP()
);
#2419=(
REPRESENTATION_RELATIONSHIP(' ',' ',#5586,#5600)
REPRESENTATION_RELATIONSHIP_WITH_TRANSFORMATION(#3513)
SHAPE_REPRESENTATION_RELATIONSHIP()
);
#2420=(
REPRESENTATION_RELATIONSHIP(' ',' ',#5588,#5600)
REPRESENTATION_RELATIONSHIP_WITH_TRANSFORMATION(#3514)
SHAPE_REPRESENTATION_RELATIONSHIP()
);
#2421=(
REPRESENTATION_RELATIONSHIP(' ',' ',#5587,#5600)
REPRESENTATION_RELATIONSHIP_WITH_TRANSFORMATION(#3515)
SHAPE_REPRESENTATION_RELATIONSHIP()
);
#2422=(
REPRESENTATION_RELATIONSHIP(' ',' ',#5590,#5600)
REPRESENTATION_RELATIONSHIP_WITH_TRANSFORMATION(#3516)
SHAPE_REPRESENTATION_RELATIONSHIP()
);
#2423=(
REPRESENTATION_RELATIONSHIP(' ',' ',#5591,#5600)
REPRESENTATION_RELATIONSHIP_WITH_TRANSFORMATION(#3517)
SHAPE_REPRESENTATION_RELATIONSHIP()
);
#2424=(
REPRESENTATION_RELATIONSHIP(' ',' ',#5600,#5599)
REPRESENTATION_RELATIONSHIP_WITH_TRANSFORMATION(#3518)
SHAPE_REPRESENTATION_RELATIONSHIP()
);
#2425=(
REPRESENTATION_RELATIONSHIP(' ',' ',#5583,#5599)
REPRESENTATION_RELATIONSHIP_WITH_TRANSFORMATION(#3519)
SHAPE_REPRESENTATION_RELATIONSHIP()
);
#2426=(
REPRESENTATION_RELATIONSHIP(' ',' ',#5599,#5598)
REPRESENTATION_RELATIONSHIP_WITH_TRANSFORMATION(#3520)
SHAPE_REPRESENTATION_RELATIONSHIP()
);
#2427=(
REPRESENTATION_RELATIONSHIP(' ',' ',#5583,#5601)
REPRESENTATION_RELATIONSHIP_WITH_TRANSFORMATION(#3521)
SHAPE_REPRESENTATION_RELATIONSHIP()
);
#2428=(
REPRESENTATION_RELATIONSHIP(' ',' ',#5583,#5601)
REPRESENTATION_RELATIONSHIP_WITH_TRANSFORMATION(#3522)
SHAPE_REPRESENTATION_RELATIONSHIP()
);
#2429=(
REPRESENTATION_RELATIONSHIP(' ',' ',#5583,#5601)
REPRESENTATION_RELATIONSHIP_WITH_TRANSFORMATION(#3523)
SHAPE_REPRESENTATION_RELATIONSHIP()
);
#2430=(
REPRESENTATION_RELATIONSHIP(' ',' ',#5583,#5601)
REPRESENTATION_RELATIONSHIP_WITH_TRANSFORMATION(#3524)
SHAPE_REPRESENTATION_RELATIONSHIP()
);
#2431=(
REPRESENTATION_RELATIONSHIP(' ',' ',#5583,#5601)
REPRESENTATION_RELATIONSHIP_WITH_TRANSFORMATION(#3525)
SHAPE_REPRESENTATION_RELATIONSHIP()
);
#2432=(
REPRESENTATION_RELATIONSHIP(' ',' ',#5583,#5601)
REPRESENTATION_RELATIONSHIP_WITH_TRANSFORMATION(#3526)
SHAPE_REPRESENTATION_RELATIONSHIP()
);
#2433=(
REPRESENTATION_RELATIONSHIP(' ',' ',#5583,#5601)
REPRESENTATION_RELATIONSHIP_WITH_TRANSFORMATION(#3527)
SHAPE_REPRESENTATION_RELATIONSHIP()
);
#2434=(
REPRESENTATION_RELATIONSHIP(' ',' ',#5583,#5601)
REPRESENTATION_RELATIONSHIP_WITH_TRANSFORMATION(#3528)
SHAPE_REPRESENTATION_RELATIONSHIP()
);
#2435=(
REPRESENTATION_RELATIONSHIP(' ',' ',#5583,#5601)
REPRESENTATION_RELATIONSHIP_WITH_TRANSFORMATION(#3529)
SHAPE_REPRESENTATION_RELATIONSHIP()
);
#2436=(
REPRESENTATION_RELATIONSHIP(' ',' ',#5583,#5601)
REPRESENTATION_RELATIONSHIP_WITH_TRANSFORMATION(#3530)
SHAPE_REPRESENTATION_RELATIONSHIP()
);
#2437=(
REPRESENTATION_RELATIONSHIP(' ',' ',#5583,#5601)
REPRESENTATION_RELATIONSHIP_WITH_TRANSFORMATION(#3531)
SHAPE_REPRESENTATION_RELATIONSHIP()
);
#2438=(
REPRESENTATION_RELATIONSHIP(' ',' ',#5583,#5601)
REPRESENTATION_RELATIONSHIP_WITH_TRANSFORMATION(#3532)
SHAPE_REPRESENTATION_RELATIONSHIP()
);
#2439=(
REPRESENTATION_RELATIONSHIP(' ',' ',#5583,#5601)
REPRESENTATION_RELATIONSHIP_WITH_TRANSFORMATION(#3533)
SHAPE_REPRESENTATION_RELATIONSHIP()
);
#2440=(
REPRESENTATION_RELATIONSHIP(' ',' ',#5583,#5601)
REPRESENTATION_RELATIONSHIP_WITH_TRANSFORMATION(#3534)
SHAPE_REPRESENTATION_RELATIONSHIP()
);
#2441=(
REPRESENTATION_RELATIONSHIP(' ',' ',#5583,#5601)
REPRESENTATION_RELATIONSHIP_WITH_TRANSFORMATION(#3535)
SHAPE_REPRESENTATION_RELATIONSHIP()
);
#2442=(
REPRESENTATION_RELATIONSHIP(' ',' ',#5583,#5601)
REPRESENTATION_RELATIONSHIP_WITH_TRANSFORMATION(#3536)
SHAPE_REPRESENTATION_RELATIONSHIP()
);
#2443=(
REPRESENTATION_RELATIONSHIP(' ',' ',#5583,#5601)
REPRESENTATION_RELATIONSHIP_WITH_TRANSFORMATION(#3537)
SHAPE_REPRESENTATION_RELATIONSHIP()
);
#2444=(
REPRESENTATION_RELATIONSHIP(' ',' ',#5583,#5601)
REPRESENTATION_RELATIONSHIP_WITH_TRANSFORMATION(#3538)
SHAPE_REPRESENTATION_RELATIONSHIP()
);
#2445=(
REPRESENTATION_RELATIONSHIP(' ',' ',#5583,#5601)
REPRESENTATION_RELATIONSHIP_WITH_TRANSFORMATION(#3539)
SHAPE_REPRESENTATION_RELATIONSHIP()
);
#2446=(
REPRESENTATION_RELATIONSHIP(' ',' ',#5583,#5601)
REPRESENTATION_RELATIONSHIP_WITH_TRANSFORMATION(#3540)
SHAPE_REPRESENTATION_RELATIONSHIP()
);
#2447=(
REPRESENTATION_RELATIONSHIP(' ',' ',#5583,#5601)
REPRESENTATION_RELATIONSHIP_WITH_TRANSFORMATION(#3541)
SHAPE_REPRESENTATION_RELATIONSHIP()
);
#2448=(
REPRESENTATION_RELATIONSHIP(' ',' ',#5583,#5601)
REPRESENTATION_RELATIONSHIP_WITH_TRANSFORMATION(#3542)
SHAPE_REPRESENTATION_RELATIONSHIP()
);
#2449=(
REPRESENTATION_RELATIONSHIP(' ',' ',#5583,#5601)
REPRESENTATION_RELATIONSHIP_WITH_TRANSFORMATION(#3543)
SHAPE_REPRESENTATION_RELATIONSHIP()
);
#2450=(
REPRESENTATION_RELATIONSHIP(' ',' ',#5583,#5601)
REPRESENTATION_RELATIONSHIP_WITH_TRANSFORMATION(#3544)
SHAPE_REPRESENTATION_RELATIONSHIP()
);
#2451=(
REPRESENTATION_RELATIONSHIP(' ',' ',#5583,#5601)
REPRESENTATION_RELATIONSHIP_WITH_TRANSFORMATION(#3545)
SHAPE_REPRESENTATION_RELATIONSHIP()
);
#2452=(
REPRESENTATION_RELATIONSHIP(' ',' ',#5583,#5601)
REPRESENTATION_RELATIONSHIP_WITH_TRANSFORMATION(#3546)
SHAPE_REPRESENTATION_RELATIONSHIP()
);
#2453=(
REPRESENTATION_RELATIONSHIP(' ',' ',#5583,#5601)
REPRESENTATION_RELATIONSHIP_WITH_TRANSFORMATION(#3547)
SHAPE_REPRESENTATION_RELATIONSHIP()
);
#2454=(
REPRESENTATION_RELATIONSHIP(' ',' ',#5583,#5601)
REPRESENTATION_RELATIONSHIP_WITH_TRANSFORMATION(#3548)
SHAPE_REPRESENTATION_RELATIONSHIP()
);
#2455=(
REPRESENTATION_RELATIONSHIP(' ',' ',#5583,#5601)
REPRESENTATION_RELATIONSHIP_WITH_TRANSFORMATION(#3549)
SHAPE_REPRESENTATION_RELATIONSHIP()
);
#2456=(
REPRESENTATION_RELATIONSHIP(' ',' ',#5583,#5601)
REPRESENTATION_RELATIONSHIP_WITH_TRANSFORMATION(#3550)
SHAPE_REPRESENTATION_RELATIONSHIP()
);
#2457=(
REPRESENTATION_RELATIONSHIP(' ',' ',#5583,#5601)
REPRESENTATION_RELATIONSHIP_WITH_TRANSFORMATION(#3551)
SHAPE_REPRESENTATION_RELATIONSHIP()
);
#2458=(
REPRESENTATION_RELATIONSHIP(' ',' ',#5583,#5601)
REPRESENTATION_RELATIONSHIP_WITH_TRANSFORMATION(#3552)
SHAPE_REPRESENTATION_RELATIONSHIP()
);
#2459=(
REPRESENTATION_RELATIONSHIP(' ',' ',#5583,#5601)
REPRESENTATION_RELATIONSHIP_WITH_TRANSFORMATION(#3553)
SHAPE_REPRESENTATION_RELATIONSHIP()
);
#2460=(
REPRESENTATION_RELATIONSHIP(' ',' ',#5590,#5602)
REPRESENTATION_RELATIONSHIP_WITH_TRANSFORMATION(#3554)
SHAPE_REPRESENTATION_RELATIONSHIP()
);
#2461=(
REPRESENTATION_RELATIONSHIP(' ',' ',#5589,#5602)
REPRESENTATION_RELATIONSHIP_WITH_TRANSFORMATION(#3555)
SHAPE_REPRESENTATION_RELATIONSHIP()
);
#2462=(
REPRESENTATION_RELATIONSHIP(' ',' ',#5591,#5602)
REPRESENTATION_RELATIONSHIP_WITH_TRANSFORMATION(#3556)
SHAPE_REPRESENTATION_RELATIONSHIP()
);
#2463=(
REPRESENTATION_RELATIONSHIP(' ',' ',#5585,#5602)
REPRESENTATION_RELATIONSHIP_WITH_TRANSFORMATION(#3557)
SHAPE_REPRESENTATION_RELATIONSHIP()
);
#2464=(
REPRESENTATION_RELATIONSHIP(' ',' ',#5586,#5602)
REPRESENTATION_RELATIONSHIP_WITH_TRANSFORMATION(#3558)
SHAPE_REPRESENTATION_RELATIONSHIP()
);
#2465=(
REPRESENTATION_RELATIONSHIP(' ',' ',#5588,#5602)
REPRESENTATION_RELATIONSHIP_WITH_TRANSFORMATION(#3559)
SHAPE_REPRESENTATION_RELATIONSHIP()
);
#2466=(
REPRESENTATION_RELATIONSHIP(' ',' ',#5587,#5602)
REPRESENTATION_RELATIONSHIP_WITH_TRANSFORMATION(#3560)
SHAPE_REPRESENTATION_RELATIONSHIP()
);
#2467=(
REPRESENTATION_RELATIONSHIP(' ',' ',#5602,#5601)
REPRESENTATION_RELATIONSHIP_WITH_TRANSFORMATION(#3561)
SHAPE_REPRESENTATION_RELATIONSHIP()
);
#2468=(
REPRESENTATION_RELATIONSHIP(' ',' ',#5583,#5601)
REPRESENTATION_RELATIONSHIP_WITH_TRANSFORMATION(#3562)
SHAPE_REPRESENTATION_RELATIONSHIP()
);
#2469=(
REPRESENTATION_RELATIONSHIP(' ',' ',#5583,#5601)
REPRESENTATION_RELATIONSHIP_WITH_TRANSFORMATION(#3563)
SHAPE_REPRESENTATION_RELATIONSHIP()
);
#2470=(
REPRESENTATION_RELATIONSHIP(' ',' ',#5583,#5601)
REPRESENTATION_RELATIONSHIP_WITH_TRANSFORMATION(#3564)
SHAPE_REPRESENTATION_RELATIONSHIP()
);
#2471=(
REPRESENTATION_RELATIONSHIP(' ',' ',#5601,#5598)
REPRESENTATION_RELATIONSHIP_WITH_TRANSFORMATION(#3565)
SHAPE_REPRESENTATION_RELATIONSHIP()
);
#2472=(
REPRESENTATION_RELATIONSHIP(' ',' ',#5583,#5603)
REPRESENTATION_RELATIONSHIP_WITH_TRANSFORMATION(#3566)
SHAPE_REPRESENTATION_RELATIONSHIP()
);
#2473=(
REPRESENTATION_RELATIONSHIP(' ',' ',#5583,#5603)
REPRESENTATION_RELATIONSHIP_WITH_TRANSFORMATION(#3567)
SHAPE_REPRESENTATION_RELATIONSHIP()
);
#2474=(
REPRESENTATION_RELATIONSHIP(' ',' ',#5583,#5603)
REPRESENTATION_RELATIONSHIP_WITH_TRANSFORMATION(#3568)
SHAPE_REPRESENTATION_RELATIONSHIP()
);
#2475=(
REPRESENTATION_RELATIONSHIP(' ',' ',#5583,#5603)
REPRESENTATION_RELATIONSHIP_WITH_TRANSFORMATION(#3569)
SHAPE_REPRESENTATION_RELATIONSHIP()
);
#2476=(
REPRESENTATION_RELATIONSHIP(' ',' ',#5583,#5603)
REPRESENTATION_RELATIONSHIP_WITH_TRANSFORMATION(#3570)
SHAPE_REPRESENTATION_RELATIONSHIP()
);
#2477=(
REPRESENTATION_RELATIONSHIP(' ',' ',#5583,#5603)
REPRESENTATION_RELATIONSHIP_WITH_TRANSFORMATION(#3571)
SHAPE_REPRESENTATION_RELATIONSHIP()
);
#2478=(
REPRESENTATION_RELATIONSHIP(' ',' ',#5583,#5603)
REPRESENTATION_RELATIONSHIP_WITH_TRANSFORMATION(#3572)
SHAPE_REPRESENTATION_RELATIONSHIP()
);
#2479=(
REPRESENTATION_RELATIONSHIP(' ',' ',#5583,#5603)
REPRESENTATION_RELATIONSHIP_WITH_TRANSFORMATION(#3573)
SHAPE_REPRESENTATION_RELATIONSHIP()
);
#2480=(
REPRESENTATION_RELATIONSHIP(' ',' ',#5583,#5603)
REPRESENTATION_RELATIONSHIP_WITH_TRANSFORMATION(#3574)
SHAPE_REPRESENTATION_RELATIONSHIP()
);
#2481=(
REPRESENTATION_RELATIONSHIP(' ',' ',#5583,#5603)
REPRESENTATION_RELATIONSHIP_WITH_TRANSFORMATION(#3575)
SHAPE_REPRESENTATION_RELATIONSHIP()
);
#2482=(
REPRESENTATION_RELATIONSHIP(' ',' ',#5583,#5603)
REPRESENTATION_RELATIONSHIP_WITH_TRANSFORMATION(#3576)
SHAPE_REPRESENTATION_RELATIONSHIP()
);
#2483=(
REPRESENTATION_RELATIONSHIP(' ',' ',#5583,#5603)
REPRESENTATION_RELATIONSHIP_WITH_TRANSFORMATION(#3577)
SHAPE_REPRESENTATION_RELATIONSHIP()
);
#2484=(
REPRESENTATION_RELATIONSHIP(' ',' ',#5583,#5603)
REPRESENTATION_RELATIONSHIP_WITH_TRANSFORMATION(#3578)
SHAPE_REPRESENTATION_RELATIONSHIP()
);
#2485=(
REPRESENTATION_RELATIONSHIP(' ',' ',#5583,#5603)
REPRESENTATION_RELATIONSHIP_WITH_TRANSFORMATION(#3579)
SHAPE_REPRESENTATION_RELATIONSHIP()
);
#2486=(
REPRESENTATION_RELATIONSHIP(' ',' ',#5583,#5603)
REPRESENTATION_RELATIONSHIP_WITH_TRANSFORMATION(#3580)
SHAPE_REPRESENTATION_RELATIONSHIP()
);
#2487=(
REPRESENTATION_RELATIONSHIP(' ',' ',#5583,#5603)
REPRESENTATION_RELATIONSHIP_WITH_TRANSFORMATION(#3581)
SHAPE_REPRESENTATION_RELATIONSHIP()
);
#2488=(
REPRESENTATION_RELATIONSHIP(' ',' ',#5583,#5603)
REPRESENTATION_RELATIONSHIP_WITH_TRANSFORMATION(#3582)
SHAPE_REPRESENTATION_RELATIONSHIP()
);
#2489=(
REPRESENTATION_RELATIONSHIP(' ',' ',#5583,#5603)
REPRESENTATION_RELATIONSHIP_WITH_TRANSFORMATION(#3583)
SHAPE_REPRESENTATION_RELATIONSHIP()
);
#2490=(
REPRESENTATION_RELATIONSHIP(' ',' ',#5583,#5603)
REPRESENTATION_RELATIONSHIP_WITH_TRANSFORMATION(#3584)
SHAPE_REPRESENTATION_RELATIONSHIP()
);
#2491=(
REPRESENTATION_RELATIONSHIP(' ',' ',#5583,#5603)
REPRESENTATION_RELATIONSHIP_WITH_TRANSFORMATION(#3585)
SHAPE_REPRESENTATION_RELATIONSHIP()
);
#2492=(
REPRESENTATION_RELATIONSHIP(' ',' ',#5583,#5603)
REPRESENTATION_RELATIONSHIP_WITH_TRANSFORMATION(#3586)
SHAPE_REPRESENTATION_RELATIONSHIP()
);
#2493=(
REPRESENTATION_RELATIONSHIP(' ',' ',#5583,#5603)
REPRESENTATION_RELATIONSHIP_WITH_TRANSFORMATION(#3587)
SHAPE_REPRESENTATION_RELATIONSHIP()
);
#2494=(
REPRESENTATION_RELATIONSHIP(' ',' ',#5583,#5603)
REPRESENTATION_RELATIONSHIP_WITH_TRANSFORMATION(#3588)
SHAPE_REPRESENTATION_RELATIONSHIP()
);
#2495=(
REPRESENTATION_RELATIONSHIP(' ',' ',#5583,#5603)
REPRESENTATION_RELATIONSHIP_WITH_TRANSFORMATION(#3589)
SHAPE_REPRESENTATION_RELATIONSHIP()
);
#2496=(
REPRESENTATION_RELATIONSHIP(' ',' ',#5583,#5603)
REPRESENTATION_RELATIONSHIP_WITH_TRANSFORMATION(#3590)
SHAPE_REPRESENTATION_RELATIONSHIP()
);
#2497=(
REPRESENTATION_RELATIONSHIP(' ',' ',#5583,#5603)
REPRESENTATION_RELATIONSHIP_WITH_TRANSFORMATION(#3591)
SHAPE_REPRESENTATION_RELATIONSHIP()
);
#2498=(
REPRESENTATION_RELATIONSHIP(' ',' ',#5583,#5603)
REPRESENTATION_RELATIONSHIP_WITH_TRANSFORMATION(#3592)
SHAPE_REPRESENTATION_RELATIONSHIP()
);
#2499=(
REPRESENTATION_RELATIONSHIP(' ',' ',#5583,#5603)
REPRESENTATION_RELATIONSHIP_WITH_TRANSFORMATION(#3593)
SHAPE_REPRESENTATION_RELATIONSHIP()
);
#2500=(
REPRESENTATION_RELATIONSHIP(' ',' ',#5583,#5603)
REPRESENTATION_RELATIONSHIP_WITH_TRANSFORMATION(#3594)
SHAPE_REPRESENTATION_RELATIONSHIP()
);
#2501=(
REPRESENTATION_RELATIONSHIP(' ',' ',#5583,#5603)
REPRESENTATION_RELATIONSHIP_WITH_TRANSFORMATION(#3595)
SHAPE_REPRESENTATION_RELATIONSHIP()
);
#2502=(
REPRESENTATION_RELATIONSHIP(' ',' ',#5583,#5603)
REPRESENTATION_RELATIONSHIP_WITH_TRANSFORMATION(#3596)
SHAPE_REPRESENTATION_RELATIONSHIP()
);
#2503=(
REPRESENTATION_RELATIONSHIP(' ',' ',#5583,#5603)
REPRESENTATION_RELATIONSHIP_WITH_TRANSFORMATION(#3597)
SHAPE_REPRESENTATION_RELATIONSHIP()
);
#2504=(
REPRESENTATION_RELATIONSHIP(' ',' ',#5583,#5603)
REPRESENTATION_RELATIONSHIP_WITH_TRANSFORMATION(#3598)
SHAPE_REPRESENTATION_RELATIONSHIP()
);
#2505=(
REPRESENTATION_RELATIONSHIP(' ',' ',#5588,#5604)
REPRESENTATION_RELATIONSHIP_WITH_TRANSFORMATION(#3599)
SHAPE_REPRESENTATION_RELATIONSHIP()
);
#2506=(
REPRESENTATION_RELATIONSHIP(' ',' ',#5587,#5604)
REPRESENTATION_RELATIONSHIP_WITH_TRANSFORMATION(#3600)
SHAPE_REPRESENTATION_RELATIONSHIP()
);
#2507=(
REPRESENTATION_RELATIONSHIP(' ',' ',#5586,#5604)
REPRESENTATION_RELATIONSHIP_WITH_TRANSFORMATION(#3601)
SHAPE_REPRESENTATION_RELATIONSHIP()
);
#2508=(
REPRESENTATION_RELATIONSHIP(' ',' ',#5585,#5604)
REPRESENTATION_RELATIONSHIP_WITH_TRANSFORMATION(#3602)
SHAPE_REPRESENTATION_RELATIONSHIP()
);
#2509=(
REPRESENTATION_RELATIONSHIP(' ',' ',#5590,#5604)
REPRESENTATION_RELATIONSHIP_WITH_TRANSFORMATION(#3603)
SHAPE_REPRESENTATION_RELATIONSHIP()
);
#2510=(
REPRESENTATION_RELATIONSHIP(' ',' ',#5591,#5604)
REPRESENTATION_RELATIONSHIP_WITH_TRANSFORMATION(#3604)
SHAPE_REPRESENTATION_RELATIONSHIP()
);
#2511=(
REPRESENTATION_RELATIONSHIP(' ',' ',#5589,#5604)
REPRESENTATION_RELATIONSHIP_WITH_TRANSFORMATION(#3605)
SHAPE_REPRESENTATION_RELATIONSHIP()
);
#2512=(
REPRESENTATION_RELATIONSHIP(' ',' ',#5604,#5603)
REPRESENTATION_RELATIONSHIP_WITH_TRANSFORMATION(#3606)
SHAPE_REPRESENTATION_RELATIONSHIP()
);
#2513=(
REPRESENTATION_RELATIONSHIP(' ',' ',#5583,#5603)
REPRESENTATION_RELATIONSHIP_WITH_TRANSFORMATION(#3607)
SHAPE_REPRESENTATION_RELATIONSHIP()
);
#2514=(
REPRESENTATION_RELATIONSHIP(' ',' ',#5583,#5603)
REPRESENTATION_RELATIONSHIP_WITH_TRANSFORMATION(#3608)
SHAPE_REPRESENTATION_RELATIONSHIP()
);
#2515=(
REPRESENTATION_RELATIONSHIP(' ',' ',#5583,#5603)
REPRESENTATION_RELATIONSHIP_WITH_TRANSFORMATION(#3609)
SHAPE_REPRESENTATION_RELATIONSHIP()
);
#2516=(
REPRESENTATION_RELATIONSHIP(' ',' ',#5603,#5598)
REPRESENTATION_RELATIONSHIP_WITH_TRANSFORMATION(#3610)
SHAPE_REPRESENTATION_RELATIONSHIP()
);
#2517=(
REPRESENTATION_RELATIONSHIP(' ',' ',#5583,#5605)
REPRESENTATION_RELATIONSHIP_WITH_TRANSFORMATION(#3611)
SHAPE_REPRESENTATION_RELATIONSHIP()
);
#2518=(
REPRESENTATION_RELATIONSHIP(' ',' ',#5583,#5605)
REPRESENTATION_RELATIONSHIP_WITH_TRANSFORMATION(#3612)
SHAPE_REPRESENTATION_RELATIONSHIP()
);
#2519=(
REPRESENTATION_RELATIONSHIP(' ',' ',#5583,#5605)
REPRESENTATION_RELATIONSHIP_WITH_TRANSFORMATION(#3613)
SHAPE_REPRESENTATION_RELATIONSHIP()
);
#2520=(
REPRESENTATION_RELATIONSHIP(' ',' ',#5583,#5605)
REPRESENTATION_RELATIONSHIP_WITH_TRANSFORMATION(#3614)
SHAPE_REPRESENTATION_RELATIONSHIP()
);
#2521=(
REPRESENTATION_RELATIONSHIP(' ',' ',#5583,#5605)
REPRESENTATION_RELATIONSHIP_WITH_TRANSFORMATION(#3615)
SHAPE_REPRESENTATION_RELATIONSHIP()
);
#2522=(
REPRESENTATION_RELATIONSHIP(' ',' ',#5583,#5605)
REPRESENTATION_RELATIONSHIP_WITH_TRANSFORMATION(#3616)
SHAPE_REPRESENTATION_RELATIONSHIP()
);
#2523=(
REPRESENTATION_RELATIONSHIP(' ',' ',#5583,#5605)
REPRESENTATION_RELATIONSHIP_WITH_TRANSFORMATION(#3617)
SHAPE_REPRESENTATION_RELATIONSHIP()
);
#2524=(
REPRESENTATION_RELATIONSHIP(' ',' ',#5583,#5605)
REPRESENTATION_RELATIONSHIP_WITH_TRANSFORMATION(#3618)
SHAPE_REPRESENTATION_RELATIONSHIP()
);
#2525=(
REPRESENTATION_RELATIONSHIP(' ',' ',#5583,#5605)
REPRESENTATION_RELATIONSHIP_WITH_TRANSFORMATION(#3619)
SHAPE_REPRESENTATION_RELATIONSHIP()
);
#2526=(
REPRESENTATION_RELATIONSHIP(' ',' ',#5583,#5605)
REPRESENTATION_RELATIONSHIP_WITH_TRANSFORMATION(#3620)
SHAPE_REPRESENTATION_RELATIONSHIP()
);
#2527=(
REPRESENTATION_RELATIONSHIP(' ',' ',#5583,#5605)
REPRESENTATION_RELATIONSHIP_WITH_TRANSFORMATION(#3621)
SHAPE_REPRESENTATION_RELATIONSHIP()
);
#2528=(
REPRESENTATION_RELATIONSHIP(' ',' ',#5583,#5605)
REPRESENTATION_RELATIONSHIP_WITH_TRANSFORMATION(#3622)
SHAPE_REPRESENTATION_RELATIONSHIP()
);
#2529=(
REPRESENTATION_RELATIONSHIP(' ',' ',#5583,#5605)
REPRESENTATION_RELATIONSHIP_WITH_TRANSFORMATION(#3623)
SHAPE_REPRESENTATION_RELATIONSHIP()
);
#2530=(
REPRESENTATION_RELATIONSHIP(' ',' ',#5583,#5605)
REPRESENTATION_RELATIONSHIP_WITH_TRANSFORMATION(#3624)
SHAPE_REPRESENTATION_RELATIONSHIP()
);
#2531=(
REPRESENTATION_RELATIONSHIP(' ',' ',#5583,#5605)
REPRESENTATION_RELATIONSHIP_WITH_TRANSFORMATION(#3625)
SHAPE_REPRESENTATION_RELATIONSHIP()
);
#2532=(
REPRESENTATION_RELATIONSHIP(' ',' ',#5583,#5605)
REPRESENTATION_RELATIONSHIP_WITH_TRANSFORMATION(#3626)
SHAPE_REPRESENTATION_RELATIONSHIP()
);
#2533=(
REPRESENTATION_RELATIONSHIP(' ',' ',#5583,#5605)
REPRESENTATION_RELATIONSHIP_WITH_TRANSFORMATION(#3627)
SHAPE_REPRESENTATION_RELATIONSHIP()
);
#2534=(
REPRESENTATION_RELATIONSHIP(' ',' ',#5583,#5605)
REPRESENTATION_RELATIONSHIP_WITH_TRANSFORMATION(#3628)
SHAPE_REPRESENTATION_RELATIONSHIP()
);
#2535=(
REPRESENTATION_RELATIONSHIP(' ',' ',#5583,#5605)
REPRESENTATION_RELATIONSHIP_WITH_TRANSFORMATION(#3629)
SHAPE_REPRESENTATION_RELATIONSHIP()
);
#2536=(
REPRESENTATION_RELATIONSHIP(' ',' ',#5583,#5605)
REPRESENTATION_RELATIONSHIP_WITH_TRANSFORMATION(#3630)
SHAPE_REPRESENTATION_RELATIONSHIP()
);
#2537=(
REPRESENTATION_RELATIONSHIP(' ',' ',#5583,#5605)
REPRESENTATION_RELATIONSHIP_WITH_TRANSFORMATION(#3631)
SHAPE_REPRESENTATION_RELATIONSHIP()
);
#2538=(
REPRESENTATION_RELATIONSHIP(' ',' ',#5583,#5605)
REPRESENTATION_RELATIONSHIP_WITH_TRANSFORMATION(#3632)
SHAPE_REPRESENTATION_RELATIONSHIP()
);
#2539=(
REPRESENTATION_RELATIONSHIP(' ',' ',#5583,#5605)
REPRESENTATION_RELATIONSHIP_WITH_TRANSFORMATION(#3633)
SHAPE_REPRESENTATION_RELATIONSHIP()
);
#2540=(
REPRESENTATION_RELATIONSHIP(' ',' ',#5583,#5605)
REPRESENTATION_RELATIONSHIP_WITH_TRANSFORMATION(#3634)
SHAPE_REPRESENTATION_RELATIONSHIP()
);
#2541=(
REPRESENTATION_RELATIONSHIP(' ',' ',#5583,#5605)
REPRESENTATION_RELATIONSHIP_WITH_TRANSFORMATION(#3635)
SHAPE_REPRESENTATION_RELATIONSHIP()
);
#2542=(
REPRESENTATION_RELATIONSHIP(' ',' ',#5583,#5605)
REPRESENTATION_RELATIONSHIP_WITH_TRANSFORMATION(#3636)
SHAPE_REPRESENTATION_RELATIONSHIP()
);
#2543=(
REPRESENTATION_RELATIONSHIP(' ',' ',#5583,#5605)
REPRESENTATION_RELATIONSHIP_WITH_TRANSFORMATION(#3637)
SHAPE_REPRESENTATION_RELATIONSHIP()
);
#2544=(
REPRESENTATION_RELATIONSHIP(' ',' ',#5583,#5605)
REPRESENTATION_RELATIONSHIP_WITH_TRANSFORMATION(#3638)
SHAPE_REPRESENTATION_RELATIONSHIP()
);
#2545=(
REPRESENTATION_RELATIONSHIP(' ',' ',#5583,#5605)
REPRESENTATION_RELATIONSHIP_WITH_TRANSFORMATION(#3639)
SHAPE_REPRESENTATION_RELATIONSHIP()
);
#2546=(
REPRESENTATION_RELATIONSHIP(' ',' ',#5583,#5605)
REPRESENTATION_RELATIONSHIP_WITH_TRANSFORMATION(#3640)
SHAPE_REPRESENTATION_RELATIONSHIP()
);
#2547=(
REPRESENTATION_RELATIONSHIP(' ',' ',#5583,#5605)
REPRESENTATION_RELATIONSHIP_WITH_TRANSFORMATION(#3641)
SHAPE_REPRESENTATION_RELATIONSHIP()
);
#2548=(
REPRESENTATION_RELATIONSHIP(' ',' ',#5583,#5605)
REPRESENTATION_RELATIONSHIP_WITH_TRANSFORMATION(#3642)
SHAPE_REPRESENTATION_RELATIONSHIP()
);
#2549=(
REPRESENTATION_RELATIONSHIP(' ',' ',#5583,#5605)
REPRESENTATION_RELATIONSHIP_WITH_TRANSFORMATION(#3643)
SHAPE_REPRESENTATION_RELATIONSHIP()
);
#2550=(
REPRESENTATION_RELATIONSHIP(' ',' ',#5583,#5605)
REPRESENTATION_RELATIONSHIP_WITH_TRANSFORMATION(#3644)
SHAPE_REPRESENTATION_RELATIONSHIP()
);
#2551=(
REPRESENTATION_RELATIONSHIP(' ',' ',#5583,#5605)
REPRESENTATION_RELATIONSHIP_WITH_TRANSFORMATION(#3645)
SHAPE_REPRESENTATION_RELATIONSHIP()
);
#2552=(
REPRESENTATION_RELATIONSHIP(' ',' ',#5583,#5605)
REPRESENTATION_RELATIONSHIP_WITH_TRANSFORMATION(#3646)
SHAPE_REPRESENTATION_RELATIONSHIP()
);
#2553=(
REPRESENTATION_RELATIONSHIP(' ',' ',#5586,#5606)
REPRESENTATION_RELATIONSHIP_WITH_TRANSFORMATION(#3647)
SHAPE_REPRESENTATION_RELATIONSHIP()
);
#2554=(
REPRESENTATION_RELATIONSHIP(' ',' ',#5588,#5606)
REPRESENTATION_RELATIONSHIP_WITH_TRANSFORMATION(#3648)
SHAPE_REPRESENTATION_RELATIONSHIP()
);
#2555=(
REPRESENTATION_RELATIONSHIP(' ',' ',#5589,#5606)
REPRESENTATION_RELATIONSHIP_WITH_TRANSFORMATION(#3649)
SHAPE_REPRESENTATION_RELATIONSHIP()
);
#2556=(
REPRESENTATION_RELATIONSHIP(' ',' ',#5591,#5606)
REPRESENTATION_RELATIONSHIP_WITH_TRANSFORMATION(#3650)
SHAPE_REPRESENTATION_RELATIONSHIP()
);
#2557=(
REPRESENTATION_RELATIONSHIP(' ',' ',#5587,#5606)
REPRESENTATION_RELATIONSHIP_WITH_TRANSFORMATION(#3651)
SHAPE_REPRESENTATION_RELATIONSHIP()
);
#2558=(
REPRESENTATION_RELATIONSHIP(' ',' ',#5585,#5606)
REPRESENTATION_RELATIONSHIP_WITH_TRANSFORMATION(#3652)
SHAPE_REPRESENTATION_RELATIONSHIP()
);
#2559=(
REPRESENTATION_RELATIONSHIP(' ',' ',#5590,#5606)
REPRESENTATION_RELATIONSHIP_WITH_TRANSFORMATION(#3653)
SHAPE_REPRESENTATION_RELATIONSHIP()
);
#2560=(
REPRESENTATION_RELATIONSHIP(' ',' ',#5606,#5605)
REPRESENTATION_RELATIONSHIP_WITH_TRANSFORMATION(#3654)
SHAPE_REPRESENTATION_RELATIONSHIP()
);
#2561=(
REPRESENTATION_RELATIONSHIP(' ',' ',#5605,#5598)
REPRESENTATION_RELATIONSHIP_WITH_TRANSFORMATION(#3655)
SHAPE_REPRESENTATION_RELATIONSHIP()
);
#2562=(
REPRESENTATION_RELATIONSHIP(' ',' ',#5598,#5578)
REPRESENTATION_RELATIONSHIP_WITH_TRANSFORMATION(#3656)
SHAPE_REPRESENTATION_RELATIONSHIP()
);
#2563=(
REPRESENTATION_RELATIONSHIP(' ',' ',#5581,#5607)
REPRESENTATION_RELATIONSHIP_WITH_TRANSFORMATION(#3657)
SHAPE_REPRESENTATION_RELATIONSHIP()
);
#2564=(
REPRESENTATION_RELATIONSHIP(' ',' ',#5583,#5608)
REPRESENTATION_RELATIONSHIP_WITH_TRANSFORMATION(#3658)
SHAPE_REPRESENTATION_RELATIONSHIP()
);
#2565=(
REPRESENTATION_RELATIONSHIP(' ',' ',#5583,#5608)
REPRESENTATION_RELATIONSHIP_WITH_TRANSFORMATION(#3659)
SHAPE_REPRESENTATION_RELATIONSHIP()
);
#2566=(
REPRESENTATION_RELATIONSHIP(' ',' ',#5583,#5608)
REPRESENTATION_RELATIONSHIP_WITH_TRANSFORMATION(#3660)
SHAPE_REPRESENTATION_RELATIONSHIP()
);
#2567=(
REPRESENTATION_RELATIONSHIP(' ',' ',#5583,#5608)
REPRESENTATION_RELATIONSHIP_WITH_TRANSFORMATION(#3661)
SHAPE_REPRESENTATION_RELATIONSHIP()
);
#2568=(
REPRESENTATION_RELATIONSHIP(' ',' ',#5583,#5608)
REPRESENTATION_RELATIONSHIP_WITH_TRANSFORMATION(#3662)
SHAPE_REPRESENTATION_RELATIONSHIP()
);
#2569=(
REPRESENTATION_RELATIONSHIP(' ',' ',#5583,#5608)
REPRESENTATION_RELATIONSHIP_WITH_TRANSFORMATION(#3663)
SHAPE_REPRESENTATION_RELATIONSHIP()
);
#2570=(
REPRESENTATION_RELATIONSHIP(' ',' ',#5583,#5608)
REPRESENTATION_RELATIONSHIP_WITH_TRANSFORMATION(#3664)
SHAPE_REPRESENTATION_RELATIONSHIP()
);
#2571=(
REPRESENTATION_RELATIONSHIP(' ',' ',#5583,#5608)
REPRESENTATION_RELATIONSHIP_WITH_TRANSFORMATION(#3665)
SHAPE_REPRESENTATION_RELATIONSHIP()
);
#2572=(
REPRESENTATION_RELATIONSHIP(' ',' ',#5583,#5608)
REPRESENTATION_RELATIONSHIP_WITH_TRANSFORMATION(#3666)
SHAPE_REPRESENTATION_RELATIONSHIP()
);
#2573=(
REPRESENTATION_RELATIONSHIP(' ',' ',#5583,#5608)
REPRESENTATION_RELATIONSHIP_WITH_TRANSFORMATION(#3667)
SHAPE_REPRESENTATION_RELATIONSHIP()
);
#2574=(
REPRESENTATION_RELATIONSHIP(' ',' ',#5583,#5608)
REPRESENTATION_RELATIONSHIP_WITH_TRANSFORMATION(#3668)
SHAPE_REPRESENTATION_RELATIONSHIP()
);
#2575=(
REPRESENTATION_RELATIONSHIP(' ',' ',#5583,#5608)
REPRESENTATION_RELATIONSHIP_WITH_TRANSFORMATION(#3669)
SHAPE_REPRESENTATION_RELATIONSHIP()
);
#2576=(
REPRESENTATION_RELATIONSHIP(' ',' ',#5583,#5608)
REPRESENTATION_RELATIONSHIP_WITH_TRANSFORMATION(#3670)
SHAPE_REPRESENTATION_RELATIONSHIP()
);
#2577=(
REPRESENTATION_RELATIONSHIP(' ',' ',#5583,#5608)
REPRESENTATION_RELATIONSHIP_WITH_TRANSFORMATION(#3671)
SHAPE_REPRESENTATION_RELATIONSHIP()
);
#2578=(
REPRESENTATION_RELATIONSHIP(' ',' ',#5583,#5608)
REPRESENTATION_RELATIONSHIP_WITH_TRANSFORMATION(#3672)
SHAPE_REPRESENTATION_RELATIONSHIP()
);
#2579=(
REPRESENTATION_RELATIONSHIP(' ',' ',#5583,#5608)
REPRESENTATION_RELATIONSHIP_WITH_TRANSFORMATION(#3673)
SHAPE_REPRESENTATION_RELATIONSHIP()
);
#2580=(
REPRESENTATION_RELATIONSHIP(' ',' ',#5583,#5608)
REPRESENTATION_RELATIONSHIP_WITH_TRANSFORMATION(#3674)
SHAPE_REPRESENTATION_RELATIONSHIP()
);
#2581=(
REPRESENTATION_RELATIONSHIP(' ',' ',#5583,#5608)
REPRESENTATION_RELATIONSHIP_WITH_TRANSFORMATION(#3675)
SHAPE_REPRESENTATION_RELATIONSHIP()
);
#2582=(
REPRESENTATION_RELATIONSHIP(' ',' ',#5583,#5608)
REPRESENTATION_RELATIONSHIP_WITH_TRANSFORMATION(#3676)
SHAPE_REPRESENTATION_RELATIONSHIP()
);
#2583=(
REPRESENTATION_RELATIONSHIP(' ',' ',#5583,#5608)
REPRESENTATION_RELATIONSHIP_WITH_TRANSFORMATION(#3677)
SHAPE_REPRESENTATION_RELATIONSHIP()
);
#2584=(
REPRESENTATION_RELATIONSHIP(' ',' ',#5583,#5608)
REPRESENTATION_RELATIONSHIP_WITH_TRANSFORMATION(#3678)
SHAPE_REPRESENTATION_RELATIONSHIP()
);
#2585=(
REPRESENTATION_RELATIONSHIP(' ',' ',#5583,#5608)
REPRESENTATION_RELATIONSHIP_WITH_TRANSFORMATION(#3679)
SHAPE_REPRESENTATION_RELATIONSHIP()
);
#2586=(
REPRESENTATION_RELATIONSHIP(' ',' ',#5583,#5608)
REPRESENTATION_RELATIONSHIP_WITH_TRANSFORMATION(#3680)
SHAPE_REPRESENTATION_RELATIONSHIP()
);
#2587=(
REPRESENTATION_RELATIONSHIP(' ',' ',#5583,#5608)
REPRESENTATION_RELATIONSHIP_WITH_TRANSFORMATION(#3681)
SHAPE_REPRESENTATION_RELATIONSHIP()
);
#2588=(
REPRESENTATION_RELATIONSHIP(' ',' ',#5583,#5608)
REPRESENTATION_RELATIONSHIP_WITH_TRANSFORMATION(#3682)
SHAPE_REPRESENTATION_RELATIONSHIP()
);
#2589=(
REPRESENTATION_RELATIONSHIP(' ',' ',#5583,#5608)
REPRESENTATION_RELATIONSHIP_WITH_TRANSFORMATION(#3683)
SHAPE_REPRESENTATION_RELATIONSHIP()
);
#2590=(
REPRESENTATION_RELATIONSHIP(' ',' ',#5583,#5608)
REPRESENTATION_RELATIONSHIP_WITH_TRANSFORMATION(#3684)
SHAPE_REPRESENTATION_RELATIONSHIP()
);
#2591=(
REPRESENTATION_RELATIONSHIP(' ',' ',#5583,#5608)
REPRESENTATION_RELATIONSHIP_WITH_TRANSFORMATION(#3685)
SHAPE_REPRESENTATION_RELATIONSHIP()
);
#2592=(
REPRESENTATION_RELATIONSHIP(' ',' ',#5583,#5608)
REPRESENTATION_RELATIONSHIP_WITH_TRANSFORMATION(#3686)
SHAPE_REPRESENTATION_RELATIONSHIP()
);
#2593=(
REPRESENTATION_RELATIONSHIP(' ',' ',#5583,#5608)
REPRESENTATION_RELATIONSHIP_WITH_TRANSFORMATION(#3687)
SHAPE_REPRESENTATION_RELATIONSHIP()
);
#2594=(
REPRESENTATION_RELATIONSHIP(' ',' ',#5583,#5608)
REPRESENTATION_RELATIONSHIP_WITH_TRANSFORMATION(#3688)
SHAPE_REPRESENTATION_RELATIONSHIP()
);
#2595=(
REPRESENTATION_RELATIONSHIP(' ',' ',#5583,#5608)
REPRESENTATION_RELATIONSHIP_WITH_TRANSFORMATION(#3689)
SHAPE_REPRESENTATION_RELATIONSHIP()
);
#2596=(
REPRESENTATION_RELATIONSHIP(' ',' ',#5589,#5609)
REPRESENTATION_RELATIONSHIP_WITH_TRANSFORMATION(#3690)
SHAPE_REPRESENTATION_RELATIONSHIP()
);
#2597=(
REPRESENTATION_RELATIONSHIP(' ',' ',#5591,#5609)
REPRESENTATION_RELATIONSHIP_WITH_TRANSFORMATION(#3691)
SHAPE_REPRESENTATION_RELATIONSHIP()
);
#2598=(
REPRESENTATION_RELATIONSHIP(' ',' ',#5590,#5609)
REPRESENTATION_RELATIONSHIP_WITH_TRANSFORMATION(#3692)
SHAPE_REPRESENTATION_RELATIONSHIP()
);
#2599=(
REPRESENTATION_RELATIONSHIP(' ',' ',#5587,#5609)
REPRESENTATION_RELATIONSHIP_WITH_TRANSFORMATION(#3693)
SHAPE_REPRESENTATION_RELATIONSHIP()
);
#2600=(
REPRESENTATION_RELATIONSHIP(' ',' ',#5588,#5609)
REPRESENTATION_RELATIONSHIP_WITH_TRANSFORMATION(#3694)
SHAPE_REPRESENTATION_RELATIONSHIP()
);
#2601=(
REPRESENTATION_RELATIONSHIP(' ',' ',#5585,#5609)
REPRESENTATION_RELATIONSHIP_WITH_TRANSFORMATION(#3695)
SHAPE_REPRESENTATION_RELATIONSHIP()
);
#2602=(
REPRESENTATION_RELATIONSHIP(' ',' ',#5586,#5609)
REPRESENTATION_RELATIONSHIP_WITH_TRANSFORMATION(#3696)
SHAPE_REPRESENTATION_RELATIONSHIP()
);
#2603=(
REPRESENTATION_RELATIONSHIP(' ',' ',#5609,#5608)
REPRESENTATION_RELATIONSHIP_WITH_TRANSFORMATION(#3697)
SHAPE_REPRESENTATION_RELATIONSHIP()
);
#2604=(
REPRESENTATION_RELATIONSHIP(' ',' ',#5583,#5608)
REPRESENTATION_RELATIONSHIP_WITH_TRANSFORMATION(#3698)
SHAPE_REPRESENTATION_RELATIONSHIP()
);
#2605=(
REPRESENTATION_RELATIONSHIP(' ',' ',#5583,#5608)
REPRESENTATION_RELATIONSHIP_WITH_TRANSFORMATION(#3699)
SHAPE_REPRESENTATION_RELATIONSHIP()
);
#2606=(
REPRESENTATION_RELATIONSHIP(' ',' ',#5583,#5608)
REPRESENTATION_RELATIONSHIP_WITH_TRANSFORMATION(#3700)
SHAPE_REPRESENTATION_RELATIONSHIP()
);
#2607=(
REPRESENTATION_RELATIONSHIP(' ',' ',#5583,#5608)
REPRESENTATION_RELATIONSHIP_WITH_TRANSFORMATION(#3701)
SHAPE_REPRESENTATION_RELATIONSHIP()
);
#2608=(
REPRESENTATION_RELATIONSHIP(' ',' ',#5608,#5607)
REPRESENTATION_RELATIONSHIP_WITH_TRANSFORMATION(#3702)
SHAPE_REPRESENTATION_RELATIONSHIP()
);
#2609=(
REPRESENTATION_RELATIONSHIP(' ',' ',#5583,#5610)
REPRESENTATION_RELATIONSHIP_WITH_TRANSFORMATION(#3703)
SHAPE_REPRESENTATION_RELATIONSHIP()
);
#2610=(
REPRESENTATION_RELATIONSHIP(' ',' ',#5583,#5610)
REPRESENTATION_RELATIONSHIP_WITH_TRANSFORMATION(#3704)
SHAPE_REPRESENTATION_RELATIONSHIP()
);
#2611=(
REPRESENTATION_RELATIONSHIP(' ',' ',#5583,#5610)
REPRESENTATION_RELATIONSHIP_WITH_TRANSFORMATION(#3705)
SHAPE_REPRESENTATION_RELATIONSHIP()
);
#2612=(
REPRESENTATION_RELATIONSHIP(' ',' ',#5583,#5610)
REPRESENTATION_RELATIONSHIP_WITH_TRANSFORMATION(#3706)
SHAPE_REPRESENTATION_RELATIONSHIP()
);
#2613=(
REPRESENTATION_RELATIONSHIP(' ',' ',#5583,#5610)
REPRESENTATION_RELATIONSHIP_WITH_TRANSFORMATION(#3707)
SHAPE_REPRESENTATION_RELATIONSHIP()
);
#2614=(
REPRESENTATION_RELATIONSHIP(' ',' ',#5583,#5610)
REPRESENTATION_RELATIONSHIP_WITH_TRANSFORMATION(#3708)
SHAPE_REPRESENTATION_RELATIONSHIP()
);
#2615=(
REPRESENTATION_RELATIONSHIP(' ',' ',#5583,#5610)
REPRESENTATION_RELATIONSHIP_WITH_TRANSFORMATION(#3709)
SHAPE_REPRESENTATION_RELATIONSHIP()
);
#2616=(
REPRESENTATION_RELATIONSHIP(' ',' ',#5583,#5610)
REPRESENTATION_RELATIONSHIP_WITH_TRANSFORMATION(#3710)
SHAPE_REPRESENTATION_RELATIONSHIP()
);
#2617=(
REPRESENTATION_RELATIONSHIP(' ',' ',#5583,#5610)
REPRESENTATION_RELATIONSHIP_WITH_TRANSFORMATION(#3711)
SHAPE_REPRESENTATION_RELATIONSHIP()
);
#2618=(
REPRESENTATION_RELATIONSHIP(' ',' ',#5583,#5610)
REPRESENTATION_RELATIONSHIP_WITH_TRANSFORMATION(#3712)
SHAPE_REPRESENTATION_RELATIONSHIP()
);
#2619=(
REPRESENTATION_RELATIONSHIP(' ',' ',#5583,#5610)
REPRESENTATION_RELATIONSHIP_WITH_TRANSFORMATION(#3713)
SHAPE_REPRESENTATION_RELATIONSHIP()
);
#2620=(
REPRESENTATION_RELATIONSHIP(' ',' ',#5583,#5610)
REPRESENTATION_RELATIONSHIP_WITH_TRANSFORMATION(#3714)
SHAPE_REPRESENTATION_RELATIONSHIP()
);
#2621=(
REPRESENTATION_RELATIONSHIP(' ',' ',#5583,#5610)
REPRESENTATION_RELATIONSHIP_WITH_TRANSFORMATION(#3715)
SHAPE_REPRESENTATION_RELATIONSHIP()
);
#2622=(
REPRESENTATION_RELATIONSHIP(' ',' ',#5583,#5610)
REPRESENTATION_RELATIONSHIP_WITH_TRANSFORMATION(#3716)
SHAPE_REPRESENTATION_RELATIONSHIP()
);
#2623=(
REPRESENTATION_RELATIONSHIP(' ',' ',#5583,#5610)
REPRESENTATION_RELATIONSHIP_WITH_TRANSFORMATION(#3717)
SHAPE_REPRESENTATION_RELATIONSHIP()
);
#2624=(
REPRESENTATION_RELATIONSHIP(' ',' ',#5583,#5610)
REPRESENTATION_RELATIONSHIP_WITH_TRANSFORMATION(#3718)
SHAPE_REPRESENTATION_RELATIONSHIP()
);
#2625=(
REPRESENTATION_RELATIONSHIP(' ',' ',#5583,#5610)
REPRESENTATION_RELATIONSHIP_WITH_TRANSFORMATION(#3719)
SHAPE_REPRESENTATION_RELATIONSHIP()
);
#2626=(
REPRESENTATION_RELATIONSHIP(' ',' ',#5583,#5610)
REPRESENTATION_RELATIONSHIP_WITH_TRANSFORMATION(#3720)
SHAPE_REPRESENTATION_RELATIONSHIP()
);
#2627=(
REPRESENTATION_RELATIONSHIP(' ',' ',#5583,#5610)
REPRESENTATION_RELATIONSHIP_WITH_TRANSFORMATION(#3721)
SHAPE_REPRESENTATION_RELATIONSHIP()
);
#2628=(
REPRESENTATION_RELATIONSHIP(' ',' ',#5583,#5610)
REPRESENTATION_RELATIONSHIP_WITH_TRANSFORMATION(#3722)
SHAPE_REPRESENTATION_RELATIONSHIP()
);
#2629=(
REPRESENTATION_RELATIONSHIP(' ',' ',#5583,#5610)
REPRESENTATION_RELATIONSHIP_WITH_TRANSFORMATION(#3723)
SHAPE_REPRESENTATION_RELATIONSHIP()
);
#2630=(
REPRESENTATION_RELATIONSHIP(' ',' ',#5583,#5610)
REPRESENTATION_RELATIONSHIP_WITH_TRANSFORMATION(#3724)
SHAPE_REPRESENTATION_RELATIONSHIP()
);
#2631=(
REPRESENTATION_RELATIONSHIP(' ',' ',#5583,#5610)
REPRESENTATION_RELATIONSHIP_WITH_TRANSFORMATION(#3725)
SHAPE_REPRESENTATION_RELATIONSHIP()
);
#2632=(
REPRESENTATION_RELATIONSHIP(' ',' ',#5583,#5610)
REPRESENTATION_RELATIONSHIP_WITH_TRANSFORMATION(#3726)
SHAPE_REPRESENTATION_RELATIONSHIP()
);
#2633=(
REPRESENTATION_RELATIONSHIP(' ',' ',#5583,#5610)
REPRESENTATION_RELATIONSHIP_WITH_TRANSFORMATION(#3727)
SHAPE_REPRESENTATION_RELATIONSHIP()
);
#2634=(
REPRESENTATION_RELATIONSHIP(' ',' ',#5583,#5610)
REPRESENTATION_RELATIONSHIP_WITH_TRANSFORMATION(#3728)
SHAPE_REPRESENTATION_RELATIONSHIP()
);
#2635=(
REPRESENTATION_RELATIONSHIP(' ',' ',#5583,#5610)
REPRESENTATION_RELATIONSHIP_WITH_TRANSFORMATION(#3729)
SHAPE_REPRESENTATION_RELATIONSHIP()
);
#2636=(
REPRESENTATION_RELATIONSHIP(' ',' ',#5583,#5610)
REPRESENTATION_RELATIONSHIP_WITH_TRANSFORMATION(#3730)
SHAPE_REPRESENTATION_RELATIONSHIP()
);
#2637=(
REPRESENTATION_RELATIONSHIP(' ',' ',#5583,#5610)
REPRESENTATION_RELATIONSHIP_WITH_TRANSFORMATION(#3731)
SHAPE_REPRESENTATION_RELATIONSHIP()
);
#2638=(
REPRESENTATION_RELATIONSHIP(' ',' ',#5583,#5610)
REPRESENTATION_RELATIONSHIP_WITH_TRANSFORMATION(#3732)
SHAPE_REPRESENTATION_RELATIONSHIP()
);
#2639=(
REPRESENTATION_RELATIONSHIP(' ',' ',#5583,#5610)
REPRESENTATION_RELATIONSHIP_WITH_TRANSFORMATION(#3733)
SHAPE_REPRESENTATION_RELATIONSHIP()
);
#2640=(
REPRESENTATION_RELATIONSHIP(' ',' ',#5587,#5611)
REPRESENTATION_RELATIONSHIP_WITH_TRANSFORMATION(#3734)
SHAPE_REPRESENTATION_RELATIONSHIP()
);
#2641=(
REPRESENTATION_RELATIONSHIP(' ',' ',#5588,#5611)
REPRESENTATION_RELATIONSHIP_WITH_TRANSFORMATION(#3735)
SHAPE_REPRESENTATION_RELATIONSHIP()
);
#2642=(
REPRESENTATION_RELATIONSHIP(' ',' ',#5591,#5611)
REPRESENTATION_RELATIONSHIP_WITH_TRANSFORMATION(#3736)
SHAPE_REPRESENTATION_RELATIONSHIP()
);
#2643=(
REPRESENTATION_RELATIONSHIP(' ',' ',#5590,#5611)
REPRESENTATION_RELATIONSHIP_WITH_TRANSFORMATION(#3737)
SHAPE_REPRESENTATION_RELATIONSHIP()
);
#2644=(
REPRESENTATION_RELATIONSHIP(' ',' ',#5589,#5611)
REPRESENTATION_RELATIONSHIP_WITH_TRANSFORMATION(#3738)
SHAPE_REPRESENTATION_RELATIONSHIP()
);
#2645=(
REPRESENTATION_RELATIONSHIP(' ',' ',#5585,#5611)
REPRESENTATION_RELATIONSHIP_WITH_TRANSFORMATION(#3739)
SHAPE_REPRESENTATION_RELATIONSHIP()
);
#2646=(
REPRESENTATION_RELATIONSHIP(' ',' ',#5586,#5611)
REPRESENTATION_RELATIONSHIP_WITH_TRANSFORMATION(#3740)
SHAPE_REPRESENTATION_RELATIONSHIP()
);
#2647=(
REPRESENTATION_RELATIONSHIP(' ',' ',#5611,#5610)
REPRESENTATION_RELATIONSHIP_WITH_TRANSFORMATION(#3741)
SHAPE_REPRESENTATION_RELATIONSHIP()
);
#2648=(
REPRESENTATION_RELATIONSHIP(' ',' ',#5583,#5610)
REPRESENTATION_RELATIONSHIP_WITH_TRANSFORMATION(#3742)
SHAPE_REPRESENTATION_RELATIONSHIP()
);
#2649=(
REPRESENTATION_RELATIONSHIP(' ',' ',#5583,#5610)
REPRESENTATION_RELATIONSHIP_WITH_TRANSFORMATION(#3743)
SHAPE_REPRESENTATION_RELATIONSHIP()
);
#2650=(
REPRESENTATION_RELATIONSHIP(' ',' ',#5583,#5610)
REPRESENTATION_RELATIONSHIP_WITH_TRANSFORMATION(#3744)
SHAPE_REPRESENTATION_RELATIONSHIP()
);
#2651=(
REPRESENTATION_RELATIONSHIP(' ',' ',#5583,#5610)
REPRESENTATION_RELATIONSHIP_WITH_TRANSFORMATION(#3745)
SHAPE_REPRESENTATION_RELATIONSHIP()
);
#2652=(
REPRESENTATION_RELATIONSHIP(' ',' ',#5583,#5610)
REPRESENTATION_RELATIONSHIP_WITH_TRANSFORMATION(#3746)
SHAPE_REPRESENTATION_RELATIONSHIP()
);
#2653=(
REPRESENTATION_RELATIONSHIP(' ',' ',#5610,#5607)
REPRESENTATION_RELATIONSHIP_WITH_TRANSFORMATION(#3747)
SHAPE_REPRESENTATION_RELATIONSHIP()
);
#2654=(
REPRESENTATION_RELATIONSHIP(' ',' ',#5583,#5612)
REPRESENTATION_RELATIONSHIP_WITH_TRANSFORMATION(#3748)
SHAPE_REPRESENTATION_RELATIONSHIP()
);
#2655=(
REPRESENTATION_RELATIONSHIP(' ',' ',#5583,#5612)
REPRESENTATION_RELATIONSHIP_WITH_TRANSFORMATION(#3749)
SHAPE_REPRESENTATION_RELATIONSHIP()
);
#2656=(
REPRESENTATION_RELATIONSHIP(' ',' ',#5583,#5612)
REPRESENTATION_RELATIONSHIP_WITH_TRANSFORMATION(#3750)
SHAPE_REPRESENTATION_RELATIONSHIP()
);
#2657=(
REPRESENTATION_RELATIONSHIP(' ',' ',#5583,#5612)
REPRESENTATION_RELATIONSHIP_WITH_TRANSFORMATION(#3751)
SHAPE_REPRESENTATION_RELATIONSHIP()
);
#2658=(
REPRESENTATION_RELATIONSHIP(' ',' ',#5583,#5612)
REPRESENTATION_RELATIONSHIP_WITH_TRANSFORMATION(#3752)
SHAPE_REPRESENTATION_RELATIONSHIP()
);
#2659=(
REPRESENTATION_RELATIONSHIP(' ',' ',#5583,#5612)
REPRESENTATION_RELATIONSHIP_WITH_TRANSFORMATION(#3753)
SHAPE_REPRESENTATION_RELATIONSHIP()
);
#2660=(
REPRESENTATION_RELATIONSHIP(' ',' ',#5583,#5612)
REPRESENTATION_RELATIONSHIP_WITH_TRANSFORMATION(#3754)
SHAPE_REPRESENTATION_RELATIONSHIP()
);
#2661=(
REPRESENTATION_RELATIONSHIP(' ',' ',#5583,#5612)
REPRESENTATION_RELATIONSHIP_WITH_TRANSFORMATION(#3755)
SHAPE_REPRESENTATION_RELATIONSHIP()
);
#2662=(
REPRESENTATION_RELATIONSHIP(' ',' ',#5583,#5612)
REPRESENTATION_RELATIONSHIP_WITH_TRANSFORMATION(#3756)
SHAPE_REPRESENTATION_RELATIONSHIP()
);
#2663=(
REPRESENTATION_RELATIONSHIP(' ',' ',#5583,#5612)
REPRESENTATION_RELATIONSHIP_WITH_TRANSFORMATION(#3757)
SHAPE_REPRESENTATION_RELATIONSHIP()
);
#2664=(
REPRESENTATION_RELATIONSHIP(' ',' ',#5583,#5612)
REPRESENTATION_RELATIONSHIP_WITH_TRANSFORMATION(#3758)
SHAPE_REPRESENTATION_RELATIONSHIP()
);
#2665=(
REPRESENTATION_RELATIONSHIP(' ',' ',#5583,#5612)
REPRESENTATION_RELATIONSHIP_WITH_TRANSFORMATION(#3759)
SHAPE_REPRESENTATION_RELATIONSHIP()
);
#2666=(
REPRESENTATION_RELATIONSHIP(' ',' ',#5583,#5612)
REPRESENTATION_RELATIONSHIP_WITH_TRANSFORMATION(#3760)
SHAPE_REPRESENTATION_RELATIONSHIP()
);
#2667=(
REPRESENTATION_RELATIONSHIP(' ',' ',#5583,#5612)
REPRESENTATION_RELATIONSHIP_WITH_TRANSFORMATION(#3761)
SHAPE_REPRESENTATION_RELATIONSHIP()
);
#2668=(
REPRESENTATION_RELATIONSHIP(' ',' ',#5583,#5612)
REPRESENTATION_RELATIONSHIP_WITH_TRANSFORMATION(#3762)
SHAPE_REPRESENTATION_RELATIONSHIP()
);
#2669=(
REPRESENTATION_RELATIONSHIP(' ',' ',#5583,#5612)
REPRESENTATION_RELATIONSHIP_WITH_TRANSFORMATION(#3763)
SHAPE_REPRESENTATION_RELATIONSHIP()
);
#2670=(
REPRESENTATION_RELATIONSHIP(' ',' ',#5583,#5612)
REPRESENTATION_RELATIONSHIP_WITH_TRANSFORMATION(#3764)
SHAPE_REPRESENTATION_RELATIONSHIP()
);
#2671=(
REPRESENTATION_RELATIONSHIP(' ',' ',#5583,#5612)
REPRESENTATION_RELATIONSHIP_WITH_TRANSFORMATION(#3765)
SHAPE_REPRESENTATION_RELATIONSHIP()
);
#2672=(
REPRESENTATION_RELATIONSHIP(' ',' ',#5583,#5612)
REPRESENTATION_RELATIONSHIP_WITH_TRANSFORMATION(#3766)
SHAPE_REPRESENTATION_RELATIONSHIP()
);
#2673=(
REPRESENTATION_RELATIONSHIP(' ',' ',#5583,#5612)
REPRESENTATION_RELATIONSHIP_WITH_TRANSFORMATION(#3767)
SHAPE_REPRESENTATION_RELATIONSHIP()
);
#2674=(
REPRESENTATION_RELATIONSHIP(' ',' ',#5583,#5612)
REPRESENTATION_RELATIONSHIP_WITH_TRANSFORMATION(#3768)
SHAPE_REPRESENTATION_RELATIONSHIP()
);
#2675=(
REPRESENTATION_RELATIONSHIP(' ',' ',#5583,#5612)
REPRESENTATION_RELATIONSHIP_WITH_TRANSFORMATION(#3769)
SHAPE_REPRESENTATION_RELATIONSHIP()
);
#2676=(
REPRESENTATION_RELATIONSHIP(' ',' ',#5583,#5612)
REPRESENTATION_RELATIONSHIP_WITH_TRANSFORMATION(#3770)
SHAPE_REPRESENTATION_RELATIONSHIP()
);
#2677=(
REPRESENTATION_RELATIONSHIP(' ',' ',#5583,#5612)
REPRESENTATION_RELATIONSHIP_WITH_TRANSFORMATION(#3771)
SHAPE_REPRESENTATION_RELATIONSHIP()
);
#2678=(
REPRESENTATION_RELATIONSHIP(' ',' ',#5583,#5612)
REPRESENTATION_RELATIONSHIP_WITH_TRANSFORMATION(#3772)
SHAPE_REPRESENTATION_RELATIONSHIP()
);
#2679=(
REPRESENTATION_RELATIONSHIP(' ',' ',#5583,#5612)
REPRESENTATION_RELATIONSHIP_WITH_TRANSFORMATION(#3773)
SHAPE_REPRESENTATION_RELATIONSHIP()
);
#2680=(
REPRESENTATION_RELATIONSHIP(' ',' ',#5583,#5612)
REPRESENTATION_RELATIONSHIP_WITH_TRANSFORMATION(#3774)
SHAPE_REPRESENTATION_RELATIONSHIP()
);
#2681=(
REPRESENTATION_RELATIONSHIP(' ',' ',#5583,#5612)
REPRESENTATION_RELATIONSHIP_WITH_TRANSFORMATION(#3775)
SHAPE_REPRESENTATION_RELATIONSHIP()
);
#2682=(
REPRESENTATION_RELATIONSHIP(' ',' ',#5585,#5613)
REPRESENTATION_RELATIONSHIP_WITH_TRANSFORMATION(#3776)
SHAPE_REPRESENTATION_RELATIONSHIP()
);
#2683=(
REPRESENTATION_RELATIONSHIP(' ',' ',#5589,#5613)
REPRESENTATION_RELATIONSHIP_WITH_TRANSFORMATION(#3777)
SHAPE_REPRESENTATION_RELATIONSHIP()
);
#2684=(
REPRESENTATION_RELATIONSHIP(' ',' ',#5591,#5613)
REPRESENTATION_RELATIONSHIP_WITH_TRANSFORMATION(#3778)
SHAPE_REPRESENTATION_RELATIONSHIP()
);
#2685=(
REPRESENTATION_RELATIONSHIP(' ',' ',#5590,#5613)
REPRESENTATION_RELATIONSHIP_WITH_TRANSFORMATION(#3779)
SHAPE_REPRESENTATION_RELATIONSHIP()
);
#2686=(
REPRESENTATION_RELATIONSHIP(' ',' ',#5587,#5613)
REPRESENTATION_RELATIONSHIP_WITH_TRANSFORMATION(#3780)
SHAPE_REPRESENTATION_RELATIONSHIP()
);
#2687=(
REPRESENTATION_RELATIONSHIP(' ',' ',#5588,#5613)
REPRESENTATION_RELATIONSHIP_WITH_TRANSFORMATION(#3781)
SHAPE_REPRESENTATION_RELATIONSHIP()
);
#2688=(
REPRESENTATION_RELATIONSHIP(' ',' ',#5586,#5613)
REPRESENTATION_RELATIONSHIP_WITH_TRANSFORMATION(#3782)
SHAPE_REPRESENTATION_RELATIONSHIP()
);
#2689=(
REPRESENTATION_RELATIONSHIP(' ',' ',#5613,#5612)
REPRESENTATION_RELATIONSHIP_WITH_TRANSFORMATION(#3783)
SHAPE_REPRESENTATION_RELATIONSHIP()
);
#2690=(
REPRESENTATION_RELATIONSHIP(' ',' ',#5583,#5612)
REPRESENTATION_RELATIONSHIP_WITH_TRANSFORMATION(#3784)
SHAPE_REPRESENTATION_RELATIONSHIP()
);
#2691=(
REPRESENTATION_RELATIONSHIP(' ',' ',#5583,#5612)
REPRESENTATION_RELATIONSHIP_WITH_TRANSFORMATION(#3785)
SHAPE_REPRESENTATION_RELATIONSHIP()
);
#2692=(
REPRESENTATION_RELATIONSHIP(' ',' ',#5583,#5612)
REPRESENTATION_RELATIONSHIP_WITH_TRANSFORMATION(#3786)
SHAPE_REPRESENTATION_RELATIONSHIP()
);
#2693=(
REPRESENTATION_RELATIONSHIP(' ',' ',#5583,#5612)
REPRESENTATION_RELATIONSHIP_WITH_TRANSFORMATION(#3787)
SHAPE_REPRESENTATION_RELATIONSHIP()
);
#2694=(
REPRESENTATION_RELATIONSHIP(' ',' ',#5583,#5612)
REPRESENTATION_RELATIONSHIP_WITH_TRANSFORMATION(#3788)
SHAPE_REPRESENTATION_RELATIONSHIP()
);
#2695=(
REPRESENTATION_RELATIONSHIP(' ',' ',#5583,#5612)
REPRESENTATION_RELATIONSHIP_WITH_TRANSFORMATION(#3789)
SHAPE_REPRESENTATION_RELATIONSHIP()
);
#2696=(
REPRESENTATION_RELATIONSHIP(' ',' ',#5583,#5612)
REPRESENTATION_RELATIONSHIP_WITH_TRANSFORMATION(#3790)
SHAPE_REPRESENTATION_RELATIONSHIP()
);
#2697=(
REPRESENTATION_RELATIONSHIP(' ',' ',#5583,#5612)
REPRESENTATION_RELATIONSHIP_WITH_TRANSFORMATION(#3791)
SHAPE_REPRESENTATION_RELATIONSHIP()
);
#2698=(
REPRESENTATION_RELATIONSHIP(' ',' ',#5612,#5607)
REPRESENTATION_RELATIONSHIP_WITH_TRANSFORMATION(#3792)
SHAPE_REPRESENTATION_RELATIONSHIP()
);
#2699=(
REPRESENTATION_RELATIONSHIP(' ',' ',#5583,#5614)
REPRESENTATION_RELATIONSHIP_WITH_TRANSFORMATION(#3793)
SHAPE_REPRESENTATION_RELATIONSHIP()
);
#2700=(
REPRESENTATION_RELATIONSHIP(' ',' ',#5583,#5614)
REPRESENTATION_RELATIONSHIP_WITH_TRANSFORMATION(#3794)
SHAPE_REPRESENTATION_RELATIONSHIP()
);
#2701=(
REPRESENTATION_RELATIONSHIP(' ',' ',#5583,#5614)
REPRESENTATION_RELATIONSHIP_WITH_TRANSFORMATION(#3795)
SHAPE_REPRESENTATION_RELATIONSHIP()
);
#2702=(
REPRESENTATION_RELATIONSHIP(' ',' ',#5583,#5614)
REPRESENTATION_RELATIONSHIP_WITH_TRANSFORMATION(#3796)
SHAPE_REPRESENTATION_RELATIONSHIP()
);
#2703=(
REPRESENTATION_RELATIONSHIP(' ',' ',#5583,#5614)
REPRESENTATION_RELATIONSHIP_WITH_TRANSFORMATION(#3797)
SHAPE_REPRESENTATION_RELATIONSHIP()
);
#2704=(
REPRESENTATION_RELATIONSHIP(' ',' ',#5583,#5614)
REPRESENTATION_RELATIONSHIP_WITH_TRANSFORMATION(#3798)
SHAPE_REPRESENTATION_RELATIONSHIP()
);
#2705=(
REPRESENTATION_RELATIONSHIP(' ',' ',#5583,#5614)
REPRESENTATION_RELATIONSHIP_WITH_TRANSFORMATION(#3799)
SHAPE_REPRESENTATION_RELATIONSHIP()
);
#2706=(
REPRESENTATION_RELATIONSHIP(' ',' ',#5583,#5614)
REPRESENTATION_RELATIONSHIP_WITH_TRANSFORMATION(#3800)
SHAPE_REPRESENTATION_RELATIONSHIP()
);
#2707=(
REPRESENTATION_RELATIONSHIP(' ',' ',#5583,#5614)
REPRESENTATION_RELATIONSHIP_WITH_TRANSFORMATION(#3801)
SHAPE_REPRESENTATION_RELATIONSHIP()
);
#2708=(
REPRESENTATION_RELATIONSHIP(' ',' ',#5583,#5614)
REPRESENTATION_RELATIONSHIP_WITH_TRANSFORMATION(#3802)
SHAPE_REPRESENTATION_RELATIONSHIP()
);
#2709=(
REPRESENTATION_RELATIONSHIP(' ',' ',#5583,#5614)
REPRESENTATION_RELATIONSHIP_WITH_TRANSFORMATION(#3803)
SHAPE_REPRESENTATION_RELATIONSHIP()
);
#2710=(
REPRESENTATION_RELATIONSHIP(' ',' ',#5583,#5614)
REPRESENTATION_RELATIONSHIP_WITH_TRANSFORMATION(#3804)
SHAPE_REPRESENTATION_RELATIONSHIP()
);
#2711=(
REPRESENTATION_RELATIONSHIP(' ',' ',#5583,#5614)
REPRESENTATION_RELATIONSHIP_WITH_TRANSFORMATION(#3805)
SHAPE_REPRESENTATION_RELATIONSHIP()
);
#2712=(
REPRESENTATION_RELATIONSHIP(' ',' ',#5583,#5614)
REPRESENTATION_RELATIONSHIP_WITH_TRANSFORMATION(#3806)
SHAPE_REPRESENTATION_RELATIONSHIP()
);
#2713=(
REPRESENTATION_RELATIONSHIP(' ',' ',#5583,#5614)
REPRESENTATION_RELATIONSHIP_WITH_TRANSFORMATION(#3807)
SHAPE_REPRESENTATION_RELATIONSHIP()
);
#2714=(
REPRESENTATION_RELATIONSHIP(' ',' ',#5583,#5614)
REPRESENTATION_RELATIONSHIP_WITH_TRANSFORMATION(#3808)
SHAPE_REPRESENTATION_RELATIONSHIP()
);
#2715=(
REPRESENTATION_RELATIONSHIP(' ',' ',#5583,#5614)
REPRESENTATION_RELATIONSHIP_WITH_TRANSFORMATION(#3809)
SHAPE_REPRESENTATION_RELATIONSHIP()
);
#2716=(
REPRESENTATION_RELATIONSHIP(' ',' ',#5583,#5614)
REPRESENTATION_RELATIONSHIP_WITH_TRANSFORMATION(#3810)
SHAPE_REPRESENTATION_RELATIONSHIP()
);
#2717=(
REPRESENTATION_RELATIONSHIP(' ',' ',#5583,#5614)
REPRESENTATION_RELATIONSHIP_WITH_TRANSFORMATION(#3811)
SHAPE_REPRESENTATION_RELATIONSHIP()
);
#2718=(
REPRESENTATION_RELATIONSHIP(' ',' ',#5583,#5614)
REPRESENTATION_RELATIONSHIP_WITH_TRANSFORMATION(#3812)
SHAPE_REPRESENTATION_RELATIONSHIP()
);
#2719=(
REPRESENTATION_RELATIONSHIP(' ',' ',#5583,#5614)
REPRESENTATION_RELATIONSHIP_WITH_TRANSFORMATION(#3813)
SHAPE_REPRESENTATION_RELATIONSHIP()
);
#2720=(
REPRESENTATION_RELATIONSHIP(' ',' ',#5583,#5614)
REPRESENTATION_RELATIONSHIP_WITH_TRANSFORMATION(#3814)
SHAPE_REPRESENTATION_RELATIONSHIP()
);
#2721=(
REPRESENTATION_RELATIONSHIP(' ',' ',#5583,#5614)
REPRESENTATION_RELATIONSHIP_WITH_TRANSFORMATION(#3815)
SHAPE_REPRESENTATION_RELATIONSHIP()
);
#2722=(
REPRESENTATION_RELATIONSHIP(' ',' ',#5583,#5614)
REPRESENTATION_RELATIONSHIP_WITH_TRANSFORMATION(#3816)
SHAPE_REPRESENTATION_RELATIONSHIP()
);
#2723=(
REPRESENTATION_RELATIONSHIP(' ',' ',#5583,#5614)
REPRESENTATION_RELATIONSHIP_WITH_TRANSFORMATION(#3817)
SHAPE_REPRESENTATION_RELATIONSHIP()
);
#2724=(
REPRESENTATION_RELATIONSHIP(' ',' ',#5583,#5614)
REPRESENTATION_RELATIONSHIP_WITH_TRANSFORMATION(#3818)
SHAPE_REPRESENTATION_RELATIONSHIP()
);
#2725=(
REPRESENTATION_RELATIONSHIP(' ',' ',#5583,#5614)
REPRESENTATION_RELATIONSHIP_WITH_TRANSFORMATION(#3819)
SHAPE_REPRESENTATION_RELATIONSHIP()
);
#2726=(
REPRESENTATION_RELATIONSHIP(' ',' ',#5583,#5614)
REPRESENTATION_RELATIONSHIP_WITH_TRANSFORMATION(#3820)
SHAPE_REPRESENTATION_RELATIONSHIP()
);
#2727=(
REPRESENTATION_RELATIONSHIP(' ',' ',#5583,#5614)
REPRESENTATION_RELATIONSHIP_WITH_TRANSFORMATION(#3821)
SHAPE_REPRESENTATION_RELATIONSHIP()
);
#2728=(
REPRESENTATION_RELATIONSHIP(' ',' ',#5583,#5614)
REPRESENTATION_RELATIONSHIP_WITH_TRANSFORMATION(#3822)
SHAPE_REPRESENTATION_RELATIONSHIP()
);
#2729=(
REPRESENTATION_RELATIONSHIP(' ',' ',#5583,#5614)
REPRESENTATION_RELATIONSHIP_WITH_TRANSFORMATION(#3823)
SHAPE_REPRESENTATION_RELATIONSHIP()
);
#2730=(
REPRESENTATION_RELATIONSHIP(' ',' ',#5583,#5614)
REPRESENTATION_RELATIONSHIP_WITH_TRANSFORMATION(#3824)
SHAPE_REPRESENTATION_RELATIONSHIP()
);
#2731=(
REPRESENTATION_RELATIONSHIP(' ',' ',#5583,#5614)
REPRESENTATION_RELATIONSHIP_WITH_TRANSFORMATION(#3825)
SHAPE_REPRESENTATION_RELATIONSHIP()
);
#2732=(
REPRESENTATION_RELATIONSHIP(' ',' ',#5583,#5614)
REPRESENTATION_RELATIONSHIP_WITH_TRANSFORMATION(#3826)
SHAPE_REPRESENTATION_RELATIONSHIP()
);
#2733=(
REPRESENTATION_RELATIONSHIP(' ',' ',#5587,#5615)
REPRESENTATION_RELATIONSHIP_WITH_TRANSFORMATION(#3827)
SHAPE_REPRESENTATION_RELATIONSHIP()
);
#2734=(
REPRESENTATION_RELATIONSHIP(' ',' ',#5588,#5615)
REPRESENTATION_RELATIONSHIP_WITH_TRANSFORMATION(#3828)
SHAPE_REPRESENTATION_RELATIONSHIP()
);
#2735=(
REPRESENTATION_RELATIONSHIP(' ',' ',#5586,#5615)
REPRESENTATION_RELATIONSHIP_WITH_TRANSFORMATION(#3829)
SHAPE_REPRESENTATION_RELATIONSHIP()
);
#2736=(
REPRESENTATION_RELATIONSHIP(' ',' ',#5591,#5615)
REPRESENTATION_RELATIONSHIP_WITH_TRANSFORMATION(#3830)
SHAPE_REPRESENTATION_RELATIONSHIP()
);
#2737=(
REPRESENTATION_RELATIONSHIP(' ',' ',#5589,#5615)
REPRESENTATION_RELATIONSHIP_WITH_TRANSFORMATION(#3831)
SHAPE_REPRESENTATION_RELATIONSHIP()
);
#2738=(
REPRESENTATION_RELATIONSHIP(' ',' ',#5590,#5615)
REPRESENTATION_RELATIONSHIP_WITH_TRANSFORMATION(#3832)
SHAPE_REPRESENTATION_RELATIONSHIP()
);
#2739=(
REPRESENTATION_RELATIONSHIP(' ',' ',#5585,#5615)
REPRESENTATION_RELATIONSHIP_WITH_TRANSFORMATION(#3833)
SHAPE_REPRESENTATION_RELATIONSHIP()
);
#2740=(
REPRESENTATION_RELATIONSHIP(' ',' ',#5615,#5614)
REPRESENTATION_RELATIONSHIP_WITH_TRANSFORMATION(#3834)
SHAPE_REPRESENTATION_RELATIONSHIP()
);
#2741=(
REPRESENTATION_RELATIONSHIP(' ',' ',#5583,#5614)
REPRESENTATION_RELATIONSHIP_WITH_TRANSFORMATION(#3835)
SHAPE_REPRESENTATION_RELATIONSHIP()
);
#2742=(
REPRESENTATION_RELATIONSHIP(' ',' ',#5583,#5614)
REPRESENTATION_RELATIONSHIP_WITH_TRANSFORMATION(#3836)
SHAPE_REPRESENTATION_RELATIONSHIP()
);
#2743=(
REPRESENTATION_RELATIONSHIP(' ',' ',#5614,#5607)
REPRESENTATION_RELATIONSHIP_WITH_TRANSFORMATION(#3837)
SHAPE_REPRESENTATION_RELATIONSHIP()
);
#2744=(
REPRESENTATION_RELATIONSHIP(' ',' ',#5607,#5578)
REPRESENTATION_RELATIONSHIP_WITH_TRANSFORMATION(#3838)
SHAPE_REPRESENTATION_RELATIONSHIP()
);
#2745=(
REPRESENTATION_RELATIONSHIP(' ',' ',#5581,#5616)
REPRESENTATION_RELATIONSHIP_WITH_TRANSFORMATION(#3839)
SHAPE_REPRESENTATION_RELATIONSHIP()
);
#2746=(
REPRESENTATION_RELATIONSHIP(' ',' ',#5583,#5617)
REPRESENTATION_RELATIONSHIP_WITH_TRANSFORMATION(#3840)
SHAPE_REPRESENTATION_RELATIONSHIP()
);
#2747=(
REPRESENTATION_RELATIONSHIP(' ',' ',#5583,#5617)
REPRESENTATION_RELATIONSHIP_WITH_TRANSFORMATION(#3841)
SHAPE_REPRESENTATION_RELATIONSHIP()
);
#2748=(
REPRESENTATION_RELATIONSHIP(' ',' ',#5583,#5617)
REPRESENTATION_RELATIONSHIP_WITH_TRANSFORMATION(#3842)
SHAPE_REPRESENTATION_RELATIONSHIP()
);
#2749=(
REPRESENTATION_RELATIONSHIP(' ',' ',#5583,#5617)
REPRESENTATION_RELATIONSHIP_WITH_TRANSFORMATION(#3843)
SHAPE_REPRESENTATION_RELATIONSHIP()
);
#2750=(
REPRESENTATION_RELATIONSHIP(' ',' ',#5583,#5617)
REPRESENTATION_RELATIONSHIP_WITH_TRANSFORMATION(#3844)
SHAPE_REPRESENTATION_RELATIONSHIP()
);
#2751=(
REPRESENTATION_RELATIONSHIP(' ',' ',#5583,#5617)
REPRESENTATION_RELATIONSHIP_WITH_TRANSFORMATION(#3845)
SHAPE_REPRESENTATION_RELATIONSHIP()
);
#2752=(
REPRESENTATION_RELATIONSHIP(' ',' ',#5583,#5617)
REPRESENTATION_RELATIONSHIP_WITH_TRANSFORMATION(#3846)
SHAPE_REPRESENTATION_RELATIONSHIP()
);
#2753=(
REPRESENTATION_RELATIONSHIP(' ',' ',#5583,#5617)
REPRESENTATION_RELATIONSHIP_WITH_TRANSFORMATION(#3847)
SHAPE_REPRESENTATION_RELATIONSHIP()
);
#2754=(
REPRESENTATION_RELATIONSHIP(' ',' ',#5583,#5617)
REPRESENTATION_RELATIONSHIP_WITH_TRANSFORMATION(#3848)
SHAPE_REPRESENTATION_RELATIONSHIP()
);
#2755=(
REPRESENTATION_RELATIONSHIP(' ',' ',#5583,#5617)
REPRESENTATION_RELATIONSHIP_WITH_TRANSFORMATION(#3849)
SHAPE_REPRESENTATION_RELATIONSHIP()
);
#2756=(
REPRESENTATION_RELATIONSHIP(' ',' ',#5583,#5617)
REPRESENTATION_RELATIONSHIP_WITH_TRANSFORMATION(#3850)
SHAPE_REPRESENTATION_RELATIONSHIP()
);
#2757=(
REPRESENTATION_RELATIONSHIP(' ',' ',#5583,#5617)
REPRESENTATION_RELATIONSHIP_WITH_TRANSFORMATION(#3851)
SHAPE_REPRESENTATION_RELATIONSHIP()
);
#2758=(
REPRESENTATION_RELATIONSHIP(' ',' ',#5583,#5617)
REPRESENTATION_RELATIONSHIP_WITH_TRANSFORMATION(#3852)
SHAPE_REPRESENTATION_RELATIONSHIP()
);
#2759=(
REPRESENTATION_RELATIONSHIP(' ',' ',#5583,#5617)
REPRESENTATION_RELATIONSHIP_WITH_TRANSFORMATION(#3853)
SHAPE_REPRESENTATION_RELATIONSHIP()
);
#2760=(
REPRESENTATION_RELATIONSHIP(' ',' ',#5583,#5617)
REPRESENTATION_RELATIONSHIP_WITH_TRANSFORMATION(#3854)
SHAPE_REPRESENTATION_RELATIONSHIP()
);
#2761=(
REPRESENTATION_RELATIONSHIP(' ',' ',#5583,#5617)
REPRESENTATION_RELATIONSHIP_WITH_TRANSFORMATION(#3855)
SHAPE_REPRESENTATION_RELATIONSHIP()
);
#2762=(
REPRESENTATION_RELATIONSHIP(' ',' ',#5583,#5617)
REPRESENTATION_RELATIONSHIP_WITH_TRANSFORMATION(#3856)
SHAPE_REPRESENTATION_RELATIONSHIP()
);
#2763=(
REPRESENTATION_RELATIONSHIP(' ',' ',#5583,#5617)
REPRESENTATION_RELATIONSHIP_WITH_TRANSFORMATION(#3857)
SHAPE_REPRESENTATION_RELATIONSHIP()
);
#2764=(
REPRESENTATION_RELATIONSHIP(' ',' ',#5583,#5617)
REPRESENTATION_RELATIONSHIP_WITH_TRANSFORMATION(#3858)
SHAPE_REPRESENTATION_RELATIONSHIP()
);
#2765=(
REPRESENTATION_RELATIONSHIP(' ',' ',#5583,#5617)
REPRESENTATION_RELATIONSHIP_WITH_TRANSFORMATION(#3859)
SHAPE_REPRESENTATION_RELATIONSHIP()
);
#2766=(
REPRESENTATION_RELATIONSHIP(' ',' ',#5583,#5617)
REPRESENTATION_RELATIONSHIP_WITH_TRANSFORMATION(#3860)
SHAPE_REPRESENTATION_RELATIONSHIP()
);
#2767=(
REPRESENTATION_RELATIONSHIP(' ',' ',#5583,#5617)
REPRESENTATION_RELATIONSHIP_WITH_TRANSFORMATION(#3861)
SHAPE_REPRESENTATION_RELATIONSHIP()
);
#2768=(
REPRESENTATION_RELATIONSHIP(' ',' ',#5583,#5617)
REPRESENTATION_RELATIONSHIP_WITH_TRANSFORMATION(#3862)
SHAPE_REPRESENTATION_RELATIONSHIP()
);
#2769=(
REPRESENTATION_RELATIONSHIP(' ',' ',#5583,#5617)
REPRESENTATION_RELATIONSHIP_WITH_TRANSFORMATION(#3863)
SHAPE_REPRESENTATION_RELATIONSHIP()
);
#2770=(
REPRESENTATION_RELATIONSHIP(' ',' ',#5583,#5617)
REPRESENTATION_RELATIONSHIP_WITH_TRANSFORMATION(#3864)
SHAPE_REPRESENTATION_RELATIONSHIP()
);
#2771=(
REPRESENTATION_RELATIONSHIP(' ',' ',#5583,#5617)
REPRESENTATION_RELATIONSHIP_WITH_TRANSFORMATION(#3865)
SHAPE_REPRESENTATION_RELATIONSHIP()
);
#2772=(
REPRESENTATION_RELATIONSHIP(' ',' ',#5583,#5617)
REPRESENTATION_RELATIONSHIP_WITH_TRANSFORMATION(#3866)
SHAPE_REPRESENTATION_RELATIONSHIP()
);
#2773=(
REPRESENTATION_RELATIONSHIP(' ',' ',#5583,#5617)
REPRESENTATION_RELATIONSHIP_WITH_TRANSFORMATION(#3867)
SHAPE_REPRESENTATION_RELATIONSHIP()
);
#2774=(
REPRESENTATION_RELATIONSHIP(' ',' ',#5583,#5617)
REPRESENTATION_RELATIONSHIP_WITH_TRANSFORMATION(#3868)
SHAPE_REPRESENTATION_RELATIONSHIP()
);
#2775=(
REPRESENTATION_RELATIONSHIP(' ',' ',#5583,#5617)
REPRESENTATION_RELATIONSHIP_WITH_TRANSFORMATION(#3869)
SHAPE_REPRESENTATION_RELATIONSHIP()
);
#2776=(
REPRESENTATION_RELATIONSHIP(' ',' ',#5583,#5617)
REPRESENTATION_RELATIONSHIP_WITH_TRANSFORMATION(#3870)
SHAPE_REPRESENTATION_RELATIONSHIP()
);
#2777=(
REPRESENTATION_RELATIONSHIP(' ',' ',#5583,#5617)
REPRESENTATION_RELATIONSHIP_WITH_TRANSFORMATION(#3871)
SHAPE_REPRESENTATION_RELATIONSHIP()
);
#2778=(
REPRESENTATION_RELATIONSHIP(' ',' ',#5583,#5617)
REPRESENTATION_RELATIONSHIP_WITH_TRANSFORMATION(#3872)
SHAPE_REPRESENTATION_RELATIONSHIP()
);
#2779=(
REPRESENTATION_RELATIONSHIP(' ',' ',#5583,#5617)
REPRESENTATION_RELATIONSHIP_WITH_TRANSFORMATION(#3873)
SHAPE_REPRESENTATION_RELATIONSHIP()
);
#2780=(
REPRESENTATION_RELATIONSHIP(' ',' ',#5583,#5617)
REPRESENTATION_RELATIONSHIP_WITH_TRANSFORMATION(#3874)
SHAPE_REPRESENTATION_RELATIONSHIP()
);
#2781=(
REPRESENTATION_RELATIONSHIP(' ',' ',#5583,#5617)
REPRESENTATION_RELATIONSHIP_WITH_TRANSFORMATION(#3875)
SHAPE_REPRESENTATION_RELATIONSHIP()
);
#2782=(
REPRESENTATION_RELATIONSHIP(' ',' ',#5587,#5618)
REPRESENTATION_RELATIONSHIP_WITH_TRANSFORMATION(#3876)
SHAPE_REPRESENTATION_RELATIONSHIP()
);
#2783=(
REPRESENTATION_RELATIONSHIP(' ',' ',#5589,#5618)
REPRESENTATION_RELATIONSHIP_WITH_TRANSFORMATION(#3877)
SHAPE_REPRESENTATION_RELATIONSHIP()
);
#2784=(
REPRESENTATION_RELATIONSHIP(' ',' ',#5588,#5618)
REPRESENTATION_RELATIONSHIP_WITH_TRANSFORMATION(#3878)
SHAPE_REPRESENTATION_RELATIONSHIP()
);
#2785=(
REPRESENTATION_RELATIONSHIP(' ',' ',#5590,#5618)
REPRESENTATION_RELATIONSHIP_WITH_TRANSFORMATION(#3879)
SHAPE_REPRESENTATION_RELATIONSHIP()
);
#2786=(
REPRESENTATION_RELATIONSHIP(' ',' ',#5585,#5618)
REPRESENTATION_RELATIONSHIP_WITH_TRANSFORMATION(#3880)
SHAPE_REPRESENTATION_RELATIONSHIP()
);
#2787=(
REPRESENTATION_RELATIONSHIP(' ',' ',#5591,#5618)
REPRESENTATION_RELATIONSHIP_WITH_TRANSFORMATION(#3881)
SHAPE_REPRESENTATION_RELATIONSHIP()
);
#2788=(
REPRESENTATION_RELATIONSHIP(' ',' ',#5586,#5618)
REPRESENTATION_RELATIONSHIP_WITH_TRANSFORMATION(#3882)
SHAPE_REPRESENTATION_RELATIONSHIP()
);
#2789=(
REPRESENTATION_RELATIONSHIP(' ',' ',#5618,#5617)
REPRESENTATION_RELATIONSHIP_WITH_TRANSFORMATION(#3883)
SHAPE_REPRESENTATION_RELATIONSHIP()
);
#2790=(
REPRESENTATION_RELATIONSHIP(' ',' ',#5617,#5616)
REPRESENTATION_RELATIONSHIP_WITH_TRANSFORMATION(#3884)
SHAPE_REPRESENTATION_RELATIONSHIP()
);
#2791=(
REPRESENTATION_RELATIONSHIP(' ',' ',#5583,#5619)
REPRESENTATION_RELATIONSHIP_WITH_TRANSFORMATION(#3885)
SHAPE_REPRESENTATION_RELATIONSHIP()
);
#2792=(
REPRESENTATION_RELATIONSHIP(' ',' ',#5583,#5619)
REPRESENTATION_RELATIONSHIP_WITH_TRANSFORMATION(#3886)
SHAPE_REPRESENTATION_RELATIONSHIP()
);
#2793=(
REPRESENTATION_RELATIONSHIP(' ',' ',#5583,#5619)
REPRESENTATION_RELATIONSHIP_WITH_TRANSFORMATION(#3887)
SHAPE_REPRESENTATION_RELATIONSHIP()
);
#2794=(
REPRESENTATION_RELATIONSHIP(' ',' ',#5583,#5619)
REPRESENTATION_RELATIONSHIP_WITH_TRANSFORMATION(#3888)
SHAPE_REPRESENTATION_RELATIONSHIP()
);
#2795=(
REPRESENTATION_RELATIONSHIP(' ',' ',#5583,#5619)
REPRESENTATION_RELATIONSHIP_WITH_TRANSFORMATION(#3889)
SHAPE_REPRESENTATION_RELATIONSHIP()
);
#2796=(
REPRESENTATION_RELATIONSHIP(' ',' ',#5583,#5619)
REPRESENTATION_RELATIONSHIP_WITH_TRANSFORMATION(#3890)
SHAPE_REPRESENTATION_RELATIONSHIP()
);
#2797=(
REPRESENTATION_RELATIONSHIP(' ',' ',#5583,#5619)
REPRESENTATION_RELATIONSHIP_WITH_TRANSFORMATION(#3891)
SHAPE_REPRESENTATION_RELATIONSHIP()
);
#2798=(
REPRESENTATION_RELATIONSHIP(' ',' ',#5583,#5619)
REPRESENTATION_RELATIONSHIP_WITH_TRANSFORMATION(#3892)
SHAPE_REPRESENTATION_RELATIONSHIP()
);
#2799=(
REPRESENTATION_RELATIONSHIP(' ',' ',#5583,#5619)
REPRESENTATION_RELATIONSHIP_WITH_TRANSFORMATION(#3893)
SHAPE_REPRESENTATION_RELATIONSHIP()
);
#2800=(
REPRESENTATION_RELATIONSHIP(' ',' ',#5583,#5619)
REPRESENTATION_RELATIONSHIP_WITH_TRANSFORMATION(#3894)
SHAPE_REPRESENTATION_RELATIONSHIP()
);
#2801=(
REPRESENTATION_RELATIONSHIP(' ',' ',#5583,#5619)
REPRESENTATION_RELATIONSHIP_WITH_TRANSFORMATION(#3895)
SHAPE_REPRESENTATION_RELATIONSHIP()
);
#2802=(
REPRESENTATION_RELATIONSHIP(' ',' ',#5583,#5619)
REPRESENTATION_RELATIONSHIP_WITH_TRANSFORMATION(#3896)
SHAPE_REPRESENTATION_RELATIONSHIP()
);
#2803=(
REPRESENTATION_RELATIONSHIP(' ',' ',#5583,#5619)
REPRESENTATION_RELATIONSHIP_WITH_TRANSFORMATION(#3897)
SHAPE_REPRESENTATION_RELATIONSHIP()
);
#2804=(
REPRESENTATION_RELATIONSHIP(' ',' ',#5583,#5619)
REPRESENTATION_RELATIONSHIP_WITH_TRANSFORMATION(#3898)
SHAPE_REPRESENTATION_RELATIONSHIP()
);
#2805=(
REPRESENTATION_RELATIONSHIP(' ',' ',#5583,#5619)
REPRESENTATION_RELATIONSHIP_WITH_TRANSFORMATION(#3899)
SHAPE_REPRESENTATION_RELATIONSHIP()
);
#2806=(
REPRESENTATION_RELATIONSHIP(' ',' ',#5583,#5619)
REPRESENTATION_RELATIONSHIP_WITH_TRANSFORMATION(#3900)
SHAPE_REPRESENTATION_RELATIONSHIP()
);
#2807=(
REPRESENTATION_RELATIONSHIP(' ',' ',#5583,#5619)
REPRESENTATION_RELATIONSHIP_WITH_TRANSFORMATION(#3901)
SHAPE_REPRESENTATION_RELATIONSHIP()
);
#2808=(
REPRESENTATION_RELATIONSHIP(' ',' ',#5583,#5619)
REPRESENTATION_RELATIONSHIP_WITH_TRANSFORMATION(#3902)
SHAPE_REPRESENTATION_RELATIONSHIP()
);
#2809=(
REPRESENTATION_RELATIONSHIP(' ',' ',#5583,#5619)
REPRESENTATION_RELATIONSHIP_WITH_TRANSFORMATION(#3903)
SHAPE_REPRESENTATION_RELATIONSHIP()
);
#2810=(
REPRESENTATION_RELATIONSHIP(' ',' ',#5583,#5619)
REPRESENTATION_RELATIONSHIP_WITH_TRANSFORMATION(#3904)
SHAPE_REPRESENTATION_RELATIONSHIP()
);
#2811=(
REPRESENTATION_RELATIONSHIP(' ',' ',#5583,#5619)
REPRESENTATION_RELATIONSHIP_WITH_TRANSFORMATION(#3905)
SHAPE_REPRESENTATION_RELATIONSHIP()
);
#2812=(
REPRESENTATION_RELATIONSHIP(' ',' ',#5583,#5619)
REPRESENTATION_RELATIONSHIP_WITH_TRANSFORMATION(#3906)
SHAPE_REPRESENTATION_RELATIONSHIP()
);
#2813=(
REPRESENTATION_RELATIONSHIP(' ',' ',#5583,#5619)
REPRESENTATION_RELATIONSHIP_WITH_TRANSFORMATION(#3907)
SHAPE_REPRESENTATION_RELATIONSHIP()
);
#2814=(
REPRESENTATION_RELATIONSHIP(' ',' ',#5583,#5619)
REPRESENTATION_RELATIONSHIP_WITH_TRANSFORMATION(#3908)
SHAPE_REPRESENTATION_RELATIONSHIP()
);
#2815=(
REPRESENTATION_RELATIONSHIP(' ',' ',#5583,#5619)
REPRESENTATION_RELATIONSHIP_WITH_TRANSFORMATION(#3909)
SHAPE_REPRESENTATION_RELATIONSHIP()
);
#2816=(
REPRESENTATION_RELATIONSHIP(' ',' ',#5583,#5619)
REPRESENTATION_RELATIONSHIP_WITH_TRANSFORMATION(#3910)
SHAPE_REPRESENTATION_RELATIONSHIP()
);
#2817=(
REPRESENTATION_RELATIONSHIP(' ',' ',#5583,#5619)
REPRESENTATION_RELATIONSHIP_WITH_TRANSFORMATION(#3911)
SHAPE_REPRESENTATION_RELATIONSHIP()
);
#2818=(
REPRESENTATION_RELATIONSHIP(' ',' ',#5583,#5619)
REPRESENTATION_RELATIONSHIP_WITH_TRANSFORMATION(#3912)
SHAPE_REPRESENTATION_RELATIONSHIP()
);
#2819=(
REPRESENTATION_RELATIONSHIP(' ',' ',#5583,#5619)
REPRESENTATION_RELATIONSHIP_WITH_TRANSFORMATION(#3913)
SHAPE_REPRESENTATION_RELATIONSHIP()
);
#2820=(
REPRESENTATION_RELATIONSHIP(' ',' ',#5583,#5619)
REPRESENTATION_RELATIONSHIP_WITH_TRANSFORMATION(#3914)
SHAPE_REPRESENTATION_RELATIONSHIP()
);
#2821=(
REPRESENTATION_RELATIONSHIP(' ',' ',#5583,#5619)
REPRESENTATION_RELATIONSHIP_WITH_TRANSFORMATION(#3915)
SHAPE_REPRESENTATION_RELATIONSHIP()
);
#2822=(
REPRESENTATION_RELATIONSHIP(' ',' ',#5583,#5619)
REPRESENTATION_RELATIONSHIP_WITH_TRANSFORMATION(#3916)
SHAPE_REPRESENTATION_RELATIONSHIP()
);
#2823=(
REPRESENTATION_RELATIONSHIP(' ',' ',#5583,#5619)
REPRESENTATION_RELATIONSHIP_WITH_TRANSFORMATION(#3917)
SHAPE_REPRESENTATION_RELATIONSHIP()
);
#2824=(
REPRESENTATION_RELATIONSHIP(' ',' ',#5586,#5620)
REPRESENTATION_RELATIONSHIP_WITH_TRANSFORMATION(#3918)
SHAPE_REPRESENTATION_RELATIONSHIP()
);
#2825=(
REPRESENTATION_RELATIONSHIP(' ',' ',#5585,#5620)
REPRESENTATION_RELATIONSHIP_WITH_TRANSFORMATION(#3919)
SHAPE_REPRESENTATION_RELATIONSHIP()
);
#2826=(
REPRESENTATION_RELATIONSHIP(' ',' ',#5590,#5620)
REPRESENTATION_RELATIONSHIP_WITH_TRANSFORMATION(#3920)
SHAPE_REPRESENTATION_RELATIONSHIP()
);
#2827=(
REPRESENTATION_RELATIONSHIP(' ',' ',#5587,#5620)
REPRESENTATION_RELATIONSHIP_WITH_TRANSFORMATION(#3921)
SHAPE_REPRESENTATION_RELATIONSHIP()
);
#2828=(
REPRESENTATION_RELATIONSHIP(' ',' ',#5588,#5620)
REPRESENTATION_RELATIONSHIP_WITH_TRANSFORMATION(#3922)
SHAPE_REPRESENTATION_RELATIONSHIP()
);
#2829=(
REPRESENTATION_RELATIONSHIP(' ',' ',#5591,#5620)
REPRESENTATION_RELATIONSHIP_WITH_TRANSFORMATION(#3923)
SHAPE_REPRESENTATION_RELATIONSHIP()
);
#2830=(
REPRESENTATION_RELATIONSHIP(' ',' ',#5589,#5620)
REPRESENTATION_RELATIONSHIP_WITH_TRANSFORMATION(#3924)
SHAPE_REPRESENTATION_RELATIONSHIP()
);
#2831=(
REPRESENTATION_RELATIONSHIP(' ',' ',#5620,#5619)
REPRESENTATION_RELATIONSHIP_WITH_TRANSFORMATION(#3925)
SHAPE_REPRESENTATION_RELATIONSHIP()
);
#2832=(
REPRESENTATION_RELATIONSHIP(' ',' ',#5583,#5619)
REPRESENTATION_RELATIONSHIP_WITH_TRANSFORMATION(#3926)
SHAPE_REPRESENTATION_RELATIONSHIP()
);
#2833=(
REPRESENTATION_RELATIONSHIP(' ',' ',#5583,#5619)
REPRESENTATION_RELATIONSHIP_WITH_TRANSFORMATION(#3927)
SHAPE_REPRESENTATION_RELATIONSHIP()
);
#2834=(
REPRESENTATION_RELATIONSHIP(' ',' ',#5583,#5619)
REPRESENTATION_RELATIONSHIP_WITH_TRANSFORMATION(#3928)
SHAPE_REPRESENTATION_RELATIONSHIP()
);
#2835=(
REPRESENTATION_RELATIONSHIP(' ',' ',#5619,#5616)
REPRESENTATION_RELATIONSHIP_WITH_TRANSFORMATION(#3929)
SHAPE_REPRESENTATION_RELATIONSHIP()
);
#2836=(
REPRESENTATION_RELATIONSHIP(' ',' ',#5583,#5621)
REPRESENTATION_RELATIONSHIP_WITH_TRANSFORMATION(#3930)
SHAPE_REPRESENTATION_RELATIONSHIP()
);
#2837=(
REPRESENTATION_RELATIONSHIP(' ',' ',#5583,#5621)
REPRESENTATION_RELATIONSHIP_WITH_TRANSFORMATION(#3931)
SHAPE_REPRESENTATION_RELATIONSHIP()
);
#2838=(
REPRESENTATION_RELATIONSHIP(' ',' ',#5583,#5621)
REPRESENTATION_RELATIONSHIP_WITH_TRANSFORMATION(#3932)
SHAPE_REPRESENTATION_RELATIONSHIP()
);
#2839=(
REPRESENTATION_RELATIONSHIP(' ',' ',#5583,#5621)
REPRESENTATION_RELATIONSHIP_WITH_TRANSFORMATION(#3933)
SHAPE_REPRESENTATION_RELATIONSHIP()
);
#2840=(
REPRESENTATION_RELATIONSHIP(' ',' ',#5583,#5621)
REPRESENTATION_RELATIONSHIP_WITH_TRANSFORMATION(#3934)
SHAPE_REPRESENTATION_RELATIONSHIP()
);
#2841=(
REPRESENTATION_RELATIONSHIP(' ',' ',#5583,#5621)
REPRESENTATION_RELATIONSHIP_WITH_TRANSFORMATION(#3935)
SHAPE_REPRESENTATION_RELATIONSHIP()
);
#2842=(
REPRESENTATION_RELATIONSHIP(' ',' ',#5583,#5621)
REPRESENTATION_RELATIONSHIP_WITH_TRANSFORMATION(#3936)
SHAPE_REPRESENTATION_RELATIONSHIP()
);
#2843=(
REPRESENTATION_RELATIONSHIP(' ',' ',#5583,#5621)
REPRESENTATION_RELATIONSHIP_WITH_TRANSFORMATION(#3937)
SHAPE_REPRESENTATION_RELATIONSHIP()
);
#2844=(
REPRESENTATION_RELATIONSHIP(' ',' ',#5583,#5621)
REPRESENTATION_RELATIONSHIP_WITH_TRANSFORMATION(#3938)
SHAPE_REPRESENTATION_RELATIONSHIP()
);
#2845=(
REPRESENTATION_RELATIONSHIP(' ',' ',#5583,#5621)
REPRESENTATION_RELATIONSHIP_WITH_TRANSFORMATION(#3939)
SHAPE_REPRESENTATION_RELATIONSHIP()
);
#2846=(
REPRESENTATION_RELATIONSHIP(' ',' ',#5583,#5621)
REPRESENTATION_RELATIONSHIP_WITH_TRANSFORMATION(#3940)
SHAPE_REPRESENTATION_RELATIONSHIP()
);
#2847=(
REPRESENTATION_RELATIONSHIP(' ',' ',#5583,#5621)
REPRESENTATION_RELATIONSHIP_WITH_TRANSFORMATION(#3941)
SHAPE_REPRESENTATION_RELATIONSHIP()
);
#2848=(
REPRESENTATION_RELATIONSHIP(' ',' ',#5583,#5621)
REPRESENTATION_RELATIONSHIP_WITH_TRANSFORMATION(#3942)
SHAPE_REPRESENTATION_RELATIONSHIP()
);
#2849=(
REPRESENTATION_RELATIONSHIP(' ',' ',#5583,#5621)
REPRESENTATION_RELATIONSHIP_WITH_TRANSFORMATION(#3943)
SHAPE_REPRESENTATION_RELATIONSHIP()
);
#2850=(
REPRESENTATION_RELATIONSHIP(' ',' ',#5583,#5621)
REPRESENTATION_RELATIONSHIP_WITH_TRANSFORMATION(#3944)
SHAPE_REPRESENTATION_RELATIONSHIP()
);
#2851=(
REPRESENTATION_RELATIONSHIP(' ',' ',#5583,#5621)
REPRESENTATION_RELATIONSHIP_WITH_TRANSFORMATION(#3945)
SHAPE_REPRESENTATION_RELATIONSHIP()
);
#2852=(
REPRESENTATION_RELATIONSHIP(' ',' ',#5583,#5621)
REPRESENTATION_RELATIONSHIP_WITH_TRANSFORMATION(#3946)
SHAPE_REPRESENTATION_RELATIONSHIP()
);
#2853=(
REPRESENTATION_RELATIONSHIP(' ',' ',#5583,#5621)
REPRESENTATION_RELATIONSHIP_WITH_TRANSFORMATION(#3947)
SHAPE_REPRESENTATION_RELATIONSHIP()
);
#2854=(
REPRESENTATION_RELATIONSHIP(' ',' ',#5583,#5621)
REPRESENTATION_RELATIONSHIP_WITH_TRANSFORMATION(#3948)
SHAPE_REPRESENTATION_RELATIONSHIP()
);
#2855=(
REPRESENTATION_RELATIONSHIP(' ',' ',#5583,#5621)
REPRESENTATION_RELATIONSHIP_WITH_TRANSFORMATION(#3949)
SHAPE_REPRESENTATION_RELATIONSHIP()
);
#2856=(
REPRESENTATION_RELATIONSHIP(' ',' ',#5583,#5621)
REPRESENTATION_RELATIONSHIP_WITH_TRANSFORMATION(#3950)
SHAPE_REPRESENTATION_RELATIONSHIP()
);
#2857=(
REPRESENTATION_RELATIONSHIP(' ',' ',#5583,#5621)
REPRESENTATION_RELATIONSHIP_WITH_TRANSFORMATION(#3951)
SHAPE_REPRESENTATION_RELATIONSHIP()
);
#2858=(
REPRESENTATION_RELATIONSHIP(' ',' ',#5583,#5621)
REPRESENTATION_RELATIONSHIP_WITH_TRANSFORMATION(#3952)
SHAPE_REPRESENTATION_RELATIONSHIP()
);
#2859=(
REPRESENTATION_RELATIONSHIP(' ',' ',#5583,#5621)
REPRESENTATION_RELATIONSHIP_WITH_TRANSFORMATION(#3953)
SHAPE_REPRESENTATION_RELATIONSHIP()
);
#2860=(
REPRESENTATION_RELATIONSHIP(' ',' ',#5583,#5621)
REPRESENTATION_RELATIONSHIP_WITH_TRANSFORMATION(#3954)
SHAPE_REPRESENTATION_RELATIONSHIP()
);
#2861=(
REPRESENTATION_RELATIONSHIP(' ',' ',#5583,#5621)
REPRESENTATION_RELATIONSHIP_WITH_TRANSFORMATION(#3955)
SHAPE_REPRESENTATION_RELATIONSHIP()
);
#2862=(
REPRESENTATION_RELATIONSHIP(' ',' ',#5583,#5621)
REPRESENTATION_RELATIONSHIP_WITH_TRANSFORMATION(#3956)
SHAPE_REPRESENTATION_RELATIONSHIP()
);
#2863=(
REPRESENTATION_RELATIONSHIP(' ',' ',#5583,#5621)
REPRESENTATION_RELATIONSHIP_WITH_TRANSFORMATION(#3957)
SHAPE_REPRESENTATION_RELATIONSHIP()
);
#2864=(
REPRESENTATION_RELATIONSHIP(' ',' ',#5583,#5621)
REPRESENTATION_RELATIONSHIP_WITH_TRANSFORMATION(#3958)
SHAPE_REPRESENTATION_RELATIONSHIP()
);
#2865=(
REPRESENTATION_RELATIONSHIP(' ',' ',#5583,#5621)
REPRESENTATION_RELATIONSHIP_WITH_TRANSFORMATION(#3959)
SHAPE_REPRESENTATION_RELATIONSHIP()
);
#2866=(
REPRESENTATION_RELATIONSHIP(' ',' ',#5583,#5621)
REPRESENTATION_RELATIONSHIP_WITH_TRANSFORMATION(#3960)
SHAPE_REPRESENTATION_RELATIONSHIP()
);
#2867=(
REPRESENTATION_RELATIONSHIP(' ',' ',#5583,#5621)
REPRESENTATION_RELATIONSHIP_WITH_TRANSFORMATION(#3961)
SHAPE_REPRESENTATION_RELATIONSHIP()
);
#2868=(
REPRESENTATION_RELATIONSHIP(' ',' ',#5583,#5621)
REPRESENTATION_RELATIONSHIP_WITH_TRANSFORMATION(#3962)
SHAPE_REPRESENTATION_RELATIONSHIP()
);
#2869=(
REPRESENTATION_RELATIONSHIP(' ',' ',#5583,#5621)
REPRESENTATION_RELATIONSHIP_WITH_TRANSFORMATION(#3963)
SHAPE_REPRESENTATION_RELATIONSHIP()
);
#2870=(
REPRESENTATION_RELATIONSHIP(' ',' ',#5583,#5621)
REPRESENTATION_RELATIONSHIP_WITH_TRANSFORMATION(#3964)
SHAPE_REPRESENTATION_RELATIONSHIP()
);
#2871=(
REPRESENTATION_RELATIONSHIP(' ',' ',#5585,#5622)
REPRESENTATION_RELATIONSHIP_WITH_TRANSFORMATION(#3965)
SHAPE_REPRESENTATION_RELATIONSHIP()
);
#2872=(
REPRESENTATION_RELATIONSHIP(' ',' ',#5590,#5622)
REPRESENTATION_RELATIONSHIP_WITH_TRANSFORMATION(#3966)
SHAPE_REPRESENTATION_RELATIONSHIP()
);
#2873=(
REPRESENTATION_RELATIONSHIP(' ',' ',#5588,#5622)
REPRESENTATION_RELATIONSHIP_WITH_TRANSFORMATION(#3967)
SHAPE_REPRESENTATION_RELATIONSHIP()
);
#2874=(
REPRESENTATION_RELATIONSHIP(' ',' ',#5587,#5622)
REPRESENTATION_RELATIONSHIP_WITH_TRANSFORMATION(#3968)
SHAPE_REPRESENTATION_RELATIONSHIP()
);
#2875=(
REPRESENTATION_RELATIONSHIP(' ',' ',#5586,#5622)
REPRESENTATION_RELATIONSHIP_WITH_TRANSFORMATION(#3969)
SHAPE_REPRESENTATION_RELATIONSHIP()
);
#2876=(
REPRESENTATION_RELATIONSHIP(' ',' ',#5589,#5622)
REPRESENTATION_RELATIONSHIP_WITH_TRANSFORMATION(#3970)
SHAPE_REPRESENTATION_RELATIONSHIP()
);
#2877=(
REPRESENTATION_RELATIONSHIP(' ',' ',#5591,#5622)
REPRESENTATION_RELATIONSHIP_WITH_TRANSFORMATION(#3971)
SHAPE_REPRESENTATION_RELATIONSHIP()
);
#2878=(
REPRESENTATION_RELATIONSHIP(' ',' ',#5622,#5621)
REPRESENTATION_RELATIONSHIP_WITH_TRANSFORMATION(#3972)
SHAPE_REPRESENTATION_RELATIONSHIP()
);
#2879=(
REPRESENTATION_RELATIONSHIP(' ',' ',#5583,#5621)
REPRESENTATION_RELATIONSHIP_WITH_TRANSFORMATION(#3973)
SHAPE_REPRESENTATION_RELATIONSHIP()
);
#2880=(
REPRESENTATION_RELATIONSHIP(' ',' ',#5621,#5616)
REPRESENTATION_RELATIONSHIP_WITH_TRANSFORMATION(#3974)
SHAPE_REPRESENTATION_RELATIONSHIP()
);
#2881=(
REPRESENTATION_RELATIONSHIP(' ',' ',#5583,#5623)
REPRESENTATION_RELATIONSHIP_WITH_TRANSFORMATION(#3975)
SHAPE_REPRESENTATION_RELATIONSHIP()
);
#2882=(
REPRESENTATION_RELATIONSHIP(' ',' ',#5583,#5623)
REPRESENTATION_RELATIONSHIP_WITH_TRANSFORMATION(#3976)
SHAPE_REPRESENTATION_RELATIONSHIP()
);
#2883=(
REPRESENTATION_RELATIONSHIP(' ',' ',#5583,#5623)
REPRESENTATION_RELATIONSHIP_WITH_TRANSFORMATION(#3977)
SHAPE_REPRESENTATION_RELATIONSHIP()
);
#2884=(
REPRESENTATION_RELATIONSHIP(' ',' ',#5583,#5623)
REPRESENTATION_RELATIONSHIP_WITH_TRANSFORMATION(#3978)
SHAPE_REPRESENTATION_RELATIONSHIP()
);
#2885=(
REPRESENTATION_RELATIONSHIP(' ',' ',#5583,#5623)
REPRESENTATION_RELATIONSHIP_WITH_TRANSFORMATION(#3979)
SHAPE_REPRESENTATION_RELATIONSHIP()
);
#2886=(
REPRESENTATION_RELATIONSHIP(' ',' ',#5583,#5623)
REPRESENTATION_RELATIONSHIP_WITH_TRANSFORMATION(#3980)
SHAPE_REPRESENTATION_RELATIONSHIP()
);
#2887=(
REPRESENTATION_RELATIONSHIP(' ',' ',#5583,#5623)
REPRESENTATION_RELATIONSHIP_WITH_TRANSFORMATION(#3981)
SHAPE_REPRESENTATION_RELATIONSHIP()
);
#2888=(
REPRESENTATION_RELATIONSHIP(' ',' ',#5583,#5623)
REPRESENTATION_RELATIONSHIP_WITH_TRANSFORMATION(#3982)
SHAPE_REPRESENTATION_RELATIONSHIP()
);
#2889=(
REPRESENTATION_RELATIONSHIP(' ',' ',#5583,#5623)
REPRESENTATION_RELATIONSHIP_WITH_TRANSFORMATION(#3983)
SHAPE_REPRESENTATION_RELATIONSHIP()
);
#2890=(
REPRESENTATION_RELATIONSHIP(' ',' ',#5583,#5623)
REPRESENTATION_RELATIONSHIP_WITH_TRANSFORMATION(#3984)
SHAPE_REPRESENTATION_RELATIONSHIP()
);
#2891=(
REPRESENTATION_RELATIONSHIP(' ',' ',#5583,#5623)
REPRESENTATION_RELATIONSHIP_WITH_TRANSFORMATION(#3985)
SHAPE_REPRESENTATION_RELATIONSHIP()
);
#2892=(
REPRESENTATION_RELATIONSHIP(' ',' ',#5583,#5623)
REPRESENTATION_RELATIONSHIP_WITH_TRANSFORMATION(#3986)
SHAPE_REPRESENTATION_RELATIONSHIP()
);
#2893=(
REPRESENTATION_RELATIONSHIP(' ',' ',#5583,#5623)
REPRESENTATION_RELATIONSHIP_WITH_TRANSFORMATION(#3987)
SHAPE_REPRESENTATION_RELATIONSHIP()
);
#2894=(
REPRESENTATION_RELATIONSHIP(' ',' ',#5583,#5623)
REPRESENTATION_RELATIONSHIP_WITH_TRANSFORMATION(#3988)
SHAPE_REPRESENTATION_RELATIONSHIP()
);
#2895=(
REPRESENTATION_RELATIONSHIP(' ',' ',#5583,#5623)
REPRESENTATION_RELATIONSHIP_WITH_TRANSFORMATION(#3989)
SHAPE_REPRESENTATION_RELATIONSHIP()
);
#2896=(
REPRESENTATION_RELATIONSHIP(' ',' ',#5583,#5623)
REPRESENTATION_RELATIONSHIP_WITH_TRANSFORMATION(#3990)
SHAPE_REPRESENTATION_RELATIONSHIP()
);
#2897=(
REPRESENTATION_RELATIONSHIP(' ',' ',#5583,#5623)
REPRESENTATION_RELATIONSHIP_WITH_TRANSFORMATION(#3991)
SHAPE_REPRESENTATION_RELATIONSHIP()
);
#2898=(
REPRESENTATION_RELATIONSHIP(' ',' ',#5583,#5623)
REPRESENTATION_RELATIONSHIP_WITH_TRANSFORMATION(#3992)
SHAPE_REPRESENTATION_RELATIONSHIP()
);
#2899=(
REPRESENTATION_RELATIONSHIP(' ',' ',#5583,#5623)
REPRESENTATION_RELATIONSHIP_WITH_TRANSFORMATION(#3993)
SHAPE_REPRESENTATION_RELATIONSHIP()
);
#2900=(
REPRESENTATION_RELATIONSHIP(' ',' ',#5583,#5623)
REPRESENTATION_RELATIONSHIP_WITH_TRANSFORMATION(#3994)
SHAPE_REPRESENTATION_RELATIONSHIP()
);
#2901=(
REPRESENTATION_RELATIONSHIP(' ',' ',#5583,#5623)
REPRESENTATION_RELATIONSHIP_WITH_TRANSFORMATION(#3995)
SHAPE_REPRESENTATION_RELATIONSHIP()
);
#2902=(
REPRESENTATION_RELATIONSHIP(' ',' ',#5583,#5623)
REPRESENTATION_RELATIONSHIP_WITH_TRANSFORMATION(#3996)
SHAPE_REPRESENTATION_RELATIONSHIP()
);
#2903=(
REPRESENTATION_RELATIONSHIP(' ',' ',#5583,#5623)
REPRESENTATION_RELATIONSHIP_WITH_TRANSFORMATION(#3997)
SHAPE_REPRESENTATION_RELATIONSHIP()
);
#2904=(
REPRESENTATION_RELATIONSHIP(' ',' ',#5583,#5623)
REPRESENTATION_RELATIONSHIP_WITH_TRANSFORMATION(#3998)
SHAPE_REPRESENTATION_RELATIONSHIP()
);
#2905=(
REPRESENTATION_RELATIONSHIP(' ',' ',#5583,#5623)
REPRESENTATION_RELATIONSHIP_WITH_TRANSFORMATION(#3999)
SHAPE_REPRESENTATION_RELATIONSHIP()
);
#2906=(
REPRESENTATION_RELATIONSHIP(' ',' ',#5583,#5623)
REPRESENTATION_RELATIONSHIP_WITH_TRANSFORMATION(#4000)
SHAPE_REPRESENTATION_RELATIONSHIP()
);
#2907=(
REPRESENTATION_RELATIONSHIP(' ',' ',#5583,#5623)
REPRESENTATION_RELATIONSHIP_WITH_TRANSFORMATION(#4001)
SHAPE_REPRESENTATION_RELATIONSHIP()
);
#2908=(
REPRESENTATION_RELATIONSHIP(' ',' ',#5583,#5623)
REPRESENTATION_RELATIONSHIP_WITH_TRANSFORMATION(#4002)
SHAPE_REPRESENTATION_RELATIONSHIP()
);
#2909=(
REPRESENTATION_RELATIONSHIP(' ',' ',#5583,#5623)
REPRESENTATION_RELATIONSHIP_WITH_TRANSFORMATION(#4003)
SHAPE_REPRESENTATION_RELATIONSHIP()
);
#2910=(
REPRESENTATION_RELATIONSHIP(' ',' ',#5583,#5623)
REPRESENTATION_RELATIONSHIP_WITH_TRANSFORMATION(#4004)
SHAPE_REPRESENTATION_RELATIONSHIP()
);
#2911=(
REPRESENTATION_RELATIONSHIP(' ',' ',#5583,#5623)
REPRESENTATION_RELATIONSHIP_WITH_TRANSFORMATION(#4005)
SHAPE_REPRESENTATION_RELATIONSHIP()
);
#2912=(
REPRESENTATION_RELATIONSHIP(' ',' ',#5583,#5623)
REPRESENTATION_RELATIONSHIP_WITH_TRANSFORMATION(#4006)
SHAPE_REPRESENTATION_RELATIONSHIP()
);
#2913=(
REPRESENTATION_RELATIONSHIP(' ',' ',#5583,#5623)
REPRESENTATION_RELATIONSHIP_WITH_TRANSFORMATION(#4007)
SHAPE_REPRESENTATION_RELATIONSHIP()
);
#2914=(
REPRESENTATION_RELATIONSHIP(' ',' ',#5583,#5623)
REPRESENTATION_RELATIONSHIP_WITH_TRANSFORMATION(#4008)
SHAPE_REPRESENTATION_RELATIONSHIP()
);
#2915=(
REPRESENTATION_RELATIONSHIP(' ',' ',#5583,#5623)
REPRESENTATION_RELATIONSHIP_WITH_TRANSFORMATION(#4009)
SHAPE_REPRESENTATION_RELATIONSHIP()
);
#2916=(
REPRESENTATION_RELATIONSHIP(' ',' ',#5583,#5623)
REPRESENTATION_RELATIONSHIP_WITH_TRANSFORMATION(#4010)
SHAPE_REPRESENTATION_RELATIONSHIP()
);
#2917=(
REPRESENTATION_RELATIONSHIP(' ',' ',#5589,#5624)
REPRESENTATION_RELATIONSHIP_WITH_TRANSFORMATION(#4011)
SHAPE_REPRESENTATION_RELATIONSHIP()
);
#2918=(
REPRESENTATION_RELATIONSHIP(' ',' ',#5588,#5624)
REPRESENTATION_RELATIONSHIP_WITH_TRANSFORMATION(#4012)
SHAPE_REPRESENTATION_RELATIONSHIP()
);
#2919=(
REPRESENTATION_RELATIONSHIP(' ',' ',#5587,#5624)
REPRESENTATION_RELATIONSHIP_WITH_TRANSFORMATION(#4013)
SHAPE_REPRESENTATION_RELATIONSHIP()
);
#2920=(
REPRESENTATION_RELATIONSHIP(' ',' ',#5591,#5624)
REPRESENTATION_RELATIONSHIP_WITH_TRANSFORMATION(#4014)
SHAPE_REPRESENTATION_RELATIONSHIP()
);
#2921=(
REPRESENTATION_RELATIONSHIP(' ',' ',#5586,#5624)
REPRESENTATION_RELATIONSHIP_WITH_TRANSFORMATION(#4015)
SHAPE_REPRESENTATION_RELATIONSHIP()
);
#2922=(
REPRESENTATION_RELATIONSHIP(' ',' ',#5590,#5624)
REPRESENTATION_RELATIONSHIP_WITH_TRANSFORMATION(#4016)
SHAPE_REPRESENTATION_RELATIONSHIP()
);
#2923=(
REPRESENTATION_RELATIONSHIP(' ',' ',#5585,#5624)
REPRESENTATION_RELATIONSHIP_WITH_TRANSFORMATION(#4017)
SHAPE_REPRESENTATION_RELATIONSHIP()
);
#2924=(
REPRESENTATION_RELATIONSHIP(' ',' ',#5624,#5623)
REPRESENTATION_RELATIONSHIP_WITH_TRANSFORMATION(#4018)
SHAPE_REPRESENTATION_RELATIONSHIP()
);
#2925=(
REPRESENTATION_RELATIONSHIP(' ',' ',#5623,#5616)
REPRESENTATION_RELATIONSHIP_WITH_TRANSFORMATION(#4019)
SHAPE_REPRESENTATION_RELATIONSHIP()
);
#2926=(
REPRESENTATION_RELATIONSHIP(' ',' ',#5616,#5578)
REPRESENTATION_RELATIONSHIP_WITH_TRANSFORMATION(#4020)
SHAPE_REPRESENTATION_RELATIONSHIP()
);
#2927=(
REPRESENTATION_RELATIONSHIP(' ',' ',#5581,#5625)
REPRESENTATION_RELATIONSHIP_WITH_TRANSFORMATION(#4021)
SHAPE_REPRESENTATION_RELATIONSHIP()
);
#2928=(
REPRESENTATION_RELATIONSHIP(' ',' ',#5583,#5626)
REPRESENTATION_RELATIONSHIP_WITH_TRANSFORMATION(#4022)
SHAPE_REPRESENTATION_RELATIONSHIP()
);
#2929=(
REPRESENTATION_RELATIONSHIP(' ',' ',#5583,#5626)
REPRESENTATION_RELATIONSHIP_WITH_TRANSFORMATION(#4023)
SHAPE_REPRESENTATION_RELATIONSHIP()
);
#2930=(
REPRESENTATION_RELATIONSHIP(' ',' ',#5583,#5626)
REPRESENTATION_RELATIONSHIP_WITH_TRANSFORMATION(#4024)
SHAPE_REPRESENTATION_RELATIONSHIP()
);
#2931=(
REPRESENTATION_RELATIONSHIP(' ',' ',#5583,#5626)
REPRESENTATION_RELATIONSHIP_WITH_TRANSFORMATION(#4025)
SHAPE_REPRESENTATION_RELATIONSHIP()
);
#2932=(
REPRESENTATION_RELATIONSHIP(' ',' ',#5583,#5626)
REPRESENTATION_RELATIONSHIP_WITH_TRANSFORMATION(#4026)
SHAPE_REPRESENTATION_RELATIONSHIP()
);
#2933=(
REPRESENTATION_RELATIONSHIP(' ',' ',#5583,#5626)
REPRESENTATION_RELATIONSHIP_WITH_TRANSFORMATION(#4027)
SHAPE_REPRESENTATION_RELATIONSHIP()
);
#2934=(
REPRESENTATION_RELATIONSHIP(' ',' ',#5583,#5626)
REPRESENTATION_RELATIONSHIP_WITH_TRANSFORMATION(#4028)
SHAPE_REPRESENTATION_RELATIONSHIP()
);
#2935=(
REPRESENTATION_RELATIONSHIP(' ',' ',#5583,#5626)
REPRESENTATION_RELATIONSHIP_WITH_TRANSFORMATION(#4029)
SHAPE_REPRESENTATION_RELATIONSHIP()
);
#2936=(
REPRESENTATION_RELATIONSHIP(' ',' ',#5583,#5626)
REPRESENTATION_RELATIONSHIP_WITH_TRANSFORMATION(#4030)
SHAPE_REPRESENTATION_RELATIONSHIP()
);
#2937=(
REPRESENTATION_RELATIONSHIP(' ',' ',#5583,#5626)
REPRESENTATION_RELATIONSHIP_WITH_TRANSFORMATION(#4031)
SHAPE_REPRESENTATION_RELATIONSHIP()
);
#2938=(
REPRESENTATION_RELATIONSHIP(' ',' ',#5583,#5626)
REPRESENTATION_RELATIONSHIP_WITH_TRANSFORMATION(#4032)
SHAPE_REPRESENTATION_RELATIONSHIP()
);
#2939=(
REPRESENTATION_RELATIONSHIP(' ',' ',#5583,#5626)
REPRESENTATION_RELATIONSHIP_WITH_TRANSFORMATION(#4033)
SHAPE_REPRESENTATION_RELATIONSHIP()
);
#2940=(
REPRESENTATION_RELATIONSHIP(' ',' ',#5583,#5626)
REPRESENTATION_RELATIONSHIP_WITH_TRANSFORMATION(#4034)
SHAPE_REPRESENTATION_RELATIONSHIP()
);
#2941=(
REPRESENTATION_RELATIONSHIP(' ',' ',#5583,#5626)
REPRESENTATION_RELATIONSHIP_WITH_TRANSFORMATION(#4035)
SHAPE_REPRESENTATION_RELATIONSHIP()
);
#2942=(
REPRESENTATION_RELATIONSHIP(' ',' ',#5583,#5626)
REPRESENTATION_RELATIONSHIP_WITH_TRANSFORMATION(#4036)
SHAPE_REPRESENTATION_RELATIONSHIP()
);
#2943=(
REPRESENTATION_RELATIONSHIP(' ',' ',#5583,#5626)
REPRESENTATION_RELATIONSHIP_WITH_TRANSFORMATION(#4037)
SHAPE_REPRESENTATION_RELATIONSHIP()
);
#2944=(
REPRESENTATION_RELATIONSHIP(' ',' ',#5583,#5626)
REPRESENTATION_RELATIONSHIP_WITH_TRANSFORMATION(#4038)
SHAPE_REPRESENTATION_RELATIONSHIP()
);
#2945=(
REPRESENTATION_RELATIONSHIP(' ',' ',#5583,#5626)
REPRESENTATION_RELATIONSHIP_WITH_TRANSFORMATION(#4039)
SHAPE_REPRESENTATION_RELATIONSHIP()
);
#2946=(
REPRESENTATION_RELATIONSHIP(' ',' ',#5583,#5626)
REPRESENTATION_RELATIONSHIP_WITH_TRANSFORMATION(#4040)
SHAPE_REPRESENTATION_RELATIONSHIP()
);
#2947=(
REPRESENTATION_RELATIONSHIP(' ',' ',#5583,#5626)
REPRESENTATION_RELATIONSHIP_WITH_TRANSFORMATION(#4041)
SHAPE_REPRESENTATION_RELATIONSHIP()
);
#2948=(
REPRESENTATION_RELATIONSHIP(' ',' ',#5583,#5626)
REPRESENTATION_RELATIONSHIP_WITH_TRANSFORMATION(#4042)
SHAPE_REPRESENTATION_RELATIONSHIP()
);
#2949=(
REPRESENTATION_RELATIONSHIP(' ',' ',#5583,#5626)
REPRESENTATION_RELATIONSHIP_WITH_TRANSFORMATION(#4043)
SHAPE_REPRESENTATION_RELATIONSHIP()
);
#2950=(
REPRESENTATION_RELATIONSHIP(' ',' ',#5583,#5626)
REPRESENTATION_RELATIONSHIP_WITH_TRANSFORMATION(#4044)
SHAPE_REPRESENTATION_RELATIONSHIP()
);
#2951=(
REPRESENTATION_RELATIONSHIP(' ',' ',#5583,#5626)
REPRESENTATION_RELATIONSHIP_WITH_TRANSFORMATION(#4045)
SHAPE_REPRESENTATION_RELATIONSHIP()
);
#2952=(
REPRESENTATION_RELATIONSHIP(' ',' ',#5583,#5626)
REPRESENTATION_RELATIONSHIP_WITH_TRANSFORMATION(#4046)
SHAPE_REPRESENTATION_RELATIONSHIP()
);
#2953=(
REPRESENTATION_RELATIONSHIP(' ',' ',#5586,#5627)
REPRESENTATION_RELATIONSHIP_WITH_TRANSFORMATION(#4047)
SHAPE_REPRESENTATION_RELATIONSHIP()
);
#2954=(
REPRESENTATION_RELATIONSHIP(' ',' ',#5585,#5627)
REPRESENTATION_RELATIONSHIP_WITH_TRANSFORMATION(#4048)
SHAPE_REPRESENTATION_RELATIONSHIP()
);
#2955=(
REPRESENTATION_RELATIONSHIP(' ',' ',#5589,#5627)
REPRESENTATION_RELATIONSHIP_WITH_TRANSFORMATION(#4049)
SHAPE_REPRESENTATION_RELATIONSHIP()
);
#2956=(
REPRESENTATION_RELATIONSHIP(' ',' ',#5591,#5627)
REPRESENTATION_RELATIONSHIP_WITH_TRANSFORMATION(#4050)
SHAPE_REPRESENTATION_RELATIONSHIP()
);
#2957=(
REPRESENTATION_RELATIONSHIP(' ',' ',#5587,#5627)
REPRESENTATION_RELATIONSHIP_WITH_TRANSFORMATION(#4051)
SHAPE_REPRESENTATION_RELATIONSHIP()
);
#2958=(
REPRESENTATION_RELATIONSHIP(' ',' ',#5588,#5627)
REPRESENTATION_RELATIONSHIP_WITH_TRANSFORMATION(#4052)
SHAPE_REPRESENTATION_RELATIONSHIP()
);
#2959=(
REPRESENTATION_RELATIONSHIP(' ',' ',#5590,#5627)
REPRESENTATION_RELATIONSHIP_WITH_TRANSFORMATION(#4053)
SHAPE_REPRESENTATION_RELATIONSHIP()
);
#2960=(
REPRESENTATION_RELATIONSHIP(' ',' ',#5627,#5626)
REPRESENTATION_RELATIONSHIP_WITH_TRANSFORMATION(#4054)
SHAPE_REPRESENTATION_RELATIONSHIP()
);
#2961=(
REPRESENTATION_RELATIONSHIP(' ',' ',#5583,#5626)
REPRESENTATION_RELATIONSHIP_WITH_TRANSFORMATION(#4055)
SHAPE_REPRESENTATION_RELATIONSHIP()
);
#2962=(
REPRESENTATION_RELATIONSHIP(' ',' ',#5583,#5626)
REPRESENTATION_RELATIONSHIP_WITH_TRANSFORMATION(#4056)
SHAPE_REPRESENTATION_RELATIONSHIP()
);
#2963=(
REPRESENTATION_RELATIONSHIP(' ',' ',#5583,#5626)
REPRESENTATION_RELATIONSHIP_WITH_TRANSFORMATION(#4057)
SHAPE_REPRESENTATION_RELATIONSHIP()
);
#2964=(
REPRESENTATION_RELATIONSHIP(' ',' ',#5583,#5626)
REPRESENTATION_RELATIONSHIP_WITH_TRANSFORMATION(#4058)
SHAPE_REPRESENTATION_RELATIONSHIP()
);
#2965=(
REPRESENTATION_RELATIONSHIP(' ',' ',#5583,#5626)
REPRESENTATION_RELATIONSHIP_WITH_TRANSFORMATION(#4059)
SHAPE_REPRESENTATION_RELATIONSHIP()
);
#2966=(
REPRESENTATION_RELATIONSHIP(' ',' ',#5583,#5626)
REPRESENTATION_RELATIONSHIP_WITH_TRANSFORMATION(#4060)
SHAPE_REPRESENTATION_RELATIONSHIP()
);
#2967=(
REPRESENTATION_RELATIONSHIP(' ',' ',#5583,#5626)
REPRESENTATION_RELATIONSHIP_WITH_TRANSFORMATION(#4061)
SHAPE_REPRESENTATION_RELATIONSHIP()
);
#2968=(
REPRESENTATION_RELATIONSHIP(' ',' ',#5583,#5626)
REPRESENTATION_RELATIONSHIP_WITH_TRANSFORMATION(#4062)
SHAPE_REPRESENTATION_RELATIONSHIP()
);
#2969=(
REPRESENTATION_RELATIONSHIP(' ',' ',#5583,#5626)
REPRESENTATION_RELATIONSHIP_WITH_TRANSFORMATION(#4063)
SHAPE_REPRESENTATION_RELATIONSHIP()
);
#2970=(
REPRESENTATION_RELATIONSHIP(' ',' ',#5583,#5626)
REPRESENTATION_RELATIONSHIP_WITH_TRANSFORMATION(#4064)
SHAPE_REPRESENTATION_RELATIONSHIP()
);
#2971=(
REPRESENTATION_RELATIONSHIP(' ',' ',#5583,#5626)
REPRESENTATION_RELATIONSHIP_WITH_TRANSFORMATION(#4065)
SHAPE_REPRESENTATION_RELATIONSHIP()
);
#2972=(
REPRESENTATION_RELATIONSHIP(' ',' ',#5626,#5625)
REPRESENTATION_RELATIONSHIP_WITH_TRANSFORMATION(#4066)
SHAPE_REPRESENTATION_RELATIONSHIP()
);
#2973=(
REPRESENTATION_RELATIONSHIP(' ',' ',#5583,#5628)
REPRESENTATION_RELATIONSHIP_WITH_TRANSFORMATION(#4067)
SHAPE_REPRESENTATION_RELATIONSHIP()
);
#2974=(
REPRESENTATION_RELATIONSHIP(' ',' ',#5583,#5628)
REPRESENTATION_RELATIONSHIP_WITH_TRANSFORMATION(#4068)
SHAPE_REPRESENTATION_RELATIONSHIP()
);
#2975=(
REPRESENTATION_RELATIONSHIP(' ',' ',#5583,#5628)
REPRESENTATION_RELATIONSHIP_WITH_TRANSFORMATION(#4069)
SHAPE_REPRESENTATION_RELATIONSHIP()
);
#2976=(
REPRESENTATION_RELATIONSHIP(' ',' ',#5583,#5628)
REPRESENTATION_RELATIONSHIP_WITH_TRANSFORMATION(#4070)
SHAPE_REPRESENTATION_RELATIONSHIP()
);
#2977=(
REPRESENTATION_RELATIONSHIP(' ',' ',#5583,#5628)
REPRESENTATION_RELATIONSHIP_WITH_TRANSFORMATION(#4071)
SHAPE_REPRESENTATION_RELATIONSHIP()
);
#2978=(
REPRESENTATION_RELATIONSHIP(' ',' ',#5583,#5628)
REPRESENTATION_RELATIONSHIP_WITH_TRANSFORMATION(#4072)
SHAPE_REPRESENTATION_RELATIONSHIP()
);
#2979=(
REPRESENTATION_RELATIONSHIP(' ',' ',#5583,#5628)
REPRESENTATION_RELATIONSHIP_WITH_TRANSFORMATION(#4073)
SHAPE_REPRESENTATION_RELATIONSHIP()
);
#2980=(
REPRESENTATION_RELATIONSHIP(' ',' ',#5583,#5628)
REPRESENTATION_RELATIONSHIP_WITH_TRANSFORMATION(#4074)
SHAPE_REPRESENTATION_RELATIONSHIP()
);
#2981=(
REPRESENTATION_RELATIONSHIP(' ',' ',#5583,#5628)
REPRESENTATION_RELATIONSHIP_WITH_TRANSFORMATION(#4075)
SHAPE_REPRESENTATION_RELATIONSHIP()
);
#2982=(
REPRESENTATION_RELATIONSHIP(' ',' ',#5583,#5628)
REPRESENTATION_RELATIONSHIP_WITH_TRANSFORMATION(#4076)
SHAPE_REPRESENTATION_RELATIONSHIP()
);
#2983=(
REPRESENTATION_RELATIONSHIP(' ',' ',#5583,#5628)
REPRESENTATION_RELATIONSHIP_WITH_TRANSFORMATION(#4077)
SHAPE_REPRESENTATION_RELATIONSHIP()
);
#2984=(
REPRESENTATION_RELATIONSHIP(' ',' ',#5583,#5628)
REPRESENTATION_RELATIONSHIP_WITH_TRANSFORMATION(#4078)
SHAPE_REPRESENTATION_RELATIONSHIP()
);
#2985=(
REPRESENTATION_RELATIONSHIP(' ',' ',#5583,#5628)
REPRESENTATION_RELATIONSHIP_WITH_TRANSFORMATION(#4079)
SHAPE_REPRESENTATION_RELATIONSHIP()
);
#2986=(
REPRESENTATION_RELATIONSHIP(' ',' ',#5583,#5628)
REPRESENTATION_RELATIONSHIP_WITH_TRANSFORMATION(#4080)
SHAPE_REPRESENTATION_RELATIONSHIP()
);
#2987=(
REPRESENTATION_RELATIONSHIP(' ',' ',#5583,#5628)
REPRESENTATION_RELATIONSHIP_WITH_TRANSFORMATION(#4081)
SHAPE_REPRESENTATION_RELATIONSHIP()
);
#2988=(
REPRESENTATION_RELATIONSHIP(' ',' ',#5583,#5628)
REPRESENTATION_RELATIONSHIP_WITH_TRANSFORMATION(#4082)
SHAPE_REPRESENTATION_RELATIONSHIP()
);
#2989=(
REPRESENTATION_RELATIONSHIP(' ',' ',#5583,#5628)
REPRESENTATION_RELATIONSHIP_WITH_TRANSFORMATION(#4083)
SHAPE_REPRESENTATION_RELATIONSHIP()
);
#2990=(
REPRESENTATION_RELATIONSHIP(' ',' ',#5583,#5628)
REPRESENTATION_RELATIONSHIP_WITH_TRANSFORMATION(#4084)
SHAPE_REPRESENTATION_RELATIONSHIP()
);
#2991=(
REPRESENTATION_RELATIONSHIP(' ',' ',#5583,#5628)
REPRESENTATION_RELATIONSHIP_WITH_TRANSFORMATION(#4085)
SHAPE_REPRESENTATION_RELATIONSHIP()
);
#2992=(
REPRESENTATION_RELATIONSHIP(' ',' ',#5583,#5628)
REPRESENTATION_RELATIONSHIP_WITH_TRANSFORMATION(#4086)
SHAPE_REPRESENTATION_RELATIONSHIP()
);
#2993=(
REPRESENTATION_RELATIONSHIP(' ',' ',#5583,#5628)
REPRESENTATION_RELATIONSHIP_WITH_TRANSFORMATION(#4087)
SHAPE_REPRESENTATION_RELATIONSHIP()
);
#2994=(
REPRESENTATION_RELATIONSHIP(' ',' ',#5583,#5628)
REPRESENTATION_RELATIONSHIP_WITH_TRANSFORMATION(#4088)
SHAPE_REPRESENTATION_RELATIONSHIP()
);
#2995=(
REPRESENTATION_RELATIONSHIP(' ',' ',#5583,#5628)
REPRESENTATION_RELATIONSHIP_WITH_TRANSFORMATION(#4089)
SHAPE_REPRESENTATION_RELATIONSHIP()
);
#2996=(
REPRESENTATION_RELATIONSHIP(' ',' ',#5583,#5628)
REPRESENTATION_RELATIONSHIP_WITH_TRANSFORMATION(#4090)
SHAPE_REPRESENTATION_RELATIONSHIP()
);
#2997=(
REPRESENTATION_RELATIONSHIP(' ',' ',#5583,#5628)
REPRESENTATION_RELATIONSHIP_WITH_TRANSFORMATION(#4091)
SHAPE_REPRESENTATION_RELATIONSHIP()
);
#2998=(
REPRESENTATION_RELATIONSHIP(' ',' ',#5583,#5628)
REPRESENTATION_RELATIONSHIP_WITH_TRANSFORMATION(#4092)
SHAPE_REPRESENTATION_RELATIONSHIP()
);
#2999=(
REPRESENTATION_RELATIONSHIP(' ',' ',#5583,#5628)
REPRESENTATION_RELATIONSHIP_WITH_TRANSFORMATION(#4093)
SHAPE_REPRESENTATION_RELATIONSHIP()
);
#3000=(
REPRESENTATION_RELATIONSHIP(' ',' ',#5583,#5628)
REPRESENTATION_RELATIONSHIP_WITH_TRANSFORMATION(#4094)
SHAPE_REPRESENTATION_RELATIONSHIP()
);
#3001=(
REPRESENTATION_RELATIONSHIP(' ',' ',#5583,#5628)
REPRESENTATION_RELATIONSHIP_WITH_TRANSFORMATION(#4095)
SHAPE_REPRESENTATION_RELATIONSHIP()
);
#3002=(
REPRESENTATION_RELATIONSHIP(' ',' ',#5583,#5628)
REPRESENTATION_RELATIONSHIP_WITH_TRANSFORMATION(#4096)
SHAPE_REPRESENTATION_RELATIONSHIP()
);
#3003=(
REPRESENTATION_RELATIONSHIP(' ',' ',#5583,#5628)
REPRESENTATION_RELATIONSHIP_WITH_TRANSFORMATION(#4097)
SHAPE_REPRESENTATION_RELATIONSHIP()
);
#3004=(
REPRESENTATION_RELATIONSHIP(' ',' ',#5583,#5628)
REPRESENTATION_RELATIONSHIP_WITH_TRANSFORMATION(#4098)
SHAPE_REPRESENTATION_RELATIONSHIP()
);
#3005=(
REPRESENTATION_RELATIONSHIP(' ',' ',#5583,#5628)
REPRESENTATION_RELATIONSHIP_WITH_TRANSFORMATION(#4099)
SHAPE_REPRESENTATION_RELATIONSHIP()
);
#3006=(
REPRESENTATION_RELATIONSHIP(' ',' ',#5590,#5629)
REPRESENTATION_RELATIONSHIP_WITH_TRANSFORMATION(#4100)
SHAPE_REPRESENTATION_RELATIONSHIP()
);
#3007=(
REPRESENTATION_RELATIONSHIP(' ',' ',#5588,#5629)
REPRESENTATION_RELATIONSHIP_WITH_TRANSFORMATION(#4101)
SHAPE_REPRESENTATION_RELATIONSHIP()
);
#3008=(
REPRESENTATION_RELATIONSHIP(' ',' ',#5587,#5629)
REPRESENTATION_RELATIONSHIP_WITH_TRANSFORMATION(#4102)
SHAPE_REPRESENTATION_RELATIONSHIP()
);
#3009=(
REPRESENTATION_RELATIONSHIP(' ',' ',#5585,#5629)
REPRESENTATION_RELATIONSHIP_WITH_TRANSFORMATION(#4103)
SHAPE_REPRESENTATION_RELATIONSHIP()
);
#3010=(
REPRESENTATION_RELATIONSHIP(' ',' ',#5586,#5629)
REPRESENTATION_RELATIONSHIP_WITH_TRANSFORMATION(#4104)
SHAPE_REPRESENTATION_RELATIONSHIP()
);
#3011=(
REPRESENTATION_RELATIONSHIP(' ',' ',#5589,#5629)
REPRESENTATION_RELATIONSHIP_WITH_TRANSFORMATION(#4105)
SHAPE_REPRESENTATION_RELATIONSHIP()
);
#3012=(
REPRESENTATION_RELATIONSHIP(' ',' ',#5591,#5629)
REPRESENTATION_RELATIONSHIP_WITH_TRANSFORMATION(#4106)
SHAPE_REPRESENTATION_RELATIONSHIP()
);
#3013=(
REPRESENTATION_RELATIONSHIP(' ',' ',#5629,#5628)
REPRESENTATION_RELATIONSHIP_WITH_TRANSFORMATION(#4107)
SHAPE_REPRESENTATION_RELATIONSHIP()
);
#3014=(
REPRESENTATION_RELATIONSHIP(' ',' ',#5583,#5628)
REPRESENTATION_RELATIONSHIP_WITH_TRANSFORMATION(#4108)
SHAPE_REPRESENTATION_RELATIONSHIP()
);
#3015=(
REPRESENTATION_RELATIONSHIP(' ',' ',#5583,#5628)
REPRESENTATION_RELATIONSHIP_WITH_TRANSFORMATION(#4109)
SHAPE_REPRESENTATION_RELATIONSHIP()
);
#3016=(
REPRESENTATION_RELATIONSHIP(' ',' ',#5583,#5628)
REPRESENTATION_RELATIONSHIP_WITH_TRANSFORMATION(#4110)
SHAPE_REPRESENTATION_RELATIONSHIP()
);
#3017=(
REPRESENTATION_RELATIONSHIP(' ',' ',#5628,#5625)
REPRESENTATION_RELATIONSHIP_WITH_TRANSFORMATION(#4111)
SHAPE_REPRESENTATION_RELATIONSHIP()
);
#3018=(
REPRESENTATION_RELATIONSHIP(' ',' ',#5583,#5630)
REPRESENTATION_RELATIONSHIP_WITH_TRANSFORMATION(#4112)
SHAPE_REPRESENTATION_RELATIONSHIP()
);
#3019=(
REPRESENTATION_RELATIONSHIP(' ',' ',#5583,#5630)
REPRESENTATION_RELATIONSHIP_WITH_TRANSFORMATION(#4113)
SHAPE_REPRESENTATION_RELATIONSHIP()
);
#3020=(
REPRESENTATION_RELATIONSHIP(' ',' ',#5583,#5630)
REPRESENTATION_RELATIONSHIP_WITH_TRANSFORMATION(#4114)
SHAPE_REPRESENTATION_RELATIONSHIP()
);
#3021=(
REPRESENTATION_RELATIONSHIP(' ',' ',#5583,#5630)
REPRESENTATION_RELATIONSHIP_WITH_TRANSFORMATION(#4115)
SHAPE_REPRESENTATION_RELATIONSHIP()
);
#3022=(
REPRESENTATION_RELATIONSHIP(' ',' ',#5583,#5630)
REPRESENTATION_RELATIONSHIP_WITH_TRANSFORMATION(#4116)
SHAPE_REPRESENTATION_RELATIONSHIP()
);
#3023=(
REPRESENTATION_RELATIONSHIP(' ',' ',#5583,#5630)
REPRESENTATION_RELATIONSHIP_WITH_TRANSFORMATION(#4117)
SHAPE_REPRESENTATION_RELATIONSHIP()
);
#3024=(
REPRESENTATION_RELATIONSHIP(' ',' ',#5583,#5630)
REPRESENTATION_RELATIONSHIP_WITH_TRANSFORMATION(#4118)
SHAPE_REPRESENTATION_RELATIONSHIP()
);
#3025=(
REPRESENTATION_RELATIONSHIP(' ',' ',#5583,#5630)
REPRESENTATION_RELATIONSHIP_WITH_TRANSFORMATION(#4119)
SHAPE_REPRESENTATION_RELATIONSHIP()
);
#3026=(
REPRESENTATION_RELATIONSHIP(' ',' ',#5583,#5630)
REPRESENTATION_RELATIONSHIP_WITH_TRANSFORMATION(#4120)
SHAPE_REPRESENTATION_RELATIONSHIP()
);
#3027=(
REPRESENTATION_RELATIONSHIP(' ',' ',#5583,#5630)
REPRESENTATION_RELATIONSHIP_WITH_TRANSFORMATION(#4121)
SHAPE_REPRESENTATION_RELATIONSHIP()
);
#3028=(
REPRESENTATION_RELATIONSHIP(' ',' ',#5583,#5630)
REPRESENTATION_RELATIONSHIP_WITH_TRANSFORMATION(#4122)
SHAPE_REPRESENTATION_RELATIONSHIP()
);
#3029=(
REPRESENTATION_RELATIONSHIP(' ',' ',#5583,#5630)
REPRESENTATION_RELATIONSHIP_WITH_TRANSFORMATION(#4123)
SHAPE_REPRESENTATION_RELATIONSHIP()
);
#3030=(
REPRESENTATION_RELATIONSHIP(' ',' ',#5583,#5630)
REPRESENTATION_RELATIONSHIP_WITH_TRANSFORMATION(#4124)
SHAPE_REPRESENTATION_RELATIONSHIP()
);
#3031=(
REPRESENTATION_RELATIONSHIP(' ',' ',#5583,#5630)
REPRESENTATION_RELATIONSHIP_WITH_TRANSFORMATION(#4125)
SHAPE_REPRESENTATION_RELATIONSHIP()
);
#3032=(
REPRESENTATION_RELATIONSHIP(' ',' ',#5583,#5630)
REPRESENTATION_RELATIONSHIP_WITH_TRANSFORMATION(#4126)
SHAPE_REPRESENTATION_RELATIONSHIP()
);
#3033=(
REPRESENTATION_RELATIONSHIP(' ',' ',#5583,#5630)
REPRESENTATION_RELATIONSHIP_WITH_TRANSFORMATION(#4127)
SHAPE_REPRESENTATION_RELATIONSHIP()
);
#3034=(
REPRESENTATION_RELATIONSHIP(' ',' ',#5583,#5630)
REPRESENTATION_RELATIONSHIP_WITH_TRANSFORMATION(#4128)
SHAPE_REPRESENTATION_RELATIONSHIP()
);
#3035=(
REPRESENTATION_RELATIONSHIP(' ',' ',#5583,#5630)
REPRESENTATION_RELATIONSHIP_WITH_TRANSFORMATION(#4129)
SHAPE_REPRESENTATION_RELATIONSHIP()
);
#3036=(
REPRESENTATION_RELATIONSHIP(' ',' ',#5583,#5630)
REPRESENTATION_RELATIONSHIP_WITH_TRANSFORMATION(#4130)
SHAPE_REPRESENTATION_RELATIONSHIP()
);
#3037=(
REPRESENTATION_RELATIONSHIP(' ',' ',#5583,#5630)
REPRESENTATION_RELATIONSHIP_WITH_TRANSFORMATION(#4131)
SHAPE_REPRESENTATION_RELATIONSHIP()
);
#3038=(
REPRESENTATION_RELATIONSHIP(' ',' ',#5583,#5630)
REPRESENTATION_RELATIONSHIP_WITH_TRANSFORMATION(#4132)
SHAPE_REPRESENTATION_RELATIONSHIP()
);
#3039=(
REPRESENTATION_RELATIONSHIP(' ',' ',#5583,#5630)
REPRESENTATION_RELATIONSHIP_WITH_TRANSFORMATION(#4133)
SHAPE_REPRESENTATION_RELATIONSHIP()
);
#3040=(
REPRESENTATION_RELATIONSHIP(' ',' ',#5583,#5630)
REPRESENTATION_RELATIONSHIP_WITH_TRANSFORMATION(#4134)
SHAPE_REPRESENTATION_RELATIONSHIP()
);
#3041=(
REPRESENTATION_RELATIONSHIP(' ',' ',#5583,#5630)
REPRESENTATION_RELATIONSHIP_WITH_TRANSFORMATION(#4135)
SHAPE_REPRESENTATION_RELATIONSHIP()
);
#3042=(
REPRESENTATION_RELATIONSHIP(' ',' ',#5583,#5630)
REPRESENTATION_RELATIONSHIP_WITH_TRANSFORMATION(#4136)
SHAPE_REPRESENTATION_RELATIONSHIP()
);
#3043=(
REPRESENTATION_RELATIONSHIP(' ',' ',#5583,#5630)
REPRESENTATION_RELATIONSHIP_WITH_TRANSFORMATION(#4137)
SHAPE_REPRESENTATION_RELATIONSHIP()
);
#3044=(
REPRESENTATION_RELATIONSHIP(' ',' ',#5583,#5630)
REPRESENTATION_RELATIONSHIP_WITH_TRANSFORMATION(#4138)
SHAPE_REPRESENTATION_RELATIONSHIP()
);
#3045=(
REPRESENTATION_RELATIONSHIP(' ',' ',#5583,#5630)
REPRESENTATION_RELATIONSHIP_WITH_TRANSFORMATION(#4139)
SHAPE_REPRESENTATION_RELATIONSHIP()
);
#3046=(
REPRESENTATION_RELATIONSHIP(' ',' ',#5583,#5630)
REPRESENTATION_RELATIONSHIP_WITH_TRANSFORMATION(#4140)
SHAPE_REPRESENTATION_RELATIONSHIP()
);
#3047=(
REPRESENTATION_RELATIONSHIP(' ',' ',#5583,#5630)
REPRESENTATION_RELATIONSHIP_WITH_TRANSFORMATION(#4141)
SHAPE_REPRESENTATION_RELATIONSHIP()
);
#3048=(
REPRESENTATION_RELATIONSHIP(' ',' ',#5583,#5630)
REPRESENTATION_RELATIONSHIP_WITH_TRANSFORMATION(#4142)
SHAPE_REPRESENTATION_RELATIONSHIP()
);
#3049=(
REPRESENTATION_RELATIONSHIP(' ',' ',#5583,#5630)
REPRESENTATION_RELATIONSHIP_WITH_TRANSFORMATION(#4143)
SHAPE_REPRESENTATION_RELATIONSHIP()
);
#3050=(
REPRESENTATION_RELATIONSHIP(' ',' ',#5587,#5631)
REPRESENTATION_RELATIONSHIP_WITH_TRANSFORMATION(#4144)
SHAPE_REPRESENTATION_RELATIONSHIP()
);
#3051=(
REPRESENTATION_RELATIONSHIP(' ',' ',#5586,#5631)
REPRESENTATION_RELATIONSHIP_WITH_TRANSFORMATION(#4145)
SHAPE_REPRESENTATION_RELATIONSHIP()
);
#3052=(
REPRESENTATION_RELATIONSHIP(' ',' ',#5589,#5631)
REPRESENTATION_RELATIONSHIP_WITH_TRANSFORMATION(#4146)
SHAPE_REPRESENTATION_RELATIONSHIP()
);
#3053=(
REPRESENTATION_RELATIONSHIP(' ',' ',#5588,#5631)
REPRESENTATION_RELATIONSHIP_WITH_TRANSFORMATION(#4147)
SHAPE_REPRESENTATION_RELATIONSHIP()
);
#3054=(
REPRESENTATION_RELATIONSHIP(' ',' ',#5585,#5631)
REPRESENTATION_RELATIONSHIP_WITH_TRANSFORMATION(#4148)
SHAPE_REPRESENTATION_RELATIONSHIP()
);
#3055=(
REPRESENTATION_RELATIONSHIP(' ',' ',#5590,#5631)
REPRESENTATION_RELATIONSHIP_WITH_TRANSFORMATION(#4149)
SHAPE_REPRESENTATION_RELATIONSHIP()
);
#3056=(
REPRESENTATION_RELATIONSHIP(' ',' ',#5591,#5631)
REPRESENTATION_RELATIONSHIP_WITH_TRANSFORMATION(#4150)
SHAPE_REPRESENTATION_RELATIONSHIP()
);
#3057=(
REPRESENTATION_RELATIONSHIP(' ',' ',#5631,#5630)
REPRESENTATION_RELATIONSHIP_WITH_TRANSFORMATION(#4151)
SHAPE_REPRESENTATION_RELATIONSHIP()
);
#3058=(
REPRESENTATION_RELATIONSHIP(' ',' ',#5583,#5630)
REPRESENTATION_RELATIONSHIP_WITH_TRANSFORMATION(#4152)
SHAPE_REPRESENTATION_RELATIONSHIP()
);
#3059=(
REPRESENTATION_RELATIONSHIP(' ',' ',#5583,#5630)
REPRESENTATION_RELATIONSHIP_WITH_TRANSFORMATION(#4153)
SHAPE_REPRESENTATION_RELATIONSHIP()
);
#3060=(
REPRESENTATION_RELATIONSHIP(' ',' ',#5583,#5630)
REPRESENTATION_RELATIONSHIP_WITH_TRANSFORMATION(#4154)
SHAPE_REPRESENTATION_RELATIONSHIP()
);
#3061=(
REPRESENTATION_RELATIONSHIP(' ',' ',#5583,#5630)
REPRESENTATION_RELATIONSHIP_WITH_TRANSFORMATION(#4155)
SHAPE_REPRESENTATION_RELATIONSHIP()
);
#3062=(
REPRESENTATION_RELATIONSHIP(' ',' ',#5630,#5625)
REPRESENTATION_RELATIONSHIP_WITH_TRANSFORMATION(#4156)
SHAPE_REPRESENTATION_RELATIONSHIP()
);
#3063=(
REPRESENTATION_RELATIONSHIP(' ',' ',#5583,#5632)
REPRESENTATION_RELATIONSHIP_WITH_TRANSFORMATION(#4157)
SHAPE_REPRESENTATION_RELATIONSHIP()
);
#3064=(
REPRESENTATION_RELATIONSHIP(' ',' ',#5583,#5632)
REPRESENTATION_RELATIONSHIP_WITH_TRANSFORMATION(#4158)
SHAPE_REPRESENTATION_RELATIONSHIP()
);
#3065=(
REPRESENTATION_RELATIONSHIP(' ',' ',#5583,#5632)
REPRESENTATION_RELATIONSHIP_WITH_TRANSFORMATION(#4159)
SHAPE_REPRESENTATION_RELATIONSHIP()
);
#3066=(
REPRESENTATION_RELATIONSHIP(' ',' ',#5583,#5632)
REPRESENTATION_RELATIONSHIP_WITH_TRANSFORMATION(#4160)
SHAPE_REPRESENTATION_RELATIONSHIP()
);
#3067=(
REPRESENTATION_RELATIONSHIP(' ',' ',#5583,#5632)
REPRESENTATION_RELATIONSHIP_WITH_TRANSFORMATION(#4161)
SHAPE_REPRESENTATION_RELATIONSHIP()
);
#3068=(
REPRESENTATION_RELATIONSHIP(' ',' ',#5583,#5632)
REPRESENTATION_RELATIONSHIP_WITH_TRANSFORMATION(#4162)
SHAPE_REPRESENTATION_RELATIONSHIP()
);
#3069=(
REPRESENTATION_RELATIONSHIP(' ',' ',#5583,#5632)
REPRESENTATION_RELATIONSHIP_WITH_TRANSFORMATION(#4163)
SHAPE_REPRESENTATION_RELATIONSHIP()
);
#3070=(
REPRESENTATION_RELATIONSHIP(' ',' ',#5583,#5632)
REPRESENTATION_RELATIONSHIP_WITH_TRANSFORMATION(#4164)
SHAPE_REPRESENTATION_RELATIONSHIP()
);
#3071=(
REPRESENTATION_RELATIONSHIP(' ',' ',#5583,#5632)
REPRESENTATION_RELATIONSHIP_WITH_TRANSFORMATION(#4165)
SHAPE_REPRESENTATION_RELATIONSHIP()
);
#3072=(
REPRESENTATION_RELATIONSHIP(' ',' ',#5583,#5632)
REPRESENTATION_RELATIONSHIP_WITH_TRANSFORMATION(#4166)
SHAPE_REPRESENTATION_RELATIONSHIP()
);
#3073=(
REPRESENTATION_RELATIONSHIP(' ',' ',#5583,#5632)
REPRESENTATION_RELATIONSHIP_WITH_TRANSFORMATION(#4167)
SHAPE_REPRESENTATION_RELATIONSHIP()
);
#3074=(
REPRESENTATION_RELATIONSHIP(' ',' ',#5583,#5632)
REPRESENTATION_RELATIONSHIP_WITH_TRANSFORMATION(#4168)
SHAPE_REPRESENTATION_RELATIONSHIP()
);
#3075=(
REPRESENTATION_RELATIONSHIP(' ',' ',#5583,#5632)
REPRESENTATION_RELATIONSHIP_WITH_TRANSFORMATION(#4169)
SHAPE_REPRESENTATION_RELATIONSHIP()
);
#3076=(
REPRESENTATION_RELATIONSHIP(' ',' ',#5583,#5632)
REPRESENTATION_RELATIONSHIP_WITH_TRANSFORMATION(#4170)
SHAPE_REPRESENTATION_RELATIONSHIP()
);
#3077=(
REPRESENTATION_RELATIONSHIP(' ',' ',#5583,#5632)
REPRESENTATION_RELATIONSHIP_WITH_TRANSFORMATION(#4171)
SHAPE_REPRESENTATION_RELATIONSHIP()
);
#3078=(
REPRESENTATION_RELATIONSHIP(' ',' ',#5583,#5632)
REPRESENTATION_RELATIONSHIP_WITH_TRANSFORMATION(#4172)
SHAPE_REPRESENTATION_RELATIONSHIP()
);
#3079=(
REPRESENTATION_RELATIONSHIP(' ',' ',#5583,#5632)
REPRESENTATION_RELATIONSHIP_WITH_TRANSFORMATION(#4173)
SHAPE_REPRESENTATION_RELATIONSHIP()
);
#3080=(
REPRESENTATION_RELATIONSHIP(' ',' ',#5583,#5632)
REPRESENTATION_RELATIONSHIP_WITH_TRANSFORMATION(#4174)
SHAPE_REPRESENTATION_RELATIONSHIP()
);
#3081=(
REPRESENTATION_RELATIONSHIP(' ',' ',#5583,#5632)
REPRESENTATION_RELATIONSHIP_WITH_TRANSFORMATION(#4175)
SHAPE_REPRESENTATION_RELATIONSHIP()
);
#3082=(
REPRESENTATION_RELATIONSHIP(' ',' ',#5583,#5632)
REPRESENTATION_RELATIONSHIP_WITH_TRANSFORMATION(#4176)
SHAPE_REPRESENTATION_RELATIONSHIP()
);
#3083=(
REPRESENTATION_RELATIONSHIP(' ',' ',#5583,#5632)
REPRESENTATION_RELATIONSHIP_WITH_TRANSFORMATION(#4177)
SHAPE_REPRESENTATION_RELATIONSHIP()
);
#3084=(
REPRESENTATION_RELATIONSHIP(' ',' ',#5583,#5632)
REPRESENTATION_RELATIONSHIP_WITH_TRANSFORMATION(#4178)
SHAPE_REPRESENTATION_RELATIONSHIP()
);
#3085=(
REPRESENTATION_RELATIONSHIP(' ',' ',#5583,#5632)
REPRESENTATION_RELATIONSHIP_WITH_TRANSFORMATION(#4179)
SHAPE_REPRESENTATION_RELATIONSHIP()
);
#3086=(
REPRESENTATION_RELATIONSHIP(' ',' ',#5583,#5632)
REPRESENTATION_RELATIONSHIP_WITH_TRANSFORMATION(#4180)
SHAPE_REPRESENTATION_RELATIONSHIP()
);
#3087=(
REPRESENTATION_RELATIONSHIP(' ',' ',#5583,#5632)
REPRESENTATION_RELATIONSHIP_WITH_TRANSFORMATION(#4181)
SHAPE_REPRESENTATION_RELATIONSHIP()
);
#3088=(
REPRESENTATION_RELATIONSHIP(' ',' ',#5583,#5632)
REPRESENTATION_RELATIONSHIP_WITH_TRANSFORMATION(#4182)
SHAPE_REPRESENTATION_RELATIONSHIP()
);
#3089=(
REPRESENTATION_RELATIONSHIP(' ',' ',#5583,#5632)
REPRESENTATION_RELATIONSHIP_WITH_TRANSFORMATION(#4183)
SHAPE_REPRESENTATION_RELATIONSHIP()
);
#3090=(
REPRESENTATION_RELATIONSHIP(' ',' ',#5585,#5633)
REPRESENTATION_RELATIONSHIP_WITH_TRANSFORMATION(#4184)
SHAPE_REPRESENTATION_RELATIONSHIP()
);
#3091=(
REPRESENTATION_RELATIONSHIP(' ',' ',#5591,#5633)
REPRESENTATION_RELATIONSHIP_WITH_TRANSFORMATION(#4185)
SHAPE_REPRESENTATION_RELATIONSHIP()
);
#3092=(
REPRESENTATION_RELATIONSHIP(' ',' ',#5590,#5633)
REPRESENTATION_RELATIONSHIP_WITH_TRANSFORMATION(#4186)
SHAPE_REPRESENTATION_RELATIONSHIP()
);
#3093=(
REPRESENTATION_RELATIONSHIP(' ',' ',#5589,#5633)
REPRESENTATION_RELATIONSHIP_WITH_TRANSFORMATION(#4187)
SHAPE_REPRESENTATION_RELATIONSHIP()
);
#3094=(
REPRESENTATION_RELATIONSHIP(' ',' ',#5587,#5633)
REPRESENTATION_RELATIONSHIP_WITH_TRANSFORMATION(#4188)
SHAPE_REPRESENTATION_RELATIONSHIP()
);
#3095=(
REPRESENTATION_RELATIONSHIP(' ',' ',#5588,#5633)
REPRESENTATION_RELATIONSHIP_WITH_TRANSFORMATION(#4189)
SHAPE_REPRESENTATION_RELATIONSHIP()
);
#3096=(
REPRESENTATION_RELATIONSHIP(' ',' ',#5586,#5633)
REPRESENTATION_RELATIONSHIP_WITH_TRANSFORMATION(#4190)
SHAPE_REPRESENTATION_RELATIONSHIP()
);
#3097=(
REPRESENTATION_RELATIONSHIP(' ',' ',#5633,#5632)
REPRESENTATION_RELATIONSHIP_WITH_TRANSFORMATION(#4191)
SHAPE_REPRESENTATION_RELATIONSHIP()
);
#3098=(
REPRESENTATION_RELATIONSHIP(' ',' ',#5583,#5632)
REPRESENTATION_RELATIONSHIP_WITH_TRANSFORMATION(#4192)
SHAPE_REPRESENTATION_RELATIONSHIP()
);
#3099=(
REPRESENTATION_RELATIONSHIP(' ',' ',#5583,#5632)
REPRESENTATION_RELATIONSHIP_WITH_TRANSFORMATION(#4193)
SHAPE_REPRESENTATION_RELATIONSHIP()
);
#3100=(
REPRESENTATION_RELATIONSHIP(' ',' ',#5583,#5632)
REPRESENTATION_RELATIONSHIP_WITH_TRANSFORMATION(#4194)
SHAPE_REPRESENTATION_RELATIONSHIP()
);
#3101=(
REPRESENTATION_RELATIONSHIP(' ',' ',#5583,#5632)
REPRESENTATION_RELATIONSHIP_WITH_TRANSFORMATION(#4195)
SHAPE_REPRESENTATION_RELATIONSHIP()
);
#3102=(
REPRESENTATION_RELATIONSHIP(' ',' ',#5583,#5632)
REPRESENTATION_RELATIONSHIP_WITH_TRANSFORMATION(#4196)
SHAPE_REPRESENTATION_RELATIONSHIP()
);
#3103=(
REPRESENTATION_RELATIONSHIP(' ',' ',#5583,#5632)
REPRESENTATION_RELATIONSHIP_WITH_TRANSFORMATION(#4197)
SHAPE_REPRESENTATION_RELATIONSHIP()
);
#3104=(
REPRESENTATION_RELATIONSHIP(' ',' ',#5583,#5632)
REPRESENTATION_RELATIONSHIP_WITH_TRANSFORMATION(#4198)
SHAPE_REPRESENTATION_RELATIONSHIP()
);
#3105=(
REPRESENTATION_RELATIONSHIP(' ',' ',#5583,#5632)
REPRESENTATION_RELATIONSHIP_WITH_TRANSFORMATION(#4199)
SHAPE_REPRESENTATION_RELATIONSHIP()
);
#3106=(
REPRESENTATION_RELATIONSHIP(' ',' ',#5583,#5632)
REPRESENTATION_RELATIONSHIP_WITH_TRANSFORMATION(#4200)
SHAPE_REPRESENTATION_RELATIONSHIP()
);
#3107=(
REPRESENTATION_RELATIONSHIP(' ',' ',#5632,#5625)
REPRESENTATION_RELATIONSHIP_WITH_TRANSFORMATION(#4201)
SHAPE_REPRESENTATION_RELATIONSHIP()
);
#3108=(
REPRESENTATION_RELATIONSHIP(' ',' ',#5625,#5578)
REPRESENTATION_RELATIONSHIP_WITH_TRANSFORMATION(#4202)
SHAPE_REPRESENTATION_RELATIONSHIP()
);
#3109=(
REPRESENTATION_RELATIONSHIP(' ',' ',#5581,#5634)
REPRESENTATION_RELATIONSHIP_WITH_TRANSFORMATION(#4203)
SHAPE_REPRESENTATION_RELATIONSHIP()
);
#3110=(
REPRESENTATION_RELATIONSHIP(' ',' ',#5583,#5635)
REPRESENTATION_RELATIONSHIP_WITH_TRANSFORMATION(#4204)
SHAPE_REPRESENTATION_RELATIONSHIP()
);
#3111=(
REPRESENTATION_RELATIONSHIP(' ',' ',#5583,#5635)
REPRESENTATION_RELATIONSHIP_WITH_TRANSFORMATION(#4205)
SHAPE_REPRESENTATION_RELATIONSHIP()
);
#3112=(
REPRESENTATION_RELATIONSHIP(' ',' ',#5583,#5635)
REPRESENTATION_RELATIONSHIP_WITH_TRANSFORMATION(#4206)
SHAPE_REPRESENTATION_RELATIONSHIP()
);
#3113=(
REPRESENTATION_RELATIONSHIP(' ',' ',#5583,#5635)
REPRESENTATION_RELATIONSHIP_WITH_TRANSFORMATION(#4207)
SHAPE_REPRESENTATION_RELATIONSHIP()
);
#3114=(
REPRESENTATION_RELATIONSHIP(' ',' ',#5583,#5635)
REPRESENTATION_RELATIONSHIP_WITH_TRANSFORMATION(#4208)
SHAPE_REPRESENTATION_RELATIONSHIP()
);
#3115=(
REPRESENTATION_RELATIONSHIP(' ',' ',#5583,#5635)
REPRESENTATION_RELATIONSHIP_WITH_TRANSFORMATION(#4209)
SHAPE_REPRESENTATION_RELATIONSHIP()
);
#3116=(
REPRESENTATION_RELATIONSHIP(' ',' ',#5583,#5635)
REPRESENTATION_RELATIONSHIP_WITH_TRANSFORMATION(#4210)
SHAPE_REPRESENTATION_RELATIONSHIP()
);
#3117=(
REPRESENTATION_RELATIONSHIP(' ',' ',#5583,#5635)
REPRESENTATION_RELATIONSHIP_WITH_TRANSFORMATION(#4211)
SHAPE_REPRESENTATION_RELATIONSHIP()
);
#3118=(
REPRESENTATION_RELATIONSHIP(' ',' ',#5583,#5635)
REPRESENTATION_RELATIONSHIP_WITH_TRANSFORMATION(#4212)
SHAPE_REPRESENTATION_RELATIONSHIP()
);
#3119=(
REPRESENTATION_RELATIONSHIP(' ',' ',#5583,#5635)
REPRESENTATION_RELATIONSHIP_WITH_TRANSFORMATION(#4213)
SHAPE_REPRESENTATION_RELATIONSHIP()
);
#3120=(
REPRESENTATION_RELATIONSHIP(' ',' ',#5583,#5635)
REPRESENTATION_RELATIONSHIP_WITH_TRANSFORMATION(#4214)
SHAPE_REPRESENTATION_RELATIONSHIP()
);
#3121=(
REPRESENTATION_RELATIONSHIP(' ',' ',#5583,#5635)
REPRESENTATION_RELATIONSHIP_WITH_TRANSFORMATION(#4215)
SHAPE_REPRESENTATION_RELATIONSHIP()
);
#3122=(
REPRESENTATION_RELATIONSHIP(' ',' ',#5583,#5635)
REPRESENTATION_RELATIONSHIP_WITH_TRANSFORMATION(#4216)
SHAPE_REPRESENTATION_RELATIONSHIP()
);
#3123=(
REPRESENTATION_RELATIONSHIP(' ',' ',#5583,#5635)
REPRESENTATION_RELATIONSHIP_WITH_TRANSFORMATION(#4217)
SHAPE_REPRESENTATION_RELATIONSHIP()
);
#3124=(
REPRESENTATION_RELATIONSHIP(' ',' ',#5583,#5635)
REPRESENTATION_RELATIONSHIP_WITH_TRANSFORMATION(#4218)
SHAPE_REPRESENTATION_RELATIONSHIP()
);
#3125=(
REPRESENTATION_RELATIONSHIP(' ',' ',#5583,#5635)
REPRESENTATION_RELATIONSHIP_WITH_TRANSFORMATION(#4219)
SHAPE_REPRESENTATION_RELATIONSHIP()
);
#3126=(
REPRESENTATION_RELATIONSHIP(' ',' ',#5583,#5635)
REPRESENTATION_RELATIONSHIP_WITH_TRANSFORMATION(#4220)
SHAPE_REPRESENTATION_RELATIONSHIP()
);
#3127=(
REPRESENTATION_RELATIONSHIP(' ',' ',#5583,#5635)
REPRESENTATION_RELATIONSHIP_WITH_TRANSFORMATION(#4221)
SHAPE_REPRESENTATION_RELATIONSHIP()
);
#3128=(
REPRESENTATION_RELATIONSHIP(' ',' ',#5583,#5635)
REPRESENTATION_RELATIONSHIP_WITH_TRANSFORMATION(#4222)
SHAPE_REPRESENTATION_RELATIONSHIP()
);
#3129=(
REPRESENTATION_RELATIONSHIP(' ',' ',#5583,#5635)
REPRESENTATION_RELATIONSHIP_WITH_TRANSFORMATION(#4223)
SHAPE_REPRESENTATION_RELATIONSHIP()
);
#3130=(
REPRESENTATION_RELATIONSHIP(' ',' ',#5583,#5635)
REPRESENTATION_RELATIONSHIP_WITH_TRANSFORMATION(#4224)
SHAPE_REPRESENTATION_RELATIONSHIP()
);
#3131=(
REPRESENTATION_RELATIONSHIP(' ',' ',#5583,#5635)
REPRESENTATION_RELATIONSHIP_WITH_TRANSFORMATION(#4225)
SHAPE_REPRESENTATION_RELATIONSHIP()
);
#3132=(
REPRESENTATION_RELATIONSHIP(' ',' ',#5583,#5635)
REPRESENTATION_RELATIONSHIP_WITH_TRANSFORMATION(#4226)
SHAPE_REPRESENTATION_RELATIONSHIP()
);
#3133=(
REPRESENTATION_RELATIONSHIP(' ',' ',#5583,#5635)
REPRESENTATION_RELATIONSHIP_WITH_TRANSFORMATION(#4227)
SHAPE_REPRESENTATION_RELATIONSHIP()
);
#3134=(
REPRESENTATION_RELATIONSHIP(' ',' ',#5583,#5635)
REPRESENTATION_RELATIONSHIP_WITH_TRANSFORMATION(#4228)
SHAPE_REPRESENTATION_RELATIONSHIP()
);
#3135=(
REPRESENTATION_RELATIONSHIP(' ',' ',#5583,#5635)
REPRESENTATION_RELATIONSHIP_WITH_TRANSFORMATION(#4229)
SHAPE_REPRESENTATION_RELATIONSHIP()
);
#3136=(
REPRESENTATION_RELATIONSHIP(' ',' ',#5583,#5635)
REPRESENTATION_RELATIONSHIP_WITH_TRANSFORMATION(#4230)
SHAPE_REPRESENTATION_RELATIONSHIP()
);
#3137=(
REPRESENTATION_RELATIONSHIP(' ',' ',#5583,#5635)
REPRESENTATION_RELATIONSHIP_WITH_TRANSFORMATION(#4231)
SHAPE_REPRESENTATION_RELATIONSHIP()
);
#3138=(
REPRESENTATION_RELATIONSHIP(' ',' ',#5583,#5635)
REPRESENTATION_RELATIONSHIP_WITH_TRANSFORMATION(#4232)
SHAPE_REPRESENTATION_RELATIONSHIP()
);
#3139=(
REPRESENTATION_RELATIONSHIP(' ',' ',#5583,#5635)
REPRESENTATION_RELATIONSHIP_WITH_TRANSFORMATION(#4233)
SHAPE_REPRESENTATION_RELATIONSHIP()
);
#3140=(
REPRESENTATION_RELATIONSHIP(' ',' ',#5583,#5635)
REPRESENTATION_RELATIONSHIP_WITH_TRANSFORMATION(#4234)
SHAPE_REPRESENTATION_RELATIONSHIP()
);
#3141=(
REPRESENTATION_RELATIONSHIP(' ',' ',#5583,#5635)
REPRESENTATION_RELATIONSHIP_WITH_TRANSFORMATION(#4235)
SHAPE_REPRESENTATION_RELATIONSHIP()
);
#3142=(
REPRESENTATION_RELATIONSHIP(' ',' ',#5583,#5635)
REPRESENTATION_RELATIONSHIP_WITH_TRANSFORMATION(#4236)
SHAPE_REPRESENTATION_RELATIONSHIP()
);
#3143=(
REPRESENTATION_RELATIONSHIP(' ',' ',#5583,#5635)
REPRESENTATION_RELATIONSHIP_WITH_TRANSFORMATION(#4237)
SHAPE_REPRESENTATION_RELATIONSHIP()
);
#3144=(
REPRESENTATION_RELATIONSHIP(' ',' ',#5583,#5635)
REPRESENTATION_RELATIONSHIP_WITH_TRANSFORMATION(#4238)
SHAPE_REPRESENTATION_RELATIONSHIP()
);
#3145=(
REPRESENTATION_RELATIONSHIP(' ',' ',#5583,#5635)
REPRESENTATION_RELATIONSHIP_WITH_TRANSFORMATION(#4239)
SHAPE_REPRESENTATION_RELATIONSHIP()
);
#3146=(
REPRESENTATION_RELATIONSHIP(' ',' ',#5586,#5636)
REPRESENTATION_RELATIONSHIP_WITH_TRANSFORMATION(#4240)
SHAPE_REPRESENTATION_RELATIONSHIP()
);
#3147=(
REPRESENTATION_RELATIONSHIP(' ',' ',#5587,#5636)
REPRESENTATION_RELATIONSHIP_WITH_TRANSFORMATION(#4241)
SHAPE_REPRESENTATION_RELATIONSHIP()
);
#3148=(
REPRESENTATION_RELATIONSHIP(' ',' ',#5588,#5636)
REPRESENTATION_RELATIONSHIP_WITH_TRANSFORMATION(#4242)
SHAPE_REPRESENTATION_RELATIONSHIP()
);
#3149=(
REPRESENTATION_RELATIONSHIP(' ',' ',#5591,#5636)
REPRESENTATION_RELATIONSHIP_WITH_TRANSFORMATION(#4243)
SHAPE_REPRESENTATION_RELATIONSHIP()
);
#3150=(
REPRESENTATION_RELATIONSHIP(' ',' ',#5585,#5636)
REPRESENTATION_RELATIONSHIP_WITH_TRANSFORMATION(#4244)
SHAPE_REPRESENTATION_RELATIONSHIP()
);
#3151=(
REPRESENTATION_RELATIONSHIP(' ',' ',#5590,#5636)
REPRESENTATION_RELATIONSHIP_WITH_TRANSFORMATION(#4245)
SHAPE_REPRESENTATION_RELATIONSHIP()
);
#3152=(
REPRESENTATION_RELATIONSHIP(' ',' ',#5589,#5636)
REPRESENTATION_RELATIONSHIP_WITH_TRANSFORMATION(#4246)
SHAPE_REPRESENTATION_RELATIONSHIP()
);
#3153=(
REPRESENTATION_RELATIONSHIP(' ',' ',#5636,#5635)
REPRESENTATION_RELATIONSHIP_WITH_TRANSFORMATION(#4247)
SHAPE_REPRESENTATION_RELATIONSHIP()
);
#3154=(
REPRESENTATION_RELATIONSHIP(' ',' ',#5635,#5634)
REPRESENTATION_RELATIONSHIP_WITH_TRANSFORMATION(#4248)
SHAPE_REPRESENTATION_RELATIONSHIP()
);
#3155=(
REPRESENTATION_RELATIONSHIP(' ',' ',#5583,#5637)
REPRESENTATION_RELATIONSHIP_WITH_TRANSFORMATION(#4249)
SHAPE_REPRESENTATION_RELATIONSHIP()
);
#3156=(
REPRESENTATION_RELATIONSHIP(' ',' ',#5583,#5637)
REPRESENTATION_RELATIONSHIP_WITH_TRANSFORMATION(#4250)
SHAPE_REPRESENTATION_RELATIONSHIP()
);
#3157=(
REPRESENTATION_RELATIONSHIP(' ',' ',#5583,#5637)
REPRESENTATION_RELATIONSHIP_WITH_TRANSFORMATION(#4251)
SHAPE_REPRESENTATION_RELATIONSHIP()
);
#3158=(
REPRESENTATION_RELATIONSHIP(' ',' ',#5583,#5637)
REPRESENTATION_RELATIONSHIP_WITH_TRANSFORMATION(#4252)
SHAPE_REPRESENTATION_RELATIONSHIP()
);
#3159=(
REPRESENTATION_RELATIONSHIP(' ',' ',#5583,#5637)
REPRESENTATION_RELATIONSHIP_WITH_TRANSFORMATION(#4253)
SHAPE_REPRESENTATION_RELATIONSHIP()
);
#3160=(
REPRESENTATION_RELATIONSHIP(' ',' ',#5583,#5637)
REPRESENTATION_RELATIONSHIP_WITH_TRANSFORMATION(#4254)
SHAPE_REPRESENTATION_RELATIONSHIP()
);
#3161=(
REPRESENTATION_RELATIONSHIP(' ',' ',#5583,#5637)
REPRESENTATION_RELATIONSHIP_WITH_TRANSFORMATION(#4255)
SHAPE_REPRESENTATION_RELATIONSHIP()
);
#3162=(
REPRESENTATION_RELATIONSHIP(' ',' ',#5583,#5637)
REPRESENTATION_RELATIONSHIP_WITH_TRANSFORMATION(#4256)
SHAPE_REPRESENTATION_RELATIONSHIP()
);
#3163=(
REPRESENTATION_RELATIONSHIP(' ',' ',#5583,#5637)
REPRESENTATION_RELATIONSHIP_WITH_TRANSFORMATION(#4257)
SHAPE_REPRESENTATION_RELATIONSHIP()
);
#3164=(
REPRESENTATION_RELATIONSHIP(' ',' ',#5583,#5637)
REPRESENTATION_RELATIONSHIP_WITH_TRANSFORMATION(#4258)
SHAPE_REPRESENTATION_RELATIONSHIP()
);
#3165=(
REPRESENTATION_RELATIONSHIP(' ',' ',#5583,#5637)
REPRESENTATION_RELATIONSHIP_WITH_TRANSFORMATION(#4259)
SHAPE_REPRESENTATION_RELATIONSHIP()
);
#3166=(
REPRESENTATION_RELATIONSHIP(' ',' ',#5583,#5637)
REPRESENTATION_RELATIONSHIP_WITH_TRANSFORMATION(#4260)
SHAPE_REPRESENTATION_RELATIONSHIP()
);
#3167=(
REPRESENTATION_RELATIONSHIP(' ',' ',#5583,#5637)
REPRESENTATION_RELATIONSHIP_WITH_TRANSFORMATION(#4261)
SHAPE_REPRESENTATION_RELATIONSHIP()
);
#3168=(
REPRESENTATION_RELATIONSHIP(' ',' ',#5583,#5637)
REPRESENTATION_RELATIONSHIP_WITH_TRANSFORMATION(#4262)
SHAPE_REPRESENTATION_RELATIONSHIP()
);
#3169=(
REPRESENTATION_RELATIONSHIP(' ',' ',#5583,#5637)
REPRESENTATION_RELATIONSHIP_WITH_TRANSFORMATION(#4263)
SHAPE_REPRESENTATION_RELATIONSHIP()
);
#3170=(
REPRESENTATION_RELATIONSHIP(' ',' ',#5583,#5637)
REPRESENTATION_RELATIONSHIP_WITH_TRANSFORMATION(#4264)
SHAPE_REPRESENTATION_RELATIONSHIP()
);
#3171=(
REPRESENTATION_RELATIONSHIP(' ',' ',#5583,#5637)
REPRESENTATION_RELATIONSHIP_WITH_TRANSFORMATION(#4265)
SHAPE_REPRESENTATION_RELATIONSHIP()
);
#3172=(
REPRESENTATION_RELATIONSHIP(' ',' ',#5583,#5637)
REPRESENTATION_RELATIONSHIP_WITH_TRANSFORMATION(#4266)
SHAPE_REPRESENTATION_RELATIONSHIP()
);
#3173=(
REPRESENTATION_RELATIONSHIP(' ',' ',#5583,#5637)
REPRESENTATION_RELATIONSHIP_WITH_TRANSFORMATION(#4267)
SHAPE_REPRESENTATION_RELATIONSHIP()
);
#3174=(
REPRESENTATION_RELATIONSHIP(' ',' ',#5583,#5637)
REPRESENTATION_RELATIONSHIP_WITH_TRANSFORMATION(#4268)
SHAPE_REPRESENTATION_RELATIONSHIP()
);
#3175=(
REPRESENTATION_RELATIONSHIP(' ',' ',#5583,#5637)
REPRESENTATION_RELATIONSHIP_WITH_TRANSFORMATION(#4269)
SHAPE_REPRESENTATION_RELATIONSHIP()
);
#3176=(
REPRESENTATION_RELATIONSHIP(' ',' ',#5583,#5637)
REPRESENTATION_RELATIONSHIP_WITH_TRANSFORMATION(#4270)
SHAPE_REPRESENTATION_RELATIONSHIP()
);
#3177=(
REPRESENTATION_RELATIONSHIP(' ',' ',#5583,#5637)
REPRESENTATION_RELATIONSHIP_WITH_TRANSFORMATION(#4271)
SHAPE_REPRESENTATION_RELATIONSHIP()
);
#3178=(
REPRESENTATION_RELATIONSHIP(' ',' ',#5583,#5637)
REPRESENTATION_RELATIONSHIP_WITH_TRANSFORMATION(#4272)
SHAPE_REPRESENTATION_RELATIONSHIP()
);
#3179=(
REPRESENTATION_RELATIONSHIP(' ',' ',#5583,#5637)
REPRESENTATION_RELATIONSHIP_WITH_TRANSFORMATION(#4273)
SHAPE_REPRESENTATION_RELATIONSHIP()
);
#3180=(
REPRESENTATION_RELATIONSHIP(' ',' ',#5583,#5637)
REPRESENTATION_RELATIONSHIP_WITH_TRANSFORMATION(#4274)
SHAPE_REPRESENTATION_RELATIONSHIP()
);
#3181=(
REPRESENTATION_RELATIONSHIP(' ',' ',#5583,#5637)
REPRESENTATION_RELATIONSHIP_WITH_TRANSFORMATION(#4275)
SHAPE_REPRESENTATION_RELATIONSHIP()
);
#3182=(
REPRESENTATION_RELATIONSHIP(' ',' ',#5583,#5637)
REPRESENTATION_RELATIONSHIP_WITH_TRANSFORMATION(#4276)
SHAPE_REPRESENTATION_RELATIONSHIP()
);
#3183=(
REPRESENTATION_RELATIONSHIP(' ',' ',#5591,#5638)
REPRESENTATION_RELATIONSHIP_WITH_TRANSFORMATION(#4277)
SHAPE_REPRESENTATION_RELATIONSHIP()
);
#3184=(
REPRESENTATION_RELATIONSHIP(' ',' ',#5585,#5638)
REPRESENTATION_RELATIONSHIP_WITH_TRANSFORMATION(#4278)
SHAPE_REPRESENTATION_RELATIONSHIP()
);
#3185=(
REPRESENTATION_RELATIONSHIP(' ',' ',#5586,#5638)
REPRESENTATION_RELATIONSHIP_WITH_TRANSFORMATION(#4279)
SHAPE_REPRESENTATION_RELATIONSHIP()
);
#3186=(
REPRESENTATION_RELATIONSHIP(' ',' ',#5588,#5638)
REPRESENTATION_RELATIONSHIP_WITH_TRANSFORMATION(#4280)
SHAPE_REPRESENTATION_RELATIONSHIP()
);
#3187=(
REPRESENTATION_RELATIONSHIP(' ',' ',#5589,#5638)
REPRESENTATION_RELATIONSHIP_WITH_TRANSFORMATION(#4281)
SHAPE_REPRESENTATION_RELATIONSHIP()
);
#3188=(
REPRESENTATION_RELATIONSHIP(' ',' ',#5590,#5638)
REPRESENTATION_RELATIONSHIP_WITH_TRANSFORMATION(#4282)
SHAPE_REPRESENTATION_RELATIONSHIP()
);
#3189=(
REPRESENTATION_RELATIONSHIP(' ',' ',#5587,#5638)
REPRESENTATION_RELATIONSHIP_WITH_TRANSFORMATION(#4283)
SHAPE_REPRESENTATION_RELATIONSHIP()
);
#3190=(
REPRESENTATION_RELATIONSHIP(' ',' ',#5638,#5637)
REPRESENTATION_RELATIONSHIP_WITH_TRANSFORMATION(#4284)
SHAPE_REPRESENTATION_RELATIONSHIP()
);
#3191=(
REPRESENTATION_RELATIONSHIP(' ',' ',#5583,#5637)
REPRESENTATION_RELATIONSHIP_WITH_TRANSFORMATION(#4285)
SHAPE_REPRESENTATION_RELATIONSHIP()
);
#3192=(
REPRESENTATION_RELATIONSHIP(' ',' ',#5583,#5637)
REPRESENTATION_RELATIONSHIP_WITH_TRANSFORMATION(#4286)
SHAPE_REPRESENTATION_RELATIONSHIP()
);
#3193=(
REPRESENTATION_RELATIONSHIP(' ',' ',#5583,#5637)
REPRESENTATION_RELATIONSHIP_WITH_TRANSFORMATION(#4287)
SHAPE_REPRESENTATION_RELATIONSHIP()
);
#3194=(
REPRESENTATION_RELATIONSHIP(' ',' ',#5583,#5637)
REPRESENTATION_RELATIONSHIP_WITH_TRANSFORMATION(#4288)
SHAPE_REPRESENTATION_RELATIONSHIP()
);
#3195=(
REPRESENTATION_RELATIONSHIP(' ',' ',#5583,#5637)
REPRESENTATION_RELATIONSHIP_WITH_TRANSFORMATION(#4289)
SHAPE_REPRESENTATION_RELATIONSHIP()
);
#3196=(
REPRESENTATION_RELATIONSHIP(' ',' ',#5583,#5637)
REPRESENTATION_RELATIONSHIP_WITH_TRANSFORMATION(#4290)
SHAPE_REPRESENTATION_RELATIONSHIP()
);
#3197=(
REPRESENTATION_RELATIONSHIP(' ',' ',#5583,#5637)
REPRESENTATION_RELATIONSHIP_WITH_TRANSFORMATION(#4291)
SHAPE_REPRESENTATION_RELATIONSHIP()
);
#3198=(
REPRESENTATION_RELATIONSHIP(' ',' ',#5583,#5637)
REPRESENTATION_RELATIONSHIP_WITH_TRANSFORMATION(#4292)
SHAPE_REPRESENTATION_RELATIONSHIP()
);
#3199=(
REPRESENTATION_RELATIONSHIP(' ',' ',#5637,#5634)
REPRESENTATION_RELATIONSHIP_WITH_TRANSFORMATION(#4293)
SHAPE_REPRESENTATION_RELATIONSHIP()
);
#3200=(
REPRESENTATION_RELATIONSHIP(' ',' ',#5583,#5639)
REPRESENTATION_RELATIONSHIP_WITH_TRANSFORMATION(#4294)
SHAPE_REPRESENTATION_RELATIONSHIP()
);
#3201=(
REPRESENTATION_RELATIONSHIP(' ',' ',#5583,#5639)
REPRESENTATION_RELATIONSHIP_WITH_TRANSFORMATION(#4295)
SHAPE_REPRESENTATION_RELATIONSHIP()
);
#3202=(
REPRESENTATION_RELATIONSHIP(' ',' ',#5583,#5639)
REPRESENTATION_RELATIONSHIP_WITH_TRANSFORMATION(#4296)
SHAPE_REPRESENTATION_RELATIONSHIP()
);
#3203=(
REPRESENTATION_RELATIONSHIP(' ',' ',#5583,#5639)
REPRESENTATION_RELATIONSHIP_WITH_TRANSFORMATION(#4297)
SHAPE_REPRESENTATION_RELATIONSHIP()
);
#3204=(
REPRESENTATION_RELATIONSHIP(' ',' ',#5583,#5639)
REPRESENTATION_RELATIONSHIP_WITH_TRANSFORMATION(#4298)
SHAPE_REPRESENTATION_RELATIONSHIP()
);
#3205=(
REPRESENTATION_RELATIONSHIP(' ',' ',#5583,#5639)
REPRESENTATION_RELATIONSHIP_WITH_TRANSFORMATION(#4299)
SHAPE_REPRESENTATION_RELATIONSHIP()
);
#3206=(
REPRESENTATION_RELATIONSHIP(' ',' ',#5583,#5639)
REPRESENTATION_RELATIONSHIP_WITH_TRANSFORMATION(#4300)
SHAPE_REPRESENTATION_RELATIONSHIP()
);
#3207=(
REPRESENTATION_RELATIONSHIP(' ',' ',#5583,#5639)
REPRESENTATION_RELATIONSHIP_WITH_TRANSFORMATION(#4301)
SHAPE_REPRESENTATION_RELATIONSHIP()
);
#3208=(
REPRESENTATION_RELATIONSHIP(' ',' ',#5583,#5639)
REPRESENTATION_RELATIONSHIP_WITH_TRANSFORMATION(#4302)
SHAPE_REPRESENTATION_RELATIONSHIP()
);
#3209=(
REPRESENTATION_RELATIONSHIP(' ',' ',#5583,#5639)
REPRESENTATION_RELATIONSHIP_WITH_TRANSFORMATION(#4303)
SHAPE_REPRESENTATION_RELATIONSHIP()
);
#3210=(
REPRESENTATION_RELATIONSHIP(' ',' ',#5583,#5639)
REPRESENTATION_RELATIONSHIP_WITH_TRANSFORMATION(#4304)
SHAPE_REPRESENTATION_RELATIONSHIP()
);
#3211=(
REPRESENTATION_RELATIONSHIP(' ',' ',#5583,#5639)
REPRESENTATION_RELATIONSHIP_WITH_TRANSFORMATION(#4305)
SHAPE_REPRESENTATION_RELATIONSHIP()
);
#3212=(
REPRESENTATION_RELATIONSHIP(' ',' ',#5583,#5639)
REPRESENTATION_RELATIONSHIP_WITH_TRANSFORMATION(#4306)
SHAPE_REPRESENTATION_RELATIONSHIP()
);
#3213=(
REPRESENTATION_RELATIONSHIP(' ',' ',#5583,#5639)
REPRESENTATION_RELATIONSHIP_WITH_TRANSFORMATION(#4307)
SHAPE_REPRESENTATION_RELATIONSHIP()
);
#3214=(
REPRESENTATION_RELATIONSHIP(' ',' ',#5583,#5639)
REPRESENTATION_RELATIONSHIP_WITH_TRANSFORMATION(#4308)
SHAPE_REPRESENTATION_RELATIONSHIP()
);
#3215=(
REPRESENTATION_RELATIONSHIP(' ',' ',#5583,#5639)
REPRESENTATION_RELATIONSHIP_WITH_TRANSFORMATION(#4309)
SHAPE_REPRESENTATION_RELATIONSHIP()
);
#3216=(
REPRESENTATION_RELATIONSHIP(' ',' ',#5583,#5639)
REPRESENTATION_RELATIONSHIP_WITH_TRANSFORMATION(#4310)
SHAPE_REPRESENTATION_RELATIONSHIP()
);
#3217=(
REPRESENTATION_RELATIONSHIP(' ',' ',#5583,#5639)
REPRESENTATION_RELATIONSHIP_WITH_TRANSFORMATION(#4311)
SHAPE_REPRESENTATION_RELATIONSHIP()
);
#3218=(
REPRESENTATION_RELATIONSHIP(' ',' ',#5583,#5639)
REPRESENTATION_RELATIONSHIP_WITH_TRANSFORMATION(#4312)
SHAPE_REPRESENTATION_RELATIONSHIP()
);
#3219=(
REPRESENTATION_RELATIONSHIP(' ',' ',#5583,#5639)
REPRESENTATION_RELATIONSHIP_WITH_TRANSFORMATION(#4313)
SHAPE_REPRESENTATION_RELATIONSHIP()
);
#3220=(
REPRESENTATION_RELATIONSHIP(' ',' ',#5583,#5639)
REPRESENTATION_RELATIONSHIP_WITH_TRANSFORMATION(#4314)
SHAPE_REPRESENTATION_RELATIONSHIP()
);
#3221=(
REPRESENTATION_RELATIONSHIP(' ',' ',#5583,#5639)
REPRESENTATION_RELATIONSHIP_WITH_TRANSFORMATION(#4315)
SHAPE_REPRESENTATION_RELATIONSHIP()
);
#3222=(
REPRESENTATION_RELATIONSHIP(' ',' ',#5583,#5639)
REPRESENTATION_RELATIONSHIP_WITH_TRANSFORMATION(#4316)
SHAPE_REPRESENTATION_RELATIONSHIP()
);
#3223=(
REPRESENTATION_RELATIONSHIP(' ',' ',#5583,#5639)
REPRESENTATION_RELATIONSHIP_WITH_TRANSFORMATION(#4317)
SHAPE_REPRESENTATION_RELATIONSHIP()
);
#3224=(
REPRESENTATION_RELATIONSHIP(' ',' ',#5583,#5639)
REPRESENTATION_RELATIONSHIP_WITH_TRANSFORMATION(#4318)
SHAPE_REPRESENTATION_RELATIONSHIP()
);
#3225=(
REPRESENTATION_RELATIONSHIP(' ',' ',#5583,#5639)
REPRESENTATION_RELATIONSHIP_WITH_TRANSFORMATION(#4319)
SHAPE_REPRESENTATION_RELATIONSHIP()
);
#3226=(
REPRESENTATION_RELATIONSHIP(' ',' ',#5583,#5639)
REPRESENTATION_RELATIONSHIP_WITH_TRANSFORMATION(#4320)
SHAPE_REPRESENTATION_RELATIONSHIP()
);
#3227=(
REPRESENTATION_RELATIONSHIP(' ',' ',#5583,#5639)
REPRESENTATION_RELATIONSHIP_WITH_TRANSFORMATION(#4321)
SHAPE_REPRESENTATION_RELATIONSHIP()
);
#3228=(
REPRESENTATION_RELATIONSHIP(' ',' ',#5583,#5639)
REPRESENTATION_RELATIONSHIP_WITH_TRANSFORMATION(#4322)
SHAPE_REPRESENTATION_RELATIONSHIP()
);
#3229=(
REPRESENTATION_RELATIONSHIP(' ',' ',#5583,#5639)
REPRESENTATION_RELATIONSHIP_WITH_TRANSFORMATION(#4323)
SHAPE_REPRESENTATION_RELATIONSHIP()
);
#3230=(
REPRESENTATION_RELATIONSHIP(' ',' ',#5583,#5639)
REPRESENTATION_RELATIONSHIP_WITH_TRANSFORMATION(#4324)
SHAPE_REPRESENTATION_RELATIONSHIP()
);
#3231=(
REPRESENTATION_RELATIONSHIP(' ',' ',#5583,#5639)
REPRESENTATION_RELATIONSHIP_WITH_TRANSFORMATION(#4325)
SHAPE_REPRESENTATION_RELATIONSHIP()
);
#3232=(
REPRESENTATION_RELATIONSHIP(' ',' ',#5583,#5639)
REPRESENTATION_RELATIONSHIP_WITH_TRANSFORMATION(#4326)
SHAPE_REPRESENTATION_RELATIONSHIP()
);
#3233=(
REPRESENTATION_RELATIONSHIP(' ',' ',#5585,#5640)
REPRESENTATION_RELATIONSHIP_WITH_TRANSFORMATION(#4327)
SHAPE_REPRESENTATION_RELATIONSHIP()
);
#3234=(
REPRESENTATION_RELATIONSHIP(' ',' ',#5586,#5640)
REPRESENTATION_RELATIONSHIP_WITH_TRANSFORMATION(#4328)
SHAPE_REPRESENTATION_RELATIONSHIP()
);
#3235=(
REPRESENTATION_RELATIONSHIP(' ',' ',#5591,#5640)
REPRESENTATION_RELATIONSHIP_WITH_TRANSFORMATION(#4329)
SHAPE_REPRESENTATION_RELATIONSHIP()
);
#3236=(
REPRESENTATION_RELATIONSHIP(' ',' ',#5589,#5640)
REPRESENTATION_RELATIONSHIP_WITH_TRANSFORMATION(#4330)
SHAPE_REPRESENTATION_RELATIONSHIP()
);
#3237=(
REPRESENTATION_RELATIONSHIP(' ',' ',#5590,#5640)
REPRESENTATION_RELATIONSHIP_WITH_TRANSFORMATION(#4331)
SHAPE_REPRESENTATION_RELATIONSHIP()
);
#3238=(
REPRESENTATION_RELATIONSHIP(' ',' ',#5587,#5640)
REPRESENTATION_RELATIONSHIP_WITH_TRANSFORMATION(#4332)
SHAPE_REPRESENTATION_RELATIONSHIP()
);
#3239=(
REPRESENTATION_RELATIONSHIP(' ',' ',#5588,#5640)
REPRESENTATION_RELATIONSHIP_WITH_TRANSFORMATION(#4333)
SHAPE_REPRESENTATION_RELATIONSHIP()
);
#3240=(
REPRESENTATION_RELATIONSHIP(' ',' ',#5640,#5639)
REPRESENTATION_RELATIONSHIP_WITH_TRANSFORMATION(#4334)
SHAPE_REPRESENTATION_RELATIONSHIP()
);
#3241=(
REPRESENTATION_RELATIONSHIP(' ',' ',#5583,#5639)
REPRESENTATION_RELATIONSHIP_WITH_TRANSFORMATION(#4335)
SHAPE_REPRESENTATION_RELATIONSHIP()
);
#3242=(
REPRESENTATION_RELATIONSHIP(' ',' ',#5583,#5639)
REPRESENTATION_RELATIONSHIP_WITH_TRANSFORMATION(#4336)
SHAPE_REPRESENTATION_RELATIONSHIP()
);
#3243=(
REPRESENTATION_RELATIONSHIP(' ',' ',#5583,#5639)
REPRESENTATION_RELATIONSHIP_WITH_TRANSFORMATION(#4337)
SHAPE_REPRESENTATION_RELATIONSHIP()
);
#3244=(
REPRESENTATION_RELATIONSHIP(' ',' ',#5639,#5634)
REPRESENTATION_RELATIONSHIP_WITH_TRANSFORMATION(#4338)
SHAPE_REPRESENTATION_RELATIONSHIP()
);
#3245=(
REPRESENTATION_RELATIONSHIP(' ',' ',#5583,#5641)
REPRESENTATION_RELATIONSHIP_WITH_TRANSFORMATION(#4339)
SHAPE_REPRESENTATION_RELATIONSHIP()
);
#3246=(
REPRESENTATION_RELATIONSHIP(' ',' ',#5583,#5641)
REPRESENTATION_RELATIONSHIP_WITH_TRANSFORMATION(#4340)
SHAPE_REPRESENTATION_RELATIONSHIP()
);
#3247=(
REPRESENTATION_RELATIONSHIP(' ',' ',#5583,#5641)
REPRESENTATION_RELATIONSHIP_WITH_TRANSFORMATION(#4341)
SHAPE_REPRESENTATION_RELATIONSHIP()
);
#3248=(
REPRESENTATION_RELATIONSHIP(' ',' ',#5583,#5641)
REPRESENTATION_RELATIONSHIP_WITH_TRANSFORMATION(#4342)
SHAPE_REPRESENTATION_RELATIONSHIP()
);
#3249=(
REPRESENTATION_RELATIONSHIP(' ',' ',#5583,#5641)
REPRESENTATION_RELATIONSHIP_WITH_TRANSFORMATION(#4343)
SHAPE_REPRESENTATION_RELATIONSHIP()
);
#3250=(
REPRESENTATION_RELATIONSHIP(' ',' ',#5583,#5641)
REPRESENTATION_RELATIONSHIP_WITH_TRANSFORMATION(#4344)
SHAPE_REPRESENTATION_RELATIONSHIP()
);
#3251=(
REPRESENTATION_RELATIONSHIP(' ',' ',#5583,#5641)
REPRESENTATION_RELATIONSHIP_WITH_TRANSFORMATION(#4345)
SHAPE_REPRESENTATION_RELATIONSHIP()
);
#3252=(
REPRESENTATION_RELATIONSHIP(' ',' ',#5583,#5641)
REPRESENTATION_RELATIONSHIP_WITH_TRANSFORMATION(#4346)
SHAPE_REPRESENTATION_RELATIONSHIP()
);
#3253=(
REPRESENTATION_RELATIONSHIP(' ',' ',#5583,#5641)
REPRESENTATION_RELATIONSHIP_WITH_TRANSFORMATION(#4347)
SHAPE_REPRESENTATION_RELATIONSHIP()
);
#3254=(
REPRESENTATION_RELATIONSHIP(' ',' ',#5583,#5641)
REPRESENTATION_RELATIONSHIP_WITH_TRANSFORMATION(#4348)
SHAPE_REPRESENTATION_RELATIONSHIP()
);
#3255=(
REPRESENTATION_RELATIONSHIP(' ',' ',#5583,#5641)
REPRESENTATION_RELATIONSHIP_WITH_TRANSFORMATION(#4349)
SHAPE_REPRESENTATION_RELATIONSHIP()
);
#3256=(
REPRESENTATION_RELATIONSHIP(' ',' ',#5583,#5641)
REPRESENTATION_RELATIONSHIP_WITH_TRANSFORMATION(#4350)
SHAPE_REPRESENTATION_RELATIONSHIP()
);
#3257=(
REPRESENTATION_RELATIONSHIP(' ',' ',#5583,#5641)
REPRESENTATION_RELATIONSHIP_WITH_TRANSFORMATION(#4351)
SHAPE_REPRESENTATION_RELATIONSHIP()
);
#3258=(
REPRESENTATION_RELATIONSHIP(' ',' ',#5583,#5641)
REPRESENTATION_RELATIONSHIP_WITH_TRANSFORMATION(#4352)
SHAPE_REPRESENTATION_RELATIONSHIP()
);
#3259=(
REPRESENTATION_RELATIONSHIP(' ',' ',#5583,#5641)
REPRESENTATION_RELATIONSHIP_WITH_TRANSFORMATION(#4353)
SHAPE_REPRESENTATION_RELATIONSHIP()
);
#3260=(
REPRESENTATION_RELATIONSHIP(' ',' ',#5583,#5641)
REPRESENTATION_RELATIONSHIP_WITH_TRANSFORMATION(#4354)
SHAPE_REPRESENTATION_RELATIONSHIP()
);
#3261=(
REPRESENTATION_RELATIONSHIP(' ',' ',#5583,#5641)
REPRESENTATION_RELATIONSHIP_WITH_TRANSFORMATION(#4355)
SHAPE_REPRESENTATION_RELATIONSHIP()
);
#3262=(
REPRESENTATION_RELATIONSHIP(' ',' ',#5583,#5641)
REPRESENTATION_RELATIONSHIP_WITH_TRANSFORMATION(#4356)
SHAPE_REPRESENTATION_RELATIONSHIP()
);
#3263=(
REPRESENTATION_RELATIONSHIP(' ',' ',#5583,#5641)
REPRESENTATION_RELATIONSHIP_WITH_TRANSFORMATION(#4357)
SHAPE_REPRESENTATION_RELATIONSHIP()
);
#3264=(
REPRESENTATION_RELATIONSHIP(' ',' ',#5583,#5641)
REPRESENTATION_RELATIONSHIP_WITH_TRANSFORMATION(#4358)
SHAPE_REPRESENTATION_RELATIONSHIP()
);
#3265=(
REPRESENTATION_RELATIONSHIP(' ',' ',#5583,#5641)
REPRESENTATION_RELATIONSHIP_WITH_TRANSFORMATION(#4359)
SHAPE_REPRESENTATION_RELATIONSHIP()
);
#3266=(
REPRESENTATION_RELATIONSHIP(' ',' ',#5583,#5641)
REPRESENTATION_RELATIONSHIP_WITH_TRANSFORMATION(#4360)
SHAPE_REPRESENTATION_RELATIONSHIP()
);
#3267=(
REPRESENTATION_RELATIONSHIP(' ',' ',#5583,#5641)
REPRESENTATION_RELATIONSHIP_WITH_TRANSFORMATION(#4361)
SHAPE_REPRESENTATION_RELATIONSHIP()
);
#3268=(
REPRESENTATION_RELATIONSHIP(' ',' ',#5583,#5641)
REPRESENTATION_RELATIONSHIP_WITH_TRANSFORMATION(#4362)
SHAPE_REPRESENTATION_RELATIONSHIP()
);
#3269=(
REPRESENTATION_RELATIONSHIP(' ',' ',#5583,#5641)
REPRESENTATION_RELATIONSHIP_WITH_TRANSFORMATION(#4363)
SHAPE_REPRESENTATION_RELATIONSHIP()
);
#3270=(
REPRESENTATION_RELATIONSHIP(' ',' ',#5583,#5641)
REPRESENTATION_RELATIONSHIP_WITH_TRANSFORMATION(#4364)
SHAPE_REPRESENTATION_RELATIONSHIP()
);
#3271=(
REPRESENTATION_RELATIONSHIP(' ',' ',#5583,#5641)
REPRESENTATION_RELATIONSHIP_WITH_TRANSFORMATION(#4365)
SHAPE_REPRESENTATION_RELATIONSHIP()
);
#3272=(
REPRESENTATION_RELATIONSHIP(' ',' ',#5583,#5641)
REPRESENTATION_RELATIONSHIP_WITH_TRANSFORMATION(#4366)
SHAPE_REPRESENTATION_RELATIONSHIP()
);
#3273=(
REPRESENTATION_RELATIONSHIP(' ',' ',#5583,#5641)
REPRESENTATION_RELATIONSHIP_WITH_TRANSFORMATION(#4367)
SHAPE_REPRESENTATION_RELATIONSHIP()
);
#3274=(
REPRESENTATION_RELATIONSHIP(' ',' ',#5583,#5641)
REPRESENTATION_RELATIONSHIP_WITH_TRANSFORMATION(#4368)
SHAPE_REPRESENTATION_RELATIONSHIP()
);
#3275=(
REPRESENTATION_RELATIONSHIP(' ',' ',#5583,#5641)
REPRESENTATION_RELATIONSHIP_WITH_TRANSFORMATION(#4369)
SHAPE_REPRESENTATION_RELATIONSHIP()
);
#3276=(
REPRESENTATION_RELATIONSHIP(' ',' ',#5583,#5641)
REPRESENTATION_RELATIONSHIP_WITH_TRANSFORMATION(#4370)
SHAPE_REPRESENTATION_RELATIONSHIP()
);
#3277=(
REPRESENTATION_RELATIONSHIP(' ',' ',#5583,#5641)
REPRESENTATION_RELATIONSHIP_WITH_TRANSFORMATION(#4371)
SHAPE_REPRESENTATION_RELATIONSHIP()
);
#3278=(
REPRESENTATION_RELATIONSHIP(' ',' ',#5583,#5641)
REPRESENTATION_RELATIONSHIP_WITH_TRANSFORMATION(#4372)
SHAPE_REPRESENTATION_RELATIONSHIP()
);
#3279=(
REPRESENTATION_RELATIONSHIP(' ',' ',#5583,#5641)
REPRESENTATION_RELATIONSHIP_WITH_TRANSFORMATION(#4373)
SHAPE_REPRESENTATION_RELATIONSHIP()
);
#3280=(
REPRESENTATION_RELATIONSHIP(' ',' ',#5583,#5641)
REPRESENTATION_RELATIONSHIP_WITH_TRANSFORMATION(#4374)
SHAPE_REPRESENTATION_RELATIONSHIP()
);
#3281=(
REPRESENTATION_RELATIONSHIP(' ',' ',#5590,#5642)
REPRESENTATION_RELATIONSHIP_WITH_TRANSFORMATION(#4375)
SHAPE_REPRESENTATION_RELATIONSHIP()
);
#3282=(
REPRESENTATION_RELATIONSHIP(' ',' ',#5587,#5642)
REPRESENTATION_RELATIONSHIP_WITH_TRANSFORMATION(#4376)
SHAPE_REPRESENTATION_RELATIONSHIP()
);
#3283=(
REPRESENTATION_RELATIONSHIP(' ',' ',#5588,#5642)
REPRESENTATION_RELATIONSHIP_WITH_TRANSFORMATION(#4377)
SHAPE_REPRESENTATION_RELATIONSHIP()
);
#3284=(
REPRESENTATION_RELATIONSHIP(' ',' ',#5586,#5642)
REPRESENTATION_RELATIONSHIP_WITH_TRANSFORMATION(#4378)
SHAPE_REPRESENTATION_RELATIONSHIP()
);
#3285=(
REPRESENTATION_RELATIONSHIP(' ',' ',#5589,#5642)
REPRESENTATION_RELATIONSHIP_WITH_TRANSFORMATION(#4379)
SHAPE_REPRESENTATION_RELATIONSHIP()
);
#3286=(
REPRESENTATION_RELATIONSHIP(' ',' ',#5585,#5642)
REPRESENTATION_RELATIONSHIP_WITH_TRANSFORMATION(#4380)
SHAPE_REPRESENTATION_RELATIONSHIP()
);
#3287=(
REPRESENTATION_RELATIONSHIP(' ',' ',#5591,#5642)
REPRESENTATION_RELATIONSHIP_WITH_TRANSFORMATION(#4381)
SHAPE_REPRESENTATION_RELATIONSHIP()
);
#3288=(
REPRESENTATION_RELATIONSHIP(' ',' ',#5642,#5641)
REPRESENTATION_RELATIONSHIP_WITH_TRANSFORMATION(#4382)
SHAPE_REPRESENTATION_RELATIONSHIP()
);
#3289=(
REPRESENTATION_RELATIONSHIP(' ',' ',#5641,#5634)
REPRESENTATION_RELATIONSHIP_WITH_TRANSFORMATION(#4383)
SHAPE_REPRESENTATION_RELATIONSHIP()
);
#3290=(
REPRESENTATION_RELATIONSHIP(' ',' ',#5634,#5578)
REPRESENTATION_RELATIONSHIP_WITH_TRANSFORMATION(#4384)
SHAPE_REPRESENTATION_RELATIONSHIP()
);
#3291=(
REPRESENTATION_RELATIONSHIP(' ',' ',#5578,#5577)
REPRESENTATION_RELATIONSHIP_WITH_TRANSFORMATION(#4385)
SHAPE_REPRESENTATION_RELATIONSHIP()
);
#3292=ITEM_DEFINED_TRANSFORMATION(' ',' ',#5643,#5650);
#3293=ITEM_DEFINED_TRANSFORMATION(' ',' ',#5643,#5662);
#3294=ITEM_DEFINED_TRANSFORMATION(' ',' ',#5643,#5669);
#3295=ITEM_DEFINED_TRANSFORMATION(' ',' ',#5643,#5670);
#3296=ITEM_DEFINED_TRANSFORMATION(' ',' ',#5643,#5671);
#3297=ITEM_DEFINED_TRANSFORMATION(' ',' ',#5643,#5672);
#3298=ITEM_DEFINED_TRANSFORMATION(' ',' ',#5643,#5673);
#3299=ITEM_DEFINED_TRANSFORMATION(' ',' ',#5643,#5674);
#3300=ITEM_DEFINED_TRANSFORMATION(' ',' ',#5643,#5675);
#3301=ITEM_DEFINED_TRANSFORMATION(' ',' ',#5643,#5676);
#3302=ITEM_DEFINED_TRANSFORMATION(' ',' ',#5643,#5677);
#3303=ITEM_DEFINED_TRANSFORMATION(' ',' ',#5643,#5678);
#3304=ITEM_DEFINED_TRANSFORMATION(' ',' ',#5643,#5679);
#3305=ITEM_DEFINED_TRANSFORMATION(' ',' ',#5643,#5680);
#3306=ITEM_DEFINED_TRANSFORMATION(' ',' ',#5643,#5681);
#3307=ITEM_DEFINED_TRANSFORMATION(' ',' ',#5643,#5682);
#3308=ITEM_DEFINED_TRANSFORMATION(' ',' ',#5643,#5683);
#3309=ITEM_DEFINED_TRANSFORMATION(' ',' ',#5643,#5684);
#3310=ITEM_DEFINED_TRANSFORMATION(' ',' ',#5643,#5685);
#3311=ITEM_DEFINED_TRANSFORMATION(' ',' ',#5643,#5686);
#3312=ITEM_DEFINED_TRANSFORMATION(' ',' ',#5643,#5687);
#3313=ITEM_DEFINED_TRANSFORMATION(' ',' ',#5643,#5688);
#3314=ITEM_DEFINED_TRANSFORMATION(' ',' ',#5643,#5689);
#3315=ITEM_DEFINED_TRANSFORMATION(' ',' ',#5643,#5690);
#3316=ITEM_DEFINED_TRANSFORMATION(' ',' ',#5643,#5691);
#3317=ITEM_DEFINED_TRANSFORMATION(' ',' ',#5643,#5692);
#3318=ITEM_DEFINED_TRANSFORMATION(' ',' ',#5643,#5693);
#3319=ITEM_DEFINED_TRANSFORMATION(' ',' ',#5643,#5694);
#3320=ITEM_DEFINED_TRANSFORMATION(' ',' ',#5643,#5695);
#3321=ITEM_DEFINED_TRANSFORMATION(' ',' ',#5643,#5696);
#3322=ITEM_DEFINED_TRANSFORMATION(' ',' ',#5643,#5697);
#3323=ITEM_DEFINED_TRANSFORMATION(' ',' ',#5643,#5698);
#3324=ITEM_DEFINED_TRANSFORMATION(' ',' ',#5643,#5699);
#3325=ITEM_DEFINED_TRANSFORMATION(' ',' ',#5643,#5700);
#3326=ITEM_DEFINED_TRANSFORMATION(' ',' ',#5643,#5707);
#3327=ITEM_DEFINED_TRANSFORMATION(' ',' ',#5643,#5714);
#3328=ITEM_DEFINED_TRANSFORMATION(' ',' ',#5643,#5721);
#3329=ITEM_DEFINED_TRANSFORMATION(' ',' ',#5643,#5728);
#3330=ITEM_DEFINED_TRANSFORMATION(' ',' ',#5643,#5735);
#3331=ITEM_DEFINED_TRANSFORMATION(' ',' ',#5643,#5742);
#3332=ITEM_DEFINED_TRANSFORMATION(' ',' ',#5643,#5749);
#3333=ITEM_DEFINED_TRANSFORMATION(' ',' ',#5643,#5750);
#3334=ITEM_DEFINED_TRANSFORMATION(' ',' ',#5643,#5751);
#3335=ITEM_DEFINED_TRANSFORMATION(' ',' ',#5643,#5752);
#3336=ITEM_DEFINED_TRANSFORMATION(' ',' ',#5643,#5753);
#3337=ITEM_DEFINED_TRANSFORMATION(' ',' ',#5643,#5754);
#3338=ITEM_DEFINED_TRANSFORMATION(' ',' ',#5643,#5755);
#3339=ITEM_DEFINED_TRANSFORMATION(' ',' ',#5643,#5756);
#3340=ITEM_DEFINED_TRANSFORMATION(' ',' ',#5643,#5757);
#3341=ITEM_DEFINED_TRANSFORMATION(' ',' ',#5643,#5758);
#3342=ITEM_DEFINED_TRANSFORMATION(' ',' ',#5643,#5759);
#3343=ITEM_DEFINED_TRANSFORMATION(' ',' ',#5643,#5760);
#3344=ITEM_DEFINED_TRANSFORMATION(' ',' ',#5643,#5761);
#3345=ITEM_DEFINED_TRANSFORMATION(' ',' ',#5643,#5762);
#3346=ITEM_DEFINED_TRANSFORMATION(' ',' ',#5643,#5763);
#3347=ITEM_DEFINED_TRANSFORMATION(' ',' ',#5643,#5764);
#3348=ITEM_DEFINED_TRANSFORMATION(' ',' ',#5643,#5765);
#3349=ITEM_DEFINED_TRANSFORMATION(' ',' ',#5643,#5766);
#3350=ITEM_DEFINED_TRANSFORMATION(' ',' ',#5643,#5767);
#3351=ITEM_DEFINED_TRANSFORMATION(' ',' ',#5643,#5768);
#3352=ITEM_DEFINED_TRANSFORMATION(' ',' ',#5643,#5769);
#3353=ITEM_DEFINED_TRANSFORMATION(' ',' ',#5643,#5770);
#3354=ITEM_DEFINED_TRANSFORMATION(' ',' ',#5643,#5771);
#3355=ITEM_DEFINED_TRANSFORMATION(' ',' ',#5643,#5772);
#3356=ITEM_DEFINED_TRANSFORMATION(' ',' ',#5643,#5773);
#3357=ITEM_DEFINED_TRANSFORMATION(' ',' ',#5643,#5774);
#3358=ITEM_DEFINED_TRANSFORMATION(' ',' ',#5643,#5775);
#3359=ITEM_DEFINED_TRANSFORMATION(' ',' ',#5643,#5776);
#3360=ITEM_DEFINED_TRANSFORMATION(' ',' ',#5643,#5777);
#3361=ITEM_DEFINED_TRANSFORMATION(' ',' ',#5643,#5778);
#3362=ITEM_DEFINED_TRANSFORMATION(' ',' ',#5643,#5779);
#3363=ITEM_DEFINED_TRANSFORMATION(' ',' ',#5643,#5780);
#3364=ITEM_DEFINED_TRANSFORMATION(' ',' ',#5643,#5781);
#3365=ITEM_DEFINED_TRANSFORMATION(' ',' ',#5643,#5782);
#3366=ITEM_DEFINED_TRANSFORMATION(' ',' ',#5643,#5783);
#3367=ITEM_DEFINED_TRANSFORMATION(' ',' ',#5643,#5784);
#3368=ITEM_DEFINED_TRANSFORMATION(' ',' ',#5643,#5785);
#3369=ITEM_DEFINED_TRANSFORMATION(' ',' ',#5643,#5786);
#3370=ITEM_DEFINED_TRANSFORMATION(' ',' ',#5643,#5787);
#3371=ITEM_DEFINED_TRANSFORMATION(' ',' ',#5643,#5788);
#3372=ITEM_DEFINED_TRANSFORMATION(' ',' ',#5643,#5789);
#3373=ITEM_DEFINED_TRANSFORMATION(' ',' ',#5643,#5790);
#3374=ITEM_DEFINED_TRANSFORMATION(' ',' ',#5643,#5791);
#3375=ITEM_DEFINED_TRANSFORMATION(' ',' ',#5643,#5792);
#3376=ITEM_DEFINED_TRANSFORMATION(' ',' ',#5643,#5793);
#3377=ITEM_DEFINED_TRANSFORMATION(' ',' ',#5643,#5794);
#3378=ITEM_DEFINED_TRANSFORMATION(' ',' ',#5643,#5795);
#3379=ITEM_DEFINED_TRANSFORMATION(' ',' ',#5643,#5796);
#3380=ITEM_DEFINED_TRANSFORMATION(' ',' ',#5643,#5797);
#3381=ITEM_DEFINED_TRANSFORMATION(' ',' ',#5643,#5798);
#3382=ITEM_DEFINED_TRANSFORMATION(' ',' ',#5643,#5799);
#3383=ITEM_DEFINED_TRANSFORMATION(' ',' ',#5643,#5800);
#3384=ITEM_DEFINED_TRANSFORMATION(' ',' ',#5643,#5801);
#3385=ITEM_DEFINED_TRANSFORMATION(' ',' ',#5643,#5802);
#3386=ITEM_DEFINED_TRANSFORMATION(' ',' ',#5643,#5803);
#3387=ITEM_DEFINED_TRANSFORMATION(' ',' ',#5643,#5804);
#3388=ITEM_DEFINED_TRANSFORMATION(' ',' ',#5643,#5805);
#3389=ITEM_DEFINED_TRANSFORMATION(' ',' ',#5643,#5806);
#3390=ITEM_DEFINED_TRANSFORMATION(' ',' ',#5643,#5807);
#3391=ITEM_DEFINED_TRANSFORMATION(' ',' ',#5643,#5808);
#3392=ITEM_DEFINED_TRANSFORMATION(' ',' ',#5643,#5809);
#3393=ITEM_DEFINED_TRANSFORMATION(' ',' ',#5643,#5810);
#3394=ITEM_DEFINED_TRANSFORMATION(' ',' ',#5643,#5811);
#3395=ITEM_DEFINED_TRANSFORMATION(' ',' ',#5643,#5812);
#3396=ITEM_DEFINED_TRANSFORMATION(' ',' ',#5643,#5813);
#3397=ITEM_DEFINED_TRANSFORMATION(' ',' ',#5643,#5814);
#3398=ITEM_DEFINED_TRANSFORMATION(' ',' ',#5643,#5815);
#3399=ITEM_DEFINED_TRANSFORMATION(' ',' ',#5643,#5816);
#3400=ITEM_DEFINED_TRANSFORMATION(' ',' ',#5643,#5817);
#3401=ITEM_DEFINED_TRANSFORMATION(' ',' ',#5643,#5818);
#3402=ITEM_DEFINED_TRANSFORMATION(' ',' ',#5643,#5819);
#3403=ITEM_DEFINED_TRANSFORMATION(' ',' ',#5643,#5820);
#3404=ITEM_DEFINED_TRANSFORMATION(' ',' ',#5643,#5821);
#3405=ITEM_DEFINED_TRANSFORMATION(' ',' ',#5643,#5822);
#3406=ITEM_DEFINED_TRANSFORMATION(' ',' ',#5643,#5823);
#3407=ITEM_DEFINED_TRANSFORMATION(' ',' ',#5643,#5824);
#3408=ITEM_DEFINED_TRANSFORMATION(' ',' ',#5643,#5825);
#3409=ITEM_DEFINED_TRANSFORMATION(' ',' ',#5643,#5826);
#3410=ITEM_DEFINED_TRANSFORMATION(' ',' ',#5643,#5827);
#3411=ITEM_DEFINED_TRANSFORMATION(' ',' ',#5643,#5828);
#3412=ITEM_DEFINED_TRANSFORMATION(' ',' ',#5643,#5829);
#3413=ITEM_DEFINED_TRANSFORMATION(' ',' ',#5643,#5830);
#3414=ITEM_DEFINED_TRANSFORMATION(' ',' ',#5643,#5831);
#3415=ITEM_DEFINED_TRANSFORMATION(' ',' ',#5643,#5832);
#3416=ITEM_DEFINED_TRANSFORMATION(' ',' ',#5643,#5833);
#3417=ITEM_DEFINED_TRANSFORMATION(' ',' ',#5643,#5834);
#3418=ITEM_DEFINED_TRANSFORMATION(' ',' ',#5643,#5835);
#3419=ITEM_DEFINED_TRANSFORMATION(' ',' ',#5643,#5836);
#3420=ITEM_DEFINED_TRANSFORMATION(' ',' ',#5643,#5837);
#3421=ITEM_DEFINED_TRANSFORMATION(' ',' ',#5643,#5838);
#3422=ITEM_DEFINED_TRANSFORMATION(' ',' ',#5643,#5839);
#3423=ITEM_DEFINED_TRANSFORMATION(' ',' ',#5643,#5840);
#3424=ITEM_DEFINED_TRANSFORMATION(' ',' ',#5643,#5841);
#3425=ITEM_DEFINED_TRANSFORMATION(' ',' ',#5643,#5842);
#3426=ITEM_DEFINED_TRANSFORMATION(' ',' ',#5643,#5843);
#3427=ITEM_DEFINED_TRANSFORMATION(' ',' ',#5643,#5844);
#3428=ITEM_DEFINED_TRANSFORMATION(' ',' ',#5643,#5845);
#3429=ITEM_DEFINED_TRANSFORMATION(' ',' ',#5643,#5846);
#3430=ITEM_DEFINED_TRANSFORMATION(' ',' ',#5643,#5847);
#3431=ITEM_DEFINED_TRANSFORMATION(' ',' ',#5643,#5848);
#3432=ITEM_DEFINED_TRANSFORMATION(' ',' ',#5643,#5849);
#3433=ITEM_DEFINED_TRANSFORMATION(' ',' ',#5643,#5850);
#3434=ITEM_DEFINED_TRANSFORMATION(' ',' ',#5643,#5851);
#3435=ITEM_DEFINED_TRANSFORMATION(' ',' ',#5643,#5852);
#3436=ITEM_DEFINED_TRANSFORMATION(' ',' ',#5643,#5853);
#3437=ITEM_DEFINED_TRANSFORMATION(' ',' ',#5643,#5854);
#3438=ITEM_DEFINED_TRANSFORMATION(' ',' ',#5643,#5855);
#3439=ITEM_DEFINED_TRANSFORMATION(' ',' ',#5643,#5856);
#3440=ITEM_DEFINED_TRANSFORMATION(' ',' ',#5643,#5857);
#3441=ITEM_DEFINED_TRANSFORMATION(' ',' ',#5643,#5858);
#3442=ITEM_DEFINED_TRANSFORMATION(' ',' ',#5643,#5859);
#3443=ITEM_DEFINED_TRANSFORMATION(' ',' ',#5643,#5860);
#3444=ITEM_DEFINED_TRANSFORMATION(' ',' ',#5643,#5861);
#3445=ITEM_DEFINED_TRANSFORMATION(' ',' ',#5643,#5862);
#3446=ITEM_DEFINED_TRANSFORMATION(' ',' ',#5643,#5863);
#3447=ITEM_DEFINED_TRANSFORMATION(' ',' ',#5643,#5864);
#3448=ITEM_DEFINED_TRANSFORMATION(' ',' ',#5643,#5865);
#3449=ITEM_DEFINED_TRANSFORMATION(' ',' ',#5643,#5866);
#3450=ITEM_DEFINED_TRANSFORMATION(' ',' ',#5643,#5867);
#3451=ITEM_DEFINED_TRANSFORMATION(' ',' ',#5643,#5868);
#3452=ITEM_DEFINED_TRANSFORMATION(' ',' ',#5643,#5869);
#3453=ITEM_DEFINED_TRANSFORMATION(' ',' ',#5643,#5870);
#3454=ITEM_DEFINED_TRANSFORMATION(' ',' ',#5643,#5871);
#3455=ITEM_DEFINED_TRANSFORMATION(' ',' ',#5643,#5872);
#3456=ITEM_DEFINED_TRANSFORMATION(' ',' ',#5643,#5873);
#3457=ITEM_DEFINED_TRANSFORMATION(' ',' ',#5643,#5874);
#3458=ITEM_DEFINED_TRANSFORMATION(' ',' ',#5643,#5875);
#3459=ITEM_DEFINED_TRANSFORMATION(' ',' ',#5643,#5876);
#3460=ITEM_DEFINED_TRANSFORMATION(' ',' ',#5643,#5877);
#3461=ITEM_DEFINED_TRANSFORMATION(' ',' ',#5643,#5878);
#3462=ITEM_DEFINED_TRANSFORMATION(' ',' ',#5643,#5879);
#3463=ITEM_DEFINED_TRANSFORMATION(' ',' ',#5643,#5880);
#3464=ITEM_DEFINED_TRANSFORMATION(' ',' ',#5643,#5881);
#3465=ITEM_DEFINED_TRANSFORMATION(' ',' ',#5643,#5882);
#3466=ITEM_DEFINED_TRANSFORMATION(' ',' ',#5643,#5883);
#3467=ITEM_DEFINED_TRANSFORMATION(' ',' ',#5643,#5884);
#3468=ITEM_DEFINED_TRANSFORMATION(' ',' ',#5643,#5885);
#3469=ITEM_DEFINED_TRANSFORMATION(' ',' ',#5643,#5886);
#3470=ITEM_DEFINED_TRANSFORMATION(' ',' ',#5643,#5887);
#3471=ITEM_DEFINED_TRANSFORMATION(' ',' ',#5643,#5888);
#3472=ITEM_DEFINED_TRANSFORMATION(' ',' ',#5643,#5889);
#3473=ITEM_DEFINED_TRANSFORMATION(' ',' ',#5643,#5890);
#3474=ITEM_DEFINED_TRANSFORMATION(' ',' ',#5643,#5891);
#3475=ITEM_DEFINED_TRANSFORMATION(' ',' ',#5643,#5892);
#3476=ITEM_DEFINED_TRANSFORMATION(' ',' ',#5643,#5893);
#3477=ITEM_DEFINED_TRANSFORMATION(' ',' ',#5643,#5894);
#3478=ITEM_DEFINED_TRANSFORMATION(' ',' ',#5643,#5895);
#3479=ITEM_DEFINED_TRANSFORMATION(' ',' ',#5643,#5896);
#3480=ITEM_DEFINED_TRANSFORMATION(' ',' ',#5643,#5897);
#3481=ITEM_DEFINED_TRANSFORMATION(' ',' ',#5643,#5898);
#3482=ITEM_DEFINED_TRANSFORMATION(' ',' ',#5643,#5899);
#3483=ITEM_DEFINED_TRANSFORMATION(' ',' ',#5643,#5900);
#3484=ITEM_DEFINED_TRANSFORMATION(' ',' ',#5643,#5901);
#3485=ITEM_DEFINED_TRANSFORMATION(' ',' ',#5643,#5902);
#3486=ITEM_DEFINED_TRANSFORMATION(' ',' ',#5643,#5903);
#3487=ITEM_DEFINED_TRANSFORMATION(' ',' ',#5643,#5904);
#3488=ITEM_DEFINED_TRANSFORMATION(' ',' ',#5643,#5905);
#3489=ITEM_DEFINED_TRANSFORMATION(' ',' ',#5643,#5906);
#3490=ITEM_DEFINED_TRANSFORMATION(' ',' ',#5643,#5907);
#3491=ITEM_DEFINED_TRANSFORMATION(' ',' ',#5643,#5908);
#3492=ITEM_DEFINED_TRANSFORMATION(' ',' ',#5643,#5909);
#3493=ITEM_DEFINED_TRANSFORMATION(' ',' ',#5643,#5910);
#3494=ITEM_DEFINED_TRANSFORMATION(' ',' ',#5643,#5911);
#3495=ITEM_DEFINED_TRANSFORMATION(' ',' ',#5643,#5912);
#3496=ITEM_DEFINED_TRANSFORMATION(' ',' ',#5643,#5913);
#3497=ITEM_DEFINED_TRANSFORMATION(' ',' ',#5643,#5914);
#3498=ITEM_DEFINED_TRANSFORMATION(' ',' ',#5643,#5915);
#3499=ITEM_DEFINED_TRANSFORMATION(' ',' ',#5643,#5916);
#3500=ITEM_DEFINED_TRANSFORMATION(' ',' ',#5643,#5917);
#3501=ITEM_DEFINED_TRANSFORMATION(' ',' ',#5643,#5918);
#3502=ITEM_DEFINED_TRANSFORMATION(' ',' ',#5643,#5919);
#3503=ITEM_DEFINED_TRANSFORMATION(' ',' ',#5643,#5920);
#3504=ITEM_DEFINED_TRANSFORMATION(' ',' ',#5643,#5921);
#3505=ITEM_DEFINED_TRANSFORMATION(' ',' ',#5643,#5922);
#3506=ITEM_DEFINED_TRANSFORMATION(' ',' ',#5643,#5923);
#3507=ITEM_DEFINED_TRANSFORMATION(' ',' ',#5643,#5924);
#3508=ITEM_DEFINED_TRANSFORMATION(' ',' ',#5643,#5925);
#3509=ITEM_DEFINED_TRANSFORMATION(' ',' ',#5643,#5926);
#3510=ITEM_DEFINED_TRANSFORMATION(' ',' ',#5643,#5927);
#3511=ITEM_DEFINED_TRANSFORMATION(' ',' ',#5643,#5928);
#3512=ITEM_DEFINED_TRANSFORMATION(' ',' ',#5643,#5929);
#3513=ITEM_DEFINED_TRANSFORMATION(' ',' ',#5643,#5930);
#3514=ITEM_DEFINED_TRANSFORMATION(' ',' ',#5643,#5931);
#3515=ITEM_DEFINED_TRANSFORMATION(' ',' ',#5643,#5932);
#3516=ITEM_DEFINED_TRANSFORMATION(' ',' ',#5643,#5933);
#3517=ITEM_DEFINED_TRANSFORMATION(' ',' ',#5643,#5934);
#3518=ITEM_DEFINED_TRANSFORMATION(' ',' ',#5643,#5935);
#3519=ITEM_DEFINED_TRANSFORMATION(' ',' ',#5643,#5936);
#3520=ITEM_DEFINED_TRANSFORMATION(' ',' ',#5643,#5937);
#3521=ITEM_DEFINED_TRANSFORMATION(' ',' ',#5643,#5938);
#3522=ITEM_DEFINED_TRANSFORMATION(' ',' ',#5643,#5939);
#3523=ITEM_DEFINED_TRANSFORMATION(' ',' ',#5643,#5940);
#3524=ITEM_DEFINED_TRANSFORMATION(' ',' ',#5643,#5941);
#3525=ITEM_DEFINED_TRANSFORMATION(' ',' ',#5643,#5942);
#3526=ITEM_DEFINED_TRANSFORMATION(' ',' ',#5643,#5943);
#3527=ITEM_DEFINED_TRANSFORMATION(' ',' ',#5643,#5944);
#3528=ITEM_DEFINED_TRANSFORMATION(' ',' ',#5643,#5945);
#3529=ITEM_DEFINED_TRANSFORMATION(' ',' ',#5643,#5946);
#3530=ITEM_DEFINED_TRANSFORMATION(' ',' ',#5643,#5947);
#3531=ITEM_DEFINED_TRANSFORMATION(' ',' ',#5643,#5948);
#3532=ITEM_DEFINED_TRANSFORMATION(' ',' ',#5643,#5949);
#3533=ITEM_DEFINED_TRANSFORMATION(' ',' ',#5643,#5950);
#3534=ITEM_DEFINED_TRANSFORMATION(' ',' ',#5643,#5951);
#3535=ITEM_DEFINED_TRANSFORMATION(' ',' ',#5643,#5952);
#3536=ITEM_DEFINED_TRANSFORMATION(' ',' ',#5643,#5953);
#3537=ITEM_DEFINED_TRANSFORMATION(' ',' ',#5643,#5954);
#3538=ITEM_DEFINED_TRANSFORMATION(' ',' ',#5643,#5955);
#3539=ITEM_DEFINED_TRANSFORMATION(' ',' ',#5643,#5956);
#3540=ITEM_DEFINED_TRANSFORMATION(' ',' ',#5643,#5957);
#3541=ITEM_DEFINED_TRANSFORMATION(' ',' ',#5643,#5958);
#3542=ITEM_DEFINED_TRANSFORMATION(' ',' ',#5643,#5959);
#3543=ITEM_DEFINED_TRANSFORMATION(' ',' ',#5643,#5960);
#3544=ITEM_DEFINED_TRANSFORMATION(' ',' ',#5643,#5961);
#3545=ITEM_DEFINED_TRANSFORMATION(' ',' ',#5643,#5962);
#3546=ITEM_DEFINED_TRANSFORMATION(' ',' ',#5643,#5963);
#3547=ITEM_DEFINED_TRANSFORMATION(' ',' ',#5643,#5964);
#3548=ITEM_DEFINED_TRANSFORMATION(' ',' ',#5643,#5965);
#3549=ITEM_DEFINED_TRANSFORMATION(' ',' ',#5643,#5966);
#3550=ITEM_DEFINED_TRANSFORMATION(' ',' ',#5643,#5967);
#3551=ITEM_DEFINED_TRANSFORMATION(' ',' ',#5643,#5968);
#3552=ITEM_DEFINED_TRANSFORMATION(' ',' ',#5643,#5969);
#3553=ITEM_DEFINED_TRANSFORMATION(' ',' ',#5643,#5970);
#3554=ITEM_DEFINED_TRANSFORMATION(' ',' ',#5643,#5971);
#3555=ITEM_DEFINED_TRANSFORMATION(' ',' ',#5643,#5972);
#3556=ITEM_DEFINED_TRANSFORMATION(' ',' ',#5643,#5973);
#3557=ITEM_DEFINED_TRANSFORMATION(' ',' ',#5643,#5974);
#3558=ITEM_DEFINED_TRANSFORMATION(' ',' ',#5643,#5975);
#3559=ITEM_DEFINED_TRANSFORMATION(' ',' ',#5643,#5976);
#3560=ITEM_DEFINED_TRANSFORMATION(' ',' ',#5643,#5977);
#3561=ITEM_DEFINED_TRANSFORMATION(' ',' ',#5643,#5978);
#3562=ITEM_DEFINED_TRANSFORMATION(' ',' ',#5643,#5979);
#3563=ITEM_DEFINED_TRANSFORMATION(' ',' ',#5643,#5980);
#3564=ITEM_DEFINED_TRANSFORMATION(' ',' ',#5643,#5981);
#3565=ITEM_DEFINED_TRANSFORMATION(' ',' ',#5643,#5982);
#3566=ITEM_DEFINED_TRANSFORMATION(' ',' ',#5643,#5983);
#3567=ITEM_DEFINED_TRANSFORMATION(' ',' ',#5643,#5984);
#3568=ITEM_DEFINED_TRANSFORMATION(' ',' ',#5643,#5985);
#3569=ITEM_DEFINED_TRANSFORMATION(' ',' ',#5643,#5986);
#3570=ITEM_DEFINED_TRANSFORMATION(' ',' ',#5643,#5987);
#3571=ITEM_DEFINED_TRANSFORMATION(' ',' ',#5643,#5988);
#3572=ITEM_DEFINED_TRANSFORMATION(' ',' ',#5643,#5989);
#3573=ITEM_DEFINED_TRANSFORMATION(' ',' ',#5643,#5990);
#3574=ITEM_DEFINED_TRANSFORMATION(' ',' ',#5643,#5991);
#3575=ITEM_DEFINED_TRANSFORMATION(' ',' ',#5643,#5992);
#3576=ITEM_DEFINED_TRANSFORMATION(' ',' ',#5643,#5993);
#3577=ITEM_DEFINED_TRANSFORMATION(' ',' ',#5643,#5994);
#3578=ITEM_DEFINED_TRANSFORMATION(' ',' ',#5643,#5995);
#3579=ITEM_DEFINED_TRANSFORMATION(' ',' ',#5643,#5996);
#3580=ITEM_DEFINED_TRANSFORMATION(' ',' ',#5643,#5997);
#3581=ITEM_DEFINED_TRANSFORMATION(' ',' ',#5643,#5998);
#3582=ITEM_DEFINED_TRANSFORMATION(' ',' ',#5643,#5999);
#3583=ITEM_DEFINED_TRANSFORMATION(' ',' ',#5643,#6000);
#3584=ITEM_DEFINED_TRANSFORMATION(' ',' ',#5643,#6001);
#3585=ITEM_DEFINED_TRANSFORMATION(' ',' ',#5643,#6002);
#3586=ITEM_DEFINED_TRANSFORMATION(' ',' ',#5643,#6003);
#3587=ITEM_DEFINED_TRANSFORMATION(' ',' ',#5643,#6004);
#3588=ITEM_DEFINED_TRANSFORMATION(' ',' ',#5643,#6005);
#3589=ITEM_DEFINED_TRANSFORMATION(' ',' ',#5643,#6006);
#3590=ITEM_DEFINED_TRANSFORMATION(' ',' ',#5643,#6007);
#3591=ITEM_DEFINED_TRANSFORMATION(' ',' ',#5643,#6008);
#3592=ITEM_DEFINED_TRANSFORMATION(' ',' ',#5643,#6009);
#3593=ITEM_DEFINED_TRANSFORMATION(' ',' ',#5643,#6010);
#3594=ITEM_DEFINED_TRANSFORMATION(' ',' ',#5643,#6011);
#3595=ITEM_DEFINED_TRANSFORMATION(' ',' ',#5643,#6012);
#3596=ITEM_DEFINED_TRANSFORMATION(' ',' ',#5643,#6013);
#3597=ITEM_DEFINED_TRANSFORMATION(' ',' ',#5643,#6014);
#3598=ITEM_DEFINED_TRANSFORMATION(' ',' ',#5643,#6015);
#3599=ITEM_DEFINED_TRANSFORMATION(' ',' ',#5643,#6016);
#3600=ITEM_DEFINED_TRANSFORMATION(' ',' ',#5643,#6017);
#3601=ITEM_DEFINED_TRANSFORMATION(' ',' ',#5643,#6018);
#3602=ITEM_DEFINED_TRANSFORMATION(' ',' ',#5643,#6019);
#3603=ITEM_DEFINED_TRANSFORMATION(' ',' ',#5643,#6020);
#3604=ITEM_DEFINED_TRANSFORMATION(' ',' ',#5643,#6021);
#3605=ITEM_DEFINED_TRANSFORMATION(' ',' ',#5643,#6022);
#3606=ITEM_DEFINED_TRANSFORMATION(' ',' ',#5643,#6023);
#3607=ITEM_DEFINED_TRANSFORMATION(' ',' ',#5643,#6024);
#3608=ITEM_DEFINED_TRANSFORMATION(' ',' ',#5643,#6025);
#3609=ITEM_DEFINED_TRANSFORMATION(' ',' ',#5643,#6026);
#3610=ITEM_DEFINED_TRANSFORMATION(' ',' ',#5643,#6027);
#3611=ITEM_DEFINED_TRANSFORMATION(' ',' ',#5643,#6028);
#3612=ITEM_DEFINED_TRANSFORMATION(' ',' ',#5643,#6029);
#3613=ITEM_DEFINED_TRANSFORMATION(' ',' ',#5643,#6030);
#3614=ITEM_DEFINED_TRANSFORMATION(' ',' ',#5643,#6031);
#3615=ITEM_DEFINED_TRANSFORMATION(' ',' ',#5643,#6032);
#3616=ITEM_DEFINED_TRANSFORMATION(' ',' ',#5643,#6033);
#3617=ITEM_DEFINED_TRANSFORMATION(' ',' ',#5643,#6034);
#3618=ITEM_DEFINED_TRANSFORMATION(' ',' ',#5643,#6035);
#3619=ITEM_DEFINED_TRANSFORMATION(' ',' ',#5643,#6036);
#3620=ITEM_DEFINED_TRANSFORMATION(' ',' ',#5643,#6037);
#3621=ITEM_DEFINED_TRANSFORMATION(' ',' ',#5643,#6038);
#3622=ITEM_DEFINED_TRANSFORMATION(' ',' ',#5643,#6039);
#3623=ITEM_DEFINED_TRANSFORMATION(' ',' ',#5643,#6040);
#3624=ITEM_DEFINED_TRANSFORMATION(' ',' ',#5643,#6041);
#3625=ITEM_DEFINED_TRANSFORMATION(' ',' ',#5643,#6042);
#3626=ITEM_DEFINED_TRANSFORMATION(' ',' ',#5643,#6043);
#3627=ITEM_DEFINED_TRANSFORMATION(' ',' ',#5643,#6044);
#3628=ITEM_DEFINED_TRANSFORMATION(' ',' ',#5643,#6045);
#3629=ITEM_DEFINED_TRANSFORMATION(' ',' ',#5643,#6046);
#3630=ITEM_DEFINED_TRANSFORMATION(' ',' ',#5643,#6047);
#3631=ITEM_DEFINED_TRANSFORMATION(' ',' ',#5643,#6048);
#3632=ITEM_DEFINED_TRANSFORMATION(' ',' ',#5643,#6049);
#3633=ITEM_DEFINED_TRANSFORMATION(' ',' ',#5643,#6050);
#3634=ITEM_DEFINED_TRANSFORMATION(' ',' ',#5643,#6051);
#3635=ITEM_DEFINED_TRANSFORMATION(' ',' ',#5643,#6052);
#3636=ITEM_DEFINED_TRANSFORMATION(' ',' ',#5643,#6053);
#3637=ITEM_DEFINED_TRANSFORMATION(' ',' ',#5643,#6054);
#3638=ITEM_DEFINED_TRANSFORMATION(' ',' ',#5643,#6055);
#3639=ITEM_DEFINED_TRANSFORMATION(' ',' ',#5643,#6056);
#3640=ITEM_DEFINED_TRANSFORMATION(' ',' ',#5643,#6057);
#3641=ITEM_DEFINED_TRANSFORMATION(' ',' ',#5643,#6058);
#3642=ITEM_DEFINED_TRANSFORMATION(' ',' ',#5643,#6059);
#3643=ITEM_DEFINED_TRANSFORMATION(' ',' ',#5643,#6060);
#3644=ITEM_DEFINED_TRANSFORMATION(' ',' ',#5643,#6061);
#3645=ITEM_DEFINED_TRANSFORMATION(' ',' ',#5643,#6062);
#3646=ITEM_DEFINED_TRANSFORMATION(' ',' ',#5643,#6063);
#3647=ITEM_DEFINED_TRANSFORMATION(' ',' ',#5643,#6064);
#3648=ITEM_DEFINED_TRANSFORMATION(' ',' ',#5643,#6065);
#3649=ITEM_DEFINED_TRANSFORMATION(' ',' ',#5643,#6066);
#3650=ITEM_DEFINED_TRANSFORMATION(' ',' ',#5643,#6067);
#3651=ITEM_DEFINED_TRANSFORMATION(' ',' ',#5643,#6068);
#3652=ITEM_DEFINED_TRANSFORMATION(' ',' ',#5643,#6069);
#3653=ITEM_DEFINED_TRANSFORMATION(' ',' ',#5643,#6070);
#3654=ITEM_DEFINED_TRANSFORMATION(' ',' ',#5643,#6071);
#3655=ITEM_DEFINED_TRANSFORMATION(' ',' ',#5643,#6072);
#3656=ITEM_DEFINED_TRANSFORMATION(' ',' ',#5643,#6073);
#3657=ITEM_DEFINED_TRANSFORMATION(' ',' ',#5643,#6074);
#3658=ITEM_DEFINED_TRANSFORMATION(' ',' ',#5643,#6075);
#3659=ITEM_DEFINED_TRANSFORMATION(' ',' ',#5643,#6076);
#3660=ITEM_DEFINED_TRANSFORMATION(' ',' ',#5643,#6077);
#3661=ITEM_DEFINED_TRANSFORMATION(' ',' ',#5643,#6078);
#3662=ITEM_DEFINED_TRANSFORMATION(' ',' ',#5643,#6079);
#3663=ITEM_DEFINED_TRANSFORMATION(' ',' ',#5643,#6080);
#3664=ITEM_DEFINED_TRANSFORMATION(' ',' ',#5643,#6081);
#3665=ITEM_DEFINED_TRANSFORMATION(' ',' ',#5643,#6082);
#3666=ITEM_DEFINED_TRANSFORMATION(' ',' ',#5643,#6083);
#3667=ITEM_DEFINED_TRANSFORMATION(' ',' ',#5643,#6084);
#3668=ITEM_DEFINED_TRANSFORMATION(' ',' ',#5643,#6085);
#3669=ITEM_DEFINED_TRANSFORMATION(' ',' ',#5643,#6086);
#3670=ITEM_DEFINED_TRANSFORMATION(' ',' ',#5643,#6087);
#3671=ITEM_DEFINED_TRANSFORMATION(' ',' ',#5643,#6088);
#3672=ITEM_DEFINED_TRANSFORMATION(' ',' ',#5643,#6089);
#3673=ITEM_DEFINED_TRANSFORMATION(' ',' ',#5643,#6090);
#3674=ITEM_DEFINED_TRANSFORMATION(' ',' ',#5643,#6091);
#3675=ITEM_DEFINED_TRANSFORMATION(' ',' ',#5643,#6092);
#3676=ITEM_DEFINED_TRANSFORMATION(' ',' ',#5643,#6093);
#3677=ITEM_DEFINED_TRANSFORMATION(' ',' ',#5643,#6094);
#3678=ITEM_DEFINED_TRANSFORMATION(' ',' ',#5643,#6095);
#3679=ITEM_DEFINED_TRANSFORMATION(' ',' ',#5643,#6096);
#3680=ITEM_DEFINED_TRANSFORMATION(' ',' ',#5643,#6097);
#3681=ITEM_DEFINED_TRANSFORMATION(' ',' ',#5643,#6098);
#3682=ITEM_DEFINED_TRANSFORMATION(' ',' ',#5643,#6099);
#3683=ITEM_DEFINED_TRANSFORMATION(' ',' ',#5643,#6100);
#3684=ITEM_DEFINED_TRANSFORMATION(' ',' ',#5643,#6101);
#3685=ITEM_DEFINED_TRANSFORMATION(' ',' ',#5643,#6102);
#3686=ITEM_DEFINED_TRANSFORMATION(' ',' ',#5643,#6103);
#3687=ITEM_DEFINED_TRANSFORMATION(' ',' ',#5643,#6104);
#3688=ITEM_DEFINED_TRANSFORMATION(' ',' ',#5643,#6105);
#3689=ITEM_DEFINED_TRANSFORMATION(' ',' ',#5643,#6106);
#3690=ITEM_DEFINED_TRANSFORMATION(' ',' ',#5643,#6107);
#3691=ITEM_DEFINED_TRANSFORMATION(' ',' ',#5643,#6108);
#3692=ITEM_DEFINED_TRANSFORMATION(' ',' ',#5643,#6109);
#3693=ITEM_DEFINED_TRANSFORMATION(' ',' ',#5643,#6110);
#3694=ITEM_DEFINED_TRANSFORMATION(' ',' ',#5643,#6111);
#3695=ITEM_DEFINED_TRANSFORMATION(' ',' ',#5643,#6112);
#3696=ITEM_DEFINED_TRANSFORMATION(' ',' ',#5643,#6113);
#3697=ITEM_DEFINED_TRANSFORMATION(' ',' ',#5643,#6114);
#3698=ITEM_DEFINED_TRANSFORMATION(' ',' ',#5643,#6115);
#3699=ITEM_DEFINED_TRANSFORMATION(' ',' ',#5643,#6116);
#3700=ITEM_DEFINED_TRANSFORMATION(' ',' ',#5643,#6117);
#3701=ITEM_DEFINED_TRANSFORMATION(' ',' ',#5643,#6118);
#3702=ITEM_DEFINED_TRANSFORMATION(' ',' ',#5643,#6119);
#3703=ITEM_DEFINED_TRANSFORMATION(' ',' ',#5643,#6120);
#3704=ITEM_DEFINED_TRANSFORMATION(' ',' ',#5643,#6121);
#3705=ITEM_DEFINED_TRANSFORMATION(' ',' ',#5643,#6122);
#3706=ITEM_DEFINED_TRANSFORMATION(' ',' ',#5643,#6123);
#3707=ITEM_DEFINED_TRANSFORMATION(' ',' ',#5643,#6124);
#3708=ITEM_DEFINED_TRANSFORMATION(' ',' ',#5643,#6125);
#3709=ITEM_DEFINED_TRANSFORMATION(' ',' ',#5643,#6126);
#3710=ITEM_DEFINED_TRANSFORMATION(' ',' ',#5643,#6127);
#3711=ITEM_DEFINED_TRANSFORMATION(' ',' ',#5643,#6128);
#3712=ITEM_DEFINED_TRANSFORMATION(' ',' ',#5643,#6129);
#3713=ITEM_DEFINED_TRANSFORMATION(' ',' ',#5643,#6130);
#3714=ITEM_DEFINED_TRANSFORMATION(' ',' ',#5643,#6131);
#3715=ITEM_DEFINED_TRANSFORMATION(' ',' ',#5643,#6132);
#3716=ITEM_DEFINED_TRANSFORMATION(' ',' ',#5643,#6133);
#3717=ITEM_DEFINED_TRANSFORMATION(' ',' ',#5643,#6134);
#3718=ITEM_DEFINED_TRANSFORMATION(' ',' ',#5643,#6135);
#3719=ITEM_DEFINED_TRANSFORMATION(' ',' ',#5643,#6136);
#3720=ITEM_DEFINED_TRANSFORMATION(' ',' ',#5643,#6137);
#3721=ITEM_DEFINED_TRANSFORMATION(' ',' ',#5643,#6138);
#3722=ITEM_DEFINED_TRANSFORMATION(' ',' ',#5643,#6139);
#3723=ITEM_DEFINED_TRANSFORMATION(' ',' ',#5643,#6140);
#3724=ITEM_DEFINED_TRANSFORMATION(' ',' ',#5643,#6141);
#3725=ITEM_DEFINED_TRANSFORMATION(' ',' ',#5643,#6142);
#3726=ITEM_DEFINED_TRANSFORMATION(' ',' ',#5643,#6143);
#3727=ITEM_DEFINED_TRANSFORMATION(' ',' ',#5643,#6144);
#3728=ITEM_DEFINED_TRANSFORMATION(' ',' ',#5643,#6145);
#3729=ITEM_DEFINED_TRANSFORMATION(' ',' ',#5643,#6146);
#3730=ITEM_DEFINED_TRANSFORMATION(' ',' ',#5643,#6147);
#3731=ITEM_DEFINED_TRANSFORMATION(' ',' ',#5643,#6148);
#3732=ITEM_DEFINED_TRANSFORMATION(' ',' ',#5643,#6149);
#3733=ITEM_DEFINED_TRANSFORMATION(' ',' ',#5643,#6150);
#3734=ITEM_DEFINED_TRANSFORMATION(' ',' ',#5643,#6151);
#3735=ITEM_DEFINED_TRANSFORMATION(' ',' ',#5643,#6152);
#3736=ITEM_DEFINED_TRANSFORMATION(' ',' ',#5643,#6153);
#3737=ITEM_DEFINED_TRANSFORMATION(' ',' ',#5643,#6154);
#3738=ITEM_DEFINED_TRANSFORMATION(' ',' ',#5643,#6155);
#3739=ITEM_DEFINED_TRANSFORMATION(' ',' ',#5643,#6156);
#3740=ITEM_DEFINED_TRANSFORMATION(' ',' ',#5643,#6157);
#3741=ITEM_DEFINED_TRANSFORMATION(' ',' ',#5643,#6158);
#3742=ITEM_DEFINED_TRANSFORMATION(' ',' ',#5643,#6159);
#3743=ITEM_DEFINED_TRANSFORMATION(' ',' ',#5643,#6160);
#3744=ITEM_DEFINED_TRANSFORMATION(' ',' ',#5643,#6161);
#3745=ITEM_DEFINED_TRANSFORMATION(' ',' ',#5643,#6162);
#3746=ITEM_DEFINED_TRANSFORMATION(' ',' ',#5643,#6163);
#3747=ITEM_DEFINED_TRANSFORMATION(' ',' ',#5643,#6164);
#3748=ITEM_DEFINED_TRANSFORMATION(' ',' ',#5643,#6165);
#3749=ITEM_DEFINED_TRANSFORMATION(' ',' ',#5643,#6166);
#3750=ITEM_DEFINED_TRANSFORMATION(' ',' ',#5643,#6167);
#3751=ITEM_DEFINED_TRANSFORMATION(' ',' ',#5643,#6168);
#3752=ITEM_DEFINED_TRANSFORMATION(' ',' ',#5643,#6169);
#3753=ITEM_DEFINED_TRANSFORMATION(' ',' ',#5643,#6170);
#3754=ITEM_DEFINED_TRANSFORMATION(' ',' ',#5643,#6171);
#3755=ITEM_DEFINED_TRANSFORMATION(' ',' ',#5643,#6172);
#3756=ITEM_DEFINED_TRANSFORMATION(' ',' ',#5643,#6173);
#3757=ITEM_DEFINED_TRANSFORMATION(' ',' ',#5643,#6174);
#3758=ITEM_DEFINED_TRANSFORMATION(' ',' ',#5643,#6175);
#3759=ITEM_DEFINED_TRANSFORMATION(' ',' ',#5643,#6176);
#3760=ITEM_DEFINED_TRANSFORMATION(' ',' ',#5643,#6177);
#3761=ITEM_DEFINED_TRANSFORMATION(' ',' ',#5643,#6178);
#3762=ITEM_DEFINED_TRANSFORMATION(' ',' ',#5643,#6179);
#3763=ITEM_DEFINED_TRANSFORMATION(' ',' ',#5643,#6180);
#3764=ITEM_DEFINED_TRANSFORMATION(' ',' ',#5643,#6181);
#3765=ITEM_DEFINED_TRANSFORMATION(' ',' ',#5643,#6182);
#3766=ITEM_DEFINED_TRANSFORMATION(' ',' ',#5643,#6183);
#3767=ITEM_DEFINED_TRANSFORMATION(' ',' ',#5643,#6184);
#3768=ITEM_DEFINED_TRANSFORMATION(' ',' ',#5643,#6185);
#3769=ITEM_DEFINED_TRANSFORMATION(' ',' ',#5643,#6186);
#3770=ITEM_DEFINED_TRANSFORMATION(' ',' ',#5643,#6187);
#3771=ITEM_DEFINED_TRANSFORMATION(' ',' ',#5643,#6188);
#3772=ITEM_DEFINED_TRANSFORMATION(' ',' ',#5643,#6189);
#3773=ITEM_DEFINED_TRANSFORMATION(' ',' ',#5643,#6190);
#3774=ITEM_DEFINED_TRANSFORMATION(' ',' ',#5643,#6191);
#3775=ITEM_DEFINED_TRANSFORMATION(' ',' ',#5643,#6192);
#3776=ITEM_DEFINED_TRANSFORMATION(' ',' ',#5643,#6193);
#3777=ITEM_DEFINED_TRANSFORMATION(' ',' ',#5643,#6194);
#3778=ITEM_DEFINED_TRANSFORMATION(' ',' ',#5643,#6195);
#3779=ITEM_DEFINED_TRANSFORMATION(' ',' ',#5643,#6196);
#3780=ITEM_DEFINED_TRANSFORMATION(' ',' ',#5643,#6197);
#3781=ITEM_DEFINED_TRANSFORMATION(' ',' ',#5643,#6198);
#3782=ITEM_DEFINED_TRANSFORMATION(' ',' ',#5643,#6199);
#3783=ITEM_DEFINED_TRANSFORMATION(' ',' ',#5643,#6200);
#3784=ITEM_DEFINED_TRANSFORMATION(' ',' ',#5643,#6201);
#3785=ITEM_DEFINED_TRANSFORMATION(' ',' ',#5643,#6202);
#3786=ITEM_DEFINED_TRANSFORMATION(' ',' ',#5643,#6203);
#3787=ITEM_DEFINED_TRANSFORMATION(' ',' ',#5643,#6204);
#3788=ITEM_DEFINED_TRANSFORMATION(' ',' ',#5643,#6205);
#3789=ITEM_DEFINED_TRANSFORMATION(' ',' ',#5643,#6206);
#3790=ITEM_DEFINED_TRANSFORMATION(' ',' ',#5643,#6207);
#3791=ITEM_DEFINED_TRANSFORMATION(' ',' ',#5643,#6208);
#3792=ITEM_DEFINED_TRANSFORMATION(' ',' ',#5643,#6209);
#3793=ITEM_DEFINED_TRANSFORMATION(' ',' ',#5643,#6210);
#3794=ITEM_DEFINED_TRANSFORMATION(' ',' ',#5643,#6211);
#3795=ITEM_DEFINED_TRANSFORMATION(' ',' ',#5643,#6212);
#3796=ITEM_DEFINED_TRANSFORMATION(' ',' ',#5643,#6213);
#3797=ITEM_DEFINED_TRANSFORMATION(' ',' ',#5643,#6214);
#3798=ITEM_DEFINED_TRANSFORMATION(' ',' ',#5643,#6215);
#3799=ITEM_DEFINED_TRANSFORMATION(' ',' ',#5643,#6216);
#3800=ITEM_DEFINED_TRANSFORMATION(' ',' ',#5643,#6217);
#3801=ITEM_DEFINED_TRANSFORMATION(' ',' ',#5643,#6218);
#3802=ITEM_DEFINED_TRANSFORMATION(' ',' ',#5643,#6219);
#3803=ITEM_DEFINED_TRANSFORMATION(' ',' ',#5643,#6220);
#3804=ITEM_DEFINED_TRANSFORMATION(' ',' ',#5643,#6221);
#3805=ITEM_DEFINED_TRANSFORMATION(' ',' ',#5643,#6222);
#3806=ITEM_DEFINED_TRANSFORMATION(' ',' ',#5643,#6223);
#3807=ITEM_DEFINED_TRANSFORMATION(' ',' ',#5643,#6224);
#3808=ITEM_DEFINED_TRANSFORMATION(' ',' ',#5643,#6225);
#3809=ITEM_DEFINED_TRANSFORMATION(' ',' ',#5643,#6226);
#3810=ITEM_DEFINED_TRANSFORMATION(' ',' ',#5643,#6227);
#3811=ITEM_DEFINED_TRANSFORMATION(' ',' ',#5643,#6228);
#3812=ITEM_DEFINED_TRANSFORMATION(' ',' ',#5643,#6229);
#3813=ITEM_DEFINED_TRANSFORMATION(' ',' ',#5643,#6230);
#3814=ITEM_DEFINED_TRANSFORMATION(' ',' ',#5643,#6231);
#3815=ITEM_DEFINED_TRANSFORMATION(' ',' ',#5643,#6232);
#3816=ITEM_DEFINED_TRANSFORMATION(' ',' ',#5643,#6233);
#3817=ITEM_DEFINED_TRANSFORMATION(' ',' ',#5643,#6234);
#3818=ITEM_DEFINED_TRANSFORMATION(' ',' ',#5643,#6235);
#3819=ITEM_DEFINED_TRANSFORMATION(' ',' ',#5643,#6236);
#3820=ITEM_DEFINED_TRANSFORMATION(' ',' ',#5643,#6237);
#3821=ITEM_DEFINED_TRANSFORMATION(' ',' ',#5643,#6238);
#3822=ITEM_DEFINED_TRANSFORMATION(' ',' ',#5643,#6239);
#3823=ITEM_DEFINED_TRANSFORMATION(' ',' ',#5643,#6240);
#3824=ITEM_DEFINED_TRANSFORMATION(' ',' ',#5643,#6241);
#3825=ITEM_DEFINED_TRANSFORMATION(' ',' ',#5643,#6242);
#3826=ITEM_DEFINED_TRANSFORMATION(' ',' ',#5643,#6243);
#3827=ITEM_DEFINED_TRANSFORMATION(' ',' ',#5643,#6244);
#3828=ITEM_DEFINED_TRANSFORMATION(' ',' ',#5643,#6245);
#3829=ITEM_DEFINED_TRANSFORMATION(' ',' ',#5643,#6246);
#3830=ITEM_DEFINED_TRANSFORMATION(' ',' ',#5643,#6247);
#3831=ITEM_DEFINED_TRANSFORMATION(' ',' ',#5643,#6248);
#3832=ITEM_DEFINED_TRANSFORMATION(' ',' ',#5643,#6249);
#3833=ITEM_DEFINED_TRANSFORMATION(' ',' ',#5643,#6250);
#3834=ITEM_DEFINED_TRANSFORMATION(' ',' ',#5643,#6251);
#3835=ITEM_DEFINED_TRANSFORMATION(' ',' ',#5643,#6252);
#3836=ITEM_DEFINED_TRANSFORMATION(' ',' ',#5643,#6253);
#3837=ITEM_DEFINED_TRANSFORMATION(' ',' ',#5643,#6254);
#3838=ITEM_DEFINED_TRANSFORMATION(' ',' ',#5643,#6255);
#3839=ITEM_DEFINED_TRANSFORMATION(' ',' ',#5643,#6256);
#3840=ITEM_DEFINED_TRANSFORMATION(' ',' ',#5643,#6257);
#3841=ITEM_DEFINED_TRANSFORMATION(' ',' ',#5643,#6258);
#3842=ITEM_DEFINED_TRANSFORMATION(' ',' ',#5643,#6259);
#3843=ITEM_DEFINED_TRANSFORMATION(' ',' ',#5643,#6260);
#3844=ITEM_DEFINED_TRANSFORMATION(' ',' ',#5643,#6261);
#3845=ITEM_DEFINED_TRANSFORMATION(' ',' ',#5643,#6262);
#3846=ITEM_DEFINED_TRANSFORMATION(' ',' ',#5643,#6263);
#3847=ITEM_DEFINED_TRANSFORMATION(' ',' ',#5643,#6264);
#3848=ITEM_DEFINED_TRANSFORMATION(' ',' ',#5643,#6265);
#3849=ITEM_DEFINED_TRANSFORMATION(' ',' ',#5643,#6266);
#3850=ITEM_DEFINED_TRANSFORMATION(' ',' ',#5643,#6267);
#3851=ITEM_DEFINED_TRANSFORMATION(' ',' ',#5643,#6268);
#3852=ITEM_DEFINED_TRANSFORMATION(' ',' ',#5643,#6269);
#3853=ITEM_DEFINED_TRANSFORMATION(' ',' ',#5643,#6270);
#3854=ITEM_DEFINED_TRANSFORMATION(' ',' ',#5643,#6271);
#3855=ITEM_DEFINED_TRANSFORMATION(' ',' ',#5643,#6272);
#3856=ITEM_DEFINED_TRANSFORMATION(' ',' ',#5643,#6273);
#3857=ITEM_DEFINED_TRANSFORMATION(' ',' ',#5643,#6274);
#3858=ITEM_DEFINED_TRANSFORMATION(' ',' ',#5643,#6275);
#3859=ITEM_DEFINED_TRANSFORMATION(' ',' ',#5643,#6276);
#3860=ITEM_DEFINED_TRANSFORMATION(' ',' ',#5643,#6277);
#3861=ITEM_DEFINED_TRANSFORMATION(' ',' ',#5643,#6278);
#3862=ITEM_DEFINED_TRANSFORMATION(' ',' ',#5643,#6279);
#3863=ITEM_DEFINED_TRANSFORMATION(' ',' ',#5643,#6280);
#3864=ITEM_DEFINED_TRANSFORMATION(' ',' ',#5643,#6281);
#3865=ITEM_DEFINED_TRANSFORMATION(' ',' ',#5643,#6282);
#3866=ITEM_DEFINED_TRANSFORMATION(' ',' ',#5643,#6283);
#3867=ITEM_DEFINED_TRANSFORMATION(' ',' ',#5643,#6284);
#3868=ITEM_DEFINED_TRANSFORMATION(' ',' ',#5643,#6285);
#3869=ITEM_DEFINED_TRANSFORMATION(' ',' ',#5643,#6286);
#3870=ITEM_DEFINED_TRANSFORMATION(' ',' ',#5643,#6287);
#3871=ITEM_DEFINED_TRANSFORMATION(' ',' ',#5643,#6288);
#3872=ITEM_DEFINED_TRANSFORMATION(' ',' ',#5643,#6289);
#3873=ITEM_DEFINED_TRANSFORMATION(' ',' ',#5643,#6290);
#3874=ITEM_DEFINED_TRANSFORMATION(' ',' ',#5643,#6291);
#3875=ITEM_DEFINED_TRANSFORMATION(' ',' ',#5643,#6292);
#3876=ITEM_DEFINED_TRANSFORMATION(' ',' ',#5643,#6293);
#3877=ITEM_DEFINED_TRANSFORMATION(' ',' ',#5643,#6294);
#3878=ITEM_DEFINED_TRANSFORMATION(' ',' ',#5643,#6295);
#3879=ITEM_DEFINED_TRANSFORMATION(' ',' ',#5643,#6296);
#3880=ITEM_DEFINED_TRANSFORMATION(' ',' ',#5643,#6297);
#3881=ITEM_DEFINED_TRANSFORMATION(' ',' ',#5643,#6298);
#3882=ITEM_DEFINED_TRANSFORMATION(' ',' ',#5643,#6299);
#3883=ITEM_DEFINED_TRANSFORMATION(' ',' ',#5643,#6300);
#3884=ITEM_DEFINED_TRANSFORMATION(' ',' ',#5643,#6301);
#3885=ITEM_DEFINED_TRANSFORMATION(' ',' ',#5643,#6302);
#3886=ITEM_DEFINED_TRANSFORMATION(' ',' ',#5643,#6303);
#3887=ITEM_DEFINED_TRANSFORMATION(' ',' ',#5643,#6304);
#3888=ITEM_DEFINED_TRANSFORMATION(' ',' ',#5643,#6305);
#3889=ITEM_DEFINED_TRANSFORMATION(' ',' ',#5643,#6306);
#3890=ITEM_DEFINED_TRANSFORMATION(' ',' ',#5643,#6307);
#3891=ITEM_DEFINED_TRANSFORMATION(' ',' ',#5643,#6308);
#3892=ITEM_DEFINED_TRANSFORMATION(' ',' ',#5643,#6309);
#3893=ITEM_DEFINED_TRANSFORMATION(' ',' ',#5643,#6310);
#3894=ITEM_DEFINED_TRANSFORMATION(' ',' ',#5643,#6311);
#3895=ITEM_DEFINED_TRANSFORMATION(' ',' ',#5643,#6312);
#3896=ITEM_DEFINED_TRANSFORMATION(' ',' ',#5643,#6313);
#3897=ITEM_DEFINED_TRANSFORMATION(' ',' ',#5643,#6314);
#3898=ITEM_DEFINED_TRANSFORMATION(' ',' ',#5643,#6315);
#3899=ITEM_DEFINED_TRANSFORMATION(' ',' ',#5643,#6316);
#3900=ITEM_DEFINED_TRANSFORMATION(' ',' ',#5643,#6317);
#3901=ITEM_DEFINED_TRANSFORMATION(' ',' ',#5643,#6318);
#3902=ITEM_DEFINED_TRANSFORMATION(' ',' ',#5643,#6319);
#3903=ITEM_DEFINED_TRANSFORMATION(' ',' ',#5643,#6320);
#3904=ITEM_DEFINED_TRANSFORMATION(' ',' ',#5643,#6321);
#3905=ITEM_DEFINED_TRANSFORMATION(' ',' ',#5643,#6322);
#3906=ITEM_DEFINED_TRANSFORMATION(' ',' ',#5643,#6323);
#3907=ITEM_DEFINED_TRANSFORMATION(' ',' ',#5643,#6324);
#3908=ITEM_DEFINED_TRANSFORMATION(' ',' ',#5643,#6325);
#3909=ITEM_DEFINED_TRANSFORMATION(' ',' ',#5643,#6326);
#3910=ITEM_DEFINED_TRANSFORMATION(' ',' ',#5643,#6327);
#3911=ITEM_DEFINED_TRANSFORMATION(' ',' ',#5643,#6328);
#3912=ITEM_DEFINED_TRANSFORMATION(' ',' ',#5643,#6329);
#3913=ITEM_DEFINED_TRANSFORMATION(' ',' ',#5643,#6330);
#3914=ITEM_DEFINED_TRANSFORMATION(' ',' ',#5643,#6331);
#3915=ITEM_DEFINED_TRANSFORMATION(' ',' ',#5643,#6332);
#3916=ITEM_DEFINED_TRANSFORMATION(' ',' ',#5643,#6333);
#3917=ITEM_DEFINED_TRANSFORMATION(' ',' ',#5643,#6334);
#3918=ITEM_DEFINED_TRANSFORMATION(' ',' ',#5643,#6335);
#3919=ITEM_DEFINED_TRANSFORMATION(' ',' ',#5643,#6336);
#3920=ITEM_DEFINED_TRANSFORMATION(' ',' ',#5643,#6337);
#3921=ITEM_DEFINED_TRANSFORMATION(' ',' ',#5643,#6338);
#3922=ITEM_DEFINED_TRANSFORMATION(' ',' ',#5643,#6339);
#3923=ITEM_DEFINED_TRANSFORMATION(' ',' ',#5643,#6340);
#3924=ITEM_DEFINED_TRANSFORMATION(' ',' ',#5643,#6341);
#3925=ITEM_DEFINED_TRANSFORMATION(' ',' ',#5643,#6342);
#3926=ITEM_DEFINED_TRANSFORMATION(' ',' ',#5643,#6343);
#3927=ITEM_DEFINED_TRANSFORMATION(' ',' ',#5643,#6344);
#3928=ITEM_DEFINED_TRANSFORMATION(' ',' ',#5643,#6345);
#3929=ITEM_DEFINED_TRANSFORMATION(' ',' ',#5643,#6346);
#3930=ITEM_DEFINED_TRANSFORMATION(' ',' ',#5643,#6347);
#3931=ITEM_DEFINED_TRANSFORMATION(' ',' ',#5643,#6348);
#3932=ITEM_DEFINED_TRANSFORMATION(' ',' ',#5643,#6349);
#3933=ITEM_DEFINED_TRANSFORMATION(' ',' ',#5643,#6350);
#3934=ITEM_DEFINED_TRANSFORMATION(' ',' ',#5643,#6351);
#3935=ITEM_DEFINED_TRANSFORMATION(' ',' ',#5643,#6352);
#3936=ITEM_DEFINED_TRANSFORMATION(' ',' ',#5643,#6353);
#3937=ITEM_DEFINED_TRANSFORMATION(' ',' ',#5643,#6354);
#3938=ITEM_DEFINED_TRANSFORMATION(' ',' ',#5643,#6355);
#3939=ITEM_DEFINED_TRANSFORMATION(' ',' ',#5643,#6356);
#3940=ITEM_DEFINED_TRANSFORMATION(' ',' ',#5643,#6357);
#3941=ITEM_DEFINED_TRANSFORMATION(' ',' ',#5643,#6358);
#3942=ITEM_DEFINED_TRANSFORMATION(' ',' ',#5643,#6359);
#3943=ITEM_DEFINED_TRANSFORMATION(' ',' ',#5643,#6360);
#3944=ITEM_DEFINED_TRANSFORMATION(' ',' ',#5643,#6361);
#3945=ITEM_DEFINED_TRANSFORMATION(' ',' ',#5643,#6362);
#3946=ITEM_DEFINED_TRANSFORMATION(' ',' ',#5643,#6363);
#3947=ITEM_DEFINED_TRANSFORMATION(' ',' ',#5643,#6364);
#3948=ITEM_DEFINED_TRANSFORMATION(' ',' ',#5643,#6365);
#3949=ITEM_DEFINED_TRANSFORMATION(' ',' ',#5643,#6366);
#3950=ITEM_DEFINED_TRANSFORMATION(' ',' ',#5643,#6367);
#3951=ITEM_DEFINED_TRANSFORMATION(' ',' ',#5643,#6368);
#3952=ITEM_DEFINED_TRANSFORMATION(' ',' ',#5643,#6369);
#3953=ITEM_DEFINED_TRANSFORMATION(' ',' ',#5643,#6370);
#3954=ITEM_DEFINED_TRANSFORMATION(' ',' ',#5643,#6371);
#3955=ITEM_DEFINED_TRANSFORMATION(' ',' ',#5643,#6372);
#3956=ITEM_DEFINED_TRANSFORMATION(' ',' ',#5643,#6373);
#3957=ITEM_DEFINED_TRANSFORMATION(' ',' ',#5643,#6374);
#3958=ITEM_DEFINED_TRANSFORMATION(' ',' ',#5643,#6375);
#3959=ITEM_DEFINED_TRANSFORMATION(' ',' ',#5643,#6376);
#3960=ITEM_DEFINED_TRANSFORMATION(' ',' ',#5643,#6377);
#3961=ITEM_DEFINED_TRANSFORMATION(' ',' ',#5643,#6378);
#3962=ITEM_DEFINED_TRANSFORMATION(' ',' ',#5643,#6379);
#3963=ITEM_DEFINED_TRANSFORMATION(' ',' ',#5643,#6380);
#3964=ITEM_DEFINED_TRANSFORMATION(' ',' ',#5643,#6381);
#3965=ITEM_DEFINED_TRANSFORMATION(' ',' ',#5643,#6382);
#3966=ITEM_DEFINED_TRANSFORMATION(' ',' ',#5643,#6383);
#3967=ITEM_DEFINED_TRANSFORMATION(' ',' ',#5643,#6384);
#3968=ITEM_DEFINED_TRANSFORMATION(' ',' ',#5643,#6385);
#3969=ITEM_DEFINED_TRANSFORMATION(' ',' ',#5643,#6386);
#3970=ITEM_DEFINED_TRANSFORMATION(' ',' ',#5643,#6387);
#3971=ITEM_DEFINED_TRANSFORMATION(' ',' ',#5643,#6388);
#3972=ITEM_DEFINED_TRANSFORMATION(' ',' ',#5643,#6389);
#3973=ITEM_DEFINED_TRANSFORMATION(' ',' ',#5643,#6390);
#3974=ITEM_DEFINED_TRANSFORMATION(' ',' ',#5643,#6391);
#3975=ITEM_DEFINED_TRANSFORMATION(' ',' ',#5643,#6392);
#3976=ITEM_DEFINED_TRANSFORMATION(' ',' ',#5643,#6393);
#3977=ITEM_DEFINED_TRANSFORMATION(' ',' ',#5643,#6394);
#3978=ITEM_DEFINED_TRANSFORMATION(' ',' ',#5643,#6395);
#3979=ITEM_DEFINED_TRANSFORMATION(' ',' ',#5643,#6396);
#3980=ITEM_DEFINED_TRANSFORMATION(' ',' ',#5643,#6397);
#3981=ITEM_DEFINED_TRANSFORMATION(' ',' ',#5643,#6398);
#3982=ITEM_DEFINED_TRANSFORMATION(' ',' ',#5643,#6399);
#3983=ITEM_DEFINED_TRANSFORMATION(' ',' ',#5643,#6400);
#3984=ITEM_DEFINED_TRANSFORMATION(' ',' ',#5643,#6401);
#3985=ITEM_DEFINED_TRANSFORMATION(' ',' ',#5643,#6402);
#3986=ITEM_DEFINED_TRANSFORMATION(' ',' ',#5643,#6403);
#3987=ITEM_DEFINED_TRANSFORMATION(' ',' ',#5643,#6404);
#3988=ITEM_DEFINED_TRANSFORMATION(' ',' ',#5643,#6405);
#3989=ITEM_DEFINED_TRANSFORMATION(' ',' ',#5643,#6406);
#3990=ITEM_DEFINED_TRANSFORMATION(' ',' ',#5643,#6407);
#3991=ITEM_DEFINED_TRANSFORMATION(' ',' ',#5643,#6408);
#3992=ITEM_DEFINED_TRANSFORMATION(' ',' ',#5643,#6409);
#3993=ITEM_DEFINED_TRANSFORMATION(' ',' ',#5643,#6410);
#3994=ITEM_DEFINED_TRANSFORMATION(' ',' ',#5643,#6411);
#3995=ITEM_DEFINED_TRANSFORMATION(' ',' ',#5643,#6412);
#3996=ITEM_DEFINED_TRANSFORMATION(' ',' ',#5643,#6413);
#3997=ITEM_DEFINED_TRANSFORMATION(' ',' ',#5643,#6414);
#3998=ITEM_DEFINED_TRANSFORMATION(' ',' ',#5643,#6415);
#3999=ITEM_DEFINED_TRANSFORMATION(' ',' ',#5643,#6416);
#4000=ITEM_DEFINED_TRANSFORMATION(' ',' ',#5643,#6417);
#4001=ITEM_DEFINED_TRANSFORMATION(' ',' ',#5643,#6418);
#4002=ITEM_DEFINED_TRANSFORMATION(' ',' ',#5643,#6419);
#4003=ITEM_DEFINED_TRANSFORMATION(' ',' ',#5643,#6420);
#4004=ITEM_DEFINED_TRANSFORMATION(' ',' ',#5643,#6421);
#4005=ITEM_DEFINED_TRANSFORMATION(' ',' ',#5643,#6422);
#4006=ITEM_DEFINED_TRANSFORMATION(' ',' ',#5643,#6423);
#4007=ITEM_DEFINED_TRANSFORMATION(' ',' ',#5643,#6424);
#4008=ITEM_DEFINED_TRANSFORMATION(' ',' ',#5643,#6425);
#4009=ITEM_DEFINED_TRANSFORMATION(' ',' ',#5643,#6426);
#4010=ITEM_DEFINED_TRANSFORMATION(' ',' ',#5643,#6427);
#4011=ITEM_DEFINED_TRANSFORMATION(' ',' ',#5643,#6428);
#4012=ITEM_DEFINED_TRANSFORMATION(' ',' ',#5643,#6429);
#4013=ITEM_DEFINED_TRANSFORMATION(' ',' ',#5643,#6430);
#4014=ITEM_DEFINED_TRANSFORMATION(' ',' ',#5643,#6431);
#4015=ITEM_DEFINED_TRANSFORMATION(' ',' ',#5643,#6432);
#4016=ITEM_DEFINED_TRANSFORMATION(' ',' ',#5643,#6433);
#4017=ITEM_DEFINED_TRANSFORMATION(' ',' ',#5643,#6434);
#4018=ITEM_DEFINED_TRANSFORMATION(' ',' ',#5643,#6435);
#4019=ITEM_DEFINED_TRANSFORMATION(' ',' ',#5643,#6436);
#4020=ITEM_DEFINED_TRANSFORMATION(' ',' ',#5643,#6437);
#4021=ITEM_DEFINED_TRANSFORMATION(' ',' ',#5643,#6438);
#4022=ITEM_DEFINED_TRANSFORMATION(' ',' ',#5643,#6439);
#4023=ITEM_DEFINED_TRANSFORMATION(' ',' ',#5643,#6440);
#4024=ITEM_DEFINED_TRANSFORMATION(' ',' ',#5643,#6441);
#4025=ITEM_DEFINED_TRANSFORMATION(' ',' ',#5643,#6442);
#4026=ITEM_DEFINED_TRANSFORMATION(' ',' ',#5643,#6443);
#4027=ITEM_DEFINED_TRANSFORMATION(' ',' ',#5643,#6444);
#4028=ITEM_DEFINED_TRANSFORMATION(' ',' ',#5643,#6445);
#4029=ITEM_DEFINED_TRANSFORMATION(' ',' ',#5643,#6446);
#4030=ITEM_DEFINED_TRANSFORMATION(' ',' ',#5643,#6447);
#4031=ITEM_DEFINED_TRANSFORMATION(' ',' ',#5643,#6448);
#4032=ITEM_DEFINED_TRANSFORMATION(' ',' ',#5643,#6449);
#4033=ITEM_DEFINED_TRANSFORMATION(' ',' ',#5643,#6450);
#4034=ITEM_DEFINED_TRANSFORMATION(' ',' ',#5643,#6451);
#4035=ITEM_DEFINED_TRANSFORMATION(' ',' ',#5643,#6452);
#4036=ITEM_DEFINED_TRANSFORMATION(' ',' ',#5643,#6453);
#4037=ITEM_DEFINED_TRANSFORMATION(' ',' ',#5643,#6454);
#4038=ITEM_DEFINED_TRANSFORMATION(' ',' ',#5643,#6455);
#4039=ITEM_DEFINED_TRANSFORMATION(' ',' ',#5643,#6456);
#4040=ITEM_DEFINED_TRANSFORMATION(' ',' ',#5643,#6457);
#4041=ITEM_DEFINED_TRANSFORMATION(' ',' ',#5643,#6458);
#4042=ITEM_DEFINED_TRANSFORMATION(' ',' ',#5643,#6459);
#4043=ITEM_DEFINED_TRANSFORMATION(' ',' ',#5643,#6460);
#4044=ITEM_DEFINED_TRANSFORMATION(' ',' ',#5643,#6461);
#4045=ITEM_DEFINED_TRANSFORMATION(' ',' ',#5643,#6462);
#4046=ITEM_DEFINED_TRANSFORMATION(' ',' ',#5643,#6463);
#4047=ITEM_DEFINED_TRANSFORMATION(' ',' ',#5643,#6464);
#4048=ITEM_DEFINED_TRANSFORMATION(' ',' ',#5643,#6465);
#4049=ITEM_DEFINED_TRANSFORMATION(' ',' ',#5643,#6466);
#4050=ITEM_DEFINED_TRANSFORMATION(' ',' ',#5643,#6467);
#4051=ITEM_DEFINED_TRANSFORMATION(' ',' ',#5643,#6468);
#4052=ITEM_DEFINED_TRANSFORMATION(' ',' ',#5643,#6469);
#4053=ITEM_DEFINED_TRANSFORMATION(' ',' ',#5643,#6470);
#4054=ITEM_DEFINED_TRANSFORMATION(' ',' ',#5643,#6471);
#4055=ITEM_DEFINED_TRANSFORMATION(' ',' ',#5643,#6472);
#4056=ITEM_DEFINED_TRANSFORMATION(' ',' ',#5643,#6473);
#4057=ITEM_DEFINED_TRANSFORMATION(' ',' ',#5643,#6474);
#4058=ITEM_DEFINED_TRANSFORMATION(' ',' ',#5643,#6475);
#4059=ITEM_DEFINED_TRANSFORMATION(' ',' ',#5643,#6476);
#4060=ITEM_DEFINED_TRANSFORMATION(' ',' ',#5643,#6477);
#4061=ITEM_DEFINED_TRANSFORMATION(' ',' ',#5643,#6478);
#4062=ITEM_DEFINED_TRANSFORMATION(' ',' ',#5643,#6479);
#4063=ITEM_DEFINED_TRANSFORMATION(' ',' ',#5643,#6480);
#4064=ITEM_DEFINED_TRANSFORMATION(' ',' ',#5643,#6481);
#4065=ITEM_DEFINED_TRANSFORMATION(' ',' ',#5643,#6482);
#4066=ITEM_DEFINED_TRANSFORMATION(' ',' ',#5643,#6483);
#4067=ITEM_DEFINED_TRANSFORMATION(' ',' ',#5643,#6484);
#4068=ITEM_DEFINED_TRANSFORMATION(' ',' ',#5643,#6485);
#4069=ITEM_DEFINED_TRANSFORMATION(' ',' ',#5643,#6486);
#4070=ITEM_DEFINED_TRANSFORMATION(' ',' ',#5643,#6487);
#4071=ITEM_DEFINED_TRANSFORMATION(' ',' ',#5643,#6488);
#4072=ITEM_DEFINED_TRANSFORMATION(' ',' ',#5643,#6489);
#4073=ITEM_DEFINED_TRANSFORMATION(' ',' ',#5643,#6490);
#4074=ITEM_DEFINED_TRANSFORMATION(' ',' ',#5643,#6491);
#4075=ITEM_DEFINED_TRANSFORMATION(' ',' ',#5643,#6492);
#4076=ITEM_DEFINED_TRANSFORMATION(' ',' ',#5643,#6493);
#4077=ITEM_DEFINED_TRANSFORMATION(' ',' ',#5643,#6494);
#4078=ITEM_DEFINED_TRANSFORMATION(' ',' ',#5643,#6495);
#4079=ITEM_DEFINED_TRANSFORMATION(' ',' ',#5643,#6496);
#4080=ITEM_DEFINED_TRANSFORMATION(' ',' ',#5643,#6497);
#4081=ITEM_DEFINED_TRANSFORMATION(' ',' ',#5643,#6498);
#4082=ITEM_DEFINED_TRANSFORMATION(' ',' ',#5643,#6499);
#4083=ITEM_DEFINED_TRANSFORMATION(' ',' ',#5643,#6500);
#4084=ITEM_DEFINED_TRANSFORMATION(' ',' ',#5643,#6501);
#4085=ITEM_DEFINED_TRANSFORMATION(' ',' ',#5643,#6502);
#4086=ITEM_DEFINED_TRANSFORMATION(' ',' ',#5643,#6503);
#4087=ITEM_DEFINED_TRANSFORMATION(' ',' ',#5643,#6504);
#4088=ITEM_DEFINED_TRANSFORMATION(' ',' ',#5643,#6505);
#4089=ITEM_DEFINED_TRANSFORMATION(' ',' ',#5643,#6506);
#4090=ITEM_DEFINED_TRANSFORMATION(' ',' ',#5643,#6507);
#4091=ITEM_DEFINED_TRANSFORMATION(' ',' ',#5643,#6508);
#4092=ITEM_DEFINED_TRANSFORMATION(' ',' ',#5643,#6509);
#4093=ITEM_DEFINED_TRANSFORMATION(' ',' ',#5643,#6510);
#4094=ITEM_DEFINED_TRANSFORMATION(' ',' ',#5643,#6511);
#4095=ITEM_DEFINED_TRANSFORMATION(' ',' ',#5643,#6512);
#4096=ITEM_DEFINED_TRANSFORMATION(' ',' ',#5643,#6513);
#4097=ITEM_DEFINED_TRANSFORMATION(' ',' ',#5643,#6514);
#4098=ITEM_DEFINED_TRANSFORMATION(' ',' ',#5643,#6515);
#4099=ITEM_DEFINED_TRANSFORMATION(' ',' ',#5643,#6516);
#4100=ITEM_DEFINED_TRANSFORMATION(' ',' ',#5643,#6517);
#4101=ITEM_DEFINED_TRANSFORMATION(' ',' ',#5643,#6518);
#4102=ITEM_DEFINED_TRANSFORMATION(' ',' ',#5643,#6519);
#4103=ITEM_DEFINED_TRANSFORMATION(' ',' ',#5643,#6520);
#4104=ITEM_DEFINED_TRANSFORMATION(' ',' ',#5643,#6521);
#4105=ITEM_DEFINED_TRANSFORMATION(' ',' ',#5643,#6522);
#4106=ITEM_DEFINED_TRANSFORMATION(' ',' ',#5643,#6523);
#4107=ITEM_DEFINED_TRANSFORMATION(' ',' ',#5643,#6524);
#4108=ITEM_DEFINED_TRANSFORMATION(' ',' ',#5643,#6525);
#4109=ITEM_DEFINED_TRANSFORMATION(' ',' ',#5643,#6526);
#4110=ITEM_DEFINED_TRANSFORMATION(' ',' ',#5643,#6527);
#4111=ITEM_DEFINED_TRANSFORMATION(' ',' ',#5643,#6528);
#4112=ITEM_DEFINED_TRANSFORMATION(' ',' ',#5643,#6529);
#4113=ITEM_DEFINED_TRANSFORMATION(' ',' ',#5643,#6530);
#4114=ITEM_DEFINED_TRANSFORMATION(' ',' ',#5643,#6531);
#4115=ITEM_DEFINED_TRANSFORMATION(' ',' ',#5643,#6532);
#4116=ITEM_DEFINED_TRANSFORMATION(' ',' ',#5643,#6533);
#4117=ITEM_DEFINED_TRANSFORMATION(' ',' ',#5643,#6534);
#4118=ITEM_DEFINED_TRANSFORMATION(' ',' ',#5643,#6535);
#4119=ITEM_DEFINED_TRANSFORMATION(' ',' ',#5643,#6536);
#4120=ITEM_DEFINED_TRANSFORMATION(' ',' ',#5643,#6537);
#4121=ITEM_DEFINED_TRANSFORMATION(' ',' ',#5643,#6538);
#4122=ITEM_DEFINED_TRANSFORMATION(' ',' ',#5643,#6539);
#4123=ITEM_DEFINED_TRANSFORMATION(' ',' ',#5643,#6540);
#4124=ITEM_DEFINED_TRANSFORMATION(' ',' ',#5643,#6541);
#4125=ITEM_DEFINED_TRANSFORMATION(' ',' ',#5643,#6542);
#4126=ITEM_DEFINED_TRANSFORMATION(' ',' ',#5643,#6543);
#4127=ITEM_DEFINED_TRANSFORMATION(' ',' ',#5643,#6544);
#4128=ITEM_DEFINED_TRANSFORMATION(' ',' ',#5643,#6545);
#4129=ITEM_DEFINED_TRANSFORMATION(' ',' ',#5643,#6546);
#4130=ITEM_DEFINED_TRANSFORMATION(' ',' ',#5643,#6547);
#4131=ITEM_DEFINED_TRANSFORMATION(' ',' ',#5643,#6548);
#4132=ITEM_DEFINED_TRANSFORMATION(' ',' ',#5643,#6549);
#4133=ITEM_DEFINED_TRANSFORMATION(' ',' ',#5643,#6550);
#4134=ITEM_DEFINED_TRANSFORMATION(' ',' ',#5643,#6551);
#4135=ITEM_DEFINED_TRANSFORMATION(' ',' ',#5643,#6552);
#4136=ITEM_DEFINED_TRANSFORMATION(' ',' ',#5643,#6553);
#4137=ITEM_DEFINED_TRANSFORMATION(' ',' ',#5643,#6554);
#4138=ITEM_DEFINED_TRANSFORMATION(' ',' ',#5643,#6555);
#4139=ITEM_DEFINED_TRANSFORMATION(' ',' ',#5643,#6556);
#4140=ITEM_DEFINED_TRANSFORMATION(' ',' ',#5643,#6557);
#4141=ITEM_DEFINED_TRANSFORMATION(' ',' ',#5643,#6558);
#4142=ITEM_DEFINED_TRANSFORMATION(' ',' ',#5643,#6559);
#4143=ITEM_DEFINED_TRANSFORMATION(' ',' ',#5643,#6560);
#4144=ITEM_DEFINED_TRANSFORMATION(' ',' ',#5643,#6561);
#4145=ITEM_DEFINED_TRANSFORMATION(' ',' ',#5643,#6562);
#4146=ITEM_DEFINED_TRANSFORMATION(' ',' ',#5643,#6563);
#4147=ITEM_DEFINED_TRANSFORMATION(' ',' ',#5643,#6564);
#4148=ITEM_DEFINED_TRANSFORMATION(' ',' ',#5643,#6565);
#4149=ITEM_DEFINED_TRANSFORMATION(' ',' ',#5643,#6566);
#4150=ITEM_DEFINED_TRANSFORMATION(' ',' ',#5643,#6567);
#4151=ITEM_DEFINED_TRANSFORMATION(' ',' ',#5643,#6568);
#4152=ITEM_DEFINED_TRANSFORMATION(' ',' ',#5643,#6569);
#4153=ITEM_DEFINED_TRANSFORMATION(' ',' ',#5643,#6570);
#4154=ITEM_DEFINED_TRANSFORMATION(' ',' ',#5643,#6571);
#4155=ITEM_DEFINED_TRANSFORMATION(' ',' ',#5643,#6572);
#4156=ITEM_DEFINED_TRANSFORMATION(' ',' ',#5643,#6573);
#4157=ITEM_DEFINED_TRANSFORMATION(' ',' ',#5643,#6574);
#4158=ITEM_DEFINED_TRANSFORMATION(' ',' ',#5643,#6575);
#4159=ITEM_DEFINED_TRANSFORMATION(' ',' ',#5643,#6576);
#4160=ITEM_DEFINED_TRANSFORMATION(' ',' ',#5643,#6577);
#4161=ITEM_DEFINED_TRANSFORMATION(' ',' ',#5643,#6578);
#4162=ITEM_DEFINED_TRANSFORMATION(' ',' ',#5643,#6579);
#4163=ITEM_DEFINED_TRANSFORMATION(' ',' ',#5643,#6580);
#4164=ITEM_DEFINED_TRANSFORMATION(' ',' ',#5643,#6581);
#4165=ITEM_DEFINED_TRANSFORMATION(' ',' ',#5643,#6582);
#4166=ITEM_DEFINED_TRANSFORMATION(' ',' ',#5643,#6583);
#4167=ITEM_DEFINED_TRANSFORMATION(' ',' ',#5643,#6584);
#4168=ITEM_DEFINED_TRANSFORMATION(' ',' ',#5643,#6585);
#4169=ITEM_DEFINED_TRANSFORMATION(' ',' ',#5643,#6586);
#4170=ITEM_DEFINED_TRANSFORMATION(' ',' ',#5643,#6587);
#4171=ITEM_DEFINED_TRANSFORMATION(' ',' ',#5643,#6588);
#4172=ITEM_DEFINED_TRANSFORMATION(' ',' ',#5643,#6589);
#4173=ITEM_DEFINED_TRANSFORMATION(' ',' ',#5643,#6590);
#4174=ITEM_DEFINED_TRANSFORMATION(' ',' ',#5643,#6591);
#4175=ITEM_DEFINED_TRANSFORMATION(' ',' ',#5643,#6592);
#4176=ITEM_DEFINED_TRANSFORMATION(' ',' ',#5643,#6593);
#4177=ITEM_DEFINED_TRANSFORMATION(' ',' ',#5643,#6594);
#4178=ITEM_DEFINED_TRANSFORMATION(' ',' ',#5643,#6595);
#4179=ITEM_DEFINED_TRANSFORMATION(' ',' ',#5643,#6596);
#4180=ITEM_DEFINED_TRANSFORMATION(' ',' ',#5643,#6597);
#4181=ITEM_DEFINED_TRANSFORMATION(' ',' ',#5643,#6598);
#4182=ITEM_DEFINED_TRANSFORMATION(' ',' ',#5643,#6599);
#4183=ITEM_DEFINED_TRANSFORMATION(' ',' ',#5643,#6600);
#4184=ITEM_DEFINED_TRANSFORMATION(' ',' ',#5643,#6601);
#4185=ITEM_DEFINED_TRANSFORMATION(' ',' ',#5643,#6602);
#4186=ITEM_DEFINED_TRANSFORMATION(' ',' ',#5643,#6603);
#4187=ITEM_DEFINED_TRANSFORMATION(' ',' ',#5643,#6604);
#4188=ITEM_DEFINED_TRANSFORMATION(' ',' ',#5643,#6605);
#4189=ITEM_DEFINED_TRANSFORMATION(' ',' ',#5643,#6606);
#4190=ITEM_DEFINED_TRANSFORMATION(' ',' ',#5643,#6607);
#4191=ITEM_DEFINED_TRANSFORMATION(' ',' ',#5643,#6608);
#4192=ITEM_DEFINED_TRANSFORMATION(' ',' ',#5643,#6609);
#4193=ITEM_DEFINED_TRANSFORMATION(' ',' ',#5643,#6610);
#4194=ITEM_DEFINED_TRANSFORMATION(' ',' ',#5643,#6611);
#4195=ITEM_DEFINED_TRANSFORMATION(' ',' ',#5643,#6612);
#4196=ITEM_DEFINED_TRANSFORMATION(' ',' ',#5643,#6613);
#4197=ITEM_DEFINED_TRANSFORMATION(' ',' ',#5643,#6614);
#4198=ITEM_DEFINED_TRANSFORMATION(' ',' ',#5643,#6615);
#4199=ITEM_DEFINED_TRANSFORMATION(' ',' ',#5643,#6616);
#4200=ITEM_DEFINED_TRANSFORMATION(' ',' ',#5643,#6617);
#4201=ITEM_DEFINED_TRANSFORMATION(' ',' ',#5643,#6618);
#4202=ITEM_DEFINED_TRANSFORMATION(' ',' ',#5643,#6619);
#4203=ITEM_DEFINED_TRANSFORMATION(' ',' ',#5643,#6620);
#4204=ITEM_DEFINED_TRANSFORMATION(' ',' ',#5643,#6621);
#4205=ITEM_DEFINED_TRANSFORMATION(' ',' ',#5643,#6622);
#4206=ITEM_DEFINED_TRANSFORMATION(' ',' ',#5643,#6623);
#4207=ITEM_DEFINED_TRANSFORMATION(' ',' ',#5643,#6624);
#4208=ITEM_DEFINED_TRANSFORMATION(' ',' ',#5643,#6625);
#4209=ITEM_DEFINED_TRANSFORMATION(' ',' ',#5643,#6626);
#4210=ITEM_DEFINED_TRANSFORMATION(' ',' ',#5643,#6627);
#4211=ITEM_DEFINED_TRANSFORMATION(' ',' ',#5643,#6628);
#4212=ITEM_DEFINED_TRANSFORMATION(' ',' ',#5643,#6629);
#4213=ITEM_DEFINED_TRANSFORMATION(' ',' ',#5643,#6630);
#4214=ITEM_DEFINED_TRANSFORMATION(' ',' ',#5643,#6631);
#4215=ITEM_DEFINED_TRANSFORMATION(' ',' ',#5643,#6632);
#4216=ITEM_DEFINED_TRANSFORMATION(' ',' ',#5643,#6633);
#4217=ITEM_DEFINED_TRANSFORMATION(' ',' ',#5643,#6634);
#4218=ITEM_DEFINED_TRANSFORMATION(' ',' ',#5643,#6635);
#4219=ITEM_DEFINED_TRANSFORMATION(' ',' ',#5643,#6636);
#4220=ITEM_DEFINED_TRANSFORMATION(' ',' ',#5643,#6637);
#4221=ITEM_DEFINED_TRANSFORMATION(' ',' ',#5643,#6638);
#4222=ITEM_DEFINED_TRANSFORMATION(' ',' ',#5643,#6639);
#4223=ITEM_DEFINED_TRANSFORMATION(' ',' ',#5643,#6640);
#4224=ITEM_DEFINED_TRANSFORMATION(' ',' ',#5643,#6641);
#4225=ITEM_DEFINED_TRANSFORMATION(' ',' ',#5643,#6642);
#4226=ITEM_DEFINED_TRANSFORMATION(' ',' ',#5643,#6643);
#4227=ITEM_DEFINED_TRANSFORMATION(' ',' ',#5643,#6644);
#4228=ITEM_DEFINED_TRANSFORMATION(' ',' ',#5643,#6645);
#4229=ITEM_DEFINED_TRANSFORMATION(' ',' ',#5643,#6646);
#4230=ITEM_DEFINED_TRANSFORMATION(' ',' ',#5643,#6647);
#4231=ITEM_DEFINED_TRANSFORMATION(' ',' ',#5643,#6648);
#4232=ITEM_DEFINED_TRANSFORMATION(' ',' ',#5643,#6649);
#4233=ITEM_DEFINED_TRANSFORMATION(' ',' ',#5643,#6650);
#4234=ITEM_DEFINED_TRANSFORMATION(' ',' ',#5643,#6651);
#4235=ITEM_DEFINED_TRANSFORMATION(' ',' ',#5643,#6652);
#4236=ITEM_DEFINED_TRANSFORMATION(' ',' ',#5643,#6653);
#4237=ITEM_DEFINED_TRANSFORMATION(' ',' ',#5643,#6654);
#4238=ITEM_DEFINED_TRANSFORMATION(' ',' ',#5643,#6655);
#4239=ITEM_DEFINED_TRANSFORMATION(' ',' ',#5643,#6656);
#4240=ITEM_DEFINED_TRANSFORMATION(' ',' ',#5643,#6657);
#4241=ITEM_DEFINED_TRANSFORMATION(' ',' ',#5643,#6658);
#4242=ITEM_DEFINED_TRANSFORMATION(' ',' ',#5643,#6659);
#4243=ITEM_DEFINED_TRANSFORMATION(' ',' ',#5643,#6660);
#4244=ITEM_DEFINED_TRANSFORMATION(' ',' ',#5643,#6661);
#4245=ITEM_DEFINED_TRANSFORMATION(' ',' ',#5643,#6662);
#4246=ITEM_DEFINED_TRANSFORMATION(' ',' ',#5643,#6663);
#4247=ITEM_DEFINED_TRANSFORMATION(' ',' ',#5643,#6664);
#4248=ITEM_DEFINED_TRANSFORMATION(' ',' ',#5643,#6665);
#4249=ITEM_DEFINED_TRANSFORMATION(' ',' ',#5643,#6666);
#4250=ITEM_DEFINED_TRANSFORMATION(' ',' ',#5643,#6667);
#4251=ITEM_DEFINED_TRANSFORMATION(' ',' ',#5643,#6668);
#4252=ITEM_DEFINED_TRANSFORMATION(' ',' ',#5643,#6669);
#4253=ITEM_DEFINED_TRANSFORMATION(' ',' ',#5643,#6670);
#4254=ITEM_DEFINED_TRANSFORMATION(' ',' ',#5643,#6671);
#4255=ITEM_DEFINED_TRANSFORMATION(' ',' ',#5643,#6672);
#4256=ITEM_DEFINED_TRANSFORMATION(' ',' ',#5643,#6673);
#4257=ITEM_DEFINED_TRANSFORMATION(' ',' ',#5643,#6674);
#4258=ITEM_DEFINED_TRANSFORMATION(' ',' ',#5643,#6675);
#4259=ITEM_DEFINED_TRANSFORMATION(' ',' ',#5643,#6676);
#4260=ITEM_DEFINED_TRANSFORMATION(' ',' ',#5643,#6677);
#4261=ITEM_DEFINED_TRANSFORMATION(' ',' ',#5643,#6678);
#4262=ITEM_DEFINED_TRANSFORMATION(' ',' ',#5643,#6679);
#4263=ITEM_DEFINED_TRANSFORMATION(' ',' ',#5643,#6680);
#4264=ITEM_DEFINED_TRANSFORMATION(' ',' ',#5643,#6681);
#4265=ITEM_DEFINED_TRANSFORMATION(' ',' ',#5643,#6682);
#4266=ITEM_DEFINED_TRANSFORMATION(' ',' ',#5643,#6683);
#4267=ITEM_DEFINED_TRANSFORMATION(' ',' ',#5643,#6684);
#4268=ITEM_DEFINED_TRANSFORMATION(' ',' ',#5643,#6685);
#4269=ITEM_DEFINED_TRANSFORMATION(' ',' ',#5643,#6686);
#4270=ITEM_DEFINED_TRANSFORMATION(' ',' ',#5643,#6687);
#4271=ITEM_DEFINED_TRANSFORMATION(' ',' ',#5643,#6688);
#4272=ITEM_DEFINED_TRANSFORMATION(' ',' ',#5643,#6689);
#4273=ITEM_DEFINED_TRANSFORMATION(' ',' ',#5643,#6690);
#4274=ITEM_DEFINED_TRANSFORMATION(' ',' ',#5643,#6691);
#4275=ITEM_DEFINED_TRANSFORMATION(' ',' ',#5643,#6692);
#4276=ITEM_DEFINED_TRANSFORMATION(' ',' ',#5643,#6693);
#4277=ITEM_DEFINED_TRANSFORMATION(' ',' ',#5643,#6694);
#4278=ITEM_DEFINED_TRANSFORMATION(' ',' ',#5643,#6695);
#4279=ITEM_DEFINED_TRANSFORMATION(' ',' ',#5643,#6696);
#4280=ITEM_DEFINED_TRANSFORMATION(' ',' ',#5643,#6697);
#4281=ITEM_DEFINED_TRANSFORMATION(' ',' ',#5643,#6698);
#4282=ITEM_DEFINED_TRANSFORMATION(' ',' ',#5643,#6699);
#4283=ITEM_DEFINED_TRANSFORMATION(' ',' ',#5643,#6700);
#4284=ITEM_DEFINED_TRANSFORMATION(' ',' ',#5643,#6701);
#4285=ITEM_DEFINED_TRANSFORMATION(' ',' ',#5643,#6702);
#4286=ITEM_DEFINED_TRANSFORMATION(' ',' ',#5643,#6703);
#4287=ITEM_DEFINED_TRANSFORMATION(' ',' ',#5643,#6704);
#4288=ITEM_DEFINED_TRANSFORMATION(' ',' ',#5643,#6705);
#4289=ITEM_DEFINED_TRANSFORMATION(' ',' ',#5643,#6706);
#4290=ITEM_DEFINED_TRANSFORMATION(' ',' ',#5643,#6707);
#4291=ITEM_DEFINED_TRANSFORMATION(' ',' ',#5643,#6708);
#4292=ITEM_DEFINED_TRANSFORMATION(' ',' ',#5643,#6709);
#4293=ITEM_DEFINED_TRANSFORMATION(' ',' ',#5643,#6710);
#4294=ITEM_DEFINED_TRANSFORMATION(' ',' ',#5643,#6711);
#4295=ITEM_DEFINED_TRANSFORMATION(' ',' ',#5643,#6712);
#4296=ITEM_DEFINED_TRANSFORMATION(' ',' ',#5643,#6713);
#4297=ITEM_DEFINED_TRANSFORMATION(' ',' ',#5643,#6714);
#4298=ITEM_DEFINED_TRANSFORMATION(' ',' ',#5643,#6715);
#4299=ITEM_DEFINED_TRANSFORMATION(' ',' ',#5643,#6716);
#4300=ITEM_DEFINED_TRANSFORMATION(' ',' ',#5643,#6717);
#4301=ITEM_DEFINED_TRANSFORMATION(' ',' ',#5643,#6718);
#4302=ITEM_DEFINED_TRANSFORMATION(' ',' ',#5643,#6719);
#4303=ITEM_DEFINED_TRANSFORMATION(' ',' ',#5643,#6720);
#4304=ITEM_DEFINED_TRANSFORMATION(' ',' ',#5643,#6721);
#4305=ITEM_DEFINED_TRANSFORMATION(' ',' ',#5643,#6722);
#4306=ITEM_DEFINED_TRANSFORMATION(' ',' ',#5643,#6723);
#4307=ITEM_DEFINED_TRANSFORMATION(' ',' ',#5643,#6724);
#4308=ITEM_DEFINED_TRANSFORMATION(' ',' ',#5643,#6725);
#4309=ITEM_DEFINED_TRANSFORMATION(' ',' ',#5643,#6726);
#4310=ITEM_DEFINED_TRANSFORMATION(' ',' ',#5643,#6727);
#4311=ITEM_DEFINED_TRANSFORMATION(' ',' ',#5643,#6728);
#4312=ITEM_DEFINED_TRANSFORMATION(' ',' ',#5643,#6729);
#4313=ITEM_DEFINED_TRANSFORMATION(' ',' ',#5643,#6730);
#4314=ITEM_DEFINED_TRANSFORMATION(' ',' ',#5643,#6731);
#4315=ITEM_DEFINED_TRANSFORMATION(' ',' ',#5643,#6732);
#4316=ITEM_DEFINED_TRANSFORMATION(' ',' ',#5643,#6733);
#4317=ITEM_DEFINED_TRANSFORMATION(' ',' ',#5643,#6734);
#4318=ITEM_DEFINED_TRANSFORMATION(' ',' ',#5643,#6735);
#4319=ITEM_DEFINED_TRANSFORMATION(' ',' ',#5643,#6736);
#4320=ITEM_DEFINED_TRANSFORMATION(' ',' ',#5643,#6737);
#4321=ITEM_DEFINED_TRANSFORMATION(' ',' ',#5643,#6738);
#4322=ITEM_DEFINED_TRANSFORMATION(' ',' ',#5643,#6739);
#4323=ITEM_DEFINED_TRANSFORMATION(' ',' ',#5643,#6740);
#4324=ITEM_DEFINED_TRANSFORMATION(' ',' ',#5643,#6741);
#4325=ITEM_DEFINED_TRANSFORMATION(' ',' ',#5643,#6742);
#4326=ITEM_DEFINED_TRANSFORMATION(' ',' ',#5643,#6743);
#4327=ITEM_DEFINED_TRANSFORMATION(' ',' ',#5643,#6744);
#4328=ITEM_DEFINED_TRANSFORMATION(' ',' ',#5643,#6745);
#4329=ITEM_DEFINED_TRANSFORMATION(' ',' ',#5643,#6746);
#4330=ITEM_DEFINED_TRANSFORMATION(' ',' ',#5643,#6747);
#4331=ITEM_DEFINED_TRANSFORMATION(' ',' ',#5643,#6748);
#4332=ITEM_DEFINED_TRANSFORMATION(' ',' ',#5643,#6749);
#4333=ITEM_DEFINED_TRANSFORMATION(' ',' ',#5643,#6750);
#4334=ITEM_DEFINED_TRANSFORMATION(' ',' ',#5643,#6751);
#4335=ITEM_DEFINED_TRANSFORMATION(' ',' ',#5643,#6752);
#4336=ITEM_DEFINED_TRANSFORMATION(' ',' ',#5643,#6753);
#4337=ITEM_DEFINED_TRANSFORMATION(' ',' ',#5643,#6754);
#4338=ITEM_DEFINED_TRANSFORMATION(' ',' ',#5643,#6755);
#4339=ITEM_DEFINED_TRANSFORMATION(' ',' ',#5643,#6756);
#4340=ITEM_DEFINED_TRANSFORMATION(' ',' ',#5643,#6757);
#4341=ITEM_DEFINED_TRANSFORMATION(' ',' ',#5643,#6758);
#4342=ITEM_DEFINED_TRANSFORMATION(' ',' ',#5643,#6759);
#4343=ITEM_DEFINED_TRANSFORMATION(' ',' ',#5643,#6760);
#4344=ITEM_DEFINED_TRANSFORMATION(' ',' ',#5643,#6761);
#4345=ITEM_DEFINED_TRANSFORMATION(' ',' ',#5643,#6762);
#4346=ITEM_DEFINED_TRANSFORMATION(' ',' ',#5643,#6763);
#4347=ITEM_DEFINED_TRANSFORMATION(' ',' ',#5643,#6764);
#4348=ITEM_DEFINED_TRANSFORMATION(' ',' ',#5643,#6765);
#4349=ITEM_DEFINED_TRANSFORMATION(' ',' ',#5643,#6766);
#4350=ITEM_DEFINED_TRANSFORMATION(' ',' ',#5643,#6767);
#4351=ITEM_DEFINED_TRANSFORMATION(' ',' ',#5643,#6768);
#4352=ITEM_DEFINED_TRANSFORMATION(' ',' ',#5643,#6769);
#4353=ITEM_DEFINED_TRANSFORMATION(' ',' ',#5643,#6770);
#4354=ITEM_DEFINED_TRANSFORMATION(' ',' ',#5643,#6771);
#4355=ITEM_DEFINED_TRANSFORMATION(' ',' ',#5643,#6772);
#4356=ITEM_DEFINED_TRANSFORMATION(' ',' ',#5643,#6773);
#4357=ITEM_DEFINED_TRANSFORMATION(' ',' ',#5643,#6774);
#4358=ITEM_DEFINED_TRANSFORMATION(' ',' ',#5643,#6775);
#4359=ITEM_DEFINED_TRANSFORMATION(' ',' ',#5643,#6776);
#4360=ITEM_DEFINED_TRANSFORMATION(' ',' ',#5643,#6777);
#4361=ITEM_DEFINED_TRANSFORMATION(' ',' ',#5643,#6778);
#4362=ITEM_DEFINED_TRANSFORMATION(' ',' ',#5643,#6779);
#4363=ITEM_DEFINED_TRANSFORMATION(' ',' ',#5643,#6780);
#4364=ITEM_DEFINED_TRANSFORMATION(' ',' ',#5643,#6781);
#4365=ITEM_DEFINED_TRANSFORMATION(' ',' ',#5643,#6782);
#4366=ITEM_DEFINED_TRANSFORMATION(' ',' ',#5643,#6783);
#4367=ITEM_DEFINED_TRANSFORMATION(' ',' ',#5643,#6784);
#4368=ITEM_DEFINED_TRANSFORMATION(' ',' ',#5643,#6785);
#4369=ITEM_DEFINED_TRANSFORMATION(' ',' ',#5643,#6786);
#4370=ITEM_DEFINED_TRANSFORMATION(' ',' ',#5643,#6787);
#4371=ITEM_DEFINED_TRANSFORMATION(' ',' ',#5643,#6788);
#4372=ITEM_DEFINED_TRANSFORMATION(' ',' ',#5643,#6789);
#4373=ITEM_DEFINED_TRANSFORMATION(' ',' ',#5643,#6790);
#4374=ITEM_DEFINED_TRANSFORMATION(' ',' ',#5643,#6791);
#4375=ITEM_DEFINED_TRANSFORMATION(' ',' ',#5643,#6792);
#4376=ITEM_DEFINED_TRANSFORMATION(' ',' ',#5643,#6793);
#4377=ITEM_DEFINED_TRANSFORMATION(' ',' ',#5643,#6794);
#4378=ITEM_DEFINED_TRANSFORMATION(' ',' ',#5643,#6795);
#4379=ITEM_DEFINED_TRANSFORMATION(' ',' ',#5643,#6796);
#4380=ITEM_DEFINED_TRANSFORMATION(' ',' ',#5643,#6797);
#4381=ITEM_DEFINED_TRANSFORMATION(' ',' ',#5643,#6798);
#4382=ITEM_DEFINED_TRANSFORMATION(' ',' ',#5643,#6799);
#4383=ITEM_DEFINED_TRANSFORMATION(' ',' ',#5643,#6800);
#4384=ITEM_DEFINED_TRANSFORMATION(' ',' ',#5643,#6801);
#4385=ITEM_DEFINED_TRANSFORMATION(' ',' ',#5643,#6802);
#4386=SHAPE_REPRESENTATION_RELATIONSHIP('','',#5579,#4396);
#4387=SHAPE_REPRESENTATION_RELATIONSHIP('','',#5581,#4397);
#4388=SHAPE_REPRESENTATION_RELATIONSHIP('','',#5583,#4398);
#4389=SHAPE_REPRESENTATION_RELATIONSHIP('','',#5585,#4399);
#4390=SHAPE_REPRESENTATION_RELATIONSHIP('','',#5586,#4400);
#4391=SHAPE_REPRESENTATION_RELATIONSHIP('','',#5587,#4401);
#4392=SHAPE_REPRESENTATION_RELATIONSHIP('','',#5588,#4402);
#4393=SHAPE_REPRESENTATION_RELATIONSHIP('','',#5589,#4403);
#4394=SHAPE_REPRESENTATION_RELATIONSHIP('','',#5590,#4404);
#4395=SHAPE_REPRESENTATION_RELATIONSHIP('','',#5591,#4405);
#4396=ADVANCED_BREP_SHAPE_REPRESENTATION('',(#5501),#10638);
#4397=ADVANCED_BREP_SHAPE_REPRESENTATION('',(#5502),#10640);
#4398=ADVANCED_BREP_SHAPE_REPRESENTATION('',(#5503),#10642);
#4399=ADVANCED_BREP_SHAPE_REPRESENTATION('',(#5504),#10644);
#4400=ADVANCED_BREP_SHAPE_REPRESENTATION('',(#5505),#10645);
#4401=ADVANCED_BREP_SHAPE_REPRESENTATION('',(#5506),#10646);
#4402=ADVANCED_BREP_SHAPE_REPRESENTATION('',(#5507),#10647);
#4403=ADVANCED_BREP_SHAPE_REPRESENTATION('',(#5508),#10648);
#4404=ADVANCED_BREP_SHAPE_REPRESENTATION('',(#5509),#10649);
#4405=ADVANCED_BREP_SHAPE_REPRESENTATION('',(#5510),#10650);
#4406=ORIENTED_EDGE('',*,*,#4670,.F.);
#4407=ORIENTED_EDGE('',*,*,#4671,.F.);
#4408=ORIENTED_EDGE('',*,*,#4672,.T.);
#4409=ORIENTED_EDGE('',*,*,#4673,.T.);
#4410=ORIENTED_EDGE('',*,*,#4674,.T.);
#4411=ORIENTED_EDGE('',*,*,#4675,.F.);
#4412=ORIENTED_EDGE('',*,*,#4676,.F.);
#4413=ORIENTED_EDGE('',*,*,#4671,.T.);
#4414=ORIENTED_EDGE('',*,*,#4677,.T.);
#4415=ORIENTED_EDGE('',*,*,#4678,.F.);
#4416=ORIENTED_EDGE('',*,*,#4679,.F.);
#4417=ORIENTED_EDGE('',*,*,#4675,.T.);
#4418=ORIENTED_EDGE('',*,*,#4680,.F.);
#4419=ORIENTED_EDGE('',*,*,#4673,.F.);
#4420=ORIENTED_EDGE('',*,*,#4681,.T.);
#4421=ORIENTED_EDGE('',*,*,#4678,.T.);
#4422=ORIENTED_EDGE('',*,*,#4672,.F.);
#4423=ORIENTED_EDGE('',*,*,#4676,.T.);
#4424=ORIENTED_EDGE('',*,*,#4679,.T.);
#4425=ORIENTED_EDGE('',*,*,#4681,.F.);
#4426=ORIENTED_EDGE('',*,*,#4670,.T.);
#4427=ORIENTED_EDGE('',*,*,#4680,.T.);
#4428=ORIENTED_EDGE('',*,*,#4677,.F.);
#4429=ORIENTED_EDGE('',*,*,#4674,.F.);
#4430=ORIENTED_EDGE('',*,*,#4682,.T.);
#4431=ORIENTED_EDGE('',*,*,#4683,.T.);
#4432=ORIENTED_EDGE('',*,*,#4684,.F.);
#4433=ORIENTED_EDGE('',*,*,#4685,.F.);
#4434=ORIENTED_EDGE('',*,*,#4686,.F.);
#4435=ORIENTED_EDGE('',*,*,#4687,.T.);
#4436=ORIENTED_EDGE('',*,*,#4688,.T.);
#4437=ORIENTED_EDGE('',*,*,#4689,.F.);
#4438=ORIENTED_EDGE('',*,*,#4682,.F.);
#4439=ORIENTED_EDGE('',*,*,#4690,.F.);
#4440=ORIENTED_EDGE('',*,*,#4691,.T.);
#4441=ORIENTED_EDGE('',*,*,#4692,.T.);
#4442=ORIENTED_EDGE('',*,*,#4685,.T.);
#4443=ORIENTED_EDGE('',*,*,#4693,.F.);
#4444=ORIENTED_EDGE('',*,*,#4694,.F.);
#4445=ORIENTED_EDGE('',*,*,#4690,.T.);
#4446=ORIENTED_EDGE('',*,*,#4684,.T.);
#4447=ORIENTED_EDGE('',*,*,#4695,.F.);
#4448=ORIENTED_EDGE('',*,*,#4696,.F.);
#4449=ORIENTED_EDGE('',*,*,#4693,.T.);
#4450=ORIENTED_EDGE('',*,*,#4683,.F.);
#4451=ORIENTED_EDGE('',*,*,#4692,.F.);
#4452=ORIENTED_EDGE('',*,*,#4697,.T.);
#4453=ORIENTED_EDGE('',*,*,#4695,.T.);
#4454=ORIENTED_EDGE('',*,*,#4691,.F.);
#4455=ORIENTED_EDGE('',*,*,#4694,.T.);
#4456=ORIENTED_EDGE('',*,*,#4696,.T.);
#4457=ORIENTED_EDGE('',*,*,#4697,.F.);
#4458=ORIENTED_EDGE('',*,*,#4686,.T.);
#4459=ORIENTED_EDGE('',*,*,#4698,.F.);
#4460=ORIENTED_EDGE('',*,*,#4699,.F.);
#4461=ORIENTED_EDGE('',*,*,#4700,.T.);
#4462=ORIENTED_EDGE('',*,*,#4687,.F.);
#4463=ORIENTED_EDGE('',*,*,#4700,.F.);
#4464=ORIENTED_EDGE('',*,*,#4701,.T.);
#4465=ORIENTED_EDGE('',*,*,#4702,.T.);
#4466=ORIENTED_EDGE('',*,*,#4688,.F.);
#4467=ORIENTED_EDGE('',*,*,#4702,.F.);
#4468=ORIENTED_EDGE('',*,*,#4703,.T.);
#4469=ORIENTED_EDGE('',*,*,#4704,.T.);
#4470=ORIENTED_EDGE('',*,*,#4689,.T.);
#4471=ORIENTED_EDGE('',*,*,#4704,.F.);
#4472=ORIENTED_EDGE('',*,*,#4705,.F.);
#4473=ORIENTED_EDGE('',*,*,#4698,.T.);
#4474=ORIENTED_EDGE('',*,*,#4699,.T.);
#4475=ORIENTED_EDGE('',*,*,#4705,.T.);
#4476=ORIENTED_EDGE('',*,*,#4703,.F.);
#4477=ORIENTED_EDGE('',*,*,#4701,.F.);
#4478=ORIENTED_EDGE('',*,*,#4706,.F.);
#4479=ORIENTED_EDGE('',*,*,#4707,.F.);
#4480=ORIENTED_EDGE('',*,*,#4708,.T.);
#4481=ORIENTED_EDGE('',*,*,#4709,.T.);
#4482=ORIENTED_EDGE('',*,*,#4710,.T.);
#4483=ORIENTED_EDGE('',*,*,#4711,.F.);
#4484=ORIENTED_EDGE('',*,*,#4712,.F.);
#4485=ORIENTED_EDGE('',*,*,#4707,.T.);
#4486=ORIENTED_EDGE('',*,*,#4713,.T.);
#4487=ORIENTED_EDGE('',*,*,#4714,.F.);
#4488=ORIENTED_EDGE('',*,*,#4715,.F.);
#4489=ORIENTED_EDGE('',*,*,#4711,.T.);
#4490=ORIENTED_EDGE('',*,*,#4716,.F.);
#4491=ORIENTED_EDGE('',*,*,#4709,.F.);
#4492=ORIENTED_EDGE('',*,*,#4717,.T.);
#4493=ORIENTED_EDGE('',*,*,#4714,.T.);
#4494=ORIENTED_EDGE('',*,*,#4708,.F.);
#4495=ORIENTED_EDGE('',*,*,#4712,.T.);
#4496=ORIENTED_EDGE('',*,*,#4715,.T.);
#4497=ORIENTED_EDGE('',*,*,#4717,.F.);
#4498=ORIENTED_EDGE('',*,*,#4706,.T.);
#4499=ORIENTED_EDGE('',*,*,#4716,.T.);
#4500=ORIENTED_EDGE('',*,*,#4713,.F.);
#4501=ORIENTED_EDGE('',*,*,#4710,.F.);
#4502=ORIENTED_EDGE('',*,*,#4718,.F.);
#4503=ORIENTED_EDGE('',*,*,#4719,.F.);
#4504=ORIENTED_EDGE('',*,*,#4720,.T.);
#4505=ORIENTED_EDGE('',*,*,#4721,.T.);
#4506=ORIENTED_EDGE('',*,*,#4722,.T.);
#4507=ORIENTED_EDGE('',*,*,#4723,.F.);
#4508=ORIENTED_EDGE('',*,*,#4724,.F.);
#4509=ORIENTED_EDGE('',*,*,#4719,.T.);
#4510=ORIENTED_EDGE('',*,*,#4725,.T.);
#4511=ORIENTED_EDGE('',*,*,#4726,.F.);
#4512=ORIENTED_EDGE('',*,*,#4727,.F.);
#4513=ORIENTED_EDGE('',*,*,#4723,.T.);
#4514=ORIENTED_EDGE('',*,*,#4728,.F.);
#4515=ORIENTED_EDGE('',*,*,#4721,.F.);
#4516=ORIENTED_EDGE('',*,*,#4729,.T.);
#4517=ORIENTED_EDGE('',*,*,#4726,.T.);
#4518=ORIENTED_EDGE('',*,*,#4720,.F.);
#4519=ORIENTED_EDGE('',*,*,#4724,.T.);
#4520=ORIENTED_EDGE('',*,*,#4727,.T.);
#4521=ORIENTED_EDGE('',*,*,#4729,.F.);
#4522=ORIENTED_EDGE('',*,*,#4718,.T.);
#4523=ORIENTED_EDGE('',*,*,#4728,.T.);
#4524=ORIENTED_EDGE('',*,*,#4725,.F.);
#4525=ORIENTED_EDGE('',*,*,#4722,.F.);
#4526=ORIENTED_EDGE('',*,*,#4730,.F.);
#4527=ORIENTED_EDGE('',*,*,#4731,.F.);
#4528=ORIENTED_EDGE('',*,*,#4732,.T.);
#4529=ORIENTED_EDGE('',*,*,#4733,.T.);
#4530=ORIENTED_EDGE('',*,*,#4734,.T.);
#4531=ORIENTED_EDGE('',*,*,#4735,.F.);
#4532=ORIENTED_EDGE('',*,*,#4736,.F.);
#4533=ORIENTED_EDGE('',*,*,#4731,.T.);
#4534=ORIENTED_EDGE('',*,*,#4737,.T.);
#4535=ORIENTED_EDGE('',*,*,#4738,.F.);
#4536=ORIENTED_EDGE('',*,*,#4739,.F.);
#4537=ORIENTED_EDGE('',*,*,#4735,.T.);
#4538=ORIENTED_EDGE('',*,*,#4740,.F.);
#4539=ORIENTED_EDGE('',*,*,#4733,.F.);
#4540=ORIENTED_EDGE('',*,*,#4741,.T.);
#4541=ORIENTED_EDGE('',*,*,#4738,.T.);
#4542=ORIENTED_EDGE('',*,*,#4732,.F.);
#4543=ORIENTED_EDGE('',*,*,#4736,.T.);
#4544=ORIENTED_EDGE('',*,*,#4739,.T.);
#4545=ORIENTED_EDGE('',*,*,#4741,.F.);
#4546=ORIENTED_EDGE('',*,*,#4730,.T.);
#4547=ORIENTED_EDGE('',*,*,#4740,.T.);
#4548=ORIENTED_EDGE('',*,*,#4737,.F.);
#4549=ORIENTED_EDGE('',*,*,#4734,.F.);
#4550=ORIENTED_EDGE('',*,*,#4742,.F.);
#4551=ORIENTED_EDGE('',*,*,#4743,.F.);
#4552=ORIENTED_EDGE('',*,*,#4744,.T.);
#4553=ORIENTED_EDGE('',*,*,#4745,.T.);
#4554=ORIENTED_EDGE('',*,*,#4746,.T.);
#4555=ORIENTED_EDGE('',*,*,#4747,.F.);
#4556=ORIENTED_EDGE('',*,*,#4748,.F.);
#4557=ORIENTED_EDGE('',*,*,#4743,.T.);
#4558=ORIENTED_EDGE('',*,*,#4749,.T.);
#4559=ORIENTED_EDGE('',*,*,#4750,.F.);
#4560=ORIENTED_EDGE('',*,*,#4751,.F.);
#4561=ORIENTED_EDGE('',*,*,#4747,.T.);
#4562=ORIENTED_EDGE('',*,*,#4752,.F.);
#4563=ORIENTED_EDGE('',*,*,#4745,.F.);
#4564=ORIENTED_EDGE('',*,*,#4753,.T.);
#4565=ORIENTED_EDGE('',*,*,#4750,.T.);
#4566=ORIENTED_EDGE('',*,*,#4744,.F.);
#4567=ORIENTED_EDGE('',*,*,#4748,.T.);
#4568=ORIENTED_EDGE('',*,*,#4751,.T.);
#4569=ORIENTED_EDGE('',*,*,#4753,.F.);
#4570=ORIENTED_EDGE('',*,*,#4742,.T.);
#4571=ORIENTED_EDGE('',*,*,#4752,.T.);
#4572=ORIENTED_EDGE('',*,*,#4749,.F.);
#4573=ORIENTED_EDGE('',*,*,#4746,.F.);
#4574=ORIENTED_EDGE('',*,*,#4754,.F.);
#4575=ORIENTED_EDGE('',*,*,#4755,.F.);
#4576=ORIENTED_EDGE('',*,*,#4756,.T.);
#4577=ORIENTED_EDGE('',*,*,#4757,.T.);
#4578=ORIENTED_EDGE('',*,*,#4758,.T.);
#4579=ORIENTED_EDGE('',*,*,#4759,.F.);
#4580=ORIENTED_EDGE('',*,*,#4760,.F.);
#4581=ORIENTED_EDGE('',*,*,#4755,.T.);
#4582=ORIENTED_EDGE('',*,*,#4761,.T.);
#4583=ORIENTED_EDGE('',*,*,#4762,.F.);
#4584=ORIENTED_EDGE('',*,*,#4763,.F.);
#4585=ORIENTED_EDGE('',*,*,#4759,.T.);
#4586=ORIENTED_EDGE('',*,*,#4764,.F.);
#4587=ORIENTED_EDGE('',*,*,#4757,.F.);
#4588=ORIENTED_EDGE('',*,*,#4765,.T.);
#4589=ORIENTED_EDGE('',*,*,#4762,.T.);
#4590=ORIENTED_EDGE('',*,*,#4756,.F.);
#4591=ORIENTED_EDGE('',*,*,#4760,.T.);
#4592=ORIENTED_EDGE('',*,*,#4763,.T.);
#4593=ORIENTED_EDGE('',*,*,#4765,.F.);
#4594=ORIENTED_EDGE('',*,*,#4754,.T.);
#4595=ORIENTED_EDGE('',*,*,#4764,.T.);
#4596=ORIENTED_EDGE('',*,*,#4761,.F.);
#4597=ORIENTED_EDGE('',*,*,#4758,.F.);
#4598=ORIENTED_EDGE('',*,*,#4766,.F.);
#4599=ORIENTED_EDGE('',*,*,#4767,.F.);
#4600=ORIENTED_EDGE('',*,*,#4768,.T.);
#4601=ORIENTED_EDGE('',*,*,#4769,.T.);
#4602=ORIENTED_EDGE('',*,*,#4770,.T.);
#4603=ORIENTED_EDGE('',*,*,#4771,.F.);
#4604=ORIENTED_EDGE('',*,*,#4772,.F.);
#4605=ORIENTED_EDGE('',*,*,#4767,.T.);
#4606=ORIENTED_EDGE('',*,*,#4773,.T.);
#4607=ORIENTED_EDGE('',*,*,#4774,.F.);
#4608=ORIENTED_EDGE('',*,*,#4775,.F.);
#4609=ORIENTED_EDGE('',*,*,#4771,.T.);
#4610=ORIENTED_EDGE('',*,*,#4776,.F.);
#4611=ORIENTED_EDGE('',*,*,#4769,.F.);
#4612=ORIENTED_EDGE('',*,*,#4777,.T.);
#4613=ORIENTED_EDGE('',*,*,#4774,.T.);
#4614=ORIENTED_EDGE('',*,*,#4768,.F.);
#4615=ORIENTED_EDGE('',*,*,#4772,.T.);
#4616=ORIENTED_EDGE('',*,*,#4775,.T.);
#4617=ORIENTED_EDGE('',*,*,#4777,.F.);
#4618=ORIENTED_EDGE('',*,*,#4766,.T.);
#4619=ORIENTED_EDGE('',*,*,#4776,.T.);
#4620=ORIENTED_EDGE('',*,*,#4773,.F.);
#4621=ORIENTED_EDGE('',*,*,#4770,.F.);
#4622=ORIENTED_EDGE('',*,*,#4778,.F.);
#4623=ORIENTED_EDGE('',*,*,#4779,.F.);
#4624=ORIENTED_EDGE('',*,*,#4780,.T.);
#4625=ORIENTED_EDGE('',*,*,#4781,.T.);
#4626=ORIENTED_EDGE('',*,*,#4782,.T.);
#4627=ORIENTED_EDGE('',*,*,#4783,.F.);
#4628=ORIENTED_EDGE('',*,*,#4784,.F.);
#4629=ORIENTED_EDGE('',*,*,#4779,.T.);
#4630=ORIENTED_EDGE('',*,*,#4785,.T.);
#4631=ORIENTED_EDGE('',*,*,#4786,.F.);
#4632=ORIENTED_EDGE('',*,*,#4787,.F.);
#4633=ORIENTED_EDGE('',*,*,#4783,.T.);
#4634=ORIENTED_EDGE('',*,*,#4788,.F.);
#4635=ORIENTED_EDGE('',*,*,#4781,.F.);
#4636=ORIENTED_EDGE('',*,*,#4789,.T.);
#4637=ORIENTED_EDGE('',*,*,#4786,.T.);
#4638=ORIENTED_EDGE('',*,*,#4780,.F.);
#4639=ORIENTED_EDGE('',*,*,#4784,.T.);
#4640=ORIENTED_EDGE('',*,*,#4787,.T.);
#4641=ORIENTED_EDGE('',*,*,#4789,.F.);
#4642=ORIENTED_EDGE('',*,*,#4778,.T.);
#4643=ORIENTED_EDGE('',*,*,#4788,.T.);
#4644=ORIENTED_EDGE('',*,*,#4785,.F.);
#4645=ORIENTED_EDGE('',*,*,#4782,.F.);
#4646=ORIENTED_EDGE('',*,*,#4790,.F.);
#4647=ORIENTED_EDGE('',*,*,#4791,.F.);
#4648=ORIENTED_EDGE('',*,*,#4792,.T.);
#4649=ORIENTED_EDGE('',*,*,#4793,.T.);
#4650=ORIENTED_EDGE('',*,*,#4794,.T.);
#4651=ORIENTED_EDGE('',*,*,#4795,.F.);
#4652=ORIENTED_EDGE('',*,*,#4796,.F.);
#4653=ORIENTED_EDGE('',*,*,#4791,.T.);
#4654=ORIENTED_EDGE('',*,*,#4797,.T.);
#4655=ORIENTED_EDGE('',*,*,#4798,.F.);
#4656=ORIENTED_EDGE('',*,*,#4799,.F.);
#4657=ORIENTED_EDGE('',*,*,#4795,.T.);
#4658=ORIENTED_EDGE('',*,*,#4800,.F.);
#4659=ORIENTED_EDGE('',*,*,#4793,.F.);
#4660=ORIENTED_EDGE('',*,*,#4801,.T.);
#4661=ORIENTED_EDGE('',*,*,#4798,.T.);
#4662=ORIENTED_EDGE('',*,*,#4792,.F.);
#4663=ORIENTED_EDGE('',*,*,#4796,.T.);
#4664=ORIENTED_EDGE('',*,*,#4799,.T.);
#4665=ORIENTED_EDGE('',*,*,#4801,.F.);
#4666=ORIENTED_EDGE('',*,*,#4790,.T.);
#4667=ORIENTED_EDGE('',*,*,#4800,.T.);
#4668=ORIENTED_EDGE('',*,*,#4797,.F.);
#4669=ORIENTED_EDGE('',*,*,#4794,.F.);
#4670=EDGE_CURVE('',#4802,#4803,#4890,.T.);
#4671=EDGE_CURVE('',#4804,#4802,#4891,.T.);
#4672=EDGE_CURVE('',#4804,#4805,#4892,.T.);
#4673=EDGE_CURVE('',#4805,#4803,#4893,.T.);
#4674=EDGE_CURVE('',#4802,#4806,#4894,.T.);
#4675=EDGE_CURVE('',#4807,#4806,#4895,.T.);
#4676=EDGE_CURVE('',#4804,#4807,#4896,.T.);
#4677=EDGE_CURVE('',#4806,#4808,#4897,.T.);
#4678=EDGE_CURVE('',#4809,#4808,#4898,.T.);
#4679=EDGE_CURVE('',#4807,#4809,#4899,.T.);
#4680=EDGE_CURVE('',#4803,#4808,#4900,.T.);
#4681=EDGE_CURVE('',#4805,#4809,#4901,.T.);
#4682=EDGE_CURVE('',#4810,#4811,#4902,.T.);
#4683=EDGE_CURVE('',#4811,#4812,#4903,.T.);
#4684=EDGE_CURVE('',#4813,#4812,#4904,.T.);
#4685=EDGE_CURVE('',#4810,#4813,#4905,.T.);
#4686=EDGE_CURVE('',#4814,#4815,#4906,.T.);
#4687=EDGE_CURVE('',#4814,#4816,#4907,.T.);
#4688=EDGE_CURVE('',#4816,#4817,#4908,.T.);
#4689=EDGE_CURVE('',#4815,#4817,#4909,.T.);
#4690=EDGE_CURVE('',#4818,#4810,#4910,.T.);
#4691=EDGE_CURVE('',#4818,#4819,#4911,.T.);
#4692=EDGE_CURVE('',#4819,#4811,#4912,.T.);
#4693=EDGE_CURVE('',#4820,#4813,#4913,.T.);
#4694=EDGE_CURVE('',#4818,#4820,#4914,.T.);
#4695=EDGE_CURVE('',#4821,#4812,#4915,.T.);
#4696=EDGE_CURVE('',#4820,#4821,#4916,.T.);
#4697=EDGE_CURVE('',#4819,#4821,#4917,.T.);
#4698=EDGE_CURVE('',#4822,#4815,#4918,.T.);
#4699=EDGE_CURVE('',#4823,#4822,#4919,.T.);
#4700=EDGE_CURVE('',#4823,#4814,#4920,.T.);
#4701=EDGE_CURVE('',#4823,#4824,#4921,.T.);
#4702=EDGE_CURVE('',#4824,#4816,#4922,.T.);
#4703=EDGE_CURVE('',#4824,#4825,#4923,.T.);
#4704=EDGE_CURVE('',#4825,#4817,#4924,.T.);
#4705=EDGE_CURVE('',#4822,#4825,#4925,.T.);
#4706=EDGE_CURVE('',#4826,#4827,#4926,.T.);
#4707=EDGE_CURVE('',#4828,#4826,#4927,.T.);
#4708=EDGE_CURVE('',#4828,#4829,#4928,.T.);
#4709=EDGE_CURVE('',#4829,#4827,#4929,.T.);
#4710=EDGE_CURVE('',#4826,#4830,#4930,.T.);
#4711=EDGE_CURVE('',#4831,#4830,#4931,.T.);
#4712=EDGE_CURVE('',#4828,#4831,#4932,.T.);
#4713=EDGE_CURVE('',#4830,#4832,#4933,.T.);
#4714=EDGE_CURVE('',#4833,#4832,#4934,.T.);
#4715=EDGE_CURVE('',#4831,#4833,#4935,.T.);
#4716=EDGE_CURVE('',#4827,#4832,#4936,.T.);
#4717=EDGE_CURVE('',#4829,#4833,#4937,.T.);
#4718=EDGE_CURVE('',#4834,#4835,#4938,.T.);
#4719=EDGE_CURVE('',#4836,#4834,#4939,.T.);
#4720=EDGE_CURVE('',#4836,#4837,#4940,.T.);
#4721=EDGE_CURVE('',#4837,#4835,#4941,.T.);
#4722=EDGE_CURVE('',#4834,#4838,#4942,.T.);
#4723=EDGE_CURVE('',#4839,#4838,#4943,.T.);
#4724=EDGE_CURVE('',#4836,#4839,#4944,.T.);
#4725=EDGE_CURVE('',#4838,#4840,#4945,.T.);
#4726=EDGE_CURVE('',#4841,#4840,#4946,.T.);
#4727=EDGE_CURVE('',#4839,#4841,#4947,.T.);
#4728=EDGE_CURVE('',#4835,#4840,#4948,.T.);
#4729=EDGE_CURVE('',#4837,#4841,#4949,.T.);
#4730=EDGE_CURVE('',#4842,#4843,#4950,.T.);
#4731=EDGE_CURVE('',#4844,#4842,#4951,.T.);
#4732=EDGE_CURVE('',#4844,#4845,#4952,.T.);
#4733=EDGE_CURVE('',#4845,#4843,#4953,.T.);
#4734=EDGE_CURVE('',#4842,#4846,#4954,.T.);
#4735=EDGE_CURVE('',#4847,#4846,#4955,.T.);
#4736=EDGE_CURVE('',#4844,#4847,#4956,.T.);
#4737=EDGE_CURVE('',#4846,#4848,#4957,.T.);
#4738=EDGE_CURVE('',#4849,#4848,#4958,.T.);
#4739=EDGE_CURVE('',#4847,#4849,#4959,.T.);
#4740=EDGE_CURVE('',#4843,#4848,#4960,.T.);
#4741=EDGE_CURVE('',#4845,#4849,#4961,.T.);
#4742=EDGE_CURVE('',#4850,#4851,#4962,.T.);
#4743=EDGE_CURVE('',#4852,#4850,#4963,.T.);
#4744=EDGE_CURVE('',#4852,#4853,#4964,.T.);
#4745=EDGE_CURVE('',#4853,#4851,#4965,.T.);
#4746=EDGE_CURVE('',#4850,#4854,#4966,.T.);
#4747=EDGE_CURVE('',#4855,#4854,#4967,.T.);
#4748=EDGE_CURVE('',#4852,#4855,#4968,.T.);
#4749=EDGE_CURVE('',#4854,#4856,#4969,.T.);
#4750=EDGE_CURVE('',#4857,#4856,#4970,.T.);
#4751=EDGE_CURVE('',#4855,#4857,#4971,.T.);
#4752=EDGE_CURVE('',#4851,#4856,#4972,.T.);
#4753=EDGE_CURVE('',#4853,#4857,#4973,.T.);
#4754=EDGE_CURVE('',#4858,#4859,#4974,.T.);
#4755=EDGE_CURVE('',#4860,#4858,#4975,.T.);
#4756=EDGE_CURVE('',#4860,#4861,#4976,.T.);
#4757=EDGE_CURVE('',#4861,#4859,#4977,.T.);
#4758=EDGE_CURVE('',#4858,#4862,#4978,.T.);
#4759=EDGE_CURVE('',#4863,#4862,#4979,.T.);
#4760=EDGE_CURVE('',#4860,#4863,#4980,.T.);
#4761=EDGE_CURVE('',#4862,#4864,#4981,.T.);
#4762=EDGE_CURVE('',#4865,#4864,#4982,.T.);
#4763=EDGE_CURVE('',#4863,#4865,#4983,.T.);
#4764=EDGE_CURVE('',#4859,#4864,#4984,.T.);
#4765=EDGE_CURVE('',#4861,#4865,#4985,.T.);
#4766=EDGE_CURVE('',#4866,#4867,#4986,.T.);
#4767=EDGE_CURVE('',#4868,#4866,#4987,.T.);
#4768=EDGE_CURVE('',#4868,#4869,#4988,.T.);
#4769=EDGE_CURVE('',#4869,#4867,#4989,.T.);
#4770=EDGE_CURVE('',#4866,#4870,#4990,.T.);
#4771=EDGE_CURVE('',#4871,#4870,#4991,.T.);
#4772=EDGE_CURVE('',#4868,#4871,#4992,.T.);
#4773=EDGE_CURVE('',#4870,#4872,#4993,.T.);
#4774=EDGE_CURVE('',#4873,#4872,#4994,.T.);
#4775=EDGE_CURVE('',#4871,#4873,#4995,.T.);
#4776=EDGE_CURVE('',#4867,#4872,#4996,.T.);
#4777=EDGE_CURVE('',#4869,#4873,#4997,.T.);
#4778=EDGE_CURVE('',#4874,#4875,#4998,.T.);
#4779=EDGE_CURVE('',#4876,#4874,#4999,.T.);
#4780=EDGE_CURVE('',#4876,#4877,#5000,.T.);
#4781=EDGE_CURVE('',#4877,#4875,#5001,.T.);
#4782=EDGE_CURVE('',#4874,#4878,#5002,.T.);
#4783=EDGE_CURVE('',#4879,#4878,#5003,.T.);
#4784=EDGE_CURVE('',#4876,#4879,#5004,.T.);
#4785=EDGE_CURVE('',#4878,#4880,#5005,.T.);
#4786=EDGE_CURVE('',#4881,#4880,#5006,.T.);
#4787=EDGE_CURVE('',#4879,#4881,#5007,.T.);
#4788=EDGE_CURVE('',#4875,#4880,#5008,.T.);
#4789=EDGE_CURVE('',#4877,#4881,#5009,.T.);
#4790=EDGE_CURVE('',#4882,#4883,#5010,.T.);
#4791=EDGE_CURVE('',#4884,#4882,#5011,.T.);
#4792=EDGE_CURVE('',#4884,#4885,#5012,.T.);
#4793=EDGE_CURVE('',#4885,#4883,#5013,.T.);
#4794=EDGE_CURVE('',#4882,#4886,#5014,.T.);
#4795=EDGE_CURVE('',#4887,#4886,#5015,.T.);
#4796=EDGE_CURVE('',#4884,#4887,#5016,.T.);
#4797=EDGE_CURVE('',#4886,#4888,#5017,.T.);
#4798=EDGE_CURVE('',#4889,#4888,#5018,.T.);
#4799=EDGE_CURVE('',#4887,#4889,#5019,.T.);
#4800=EDGE_CURVE('',#4883,#4888,#5020,.T.);
#4801=EDGE_CURVE('',#4885,#4889,#5021,.T.);
#4802=VERTEX_POINT('',#9258);
#4803=VERTEX_POINT('',#9259);
#4804=VERTEX_POINT('',#9261);
#4805=VERTEX_POINT('',#9263);
#4806=VERTEX_POINT('',#9267);
#4807=VERTEX_POINT('',#9269);
#4808=VERTEX_POINT('',#9273);
#4809=VERTEX_POINT('',#9275);
#4810=VERTEX_POINT('',#9285);
#4811=VERTEX_POINT('',#9286);
#4812=VERTEX_POINT('',#9288);
#4813=VERTEX_POINT('',#9290);
#4814=VERTEX_POINT('',#9293);
#4815=VERTEX_POINT('',#9294);
#4816=VERTEX_POINT('',#9296);
#4817=VERTEX_POINT('',#9298);
#4818=VERTEX_POINT('',#9302);
#4819=VERTEX_POINT('',#9304);
#4820=VERTEX_POINT('',#9308);
#4821=VERTEX_POINT('',#9312);
#4822=VERTEX_POINT('',#9319);
#4823=VERTEX_POINT('',#9321);
#4824=VERTEX_POINT('',#9325);
#4825=VERTEX_POINT('',#9329);
#4826=VERTEX_POINT('',#9337);
#4827=VERTEX_POINT('',#9338);
#4828=VERTEX_POINT('',#9340);
#4829=VERTEX_POINT('',#9342);
#4830=VERTEX_POINT('',#9346);
#4831=VERTEX_POINT('',#9348);
#4832=VERTEX_POINT('',#9352);
#4833=VERTEX_POINT('',#9354);
#4834=VERTEX_POINT('',#9395);
#4835=VERTEX_POINT('',#9396);
#4836=VERTEX_POINT('',#9398);
#4837=VERTEX_POINT('',#9400);
#4838=VERTEX_POINT('',#9404);
#4839=VERTEX_POINT('',#9406);
#4840=VERTEX_POINT('',#9410);
#4841=VERTEX_POINT('',#9412);
#4842=VERTEX_POINT('',#9422);
#4843=VERTEX_POINT('',#9423);
#4844=VERTEX_POINT('',#9425);
#4845=VERTEX_POINT('',#9427);
#4846=VERTEX_POINT('',#9431);
#4847=VERTEX_POINT('',#9433);
#4848=VERTEX_POINT('',#9437);
#4849=VERTEX_POINT('',#9439);
#4850=VERTEX_POINT('',#9449);
#4851=VERTEX_POINT('',#9450);
#4852=VERTEX_POINT('',#9452);
#4853=VERTEX_POINT('',#9454);
#4854=VERTEX_POINT('',#9458);
#4855=VERTEX_POINT('',#9460);
#4856=VERTEX_POINT('',#9464);
#4857=VERTEX_POINT('',#9466);
#4858=VERTEX_POINT('',#9476);
#4859=VERTEX_POINT('',#9477);
#4860=VERTEX_POINT('',#9479);
#4861=VERTEX_POINT('',#9481);
#4862=VERTEX_POINT('',#9485);
#4863=VERTEX_POINT('',#9487);
#4864=VERTEX_POINT('',#9491);
#4865=VERTEX_POINT('',#9493);
#4866=VERTEX_POINT('',#9503);
#4867=VERTEX_POINT('',#9504);
#4868=VERTEX_POINT('',#9506);
#4869=VERTEX_POINT('',#9508);
#4870=VERTEX_POINT('',#9512);
#4871=VERTEX_POINT('',#9514);
#4872=VERTEX_POINT('',#9518);
#4873=VERTEX_POINT('',#9520);
#4874=VERTEX_POINT('',#9530);
#4875=VERTEX_POINT('',#9531);
#4876=VERTEX_POINT('',#9533);
#4877=VERTEX_POINT('',#9535);
#4878=VERTEX_POINT('',#9539);
#4879=VERTEX_POINT('',#9541);
#4880=VERTEX_POINT('',#9545);
#4881=VERTEX_POINT('',#9547);
#4882=VERTEX_POINT('',#9557);
#4883=VERTEX_POINT('',#9558);
#4884=VERTEX_POINT('',#9560);
#4885=VERTEX_POINT('',#9562);
#4886=VERTEX_POINT('',#9566);
#4887=VERTEX_POINT('',#9568);
#4888=VERTEX_POINT('',#9572);
#4889=VERTEX_POINT('',#9574);
#4890=LINE('',#9257,#5022);
#4891=LINE('',#9260,#5023);
#4892=LINE('',#9262,#5024);
#4893=LINE('',#9264,#5025);
#4894=LINE('',#9266,#5026);
#4895=LINE('',#9268,#5027);
#4896=LINE('',#9270,#5028);
#4897=LINE('',#9272,#5029);
#4898=LINE('',#9274,#5030);
#4899=LINE('',#9276,#5031);
#4900=LINE('',#9278,#5032);
#4901=LINE('',#9279,#5033);
#4902=LINE('',#9284,#5034);
#4903=LINE('',#9287,#5035);
#4904=LINE('',#9289,#5036);
#4905=LINE('',#9291,#5037);
#4906=LINE('',#9292,#5038);
#4907=LINE('',#9295,#5039);
#4908=LINE('',#9297,#5040);
#4909=LINE('',#9299,#5041);
#4910=LINE('',#9301,#5042);
#4911=LINE('',#9303,#5043);
#4912=LINE('',#9305,#5044);
#4913=LINE('',#9307,#5045);
#4914=LINE('',#9309,#5046);
#4915=LINE('',#9311,#5047);
#4916=LINE('',#9313,#5048);
#4917=LINE('',#9315,#5049);
#4918=LINE('',#9318,#5050);
#4919=LINE('',#9320,#5051);
#4920=LINE('',#9322,#5052);
#4921=LINE('',#9324,#5053);
#4922=LINE('',#9326,#5054);
#4923=LINE('',#9328,#5055);
#4924=LINE('',#9330,#5056);
#4925=LINE('',#9332,#5057);
#4926=LINE('',#9336,#5058);
#4927=LINE('',#9339,#5059);
#4928=LINE('',#9341,#5060);
#4929=LINE('',#9343,#5061);
#4930=LINE('',#9345,#5062);
#4931=LINE('',#9347,#5063);
#4932=LINE('',#9349,#5064);
#4933=LINE('',#9351,#5065);
#4934=LINE('',#9353,#5066);
#4935=LINE('',#9355,#5067);
#4936=LINE('',#9357,#5068);
#4937=LINE('',#9358,#5069);
#4938=LINE('',#9394,#5070);
#4939=LINE('',#9397,#5071);
#4940=LINE('',#9399,#5072);
#4941=LINE('',#9401,#5073);
#4942=LINE('',#9403,#5074);
#4943=LINE('',#9405,#5075);
#4944=LINE('',#9407,#5076);
#4945=LINE('',#9409,#5077);
#4946=LINE('',#9411,#5078);
#4947=LINE('',#9413,#5079);
#4948=LINE('',#9415,#5080);
#4949=LINE('',#9416,#5081);
#4950=LINE('',#9421,#5082);
#4951=LINE('',#9424,#5083);
#4952=LINE('',#9426,#5084);
#4953=LINE('',#9428,#5085);
#4954=LINE('',#9430,#5086);
#4955=LINE('',#9432,#5087);
#4956=LINE('',#9434,#5088);
#4957=LINE('',#9436,#5089);
#4958=LINE('',#9438,#5090);
#4959=LINE('',#9440,#5091);
#4960=LINE('',#9442,#5092);
#4961=LINE('',#9443,#5093);
#4962=LINE('',#9448,#5094);
#4963=LINE('',#9451,#5095);
#4964=LINE('',#9453,#5096);
#4965=LINE('',#9455,#5097);
#4966=LINE('',#9457,#5098);
#4967=LINE('',#9459,#5099);
#4968=LINE('',#9461,#5100);
#4969=LINE('',#9463,#5101);
#4970=LINE('',#9465,#5102);
#4971=LINE('',#9467,#5103);
#4972=LINE('',#9469,#5104);
#4973=LINE('',#9470,#5105);
#4974=LINE('',#9475,#5106);
#4975=LINE('',#9478,#5107);
#4976=LINE('',#9480,#5108);
#4977=LINE('',#9482,#5109);
#4978=LINE('',#9484,#5110);
#4979=LINE('',#9486,#5111);
#4980=LINE('',#9488,#5112);
#4981=LINE('',#9490,#5113);
#4982=LINE('',#9492,#5114);
#4983=LINE('',#9494,#5115);
#4984=LINE('',#9496,#5116);
#4985=LINE('',#9497,#5117);
#4986=LINE('',#9502,#5118);
#4987=LINE('',#9505,#5119);
#4988=LINE('',#9507,#5120);
#4989=LINE('',#9509,#5121);
#4990=LINE('',#9511,#5122);
#4991=LINE('',#9513,#5123);
#4992=LINE('',#9515,#5124);
#4993=LINE('',#9517,#5125);
#4994=LINE('',#9519,#5126);
#4995=LINE('',#9521,#5127);
#4996=LINE('',#9523,#5128);
#4997=LINE('',#9524,#5129);
#4998=LINE('',#9529,#5130);
#4999=LINE('',#9532,#5131);
#5000=LINE('',#9534,#5132);
#5001=LINE('',#9536,#5133);
#5002=LINE('',#9538,#5134);
#5003=LINE('',#9540,#5135);
#5004=LINE('',#9542,#5136);
#5005=LINE('',#9544,#5137);
#5006=LINE('',#9546,#5138);
#5007=LINE('',#9548,#5139);
#5008=LINE('',#9550,#5140);
#5009=LINE('',#9551,#5141);
#5010=LINE('',#9556,#5142);
#5011=LINE('',#9559,#5143);
#5012=LINE('',#9561,#5144);
#5013=LINE('',#9563,#5145);
#5014=LINE('',#9565,#5146);
#5015=LINE('',#9567,#5147);
#5016=LINE('',#9569,#5148);
#5017=LINE('',#9571,#5149);
#5018=LINE('',#9573,#5150);
#5019=LINE('',#9575,#5151);
#5020=LINE('',#9577,#5152);
#5021=LINE('',#9578,#5153);
#5022=VECTOR('',#6807,1.);
#5023=VECTOR('',#6808,1.);
#5024=VECTOR('',#6809,1.);
#5025=VECTOR('',#6810,1.);
#5026=VECTOR('',#6813,1.);
#5027=VECTOR('',#6814,1.);
#5028=VECTOR('',#6815,1.);
#5029=VECTOR('',#6818,1.);
#5030=VECTOR('',#6819,1.);
#5031=VECTOR('',#6820,1.);
#5032=VECTOR('',#6823,1.);
#5033=VECTOR('',#6824,1.);
#5034=VECTOR('',#6833,1.);
#5035=VECTOR('',#6834,1.);
#5036=VECTOR('',#6835,1.);
#5037=VECTOR('',#6836,1.);
#5038=VECTOR('',#6837,1.);
#5039=VECTOR('',#6838,1.);
#5040=VECTOR('',#6839,1.);
#5041=VECTOR('',#6840,1.);
#5042=VECTOR('',#6843,1.);
#5043=VECTOR('',#6844,1.);
#5044=VECTOR('',#6845,1.);
#5045=VECTOR('',#6848,1.);
#5046=VECTOR('',#6849,1.);
#5047=VECTOR('',#6852,1.);
#5048=VECTOR('',#6853,1.);
#5049=VECTOR('',#6856,1.);
#5050=VECTOR('',#6861,1.);
#5051=VECTOR('',#6862,1.);
#5052=VECTOR('',#6863,1.);
#5053=VECTOR('',#6866,1.);
#5054=VECTOR('',#6867,1.);
#5055=VECTOR('',#6870,1.);
#5056=VECTOR('',#6871,1.);
#5057=VECTOR('',#6874,1.);
#5058=VECTOR('',#6881,1.);
#5059=VECTOR('',#6882,1.);
#5060=VECTOR('',#6883,1.);
#5061=VECTOR('',#6884,1.);
#5062=VECTOR('',#6887,1.);
#5063=VECTOR('',#6888,1.);
#5064=VECTOR('',#6889,1.);
#5065=VECTOR('',#6892,1.);
#5066=VECTOR('',#6893,1.);
#5067=VECTOR('',#6894,1.);
#5068=VECTOR('',#6897,1.);
#5069=VECTOR('',#6898,1.);
#5070=VECTOR('',#6969,1.);
#5071=VECTOR('',#6970,1.);
#5072=VECTOR('',#6971,1.);
#5073=VECTOR('',#6972,1.);
#5074=VECTOR('',#6975,1.);
#5075=VECTOR('',#6976,1.);
#5076=VECTOR('',#6977,1.);
#5077=VECTOR('',#6980,1.);
#5078=VECTOR('',#6981,1.);
#5079=VECTOR('',#6982,1.);
#5080=VECTOR('',#6985,1.);
#5081=VECTOR('',#6986,1.);
#5082=VECTOR('',#6995,1.);
#5083=VECTOR('',#6996,1.);
#5084=VECTOR('',#6997,1.);
#5085=VECTOR('',#6998,1.);
#5086=VECTOR('',#7001,1.);
#5087=VECTOR('',#7002,1.);
#5088=VECTOR('',#7003,1.);
#5089=VECTOR('',#7006,1.);
#5090=VECTOR('',#7007,1.);
#5091=VECTOR('',#7008,1.);
#5092=VECTOR('',#7011,1.);
#5093=VECTOR('',#7012,1.);
#5094=VECTOR('',#7021,1.);
#5095=VECTOR('',#7022,1.);
#5096=VECTOR('',#7023,1.);
#5097=VECTOR('',#7024,1.);
#5098=VECTOR('',#7027,1.);
#5099=VECTOR('',#7028,1.);
#5100=VECTOR('',#7029,1.);
#5101=VECTOR('',#7032,1.);
#5102=VECTOR('',#7033,1.);
#5103=VECTOR('',#7034,1.);
#5104=VECTOR('',#7037,1.);
#5105=VECTOR('',#7038,1.);
#5106=VECTOR('',#7047,1.);
#5107=VECTOR('',#7048,1.);
#5108=VECTOR('',#7049,1.);
#5109=VECTOR('',#7050,1.);
#5110=VECTOR('',#7053,1.);
#5111=VECTOR('',#7054,1.);
#5112=VECTOR('',#7055,1.);
#5113=VECTOR('',#7058,1.);
#5114=VECTOR('',#7059,1.);
#5115=VECTOR('',#7060,1.);
#5116=VECTOR('',#7063,1.);
#5117=VECTOR('',#7064,1.);
#5118=VECTOR('',#7073,1.);
#5119=VECTOR('',#7074,1.);
#5120=VECTOR('',#7075,1.);
#5121=VECTOR('',#7076,1.);
#5122=VECTOR('',#7079,1.);
#5123=VECTOR('',#7080,1.);
#5124=VECTOR('',#7081,1.);
#5125=VECTOR('',#7084,1.);
#5126=VECTOR('',#7085,1.);
#5127=VECTOR('',#7086,1.);
#5128=VECTOR('',#7089,1.);
#5129=VECTOR('',#7090,1.);
#5130=VECTOR('',#7099,1.);
#5131=VECTOR('',#7100,1.);
#5132=VECTOR('',#7101,1.);
#5133=VECTOR('',#7102,1.);
#5134=VECTOR('',#7105,1.);
#5135=VECTOR('',#7106,1.);
#5136=VECTOR('',#7107,1.);
#5137=VECTOR('',#7110,1.);
#5138=VECTOR('',#7111,1.);
#5139=VECTOR('',#7112,1.);
#5140=VECTOR('',#7115,1.);
#5141=VECTOR('',#7116,1.);
#5142=VECTOR('',#7125,1.);
#5143=VECTOR('',#7126,1.);
#5144=VECTOR('',#7127,1.);
#5145=VECTOR('',#7128,1.);
#5146=VECTOR('',#7131,1.);
#5147=VECTOR('',#7132,1.);
#5148=VECTOR('',#7133,1.);
#5149=VECTOR('',#7136,1.);
#5150=VECTOR('',#7137,1.);
#5151=VECTOR('',#7138,1.);
#5152=VECTOR('',#7141,1.);
#5153=VECTOR('',#7142,1.);
#5154=EDGE_LOOP('',(#4406,#4407,#4408,#4409));
#5155=EDGE_LOOP('',(#4410,#4411,#4412,#4413));
#5156=EDGE_LOOP('',(#4414,#4415,#4416,#4417));
#5157=EDGE_LOOP('',(#4418,#4419,#4420,#4421));
#5158=EDGE_LOOP('',(#4422,#4423,#4424,#4425));
#5159=EDGE_LOOP('',(#4426,#4427,#4428,#4429));
#5160=EDGE_LOOP('',(#4430,#4431,#4432,#4433));
#5161=EDGE_LOOP('',(#4434,#4435,#4436,#4437));
#5162=EDGE_LOOP('',(#4438,#4439,#4440,#4441));
#5163=EDGE_LOOP('',(#4442,#4443,#4444,#4445));
#5164=EDGE_LOOP('',(#4446,#4447,#4448,#4449));
#5165=EDGE_LOOP('',(#4450,#4451,#4452,#4453));
#5166=EDGE_LOOP('',(#4454,#4455,#4456,#4457));
#5167=EDGE_LOOP('',(#4458,#4459,#4460,#4461));
#5168=EDGE_LOOP('',(#4462,#4463,#4464,#4465));
#5169=EDGE_LOOP('',(#4466,#4467,#4468,#4469));
#5170=EDGE_LOOP('',(#4470,#4471,#4472,#4473));
#5171=EDGE_LOOP('',(#4474,#4475,#4476,#4477));
#5172=EDGE_LOOP('',(#4478,#4479,#4480,#4481));
#5173=EDGE_LOOP('',(#4482,#4483,#4484,#4485));
#5174=EDGE_LOOP('',(#4486,#4487,#4488,#4489));
#5175=EDGE_LOOP('',(#4490,#4491,#4492,#4493));
#5176=EDGE_LOOP('',(#4494,#4495,#4496,#4497));
#5177=EDGE_LOOP('',(#4498,#4499,#4500,#4501));
#5178=EDGE_LOOP('',(#4502,#4503,#4504,#4505));
#5179=EDGE_LOOP('',(#4506,#4507,#4508,#4509));
#5180=EDGE_LOOP('',(#4510,#4511,#4512,#4513));
#5181=EDGE_LOOP('',(#4514,#4515,#4516,#4517));
#5182=EDGE_LOOP('',(#4518,#4519,#4520,#4521));
#5183=EDGE_LOOP('',(#4522,#4523,#4524,#4525));
#5184=EDGE_LOOP('',(#4526,#4527,#4528,#4529));
#5185=EDGE_LOOP('',(#4530,#4531,#4532,#4533));
#5186=EDGE_LOOP('',(#4534,#4535,#4536,#4537));
#5187=EDGE_LOOP('',(#4538,#4539,#4540,#4541));
#5188=EDGE_LOOP('',(#4542,#4543,#4544,#4545));
#5189=EDGE_LOOP('',(#4546,#4547,#4548,#4549));
#5190=EDGE_LOOP('',(#4550,#4551,#4552,#4553));
#5191=EDGE_LOOP('',(#4554,#4555,#4556,#4557));
#5192=EDGE_LOOP('',(#4558,#4559,#4560,#4561));
#5193=EDGE_LOOP('',(#4562,#4563,#4564,#4565));
#5194=EDGE_LOOP('',(#4566,#4567,#4568,#4569));
#5195=EDGE_LOOP('',(#4570,#4571,#4572,#4573));
#5196=EDGE_LOOP('',(#4574,#4575,#4576,#4577));
#5197=EDGE_LOOP('',(#4578,#4579,#4580,#4581));
#5198=EDGE_LOOP('',(#4582,#4583,#4584,#4585));
#5199=EDGE_LOOP('',(#4586,#4587,#4588,#4589));
#5200=EDGE_LOOP('',(#4590,#4591,#4592,#4593));
#5201=EDGE_LOOP('',(#4594,#4595,#4596,#4597));
#5202=EDGE_LOOP('',(#4598,#4599,#4600,#4601));
#5203=EDGE_LOOP('',(#4602,#4603,#4604,#4605));
#5204=EDGE_LOOP('',(#4606,#4607,#4608,#4609));
#5205=EDGE_LOOP('',(#4610,#4611,#4612,#4613));
#5206=EDGE_LOOP('',(#4614,#4615,#4616,#4617));
#5207=EDGE_LOOP('',(#4618,#4619,#4620,#4621));
#5208=EDGE_LOOP('',(#4622,#4623,#4624,#4625));
#5209=EDGE_LOOP('',(#4626,#4627,#4628,#4629));
#5210=EDGE_LOOP('',(#4630,#4631,#4632,#4633));
#5211=EDGE_LOOP('',(#4634,#4635,#4636,#4637));
#5212=EDGE_LOOP('',(#4638,#4639,#4640,#4641));
#5213=EDGE_LOOP('',(#4642,#4643,#4644,#4645));
#5214=EDGE_LOOP('',(#4646,#4647,#4648,#4649));
#5215=EDGE_LOOP('',(#4650,#4651,#4652,#4653));
#5216=EDGE_LOOP('',(#4654,#4655,#4656,#4657));
#5217=EDGE_LOOP('',(#4658,#4659,#4660,#4661));
#5218=EDGE_LOOP('',(#4662,#4663,#4664,#4665));
#5219=EDGE_LOOP('',(#4666,#4667,#4668,#4669));
#5220=FACE_BOUND('',#5154,.T.);
#5221=FACE_BOUND('',#5155,.T.);
#5222=FACE_BOUND('',#5156,.T.);
#5223=FACE_BOUND('',#5157,.T.);
#5224=FACE_BOUND('',#5158,.T.);
#5225=FACE_BOUND('',#5159,.T.);
#5226=FACE_BOUND('',#5160,.T.);
#5227=FACE_BOUND('',#5161,.T.);
#5228=FACE_BOUND('',#5162,.T.);
#5229=FACE_BOUND('',#5163,.T.);
#5230=FACE_BOUND('',#5164,.T.);
#5231=FACE_BOUND('',#5165,.T.);
#5232=FACE_BOUND('',#5166,.T.);
#5233=FACE_BOUND('',#5167,.T.);
#5234=FACE_BOUND('',#5168,.T.);
#5235=FACE_BOUND('',#5169,.T.);
#5236=FACE_BOUND('',#5170,.T.);
#5237=FACE_BOUND('',#5171,.T.);
#5238=FACE_BOUND('',#5172,.T.);
#5239=FACE_BOUND('',#5173,.T.);
#5240=FACE_BOUND('',#5174,.T.);
#5241=FACE_BOUND('',#5175,.T.);
#5242=FACE_BOUND('',#5176,.T.);
#5243=FACE_BOUND('',#5177,.T.);
#5244=FACE_BOUND('',#5178,.T.);
#5245=FACE_BOUND('',#5179,.T.);
#5246=FACE_BOUND('',#5180,.T.);
#5247=FACE_BOUND('',#5181,.T.);
#5248=FACE_BOUND('',#5182,.T.);
#5249=FACE_BOUND('',#5183,.T.);
#5250=FACE_BOUND('',#5184,.T.);
#5251=FACE_BOUND('',#5185,.T.);
#5252=FACE_BOUND('',#5186,.T.);
#5253=FACE_BOUND('',#5187,.T.);
#5254=FACE_BOUND('',#5188,.T.);
#5255=FACE_BOUND('',#5189,.T.);
#5256=FACE_BOUND('',#5190,.T.);
#5257=FACE_BOUND('',#5191,.T.);
#5258=FACE_BOUND('',#5192,.T.);
#5259=FACE_BOUND('',#5193,.T.);
#5260=FACE_BOUND('',#5194,.T.);
#5261=FACE_BOUND('',#5195,.T.);
#5262=FACE_BOUND('',#5196,.T.);
#5263=FACE_BOUND('',#5197,.T.);
#5264=FACE_BOUND('',#5198,.T.);
#5265=FACE_BOUND('',#5199,.T.);
#5266=FACE_BOUND('',#5200,.T.);
#5267=FACE_BOUND('',#5201,.T.);
#5268=FACE_BOUND('',#5202,.T.);
#5269=FACE_BOUND('',#5203,.T.);
#5270=FACE_BOUND('',#5204,.T.);
#5271=FACE_BOUND('',#5205,.T.);
#5272=FACE_BOUND('',#5206,.T.);
#5273=FACE_BOUND('',#5207,.T.);
#5274=FACE_BOUND('',#5208,.T.);
#5275=FACE_BOUND('',#5209,.T.);
#5276=FACE_BOUND('',#5210,.T.);
#5277=FACE_BOUND('',#5211,.T.);
#5278=FACE_BOUND('',#5212,.T.);
#5279=FACE_BOUND('',#5213,.T.);
#5280=FACE_BOUND('',#5214,.T.);
#5281=FACE_BOUND('',#5215,.T.);
#5282=FACE_BOUND('',#5216,.T.);
#5283=FACE_BOUND('',#5217,.T.);
#5284=FACE_BOUND('',#5218,.T.);
#5285=FACE_BOUND('',#5219,.T.);
#5286=PLANE('',#5644);
#5287=PLANE('',#5645);
#5288=PLANE('',#5646);
#5289=PLANE('',#5647);
#5290=PLANE('',#5648);
#5291=PLANE('',#5649);
#5292=PLANE('',#5651);
#5293=PLANE('',#5652);
#5294=PLANE('',#5653);
#5295=PLANE('',#5654);
#5296=PLANE('',#5655);
#5297=PLANE('',#5656);
#5298=PLANE('',#5657);
#5299=PLANE('',#5658);
#5300=PLANE('',#5659);
#5301=PLANE('',#5660);
#5302=PLANE('',#5661);
#5303=PLANE('',#5663);
#5304=PLANE('',#5664);
#5305=PLANE('',#5665);
#5306=PLANE('',#5666);
#5307=PLANE('',#5667);
#5308=PLANE('',#5668);
#5309=PLANE('',#5701);
#5310=PLANE('',#5702);
#5311=PLANE('',#5703);
#5312=PLANE('',#5704);
#5313=PLANE('',#5705);
#5314=PLANE('',#5706);
#5315=PLANE('',#5708);
#5316=PLANE('',#5709);
#5317=PLANE('',#5710);
#5318=PLANE('',#5711);
#5319=PLANE('',#5712);
#5320=PLANE('',#5713);
#5321=PLANE('',#5715);
#5322=PLANE('',#5716);
#5323=PLANE('',#5717);
#5324=PLANE('',#5718);
#5325=PLANE('',#5719);
#5326=PLANE('',#5720);
#5327=PLANE('',#5722);
#5328=PLANE('',#5723);
#5329=PLANE('',#5724);
#5330=PLANE('',#5725);
#5331=PLANE('',#5726);
#5332=PLANE('',#5727);
#5333=PLANE('',#5729);
#5334=PLANE('',#5730);
#5335=PLANE('',#5731);
#5336=PLANE('',#5732);
#5337=PLANE('',#5733);
#5338=PLANE('',#5734);
#5339=PLANE('',#5736);
#5340=PLANE('',#5737);
#5341=PLANE('',#5738);
#5342=PLANE('',#5739);
#5343=PLANE('',#5740);
#5344=PLANE('',#5741);
#5345=PLANE('',#5743);
#5346=PLANE('',#5744);
#5347=PLANE('',#5745);
#5348=PLANE('',#5746);
#5349=PLANE('',#5747);
#5350=PLANE('',#5748);
#5351=ADVANCED_FACE('',(#5220),#5286,.T.);
#5352=ADVANCED_FACE('',(#5221),#5287,.F.);
#5353=ADVANCED_FACE('',(#5222),#5288,.F.);
#5354=ADVANCED_FACE('',(#5223),#5289,.T.);
#5355=ADVANCED_FACE('',(#5224),#5290,.T.);
#5356=ADVANCED_FACE('',(#5225),#5291,.F.);
#5357=ADVANCED_FACE('',(#5226,#5227),#5292,.F.);
#5358=ADVANCED_FACE('',(#5228),#5293,.T.);
#5359=ADVANCED_FACE('',(#5229),#5294,.F.);
#5360=ADVANCED_FACE('',(#5230),#5295,.F.);
#5361=ADVANCED_FACE('',(#5231),#5296,.T.);
#5362=ADVANCED_FACE('',(#5232),#5297,.T.);
#5363=ADVANCED_FACE('',(#5233),#5298,.F.);
#5364=ADVANCED_FACE('',(#5234),#5299,.T.);
#5365=ADVANCED_FACE('',(#5235),#5300,.T.);
#5366=ADVANCED_FACE('',(#5236),#5301,.F.);
#5367=ADVANCED_FACE('',(#5237),#5302,.F.);
#5368=ADVANCED_FACE('',(#5238),#5303,.T.);
#5369=ADVANCED_FACE('',(#5239),#5304,.F.);
#5370=ADVANCED_FACE('',(#5240),#5305,.F.);
#5371=ADVANCED_FACE('',(#5241),#5306,.T.);
#5372=ADVANCED_FACE('',(#5242),#5307,.T.);
#5373=ADVANCED_FACE('',(#5243),#5308,.F.);
#5374=ADVANCED_FACE('',(#5244),#5309,.T.);
#5375=ADVANCED_FACE('',(#5245),#5310,.F.);
#5376=ADVANCED_FACE('',(#5246),#5311,.F.);
#5377=ADVANCED_FACE('',(#5247),#5312,.T.);
#5378=ADVANCED_FACE('',(#5248),#5313,.T.);
#5379=ADVANCED_FACE('',(#5249),#5314,.F.);
#5380=ADVANCED_FACE('',(#5250),#5315,.T.);
#5381=ADVANCED_FACE('',(#5251),#5316,.F.);
#5382=ADVANCED_FACE('',(#5252),#5317,.F.);
#5383=ADVANCED_FACE('',(#5253),#5318,.T.);
#5384=ADVANCED_FACE('',(#5254),#5319,.T.);
#5385=ADVANCED_FACE('',(#5255),#5320,.F.);
#5386=ADVANCED_FACE('',(#5256),#5321,.T.);
#5387=ADVANCED_FACE('',(#5257),#5322,.F.);
#5388=ADVANCED_FACE('',(#5258),#5323,.F.);
#5389=ADVANCED_FACE('',(#5259),#5324,.T.);
#5390=ADVANCED_FACE('',(#5260),#5325,.T.);
#5391=ADVANCED_FACE('',(#5261),#5326,.F.);
#5392=ADVANCED_FACE('',(#5262),#5327,.T.);
#5393=ADVANCED_FACE('',(#5263),#5328,.F.);
#5394=ADVANCED_FACE('',(#5264),#5329,.F.);
#5395=ADVANCED_FACE('',(#5265),#5330,.T.);
#5396=ADVANCED_FACE('',(#5266),#5331,.T.);
#5397=ADVANCED_FACE('',(#5267),#5332,.F.);
#5398=ADVANCED_FACE('',(#5268),#5333,.T.);
#5399=ADVANCED_FACE('',(#5269),#5334,.F.);
#5400=ADVANCED_FACE('',(#5270),#5335,.F.);
#5401=ADVANCED_FACE('',(#5271),#5336,.T.);
#5402=ADVANCED_FACE('',(#5272),#5337,.T.);
#5403=ADVANCED_FACE('',(#5273),#5338,.F.);
#5404=ADVANCED_FACE('',(#5274),#5339,.T.);
#5405=ADVANCED_FACE('',(#5275),#5340,.F.);
#5406=ADVANCED_FACE('',(#5276),#5341,.F.);
#5407=ADVANCED_FACE('',(#5277),#5342,.T.);
#5408=ADVANCED_FACE('',(#5278),#5343,.T.);
#5409=ADVANCED_FACE('',(#5279),#5344,.F.);
#5410=ADVANCED_FACE('',(#5280),#5345,.T.);
#5411=ADVANCED_FACE('',(#5281),#5346,.F.);
#5412=ADVANCED_FACE('',(#5282),#5347,.F.);
#5413=ADVANCED_FACE('',(#5283),#5348,.T.);
#5414=ADVANCED_FACE('',(#5284),#5349,.T.);
#5415=ADVANCED_FACE('',(#5285),#5350,.F.);
#5416=CLOSED_SHELL('',(#5351,#5352,#5353,#5354,#5355,#5356));
#5417=CLOSED_SHELL('',(#5357,#5358,#5359,#5360,#5361,#5362,#5363,#5364,
#5365,#5366,#5367));
#5418=CLOSED_SHELL('',(#5368,#5369,#5370,#5371,#5372,#5373));
#5419=CLOSED_SHELL('',(#5374,#5375,#5376,#5377,#5378,#5379));
#5420=CLOSED_SHELL('',(#5380,#5381,#5382,#5383,#5384,#5385));
#5421=CLOSED_SHELL('',(#5386,#5387,#5388,#5389,#5390,#5391));
#5422=CLOSED_SHELL('',(#5392,#5393,#5394,#5395,#5396,#5397));
#5423=CLOSED_SHELL('',(#5398,#5399,#5400,#5401,#5402,#5403));
#5424=CLOSED_SHELL('',(#5404,#5405,#5406,#5407,#5408,#5409));
#5425=CLOSED_SHELL('',(#5410,#5411,#5412,#5413,#5414,#5415));
#5426=STYLED_ITEM('',(#5436),#5501);
#5427=STYLED_ITEM('',(#5437),#5502);
#5428=STYLED_ITEM('',(#5438),#5503);
#5429=STYLED_ITEM('',(#5439),#5504);
#5430=STYLED_ITEM('',(#5440),#5505);
#5431=STYLED_ITEM('',(#5441),#5506);
#5432=STYLED_ITEM('',(#5442),#5507);
#5433=STYLED_ITEM('',(#5443),#5508);
#5434=STYLED_ITEM('',(#5444),#5509);
#5435=STYLED_ITEM('',(#5445),#5510);
#5436=PRESENTATION_STYLE_ASSIGNMENT((#5446));
#5437=PRESENTATION_STYLE_ASSIGNMENT((#5447));
#5438=PRESENTATION_STYLE_ASSIGNMENT((#5448));
#5439=PRESENTATION_STYLE_ASSIGNMENT((#5449));
#5440=PRESENTATION_STYLE_ASSIGNMENT((#5450));
#5441=PRESENTATION_STYLE_ASSIGNMENT((#5451));
#5442=PRESENTATION_STYLE_ASSIGNMENT((#5452));
#5443=PRESENTATION_STYLE_ASSIGNMENT((#5453));
#5444=PRESENTATION_STYLE_ASSIGNMENT((#5454));
#5445=PRESENTATION_STYLE_ASSIGNMENT((#5455));
#5446=SURFACE_STYLE_USAGE(.BOTH.,#5456);
#5447=SURFACE_STYLE_USAGE(.BOTH.,#5457);
#5448=SURFACE_STYLE_USAGE(.BOTH.,#5458);
#5449=SURFACE_STYLE_USAGE(.BOTH.,#5459);
#5450=SURFACE_STYLE_USAGE(.BOTH.,#5460);
#5451=SURFACE_STYLE_USAGE(.BOTH.,#5461);
#5452=SURFACE_STYLE_USAGE(.BOTH.,#5462);
#5453=SURFACE_STYLE_USAGE(.BOTH.,#5463);
#5454=SURFACE_STYLE_USAGE(.BOTH.,#5464);
#5455=SURFACE_STYLE_USAGE(.BOTH.,#5465);
#5456=SURFACE_SIDE_STYLE('',(#5466));
#5457=SURFACE_SIDE_STYLE('',(#5467));
#5458=SURFACE_SIDE_STYLE('',(#5468));
#5459=SURFACE_SIDE_STYLE('',(#5469));
#5460=SURFACE_SIDE_STYLE('',(#5470));
#5461=SURFACE_SIDE_STYLE('',(#5471));
#5462=SURFACE_SIDE_STYLE('',(#5472));
#5463=SURFACE_SIDE_STYLE('',(#5473));
#5464=SURFACE_SIDE_STYLE('',(#5474));
#5465=SURFACE_SIDE_STYLE('',(#5475));
#5466=SURFACE_STYLE_FILL_AREA(#5476);
#5467=SURFACE_STYLE_FILL_AREA(#5477);
#5468=SURFACE_STYLE_FILL_AREA(#5478);
#5469=SURFACE_STYLE_FILL_AREA(#5479);
#5470=SURFACE_STYLE_FILL_AREA(#5480);
#5471=SURFACE_STYLE_FILL_AREA(#5481);
#5472=SURFACE_STYLE_FILL_AREA(#5482);
#5473=SURFACE_STYLE_FILL_AREA(#5483);
#5474=SURFACE_STYLE_FILL_AREA(#5484);
#5475=SURFACE_STYLE_FILL_AREA(#5485);
#5476=FILL_AREA_STYLE('',(#5486));
#5477=FILL_AREA_STYLE('',(#5487));
#5478=FILL_AREA_STYLE('',(#5488));
#5479=FILL_AREA_STYLE('',(#5489));
#5480=FILL_AREA_STYLE('',(#5490));
#5481=FILL_AREA_STYLE('',(#5491));
#5482=FILL_AREA_STYLE('',(#5492));
#5483=FILL_AREA_STYLE('',(#5493));
#5484=FILL_AREA_STYLE('',(#5494));
#5485=FILL_AREA_STYLE('',(#5495));
#5486=FILL_AREA_STYLE_COLOUR('',#5496);
#5487=FILL_AREA_STYLE_COLOUR('',#5497);
#5488=FILL_AREA_STYLE_COLOUR('',#5498);
#5489=FILL_AREA_STYLE_COLOUR('',#5499);
#5490=FILL_AREA_STYLE_COLOUR('',#5499);
#5491=FILL_AREA_STYLE_COLOUR('',#5499);
#5492=FILL_AREA_STYLE_COLOUR('',#5499);
#5493=FILL_AREA_STYLE_COLOUR('',#5499);
#5494=FILL_AREA_STYLE_COLOUR('',#5499);
#5495=FILL_AREA_STYLE_COLOUR('',#5500);
#5496=COLOUR_RGB('',0.901960784313726,0.901960784313726,0.901960784313726);
#5497=COLOUR_RGB('',0.188235294117647,0.188235294117647,0.188235294117647);
#5498=COLOUR_RGB('',0.850980392156863,0.913725490196078,0.952941176470588);
#5499=COLOUR_RGB('',0.647058823529412,0.647058823529412,0.647058823529412);
#5500=COLOUR_RGB('',0.196078431372549,0.43921568627451,0.0784313725490196);
#5501=MANIFOLD_SOLID_BREP('Part 1',#5416);
#5502=MANIFOLD_SOLID_BREP('Part 1',#5417);
#5503=MANIFOLD_SOLID_BREP('Part 1',#5418);
#5504=MANIFOLD_SOLID_BREP('Part 2',#5419);
#5505=MANIFOLD_SOLID_BREP('Part 4',#5420);
#5506=MANIFOLD_SOLID_BREP('Part 6',#5421);
#5507=MANIFOLD_SOLID_BREP('Part 7',#5422);
#5508=MANIFOLD_SOLID_BREP('Part 5',#5423);
#5509=MANIFOLD_SOLID_BREP('Part 3',#5424);
#5510=MANIFOLD_SOLID_BREP('Part 1',#5425);
#5511=SHAPE_DEFINITION_REPRESENTATION(#10771,#5577);
#5512=SHAPE_DEFINITION_REPRESENTATION(#10772,#5578);
#5513=SHAPE_DEFINITION_REPRESENTATION(#10773,#5579);
#5514=SHAPE_DEFINITION_REPRESENTATION(#10775,#5580);
#5515=SHAPE_DEFINITION_REPRESENTATION(#10776,#5581);
#5516=SHAPE_DEFINITION_REPRESENTATION(#10778,#5582);
#5517=SHAPE_DEFINITION_REPRESENTATION(#10779,#5583);
#5518=SHAPE_DEFINITION_REPRESENTATION(#10812,#5584);
#5519=SHAPE_DEFINITION_REPRESENTATION(#10813,#5585);
#5520=SHAPE_DEFINITION_REPRESENTATION(#10815,#5586);
#5521=SHAPE_DEFINITION_REPRESENTATION(#10817,#5587);
#5522=SHAPE_DEFINITION_REPRESENTATION(#10819,#5588);
#5523=SHAPE_DEFINITION_REPRESENTATION(#10821,#5589);
#5524=SHAPE_DEFINITION_REPRESENTATION(#10823,#5590);
#5525=SHAPE_DEFINITION_REPRESENTATION(#10825,#5591);
#5526=SHAPE_DEFINITION_REPRESENTATION(#10833,#5592);
#5527=SHAPE_DEFINITION_REPRESENTATION(#10860,#5593);
#5528=SHAPE_DEFINITION_REPRESENTATION(#10880,#5594);
#5529=SHAPE_DEFINITION_REPRESENTATION(#10914,#5595);
#5530=SHAPE_DEFINITION_REPRESENTATION(#10927,#5596);
#5531=SHAPE_DEFINITION_REPRESENTATION(#10958,#5597);
#5532=SHAPE_DEFINITION_REPRESENTATION(#10975,#5598);
#5533=SHAPE_DEFINITION_REPRESENTATION(#10977,#5599);
#5534=SHAPE_DEFINITION_REPRESENTATION(#11013,#5600);
#5535=SHAPE_DEFINITION_REPRESENTATION(#11024,#5601);
#5536=SHAPE_DEFINITION_REPRESENTATION(#11058,#5602);
#5537=SHAPE_DEFINITION_REPRESENTATION(#11071,#5603);
#5538=SHAPE_DEFINITION_REPRESENTATION(#11105,#5604);
#5539=SHAPE_DEFINITION_REPRESENTATION(#11118,#5605);
#5540=SHAPE_DEFINITION_REPRESENTATION(#11155,#5606);
#5541=SHAPE_DEFINITION_REPRESENTATION(#11166,#5607);
#5542=SHAPE_DEFINITION_REPRESENTATION(#11168,#5608);
#5543=SHAPE_DEFINITION_REPRESENTATION(#11201,#5609);
#5544=SHAPE_DEFINITION_REPRESENTATION(#11215,#5610);
#5545=SHAPE_DEFINITION_REPRESENTATION(#11247,#5611);
#5546=SHAPE_DEFINITION_REPRESENTATION(#11262,#5612);
#5547=SHAPE_DEFINITION_REPRESENTATION(#11291,#5613);
#5548=SHAPE_DEFINITION_REPRESENTATION(#11309,#5614);
#5549=SHAPE_DEFINITION_REPRESENTATION(#11344,#5615);
#5550=SHAPE_DEFINITION_REPRESENTATION(#11357,#5616);
#5551=SHAPE_DEFINITION_REPRESENTATION(#11359,#5617);
#5552=SHAPE_DEFINITION_REPRESENTATION(#11396,#5618);
#5553=SHAPE_DEFINITION_REPRESENTATION(#11406,#5619);
#5554=SHAPE_DEFINITION_REPRESENTATION(#11440,#5620);
#5555=SHAPE_DEFINITION_REPRESENTATION(#11453,#5621);
#5556=SHAPE_DEFINITION_REPRESENTATION(#11489,#5622);
#5557=SHAPE_DEFINITION_REPRESENTATION(#11500,#5623);
#5558=SHAPE_DEFINITION_REPRESENTATION(#11537,#5624);
#5559=SHAPE_DEFINITION_REPRESENTATION(#11548,#5625);
#5560=SHAPE_DEFINITION_REPRESENTATION(#11550,#5626);
#5561=SHAPE_DEFINITION_REPRESENTATION(#11576,#5627);
#5562=SHAPE_DEFINITION_REPRESENTATION(#11597,#5628);
#5563=SHAPE_DEFINITION_REPRESENTATION(#11631,#5629);
#5564=SHAPE_DEFINITION_REPRESENTATION(#11644,#5630);
#5565=SHAPE_DEFINITION_REPRESENTATION(#11677,#5631);
#5566=SHAPE_DEFINITION_REPRESENTATION(#11691,#5632);
#5567=SHAPE_DEFINITION_REPRESENTATION(#11719,#5633);
#5568=SHAPE_DEFINITION_REPRESENTATION(#11739,#5634);
#5569=SHAPE_DEFINITION_REPRESENTATION(#11741,#5635);
#5570=SHAPE_DEFINITION_REPRESENTATION(#11778,#5636);
#5571=SHAPE_DEFINITION_REPRESENTATION(#11788,#5637);
#5572=SHAPE_DEFINITION_REPRESENTATION(#11817,#5638);
#5573=SHAPE_DEFINITION_REPRESENTATION(#11835,#5639);
#5574=SHAPE_DEFINITION_REPRESENTATION(#11869,#5640);
#5575=SHAPE_DEFINITION_REPRESENTATION(#11882,#5641);
#5576=SHAPE_DEFINITION_REPRESENTATION(#11919,#5642);
#5577=SHAPE_REPRESENTATION('Ring',(#5643,#6802),#10636);
#5578=SHAPE_REPRESENTATION('dmod <1>',(#5643,#5650,#5891,#6073,#6255,#6437,
#6619,#6801),#10637);
#5579=SHAPE_REPRESENTATION('Part 1',(#5643),#10638);
#5580=SHAPE_REPRESENTATION('Unit <6>',(#5643,#5662,#5755,#5800,#5845,#5890),
#10639);
#5581=SHAPE_REPRESENTATION('Part 1',(#5643),#10640);
#5582=SHAPE_REPRESENTATION('Block <4>',(#5643,#5669,#5670,#5671,#5672,#5673,
#5674,#5675,#5676,#5677,#5678,#5679,#5680,#5681,#5682,#5683,#5684,#5685,
#5686,#5687,#5688,#5689,#5690,#5691,#5692,#5693,#5694,#5695,#5696,#5697,
#5698,#5699,#5700,#5750,#5751,#5752,#5753,#5754),#10641);
#5583=SHAPE_REPRESENTATION('Part 1',(#5643),#10642);
#5584=SHAPE_REPRESENTATION('SiPM <1>',(#5643,#5707,#5714,#5721,#5728,#5735,
#5742,#5749),#10643);
#5585=SHAPE_REPRESENTATION('Part 2',(#5643),#10644);
#5586=SHAPE_REPRESENTATION('Part 4',(#5643),#10645);
#5587=SHAPE_REPRESENTATION('Part 6',(#5643),#10646);
#5588=SHAPE_REPRESENTATION('Part 7',(#5643),#10647);
#5589=SHAPE_REPRESENTATION('Part 5',(#5643),#10648);
#5590=SHAPE_REPRESENTATION('Part 3',(#5643),#10649);
#5591=SHAPE_REPRESENTATION('Part 1',(#5643),#10650);
#5592=SHAPE_REPRESENTATION('Block <3>',(#5643,#5756,#5757,#5758,#5759,#5760,
#5761,#5762,#5763,#5764,#5765,#5766,#5767,#5768,#5769,#5770,#5771,#5772,
#5773,#5774,#5775,#5776,#5777,#5778,#5779,#5780,#5781,#5789,#5790,#5791,
#5792,#5793,#5794,#5795,#5796,#5797,#5798,#5799),#10651);
#5593=SHAPE_REPRESENTATION('SiPM <1>',(#5643,#5782,#5783,#5784,#5785,#5786,
#5787,#5788),#10652);
#5594=SHAPE_REPRESENTATION('Block <2>',(#5643,#5801,#5802,#5803,#5804,#5805,
#5806,#5807,#5808,#5809,#5810,#5811,#5812,#5813,#5814,#5815,#5816,#5817,
#5818,#5819,#5820,#5821,#5822,#5823,#5824,#5825,#5826,#5827,#5828,#5829,
#5830,#5831,#5832,#5833,#5841,#5842,#5843,#5844),#10653);
#5595=SHAPE_REPRESENTATION('SiPM <1>',(#5643,#5834,#5835,#5836,#5837,#5838,
#5839,#5840),#10654);
#5596=SHAPE_REPRESENTATION('Block <1>',(#5643,#5846,#5847,#5848,#5849,#5850,
#5851,#5852,#5853,#5854,#5855,#5856,#5857,#5858,#5859,#5860,#5861,#5862,
#5863,#5864,#5865,#5866,#5867,#5868,#5869,#5870,#5871,#5872,#5873,#5874,
#5875,#5883,#5884,#5885,#5886,#5887,#5888,#5889),#10655);
#5597=SHAPE_REPRESENTATION('SiPM <1>',(#5643,#5876,#5877,#5878,#5879,#5880,
#5881,#5882),#10656);
#5598=SHAPE_REPRESENTATION('Unit <4>',(#5643,#5892,#5937,#5982,#6027,#6072),
#10657);
#5599=SHAPE_REPRESENTATION('Block <3>',(#5643,#5893,#5894,#5895,#5896,#5897,
#5898,#5899,#5900,#5901,#5902,#5903,#5904,#5905,#5906,#5907,#5908,#5909,
#5910,#5911,#5912,#5913,#5914,#5915,#5916,#5917,#5918,#5919,#5920,#5921,
#5922,#5923,#5924,#5925,#5926,#5927,#5935,#5936),#10658);
#5600=SHAPE_REPRESENTATION('SiPM <1>',(#5643,#5928,#5929,#5930,#5931,#5932,
#5933,#5934),#10659);
#5601=SHAPE_REPRESENTATION('Block <2>',(#5643,#5938,#5939,#5940,#5941,#5942,
#5943,#5944,#5945,#5946,#5947,#5948,#5949,#5950,#5951,#5952,#5953,#5954,
#5955,#5956,#5957,#5958,#5959,#5960,#5961,#5962,#5963,#5964,#5965,#5966,
#5967,#5968,#5969,#5970,#5978,#5979,#5980,#5981),#10660);
#5602=SHAPE_REPRESENTATION('SiPM <1>',(#5643,#5971,#5972,#5973,#5974,#5975,
#5976,#5977),#10661);
#5603=SHAPE_REPRESENTATION('Block <4>',(#5643,#5983,#5984,#5985,#5986,#5987,
#5988,#5989,#5990,#5991,#5992,#5993,#5994,#5995,#5996,#5997,#5998,#5999,
#6000,#6001,#6002,#6003,#6004,#6005,#6006,#6007,#6008,#6009,#6010,#6011,
#6012,#6013,#6014,#6015,#6023,#6024,#6025,#6026),#10662);
#5604=SHAPE_REPRESENTATION('SiPM <1>',(#5643,#6016,#6017,#6018,#6019,#6020,
#6021,#6022),#10663);
#5605=SHAPE_REPRESENTATION('Block <1>',(#5643,#6028,#6029,#6030,#6031,#6032,
#6033,#6034,#6035,#6036,#6037,#6038,#6039,#6040,#6041,#6042,#6043,#6044,
#6045,#6046,#6047,#6048,#6049,#6050,#6051,#6052,#6053,#6054,#6055,#6056,
#6057,#6058,#6059,#6060,#6061,#6062,#6063,#6071),#10664);
#5606=SHAPE_REPRESENTATION('SiPM <1>',(#5643,#6064,#6065,#6066,#6067,#6068,
#6069,#6070),#10665);
#5607=SHAPE_REPRESENTATION('Unit <5>',(#5643,#6074,#6119,#6164,#6209,#6254),
#10666);
#5608=SHAPE_REPRESENTATION('Block <4>',(#5643,#6075,#6076,#6077,#6078,#6079,
#6080,#6081,#6082,#6083,#6084,#6085,#6086,#6087,#6088,#6089,#6090,#6091,
#6092,#6093,#6094,#6095,#6096,#6097,#6098,#6099,#6100,#6101,#6102,#6103,
#6104,#6105,#6106,#6114,#6115,#6116,#6117,#6118),#10667);
#5609=SHAPE_REPRESENTATION('SiPM <1>',(#5643,#6107,#6108,#6109,#6110,#6111,
#6112,#6113),#10668);
#5610=SHAPE_REPRESENTATION('Block <1>',(#5643,#6120,#6121,#6122,#6123,#6124,
#6125,#6126,#6127,#6128,#6129,#6130,#6131,#6132,#6133,#6134,#6135,#6136,
#6137,#6138,#6139,#6140,#6141,#6142,#6143,#6144,#6145,#6146,#6147,#6148,
#6149,#6150,#6158,#6159,#6160,#6161,#6162,#6163),#10669);
#5611=SHAPE_REPRESENTATION('SiPM <1>',(#5643,#6151,#6152,#6153,#6154,#6155,
#6156,#6157),#10670);
#5612=SHAPE_REPRESENTATION('Block <3>',(#5643,#6165,#6166,#6167,#6168,#6169,
#6170,#6171,#6172,#6173,#6174,#6175,#6176,#6177,#6178,#6179,#6180,#6181,
#6182,#6183,#6184,#6185,#6186,#6187,#6188,#6189,#6190,#6191,#6192,#6200,
#6201,#6202,#6203,#6204,#6205,#6206,#6207,#6208),#10671);
#5613=SHAPE_REPRESENTATION('SiPM <1>',(#5643,#6193,#6194,#6195,#6196,#6197,
#6198,#6199),#10672);
#5614=SHAPE_REPRESENTATION('Block <2>',(#5643,#6210,#6211,#6212,#6213,#6214,
#6215,#6216,#6217,#6218,#6219,#6220,#6221,#6222,#6223,#6224,#6225,#6226,
#6227,#6228,#6229,#6230,#6231,#6232,#6233,#6234,#6235,#6236,#6237,#6238,
#6239,#6240,#6241,#6242,#6243,#6251,#6252,#6253),#10673);
#5615=SHAPE_REPRESENTATION('SiPM <1>',(#5643,#6244,#6245,#6246,#6247,#6248,
#6249,#6250),#10674);
#5616=SHAPE_REPRESENTATION('Unit <3>',(#5643,#6256,#6301,#6346,#6391,#6436),
#10675);
#5617=SHAPE_REPRESENTATION('Block <2>',(#5643,#6257,#6258,#6259,#6260,#6261,
#6262,#6263,#6264,#6265,#6266,#6267,#6268,#6269,#6270,#6271,#6272,#6273,
#6274,#6275,#6276,#6277,#6278,#6279,#6280,#6281,#6282,#6283,#6284,#6285,
#6286,#6287,#6288,#6289,#6290,#6291,#6292,#6300),#10676);
#5618=SHAPE_REPRESENTATION('SiPM <1>',(#5643,#6293,#6294,#6295,#6296,#6297,
#6298,#6299),#10677);
#5619=SHAPE_REPRESENTATION('Block <3>',(#5643,#6302,#6303,#6304,#6305,#6306,
#6307,#6308,#6309,#6310,#6311,#6312,#6313,#6314,#6315,#6316,#6317,#6318,
#6319,#6320,#6321,#6322,#6323,#6324,#6325,#6326,#6327,#6328,#6329,#6330,
#6331,#6332,#6333,#6334,#6342,#6343,#6344,#6345),#10678);
#5620=SHAPE_REPRESENTATION('SiPM <1>',(#5643,#6335,#6336,#6337,#6338,#6339,
#6340,#6341),#10679);
#5621=SHAPE_REPRESENTATION('Block <1>',(#5643,#6347,#6348,#6349,#6350,#6351,
#6352,#6353,#6354,#6355,#6356,#6357,#6358,#6359,#6360,#6361,#6362,#6363,
#6364,#6365,#6366,#6367,#6368,#6369,#6370,#6371,#6372,#6373,#6374,#6375,
#6376,#6377,#6378,#6379,#6380,#6381,#6389,#6390),#10680);
#5622=SHAPE_REPRESENTATION('SiPM <1>',(#5643,#6382,#6383,#6384,#6385,#6386,
#6387,#6388),#10681);
#5623=SHAPE_REPRESENTATION('Block <4>',(#5643,#6392,#6393,#6394,#6395,#6396,
#6397,#6398,#6399,#6400,#6401,#6402,#6403,#6404,#6405,#6406,#6407,#6408,
#6409,#6410,#6411,#6412,#6413,#6414,#6415,#6416,#6417,#6418,#6419,#6420,
#6421,#6422,#6423,#6424,#6425,#6426,#6427,#6435),#10682);
#5624=SHAPE_REPRESENTATION('SiPM <1>',(#5643,#6428,#6429,#6430,#6431,#6432,
#6433,#6434),#10683);
#5625=SHAPE_REPRESENTATION('Unit <2>',(#5643,#6438,#6483,#6528,#6573,#6618),
#10684);
#5626=SHAPE_REPRESENTATION('Block <2>',(#5643,#6439,#6440,#6441,#6442,#6443,
#6444,#6445,#6446,#6447,#6448,#6449,#6450,#6451,#6452,#6453,#6454,#6455,
#6456,#6457,#6458,#6459,#6460,#6461,#6462,#6463,#6471,#6472,#6473,#6474,
#6475,#6476,#6477,#6478,#6479,#6480,#6481,#6482),#10685);
#5627=SHAPE_REPRESENTATION('SiPM <1>',(#5643,#6464,#6465,#6466,#6467,#6468,
#6469,#6470),#10686);
#5628=SHAPE_REPRESENTATION('Block <3>',(#5643,#6484,#6485,#6486,#6487,#6488,
#6489,#6490,#6491,#6492,#6493,#6494,#6495,#6496,#6497,#6498,#6499,#6500,
#6501,#6502,#6503,#6504,#6505,#6506,#6507,#6508,#6509,#6510,#6511,#6512,
#6513,#6514,#6515,#6516,#6524,#6525,#6526,#6527),#10687);
#5629=SHAPE_REPRESENTATION('SiPM <1>',(#5643,#6517,#6518,#6519,#6520,#6521,
#6522,#6523),#10688);
#5630=SHAPE_REPRESENTATION('Block <4>',(#5643,#6529,#6530,#6531,#6532,#6533,
#6534,#6535,#6536,#6537,#6538,#6539,#6540,#6541,#6542,#6543,#6544,#6545,
#6546,#6547,#6548,#6549,#6550,#6551,#6552,#6553,#6554,#6555,#6556,#6557,
#6558,#6559,#6560,#6568,#6569,#6570,#6571,#6572),#10689);
#5631=SHAPE_REPRESENTATION('SiPM <1>',(#5643,#6561,#6562,#6563,#6564,#6565,
#6566,#6567),#10690);
#5632=SHAPE_REPRESENTATION('Block <1>',(#5643,#6574,#6575,#6576,#6577,#6578,
#6579,#6580,#6581,#6582,#6583,#6584,#6585,#6586,#6587,#6588,#6589,#6590,
#6591,#6592,#6593,#6594,#6595,#6596,#6597,#6598,#6599,#6600,#6608,#6609,
#6610,#6611,#6612,#6613,#6614,#6615,#6616,#6617),#10691);
#5633=SHAPE_REPRESENTATION('SiPM <1>',(#5643,#6601,#6602,#6603,#6604,#6605,
#6606,#6607),#10692);
#5634=SHAPE_REPRESENTATION('Unit <1>',(#5643,#6620,#6665,#6710,#6755,#6800),
#10693);
#5635=SHAPE_REPRESENTATION('Block <4>',(#5643,#6621,#6622,#6623,#6624,#6625,
#6626,#6627,#6628,#6629,#6630,#6631,#6632,#6633,#6634,#6635,#6636,#6637,
#6638,#6639,#6640,#6641,#6642,#6643,#6644,#6645,#6646,#6647,#6648,#6649,
#6650,#6651,#6652,#6653,#6654,#6655,#6656,#6664),#10694);
#5636=SHAPE_REPRESENTATION('SiPM <1>',(#5643,#6657,#6658,#6659,#6660,#6661,
#6662,#6663),#10695);
#5637=SHAPE_REPRESENTATION('Block <2>',(#5643,#6666,#6667,#6668,#6669,#6670,
#6671,#6672,#6673,#6674,#6675,#6676,#6677,#6678,#6679,#6680,#6681,#6682,
#6683,#6684,#6685,#6686,#6687,#6688,#6689,#6690,#6691,#6692,#6693,#6701,
#6702,#6703,#6704,#6705,#6706,#6707,#6708,#6709),#10696);
#5638=SHAPE_REPRESENTATION('SiPM <1>',(#5643,#6694,#6695,#6696,#6697,#6698,
#6699,#6700),#10697);
#5639=SHAPE_REPRESENTATION('Block <1>',(#5643,#6711,#6712,#6713,#6714,#6715,
#6716,#6717,#6718,#6719,#6720,#6721,#6722,#6723,#6724,#6725,#6726,#6727,
#6728,#6729,#6730,#6731,#6732,#6733,#6734,#6735,#6736,#6737,#6738,#6739,
#6740,#6741,#6742,#6743,#6751,#6752,#6753,#6754),#10698);
#5640=SHAPE_REPRESENTATION('SiPM <1>',(#5643,#6744,#6745,#6746,#6747,#6748,
#6749,#6750),#10699);
#5641=SHAPE_REPRESENTATION('Block <3>',(#5643,#6756,#6757,#6758,#6759,#6760,
#6761,#6762,#6763,#6764,#6765,#6766,#6767,#6768,#6769,#6770,#6771,#6772,
#6773,#6774,#6775,#6776,#6777,#6778,#6779,#6780,#6781,#6782,#6783,#6784,
#6785,#6786,#6787,#6788,#6789,#6790,#6791,#6799),#10700);
#5642=SHAPE_REPRESENTATION('SiPM <1>',(#5643,#6792,#6793,#6794,#6795,#6796,
#6797,#6798),#10701);
#5643=AXIS2_PLACEMENT_3D('',#9255,#6803,#6804);
#5644=AXIS2_PLACEMENT_3D('',#9256,#6805,#6806);
#5645=AXIS2_PLACEMENT_3D('',#9265,#6811,#6812);
#5646=AXIS2_PLACEMENT_3D('',#9271,#6816,#6817);
#5647=AXIS2_PLACEMENT_3D('',#9277,#6821,#6822);
#5648=AXIS2_PLACEMENT_3D('',#9280,#6825,#6826);
#5649=AXIS2_PLACEMENT_3D('',#9281,#6827,#6828);
#5650=AXIS2_PLACEMENT_3D('',#9282,#6829,#6830);
#5651=AXIS2_PLACEMENT_3D('',#9283,#6831,#6832);
#5652=AXIS2_PLACEMENT_3D('',#9300,#6841,#6842);
#5653=AXIS2_PLACEMENT_3D('',#9306,#6846,#6847);
#5654=AXIS2_PLACEMENT_3D('',#9310,#6850,#6851);
#5655=AXIS2_PLACEMENT_3D('',#9314,#6854,#6855);
#5656=AXIS2_PLACEMENT_3D('',#9316,#6857,#6858);
#5657=AXIS2_PLACEMENT_3D('',#9317,#6859,#6860);
#5658=AXIS2_PLACEMENT_3D('',#9323,#6864,#6865);
#5659=AXIS2_PLACEMENT_3D('',#9327,#6868,#6869);
#5660=AXIS2_PLACEMENT_3D('',#9331,#6872,#6873);
#5661=AXIS2_PLACEMENT_3D('',#9333,#6875,#6876);
#5662=AXIS2_PLACEMENT_3D('',#9334,#6877,#6878);
#5663=AXIS2_PLACEMENT_3D('',#9335,#6879,#6880);
#5664=AXIS2_PLACEMENT_3D('',#9344,#6885,#6886);
#5665=AXIS2_PLACEMENT_3D('',#9350,#6890,#6891);
#5666=AXIS2_PLACEMENT_3D('',#9356,#6895,#6896);
#5667=AXIS2_PLACEMENT_3D('',#9359,#6899,#6900);
#5668=AXIS2_PLACEMENT_3D('',#9360,#6901,#6902);
#5669=AXIS2_PLACEMENT_3D('',#9361,#6903,#6904);
#5670=AXIS2_PLACEMENT_3D('',#9362,#6905,#6906);
#5671=AXIS2_PLACEMENT_3D('',#9363,#6907,#6908);
#5672=AXIS2_PLACEMENT_3D('',#9364,#6909,#6910);
#5673=AXIS2_PLACEMENT_3D('',#9365,#6911,#6912);
#5674=AXIS2_PLACEMENT_3D('',#9366,#6913,#6914);
#5675=AXIS2_PLACEMENT_3D('',#9367,#6915,#6916);
#5676=AXIS2_PLACEMENT_3D('',#9368,#6917,#6918);
#5677=AXIS2_PLACEMENT_3D('',#9369,#6919,#6920);
#5678=AXIS2_PLACEMENT_3D('',#9370,#6921,#6922);
#5679=AXIS2_PLACEMENT_3D('',#9371,#6923,#6924);
#5680=AXIS2_PLACEMENT_3D('',#9372,#6925,#6926);
#5681=AXIS2_PLACEMENT_3D('',#9373,#6927,#6928);
#5682=AXIS2_PLACEMENT_3D('',#9374,#6929,#6930);
#5683=AXIS2_PLACEMENT_3D('',#9375,#6931,#6932);
#5684=AXIS2_PLACEMENT_3D('',#9376,#6933,#6934);
#5685=AXIS2_PLACEMENT_3D('',#9377,#6935,#6936);
#5686=AXIS2_PLACEMENT_3D('',#9378,#6937,#6938);
#5687=AXIS2_PLACEMENT_3D('',#9379,#6939,#6940);
#5688=AXIS2_PLACEMENT_3D('',#9380,#6941,#6942);
#5689=AXIS2_PLACEMENT_3D('',#9381,#6943,#6944);
#5690=AXIS2_PLACEMENT_3D('',#9382,#6945,#6946);
#5691=AXIS2_PLACEMENT_3D('',#9383,#6947,#6948);
#5692=AXIS2_PLACEMENT_3D('',#9384,#6949,#6950);
#5693=AXIS2_PLACEMENT_3D('',#9385,#6951,#6952);
#5694=AXIS2_PLACEMENT_3D('',#9386,#6953,#6954);
#5695=AXIS2_PLACEMENT_3D('',#9387,#6955,#6956);
#5696=AXIS2_PLACEMENT_3D('',#9388,#6957,#6958);
#5697=AXIS2_PLACEMENT_3D('',#9389,#6959,#6960);
#5698=AXIS2_PLACEMENT_3D('',#9390,#6961,#6962);
#5699=AXIS2_PLACEMENT_3D('',#9391,#6963,#6964);
#5700=AXIS2_PLACEMENT_3D('',#9392,#6965,#6966);
#5701=AXIS2_PLACEMENT_3D('',#9393,#6967,#6968);
#5702=AXIS2_PLACEMENT_3D('',#9402,#6973,#6974);
#5703=AXIS2_PLACEMENT_3D('',#9408,#6978,#6979);
#5704=AXIS2_PLACEMENT_3D('',#9414,#6983,#6984);
#5705=AXIS2_PLACEMENT_3D('',#9417,#6987,#6988);
#5706=AXIS2_PLACEMENT_3D('',#9418,#6989,#6990);
#5707=AXIS2_PLACEMENT_3D('',#9419,#6991,#6992);
#5708=AXIS2_PLACEMENT_3D('',#9420,#6993,#6994);
#5709=AXIS2_PLACEMENT_3D('',#9429,#6999,#7000);
#5710=AXIS2_PLACEMENT_3D('',#9435,#7004,#7005);
#5711=AXIS2_PLACEMENT_3D('',#9441,#7009,#7010);
#5712=AXIS2_PLACEMENT_3D('',#9444,#7013,#7014);
#5713=AXIS2_PLACEMENT_3D('',#9445,#7015,#7016);
#5714=AXIS2_PLACEMENT_3D('',#9446,#7017,#7018);
#5715=AXIS2_PLACEMENT_3D('',#9447,#7019,#7020);
#5716=AXIS2_PLACEMENT_3D('',#9456,#7025,#7026);
#5717=AXIS2_PLACEMENT_3D('',#9462,#7030,#7031);
#5718=AXIS2_PLACEMENT_3D('',#9468,#7035,#7036);
#5719=AXIS2_PLACEMENT_3D('',#9471,#7039,#7040);
#5720=AXIS2_PLACEMENT_3D('',#9472,#7041,#7042);
#5721=AXIS2_PLACEMENT_3D('',#9473,#7043,#7044);
#5722=AXIS2_PLACEMENT_3D('',#9474,#7045,#7046);
#5723=AXIS2_PLACEMENT_3D('',#9483,#7051,#7052);
#5724=AXIS2_PLACEMENT_3D('',#9489,#7056,#7057);
#5725=AXIS2_PLACEMENT_3D('',#9495,#7061,#7062);
#5726=AXIS2_PLACEMENT_3D('',#9498,#7065,#7066);
#5727=AXIS2_PLACEMENT_3D('',#9499,#7067,#7068);
#5728=AXIS2_PLACEMENT_3D('',#9500,#7069,#7070);
#5729=AXIS2_PLACEMENT_3D('',#9501,#7071,#7072);
#5730=AXIS2_PLACEMENT_3D('',#9510,#7077,#7078);
#5731=AXIS2_PLACEMENT_3D('',#9516,#7082,#7083);
#5732=AXIS2_PLACEMENT_3D('',#9522,#7087,#7088);
#5733=AXIS2_PLACEMENT_3D('',#9525,#7091,#7092);
#5734=AXIS2_PLACEMENT_3D('',#9526,#7093,#7094);
#5735=AXIS2_PLACEMENT_3D('',#9527,#7095,#7096);
#5736=AXIS2_PLACEMENT_3D('',#9528,#7097,#7098);
#5737=AXIS2_PLACEMENT_3D('',#9537,#7103,#7104);
#5738=AXIS2_PLACEMENT_3D('',#9543,#7108,#7109);
#5739=AXIS2_PLACEMENT_3D('',#9549,#7113,#7114);
#5740=AXIS2_PLACEMENT_3D('',#9552,#7117,#7118);
#5741=AXIS2_PLACEMENT_3D('',#9553,#7119,#7120);
#5742=AXIS2_PLACEMENT_3D('',#9554,#7121,#7122);
#5743=AXIS2_PLACEMENT_3D('',#9555,#7123,#7124);
#5744=AXIS2_PLACEMENT_3D('',#9564,#7129,#7130);
#5745=AXIS2_PLACEMENT_3D('',#9570,#7134,#7135);
#5746=AXIS2_PLACEMENT_3D('',#9576,#7139,#7140);
#5747=AXIS2_PLACEMENT_3D('',#9579,#7143,#7144);
#5748=AXIS2_PLACEMENT_3D('',#9580,#7145,#7146);
#5749=AXIS2_PLACEMENT_3D('',#9581,#7147,#7148);
#5750=AXIS2_PLACEMENT_3D('',#9582,#7149,#7150);
#5751=AXIS2_PLACEMENT_3D('',#9583,#7151,#7152);
#5752=AXIS2_PLACEMENT_3D('',#9584,#7153,#7154);
#5753=AXIS2_PLACEMENT_3D('',#9585,#7155,#7156);
#5754=AXIS2_PLACEMENT_3D('',#9586,#7157,#7158);
#5755=AXIS2_PLACEMENT_3D('',#9587,#7159,#7160);
#5756=AXIS2_PLACEMENT_3D('',#9588,#7161,#7162);
#5757=AXIS2_PLACEMENT_3D('',#9589,#7163,#7164);
#5758=AXIS2_PLACEMENT_3D('',#9590,#7165,#7166);
#5759=AXIS2_PLACEMENT_3D('',#9591,#7167,#7168);
#5760=AXIS2_PLACEMENT_3D('',#9592,#7169,#7170);
#5761=AXIS2_PLACEMENT_3D('',#9593,#7171,#7172);
#5762=AXIS2_PLACEMENT_3D('',#9594,#7173,#7174);
#5763=AXIS2_PLACEMENT_3D('',#9595,#7175,#7176);
#5764=AXIS2_PLACEMENT_3D('',#9596,#7177,#7178);
#5765=AXIS2_PLACEMENT_3D('',#9597,#7179,#7180);
#5766=AXIS2_PLACEMENT_3D('',#9598,#7181,#7182);
#5767=AXIS2_PLACEMENT_3D('',#9599,#7183,#7184);
#5768=AXIS2_PLACEMENT_3D('',#9600,#7185,#7186);
#5769=AXIS2_PLACEMENT_3D('',#9601,#7187,#7188);
#5770=AXIS2_PLACEMENT_3D('',#9602,#7189,#7190);
#5771=AXIS2_PLACEMENT_3D('',#9603,#7191,#7192);
#5772=AXIS2_PLACEMENT_3D('',#9604,#7193,#7194);
#5773=AXIS2_PLACEMENT_3D('',#9605,#7195,#7196);
#5774=AXIS2_PLACEMENT_3D('',#9606,#7197,#7198);
#5775=AXIS2_PLACEMENT_3D('',#9607,#7199,#7200);
#5776=AXIS2_PLACEMENT_3D('',#9608,#7201,#7202);
#5777=AXIS2_PLACEMENT_3D('',#9609,#7203,#7204);
#5778=AXIS2_PLACEMENT_3D('',#9610,#7205,#7206);
#5779=AXIS2_PLACEMENT_3D('',#9611,#7207,#7208);
#5780=AXIS2_PLACEMENT_3D('',#9612,#7209,#7210);
#5781=AXIS2_PLACEMENT_3D('',#9613,#7211,#7212);
#5782=AXIS2_PLACEMENT_3D('',#9614,#7213,#7214);
#5783=AXIS2_PLACEMENT_3D('',#9615,#7215,#7216);
#5784=AXIS2_PLACEMENT_3D('',#9616,#7217,#7218);
#5785=AXIS2_PLACEMENT_3D('',#9617,#7219,#7220);
#5786=AXIS2_PLACEMENT_3D('',#9618,#7221,#7222);
#5787=AXIS2_PLACEMENT_3D('',#9619,#7223,#7224);
#5788=AXIS2_PLACEMENT_3D('',#9620,#7225,#7226);
#5789=AXIS2_PLACEMENT_3D('',#9621,#7227,#7228);
#5790=AXIS2_PLACEMENT_3D('',#9622,#7229,#7230);
#5791=AXIS2_PLACEMENT_3D('',#9623,#7231,#7232);
#5792=AXIS2_PLACEMENT_3D('',#9624,#7233,#7234);
#5793=AXIS2_PLACEMENT_3D('',#9625,#7235,#7236);
#5794=AXIS2_PLACEMENT_3D('',#9626,#7237,#7238);
#5795=AXIS2_PLACEMENT_3D('',#9627,#7239,#7240);
#5796=AXIS2_PLACEMENT_3D('',#9628,#7241,#7242);
#5797=AXIS2_PLACEMENT_3D('',#9629,#7243,#7244);
#5798=AXIS2_PLACEMENT_3D('',#9630,#7245,#7246);
#5799=AXIS2_PLACEMENT_3D('',#9631,#7247,#7248);
#5800=AXIS2_PLACEMENT_3D('',#9632,#7249,#7250);
#5801=AXIS2_PLACEMENT_3D('',#9633,#7251,#7252);
#5802=AXIS2_PLACEMENT_3D('',#9634,#7253,#7254);
#5803=AXIS2_PLACEMENT_3D('',#9635,#7255,#7256);
#5804=AXIS2_PLACEMENT_3D('',#9636,#7257,#7258);
#5805=AXIS2_PLACEMENT_3D('',#9637,#7259,#7260);
#5806=AXIS2_PLACEMENT_3D('',#9638,#7261,#7262);
#5807=AXIS2_PLACEMENT_3D('',#9639,#7263,#7264);
#5808=AXIS2_PLACEMENT_3D('',#9640,#7265,#7266);
#5809=AXIS2_PLACEMENT_3D('',#9641,#7267,#7268);
#5810=AXIS2_PLACEMENT_3D('',#9642,#7269,#7270);
#5811=AXIS2_PLACEMENT_3D('',#9643,#7271,#7272);
#5812=AXIS2_PLACEMENT_3D('',#9644,#7273,#7274);
#5813=AXIS2_PLACEMENT_3D('',#9645,#7275,#7276);
#5814=AXIS2_PLACEMENT_3D('',#9646,#7277,#7278);
#5815=AXIS2_PLACEMENT_3D('',#9647,#7279,#7280);
#5816=AXIS2_PLACEMENT_3D('',#9648,#7281,#7282);
#5817=AXIS2_PLACEMENT_3D('',#9649,#7283,#7284);
#5818=AXIS2_PLACEMENT_3D('',#9650,#7285,#7286);
#5819=AXIS2_PLACEMENT_3D('',#9651,#7287,#7288);
#5820=AXIS2_PLACEMENT_3D('',#9652,#7289,#7290);
#5821=AXIS2_PLACEMENT_3D('',#9653,#7291,#7292);
#5822=AXIS2_PLACEMENT_3D('',#9654,#7293,#7294);
#5823=AXIS2_PLACEMENT_3D('',#9655,#7295,#7296);
#5824=AXIS2_PLACEMENT_3D('',#9656,#7297,#7298);
#5825=AXIS2_PLACEMENT_3D('',#9657,#7299,#7300);
#5826=AXIS2_PLACEMENT_3D('',#9658,#7301,#7302);
#5827=AXIS2_PLACEMENT_3D('',#9659,#7303,#7304);
#5828=AXIS2_PLACEMENT_3D('',#9660,#7305,#7306);
#5829=AXIS2_PLACEMENT_3D('',#9661,#7307,#7308);
#5830=AXIS2_PLACEMENT_3D('',#9662,#7309,#7310);
#5831=AXIS2_PLACEMENT_3D('',#9663,#7311,#7312);
#5832=AXIS2_PLACEMENT_3D('',#9664,#7313,#7314);
#5833=AXIS2_PLACEMENT_3D('',#9665,#7315,#7316);
#5834=AXIS2_PLACEMENT_3D('',#9666,#7317,#7318);
#5835=AXIS2_PLACEMENT_3D('',#9667,#7319,#7320);
#5836=AXIS2_PLACEMENT_3D('',#9668,#7321,#7322);
#5837=AXIS2_PLACEMENT_3D('',#9669,#7323,#7324);
#5838=AXIS2_PLACEMENT_3D('',#9670,#7325,#7326);
#5839=AXIS2_PLACEMENT_3D('',#9671,#7327,#7328);
#5840=AXIS2_PLACEMENT_3D('',#9672,#7329,#7330);
#5841=AXIS2_PLACEMENT_3D('',#9673,#7331,#7332);
#5842=AXIS2_PLACEMENT_3D('',#9674,#7333,#7334);
#5843=AXIS2_PLACEMENT_3D('',#9675,#7335,#7336);
#5844=AXIS2_PLACEMENT_3D('',#9676,#7337,#7338);
#5845=AXIS2_PLACEMENT_3D('',#9677,#7339,#7340);
#5846=AXIS2_PLACEMENT_3D('',#9678,#7341,#7342);
#5847=AXIS2_PLACEMENT_3D('',#9679,#7343,#7344);
#5848=AXIS2_PLACEMENT_3D('',#9680,#7345,#7346);
#5849=AXIS2_PLACEMENT_3D('',#9681,#7347,#7348);
#5850=AXIS2_PLACEMENT_3D('',#9682,#7349,#7350);
#5851=AXIS2_PLACEMENT_3D('',#9683,#7351,#7352);
#5852=AXIS2_PLACEMENT_3D('',#9684,#7353,#7354);
#5853=AXIS2_PLACEMENT_3D('',#9685,#7355,#7356);
#5854=AXIS2_PLACEMENT_3D('',#9686,#7357,#7358);
#5855=AXIS2_PLACEMENT_3D('',#9687,#7359,#7360);
#5856=AXIS2_PLACEMENT_3D('',#9688,#7361,#7362);
#5857=AXIS2_PLACEMENT_3D('',#9689,#7363,#7364);
#5858=AXIS2_PLACEMENT_3D('',#9690,#7365,#7366);
#5859=AXIS2_PLACEMENT_3D('',#9691,#7367,#7368);
#5860=AXIS2_PLACEMENT_3D('',#9692,#7369,#7370);
#5861=AXIS2_PLACEMENT_3D('',#9693,#7371,#7372);
#5862=AXIS2_PLACEMENT_3D('',#9694,#7373,#7374);
#5863=AXIS2_PLACEMENT_3D('',#9695,#7375,#7376);
#5864=AXIS2_PLACEMENT_3D('',#9696,#7377,#7378);
#5865=AXIS2_PLACEMENT_3D('',#9697,#7379,#7380);
#5866=AXIS2_PLACEMENT_3D('',#9698,#7381,#7382);
#5867=AXIS2_PLACEMENT_3D('',#9699,#7383,#7384);
#5868=AXIS2_PLACEMENT_3D('',#9700,#7385,#7386);
#5869=AXIS2_PLACEMENT_3D('',#9701,#7387,#7388);
#5870=AXIS2_PLACEMENT_3D('',#9702,#7389,#7390);
#5871=AXIS2_PLACEMENT_3D('',#9703,#7391,#7392);
#5872=AXIS2_PLACEMENT_3D('',#9704,#7393,#7394);
#5873=AXIS2_PLACEMENT_3D('',#9705,#7395,#7396);
#5874=AXIS2_PLACEMENT_3D('',#9706,#7397,#7398);
#5875=AXIS2_PLACEMENT_3D('',#9707,#7399,#7400);
#5876=AXIS2_PLACEMENT_3D('',#9708,#7401,#7402);
#5877=AXIS2_PLACEMENT_3D('',#9709,#7403,#7404);
#5878=AXIS2_PLACEMENT_3D('',#9710,#7405,#7406);
#5879=AXIS2_PLACEMENT_3D('',#9711,#7407,#7408);
#5880=AXIS2_PLACEMENT_3D('',#9712,#7409,#7410);
#5881=AXIS2_PLACEMENT_3D('',#9713,#7411,#7412);
#5882=AXIS2_PLACEMENT_3D('',#9714,#7413,#7414);
#5883=AXIS2_PLACEMENT_3D('',#9715,#7415,#7416);
#5884=AXIS2_PLACEMENT_3D('',#9716,#7417,#7418);
#5885=AXIS2_PLACEMENT_3D('',#9717,#7419,#7420);
#5886=AXIS2_PLACEMENT_3D('',#9718,#7421,#7422);
#5887=AXIS2_PLACEMENT_3D('',#9719,#7423,#7424);
#5888=AXIS2_PLACEMENT_3D('',#9720,#7425,#7426);
#5889=AXIS2_PLACEMENT_3D('',#9721,#7427,#7428);
#5890=AXIS2_PLACEMENT_3D('',#9722,#7429,#7430);
#5891=AXIS2_PLACEMENT_3D('',#9723,#7431,#7432);
#5892=AXIS2_PLACEMENT_3D('',#9724,#7433,#7434);
#5893=AXIS2_PLACEMENT_3D('',#9725,#7435,#7436);
#5894=AXIS2_PLACEMENT_3D('',#9726,#7437,#7438);
#5895=AXIS2_PLACEMENT_3D('',#9727,#7439,#7440);
#5896=AXIS2_PLACEMENT_3D('',#9728,#7441,#7442);
#5897=AXIS2_PLACEMENT_3D('',#9729,#7443,#7444);
#5898=AXIS2_PLACEMENT_3D('',#9730,#7445,#7446);
#5899=AXIS2_PLACEMENT_3D('',#9731,#7447,#7448);
#5900=AXIS2_PLACEMENT_3D('',#9732,#7449,#7450);
#5901=AXIS2_PLACEMENT_3D('',#9733,#7451,#7452);
#5902=AXIS2_PLACEMENT_3D('',#9734,#7453,#7454);
#5903=AXIS2_PLACEMENT_3D('',#9735,#7455,#7456);
#5904=AXIS2_PLACEMENT_3D('',#9736,#7457,#7458);
#5905=AXIS2_PLACEMENT_3D('',#9737,#7459,#7460);
#5906=AXIS2_PLACEMENT_3D('',#9738,#7461,#7462);
#5907=AXIS2_PLACEMENT_3D('',#9739,#7463,#7464);
#5908=AXIS2_PLACEMENT_3D('',#9740,#7465,#7466);
#5909=AXIS2_PLACEMENT_3D('',#9741,#7467,#7468);
#5910=AXIS2_PLACEMENT_3D('',#9742,#7469,#7470);
#5911=AXIS2_PLACEMENT_3D('',#9743,#7471,#7472);
#5912=AXIS2_PLACEMENT_3D('',#9744,#7473,#7474);
#5913=AXIS2_PLACEMENT_3D('',#9745,#7475,#7476);
#5914=AXIS2_PLACEMENT_3D('',#9746,#7477,#7478);
#5915=AXIS2_PLACEMENT_3D('',#9747,#7479,#7480);
#5916=AXIS2_PLACEMENT_3D('',#9748,#7481,#7482);
#5917=AXIS2_PLACEMENT_3D('',#9749,#7483,#7484);
#5918=AXIS2_PLACEMENT_3D('',#9750,#7485,#7486);
#5919=AXIS2_PLACEMENT_3D('',#9751,#7487,#7488);
#5920=AXIS2_PLACEMENT_3D('',#9752,#7489,#7490);
#5921=AXIS2_PLACEMENT_3D('',#9753,#7491,#7492);
#5922=AXIS2_PLACEMENT_3D('',#9754,#7493,#7494);
#5923=AXIS2_PLACEMENT_3D('',#9755,#7495,#7496);
#5924=AXIS2_PLACEMENT_3D('',#9756,#7497,#7498);
#5925=AXIS2_PLACEMENT_3D('',#9757,#7499,#7500);
#5926=AXIS2_PLACEMENT_3D('',#9758,#7501,#7502);
#5927=AXIS2_PLACEMENT_3D('',#9759,#7503,#7504);
#5928=AXIS2_PLACEMENT_3D('',#9760,#7505,#7506);
#5929=AXIS2_PLACEMENT_3D('',#9761,#7507,#7508);
#5930=AXIS2_PLACEMENT_3D('',#9762,#7509,#7510);
#5931=AXIS2_PLACEMENT_3D('',#9763,#7511,#7512);
#5932=AXIS2_PLACEMENT_3D('',#9764,#7513,#7514);
#5933=AXIS2_PLACEMENT_3D('',#9765,#7515,#7516);
#5934=AXIS2_PLACEMENT_3D('',#9766,#7517,#7518);
#5935=AXIS2_PLACEMENT_3D('',#9767,#7519,#7520);
#5936=AXIS2_PLACEMENT_3D('',#9768,#7521,#7522);
#5937=AXIS2_PLACEMENT_3D('',#9769,#7523,#7524);
#5938=AXIS2_PLACEMENT_3D('',#9770,#7525,#7526);
#5939=AXIS2_PLACEMENT_3D('',#9771,#7527,#7528);
#5940=AXIS2_PLACEMENT_3D('',#9772,#7529,#7530);
#5941=AXIS2_PLACEMENT_3D('',#9773,#7531,#7532);
#5942=AXIS2_PLACEMENT_3D('',#9774,#7533,#7534);
#5943=AXIS2_PLACEMENT_3D('',#9775,#7535,#7536);
#5944=AXIS2_PLACEMENT_3D('',#9776,#7537,#7538);
#5945=AXIS2_PLACEMENT_3D('',#9777,#7539,#7540);
#5946=AXIS2_PLACEMENT_3D('',#9778,#7541,#7542);
#5947=AXIS2_PLACEMENT_3D('',#9779,#7543,#7544);
#5948=AXIS2_PLACEMENT_3D('',#9780,#7545,#7546);
#5949=AXIS2_PLACEMENT_3D('',#9781,#7547,#7548);
#5950=AXIS2_PLACEMENT_3D('',#9782,#7549,#7550);
#5951=AXIS2_PLACEMENT_3D('',#9783,#7551,#7552);
#5952=AXIS2_PLACEMENT_3D('',#9784,#7553,#7554);
#5953=AXIS2_PLACEMENT_3D('',#9785,#7555,#7556);
#5954=AXIS2_PLACEMENT_3D('',#9786,#7557,#7558);
#5955=AXIS2_PLACEMENT_3D('',#9787,#7559,#7560);
#5956=AXIS2_PLACEMENT_3D('',#9788,#7561,#7562);
#5957=AXIS2_PLACEMENT_3D('',#9789,#7563,#7564);
#5958=AXIS2_PLACEMENT_3D('',#9790,#7565,#7566);
#5959=AXIS2_PLACEMENT_3D('',#9791,#7567,#7568);
#5960=AXIS2_PLACEMENT_3D('',#9792,#7569,#7570);
#5961=AXIS2_PLACEMENT_3D('',#9793,#7571,#7572);
#5962=AXIS2_PLACEMENT_3D('',#9794,#7573,#7574);
#5963=AXIS2_PLACEMENT_3D('',#9795,#7575,#7576);
#5964=AXIS2_PLACEMENT_3D('',#9796,#7577,#7578);
#5965=AXIS2_PLACEMENT_3D('',#9797,#7579,#7580);
#5966=AXIS2_PLACEMENT_3D('',#9798,#7581,#7582);
#5967=AXIS2_PLACEMENT_3D('',#9799,#7583,#7584);
#5968=AXIS2_PLACEMENT_3D('',#9800,#7585,#7586);
#5969=AXIS2_PLACEMENT_3D('',#9801,#7587,#7588);
#5970=AXIS2_PLACEMENT_3D('',#9802,#7589,#7590);
#5971=AXIS2_PLACEMENT_3D('',#9803,#7591,#7592);
#5972=AXIS2_PLACEMENT_3D('',#9804,#7593,#7594);
#5973=AXIS2_PLACEMENT_3D('',#9805,#7595,#7596);
#5974=AXIS2_PLACEMENT_3D('',#9806,#7597,#7598);
#5975=AXIS2_PLACEMENT_3D('',#9807,#7599,#7600);
#5976=AXIS2_PLACEMENT_3D('',#9808,#7601,#7602);
#5977=AXIS2_PLACEMENT_3D('',#9809,#7603,#7604);
#5978=AXIS2_PLACEMENT_3D('',#9810,#7605,#7606);
#5979=AXIS2_PLACEMENT_3D('',#9811,#7607,#7608);
#5980=AXIS2_PLACEMENT_3D('',#9812,#7609,#7610);
#5981=AXIS2_PLACEMENT_3D('',#9813,#7611,#7612);
#5982=AXIS2_PLACEMENT_3D('',#9814,#7613,#7614);
#5983=AXIS2_PLACEMENT_3D('',#9815,#7615,#7616);
#5984=AXIS2_PLACEMENT_3D('',#9816,#7617,#7618);
#5985=AXIS2_PLACEMENT_3D('',#9817,#7619,#7620);
#5986=AXIS2_PLACEMENT_3D('',#9818,#7621,#7622);
#5987=AXIS2_PLACEMENT_3D('',#9819,#7623,#7624);
#5988=AXIS2_PLACEMENT_3D('',#9820,#7625,#7626);
#5989=AXIS2_PLACEMENT_3D('',#9821,#7627,#7628);
#5990=AXIS2_PLACEMENT_3D('',#9822,#7629,#7630);
#5991=AXIS2_PLACEMENT_3D('',#9823,#7631,#7632);
#5992=AXIS2_PLACEMENT_3D('',#9824,#7633,#7634);
#5993=AXIS2_PLACEMENT_3D('',#9825,#7635,#7636);
#5994=AXIS2_PLACEMENT_3D('',#9826,#7637,#7638);
#5995=AXIS2_PLACEMENT_3D('',#9827,#7639,#7640);
#5996=AXIS2_PLACEMENT_3D('',#9828,#7641,#7642);
#5997=AXIS2_PLACEMENT_3D('',#9829,#7643,#7644);
#5998=AXIS2_PLACEMENT_3D('',#9830,#7645,#7646);
#5999=AXIS2_PLACEMENT_3D('',#9831,#7647,#7648);
#6000=AXIS2_PLACEMENT_3D('',#9832,#7649,#7650);
#6001=AXIS2_PLACEMENT_3D('',#9833,#7651,#7652);
#6002=AXIS2_PLACEMENT_3D('',#9834,#7653,#7654);
#6003=AXIS2_PLACEMENT_3D('',#9835,#7655,#7656);
#6004=AXIS2_PLACEMENT_3D('',#9836,#7657,#7658);
#6005=AXIS2_PLACEMENT_3D('',#9837,#7659,#7660);
#6006=AXIS2_PLACEMENT_3D('',#9838,#7661,#7662);
#6007=AXIS2_PLACEMENT_3D('',#9839,#7663,#7664);
#6008=AXIS2_PLACEMENT_3D('',#9840,#7665,#7666);
#6009=AXIS2_PLACEMENT_3D('',#9841,#7667,#7668);
#6010=AXIS2_PLACEMENT_3D('',#9842,#7669,#7670);
#6011=AXIS2_PLACEMENT_3D('',#9843,#7671,#7672);
#6012=AXIS2_PLACEMENT_3D('',#9844,#7673,#7674);
#6013=AXIS2_PLACEMENT_3D('',#9845,#7675,#7676);
#6014=AXIS2_PLACEMENT_3D('',#9846,#7677,#7678);
#6015=AXIS2_PLACEMENT_3D('',#9847,#7679,#7680);
#6016=AXIS2_PLACEMENT_3D('',#9848,#7681,#7682);
#6017=AXIS2_PLACEMENT_3D('',#9849,#7683,#7684);
#6018=AXIS2_PLACEMENT_3D('',#9850,#7685,#7686);
#6019=AXIS2_PLACEMENT_3D('',#9851,#7687,#7688);
#6020=AXIS2_PLACEMENT_3D('',#9852,#7689,#7690);
#6021=AXIS2_PLACEMENT_3D('',#9853,#7691,#7692);
#6022=AXIS2_PLACEMENT_3D('',#9854,#7693,#7694);
#6023=AXIS2_PLACEMENT_3D('',#9855,#7695,#7696);
#6024=AXIS2_PLACEMENT_3D('',#9856,#7697,#7698);
#6025=AXIS2_PLACEMENT_3D('',#9857,#7699,#7700);
#6026=AXIS2_PLACEMENT_3D('',#9858,#7701,#7702);
#6027=AXIS2_PLACEMENT_3D('',#9859,#7703,#7704);
#6028=AXIS2_PLACEMENT_3D('',#9860,#7705,#7706);
#6029=AXIS2_PLACEMENT_3D('',#9861,#7707,#7708);
#6030=AXIS2_PLACEMENT_3D('',#9862,#7709,#7710);
#6031=AXIS2_PLACEMENT_3D('',#9863,#7711,#7712);
#6032=AXIS2_PLACEMENT_3D('',#9864,#7713,#7714);
#6033=AXIS2_PLACEMENT_3D('',#9865,#7715,#7716);
#6034=AXIS2_PLACEMENT_3D('',#9866,#7717,#7718);
#6035=AXIS2_PLACEMENT_3D('',#9867,#7719,#7720);
#6036=AXIS2_PLACEMENT_3D('',#9868,#7721,#7722);
#6037=AXIS2_PLACEMENT_3D('',#9869,#7723,#7724);
#6038=AXIS2_PLACEMENT_3D('',#9870,#7725,#7726);
#6039=AXIS2_PLACEMENT_3D('',#9871,#7727,#7728);
#6040=AXIS2_PLACEMENT_3D('',#9872,#7729,#7730);
#6041=AXIS2_PLACEMENT_3D('',#9873,#7731,#7732);
#6042=AXIS2_PLACEMENT_3D('',#9874,#7733,#7734);
#6043=AXIS2_PLACEMENT_3D('',#9875,#7735,#7736);
#6044=AXIS2_PLACEMENT_3D('',#9876,#7737,#7738);
#6045=AXIS2_PLACEMENT_3D('',#9877,#7739,#7740);
#6046=AXIS2_PLACEMENT_3D('',#9878,#7741,#7742);
#6047=AXIS2_PLACEMENT_3D('',#9879,#7743,#7744);
#6048=AXIS2_PLACEMENT_3D('',#9880,#7745,#7746);
#6049=AXIS2_PLACEMENT_3D('',#9881,#7747,#7748);
#6050=AXIS2_PLACEMENT_3D('',#9882,#7749,#7750);
#6051=AXIS2_PLACEMENT_3D('',#9883,#7751,#7752);
#6052=AXIS2_PLACEMENT_3D('',#9884,#7753,#7754);
#6053=AXIS2_PLACEMENT_3D('',#9885,#7755,#7756);
#6054=AXIS2_PLACEMENT_3D('',#9886,#7757,#7758);
#6055=AXIS2_PLACEMENT_3D('',#9887,#7759,#7760);
#6056=AXIS2_PLACEMENT_3D('',#9888,#7761,#7762);
#6057=AXIS2_PLACEMENT_3D('',#9889,#7763,#7764);
#6058=AXIS2_PLACEMENT_3D('',#9890,#7765,#7766);
#6059=AXIS2_PLACEMENT_3D('',#9891,#7767,#7768);
#6060=AXIS2_PLACEMENT_3D('',#9892,#7769,#7770);
#6061=AXIS2_PLACEMENT_3D('',#9893,#7771,#7772);
#6062=AXIS2_PLACEMENT_3D('',#9894,#7773,#7774);
#6063=AXIS2_PLACEMENT_3D('',#9895,#7775,#7776);
#6064=AXIS2_PLACEMENT_3D('',#9896,#7777,#7778);
#6065=AXIS2_PLACEMENT_3D('',#9897,#7779,#7780);
#6066=AXIS2_PLACEMENT_3D('',#9898,#7781,#7782);
#6067=AXIS2_PLACEMENT_3D('',#9899,#7783,#7784);
#6068=AXIS2_PLACEMENT_3D('',#9900,#7785,#7786);
#6069=AXIS2_PLACEMENT_3D('',#9901,#7787,#7788);
#6070=AXIS2_PLACEMENT_3D('',#9902,#7789,#7790);
#6071=AXIS2_PLACEMENT_3D('',#9903,#7791,#7792);
#6072=AXIS2_PLACEMENT_3D('',#9904,#7793,#7794);
#6073=AXIS2_PLACEMENT_3D('',#9905,#7795,#7796);
#6074=AXIS2_PLACEMENT_3D('',#9906,#7797,#7798);
#6075=AXIS2_PLACEMENT_3D('',#9907,#7799,#7800);
#6076=AXIS2_PLACEMENT_3D('',#9908,#7801,#7802);
#6077=AXIS2_PLACEMENT_3D('',#9909,#7803,#7804);
#6078=AXIS2_PLACEMENT_3D('',#9910,#7805,#7806);
#6079=AXIS2_PLACEMENT_3D('',#9911,#7807,#7808);
#6080=AXIS2_PLACEMENT_3D('',#9912,#7809,#7810);
#6081=AXIS2_PLACEMENT_3D('',#9913,#7811,#7812);
#6082=AXIS2_PLACEMENT_3D('',#9914,#7813,#7814);
#6083=AXIS2_PLACEMENT_3D('',#9915,#7815,#7816);
#6084=AXIS2_PLACEMENT_3D('',#9916,#7817,#7818);
#6085=AXIS2_PLACEMENT_3D('',#9917,#7819,#7820);
#6086=AXIS2_PLACEMENT_3D('',#9918,#7821,#7822);
#6087=AXIS2_PLACEMENT_3D('',#9919,#7823,#7824);
#6088=AXIS2_PLACEMENT_3D('',#9920,#7825,#7826);
#6089=AXIS2_PLACEMENT_3D('',#9921,#7827,#7828);
#6090=AXIS2_PLACEMENT_3D('',#9922,#7829,#7830);
#6091=AXIS2_PLACEMENT_3D('',#9923,#7831,#7832);
#6092=AXIS2_PLACEMENT_3D('',#9924,#7833,#7834);
#6093=AXIS2_PLACEMENT_3D('',#9925,#7835,#7836);
#6094=AXIS2_PLACEMENT_3D('',#9926,#7837,#7838);
#6095=AXIS2_PLACEMENT_3D('',#9927,#7839,#7840);
#6096=AXIS2_PLACEMENT_3D('',#9928,#7841,#7842);
#6097=AXIS2_PLACEMENT_3D('',#9929,#7843,#7844);
#6098=AXIS2_PLACEMENT_3D('',#9930,#7845,#7846);
#6099=AXIS2_PLACEMENT_3D('',#9931,#7847,#7848);
#6100=AXIS2_PLACEMENT_3D('',#9932,#7849,#7850);
#6101=AXIS2_PLACEMENT_3D('',#9933,#7851,#7852);
#6102=AXIS2_PLACEMENT_3D('',#9934,#7853,#7854);
#6103=AXIS2_PLACEMENT_3D('',#9935,#7855,#7856);
#6104=AXIS2_PLACEMENT_3D('',#9936,#7857,#7858);
#6105=AXIS2_PLACEMENT_3D('',#9937,#7859,#7860);
#6106=AXIS2_PLACEMENT_3D('',#9938,#7861,#7862);
#6107=AXIS2_PLACEMENT_3D('',#9939,#7863,#7864);
#6108=AXIS2_PLACEMENT_3D('',#9940,#7865,#7866);
#6109=AXIS2_PLACEMENT_3D('',#9941,#7867,#7868);
#6110=AXIS2_PLACEMENT_3D('',#9942,#7869,#7870);
#6111=AXIS2_PLACEMENT_3D('',#9943,#7871,#7872);
#6112=AXIS2_PLACEMENT_3D('',#9944,#7873,#7874);
#6113=AXIS2_PLACEMENT_3D('',#9945,#7875,#7876);
#6114=AXIS2_PLACEMENT_3D('',#9946,#7877,#7878);
#6115=AXIS2_PLACEMENT_3D('',#9947,#7879,#7880);
#6116=AXIS2_PLACEMENT_3D('',#9948,#7881,#7882);
#6117=AXIS2_PLACEMENT_3D('',#9949,#7883,#7884);
#6118=AXIS2_PLACEMENT_3D('',#9950,#7885,#7886);
#6119=AXIS2_PLACEMENT_3D('',#9951,#7887,#7888);
#6120=AXIS2_PLACEMENT_3D('',#9952,#7889,#7890);
#6121=AXIS2_PLACEMENT_3D('',#9953,#7891,#7892);
#6122=AXIS2_PLACEMENT_3D('',#9954,#7893,#7894);
#6123=AXIS2_PLACEMENT_3D('',#9955,#7895,#7896);
#6124=AXIS2_PLACEMENT_3D('',#9956,#7897,#7898);
#6125=AXIS2_PLACEMENT_3D('',#9957,#7899,#7900);
#6126=AXIS2_PLACEMENT_3D('',#9958,#7901,#7902);
#6127=AXIS2_PLACEMENT_3D('',#9959,#7903,#7904);
#6128=AXIS2_PLACEMENT_3D('',#9960,#7905,#7906);
#6129=AXIS2_PLACEMENT_3D('',#9961,#7907,#7908);
#6130=AXIS2_PLACEMENT_3D('',#9962,#7909,#7910);
#6131=AXIS2_PLACEMENT_3D('',#9963,#7911,#7912);
#6132=AXIS2_PLACEMENT_3D('',#9964,#7913,#7914);
#6133=AXIS2_PLACEMENT_3D('',#9965,#7915,#7916);
#6134=AXIS2_PLACEMENT_3D('',#9966,#7917,#7918);
#6135=AXIS2_PLACEMENT_3D('',#9967,#7919,#7920);
#6136=AXIS2_PLACEMENT_3D('',#9968,#7921,#7922);
#6137=AXIS2_PLACEMENT_3D('',#9969,#7923,#7924);
#6138=AXIS2_PLACEMENT_3D('',#9970,#7925,#7926);
#6139=AXIS2_PLACEMENT_3D('',#9971,#7927,#7928);
#6140=AXIS2_PLACEMENT_3D('',#9972,#7929,#7930);
#6141=AXIS2_PLACEMENT_3D('',#9973,#7931,#7932);
#6142=AXIS2_PLACEMENT_3D('',#9974,#7933,#7934);
#6143=AXIS2_PLACEMENT_3D('',#9975,#7935,#7936);
#6144=AXIS2_PLACEMENT_3D('',#9976,#7937,#7938);
#6145=AXIS2_PLACEMENT_3D('',#9977,#7939,#7940);
#6146=AXIS2_PLACEMENT_3D('',#9978,#7941,#7942);
#6147=AXIS2_PLACEMENT_3D('',#9979,#7943,#7944);
#6148=AXIS2_PLACEMENT_3D('',#9980,#7945,#7946);
#6149=AXIS2_PLACEMENT_3D('',#9981,#7947,#7948);
#6150=AXIS2_PLACEMENT_3D('',#9982,#7949,#7950);
#6151=AXIS2_PLACEMENT_3D('',#9983,#7951,#7952);
#6152=AXIS2_PLACEMENT_3D('',#9984,#7953,#7954);
#6153=AXIS2_PLACEMENT_3D('',#9985,#7955,#7956);
#6154=AXIS2_PLACEMENT_3D('',#9986,#7957,#7958);
#6155=AXIS2_PLACEMENT_3D('',#9987,#7959,#7960);
#6156=AXIS2_PLACEMENT_3D('',#9988,#7961,#7962);
#6157=AXIS2_PLACEMENT_3D('',#9989,#7963,#7964);
#6158=AXIS2_PLACEMENT_3D('',#9990,#7965,#7966);
#6159=AXIS2_PLACEMENT_3D('',#9991,#7967,#7968);
#6160=AXIS2_PLACEMENT_3D('',#9992,#7969,#7970);
#6161=AXIS2_PLACEMENT_3D('',#9993,#7971,#7972);
#6162=AXIS2_PLACEMENT_3D('',#9994,#7973,#7974);
#6163=AXIS2_PLACEMENT_3D('',#9995,#7975,#7976);
#6164=AXIS2_PLACEMENT_3D('',#9996,#7977,#7978);
#6165=AXIS2_PLACEMENT_3D('',#9997,#7979,#7980);
#6166=AXIS2_PLACEMENT_3D('',#9998,#7981,#7982);
#6167=AXIS2_PLACEMENT_3D('',#9999,#7983,#7984);
#6168=AXIS2_PLACEMENT_3D('',#10000,#7985,#7986);
#6169=AXIS2_PLACEMENT_3D('',#10001,#7987,#7988);
#6170=AXIS2_PLACEMENT_3D('',#10002,#7989,#7990);
#6171=AXIS2_PLACEMENT_3D('',#10003,#7991,#7992);
#6172=AXIS2_PLACEMENT_3D('',#10004,#7993,#7994);
#6173=AXIS2_PLACEMENT_3D('',#10005,#7995,#7996);
#6174=AXIS2_PLACEMENT_3D('',#10006,#7997,#7998);
#6175=AXIS2_PLACEMENT_3D('',#10007,#7999,#8000);
#6176=AXIS2_PLACEMENT_3D('',#10008,#8001,#8002);
#6177=AXIS2_PLACEMENT_3D('',#10009,#8003,#8004);
#6178=AXIS2_PLACEMENT_3D('',#10010,#8005,#8006);
#6179=AXIS2_PLACEMENT_3D('',#10011,#8007,#8008);
#6180=AXIS2_PLACEMENT_3D('',#10012,#8009,#8010);
#6181=AXIS2_PLACEMENT_3D('',#10013,#8011,#8012);
#6182=AXIS2_PLACEMENT_3D('',#10014,#8013,#8014);
#6183=AXIS2_PLACEMENT_3D('',#10015,#8015,#8016);
#6184=AXIS2_PLACEMENT_3D('',#10016,#8017,#8018);
#6185=AXIS2_PLACEMENT_3D('',#10017,#8019,#8020);
#6186=AXIS2_PLACEMENT_3D('',#10018,#8021,#8022);
#6187=AXIS2_PLACEMENT_3D('',#10019,#8023,#8024);
#6188=AXIS2_PLACEMENT_3D('',#10020,#8025,#8026);
#6189=AXIS2_PLACEMENT_3D('',#10021,#8027,#8028);
#6190=AXIS2_PLACEMENT_3D('',#10022,#8029,#8030);
#6191=AXIS2_PLACEMENT_3D('',#10023,#8031,#8032);
#6192=AXIS2_PLACEMENT_3D('',#10024,#8033,#8034);
#6193=AXIS2_PLACEMENT_3D('',#10025,#8035,#8036);
#6194=AXIS2_PLACEMENT_3D('',#10026,#8037,#8038);
#6195=AXIS2_PLACEMENT_3D('',#10027,#8039,#8040);
#6196=AXIS2_PLACEMENT_3D('',#10028,#8041,#8042);
#6197=AXIS2_PLACEMENT_3D('',#10029,#8043,#8044);
#6198=AXIS2_PLACEMENT_3D('',#10030,#8045,#8046);
#6199=AXIS2_PLACEMENT_3D('',#10031,#8047,#8048);
#6200=AXIS2_PLACEMENT_3D('',#10032,#8049,#8050);
#6201=AXIS2_PLACEMENT_3D('',#10033,#8051,#8052);
#6202=AXIS2_PLACEMENT_3D('',#10034,#8053,#8054);
#6203=AXIS2_PLACEMENT_3D('',#10035,#8055,#8056);
#6204=AXIS2_PLACEMENT_3D('',#10036,#8057,#8058);
#6205=AXIS2_PLACEMENT_3D('',#10037,#8059,#8060);
#6206=AXIS2_PLACEMENT_3D('',#10038,#8061,#8062);
#6207=AXIS2_PLACEMENT_3D('',#10039,#8063,#8064);
#6208=AXIS2_PLACEMENT_3D('',#10040,#8065,#8066);
#6209=AXIS2_PLACEMENT_3D('',#10041,#8067,#8068);
#6210=AXIS2_PLACEMENT_3D('',#10042,#8069,#8070);
#6211=AXIS2_PLACEMENT_3D('',#10043,#8071,#8072);
#6212=AXIS2_PLACEMENT_3D('',#10044,#8073,#8074);
#6213=AXIS2_PLACEMENT_3D('',#10045,#8075,#8076);
#6214=AXIS2_PLACEMENT_3D('',#10046,#8077,#8078);
#6215=AXIS2_PLACEMENT_3D('',#10047,#8079,#8080);
#6216=AXIS2_PLACEMENT_3D('',#10048,#8081,#8082);
#6217=AXIS2_PLACEMENT_3D('',#10049,#8083,#8084);
#6218=AXIS2_PLACEMENT_3D('',#10050,#8085,#8086);
#6219=AXIS2_PLACEMENT_3D('',#10051,#8087,#8088);
#6220=AXIS2_PLACEMENT_3D('',#10052,#8089,#8090);
#6221=AXIS2_PLACEMENT_3D('',#10053,#8091,#8092);
#6222=AXIS2_PLACEMENT_3D('',#10054,#8093,#8094);
#6223=AXIS2_PLACEMENT_3D('',#10055,#8095,#8096);
#6224=AXIS2_PLACEMENT_3D('',#10056,#8097,#8098);
#6225=AXIS2_PLACEMENT_3D('',#10057,#8099,#8100);
#6226=AXIS2_PLACEMENT_3D('',#10058,#8101,#8102);
#6227=AXIS2_PLACEMENT_3D('',#10059,#8103,#8104);
#6228=AXIS2_PLACEMENT_3D('',#10060,#8105,#8106);
#6229=AXIS2_PLACEMENT_3D('',#10061,#8107,#8108);
#6230=AXIS2_PLACEMENT_3D('',#10062,#8109,#8110);
#6231=AXIS2_PLACEMENT_3D('',#10063,#8111,#8112);
#6232=AXIS2_PLACEMENT_3D('',#10064,#8113,#8114);
#6233=AXIS2_PLACEMENT_3D('',#10065,#8115,#8116);
#6234=AXIS2_PLACEMENT_3D('',#10066,#8117,#8118);
#6235=AXIS2_PLACEMENT_3D('',#10067,#8119,#8120);
#6236=AXIS2_PLACEMENT_3D('',#10068,#8121,#8122);
#6237=AXIS2_PLACEMENT_3D('',#10069,#8123,#8124);
#6238=AXIS2_PLACEMENT_3D('',#10070,#8125,#8126);
#6239=AXIS2_PLACEMENT_3D('',#10071,#8127,#8128);
#6240=AXIS2_PLACEMENT_3D('',#10072,#8129,#8130);
#6241=AXIS2_PLACEMENT_3D('',#10073,#8131,#8132);
#6242=AXIS2_PLACEMENT_3D('',#10074,#8133,#8134);
#6243=AXIS2_PLACEMENT_3D('',#10075,#8135,#8136);
#6244=AXIS2_PLACEMENT_3D('',#10076,#8137,#8138);
#6245=AXIS2_PLACEMENT_3D('',#10077,#8139,#8140);
#6246=AXIS2_PLACEMENT_3D('',#10078,#8141,#8142);
#6247=AXIS2_PLACEMENT_3D('',#10079,#8143,#8144);
#6248=AXIS2_PLACEMENT_3D('',#10080,#8145,#8146);
#6249=AXIS2_PLACEMENT_3D('',#10081,#8147,#8148);
#6250=AXIS2_PLACEMENT_3D('',#10082,#8149,#8150);
#6251=AXIS2_PLACEMENT_3D('',#10083,#8151,#8152);
#6252=AXIS2_PLACEMENT_3D('',#10084,#8153,#8154);
#6253=AXIS2_PLACEMENT_3D('',#10085,#8155,#8156);
#6254=AXIS2_PLACEMENT_3D('',#10086,#8157,#8158);
#6255=AXIS2_PLACEMENT_3D('',#10087,#8159,#8160);
#6256=AXIS2_PLACEMENT_3D('',#10088,#8161,#8162);
#6257=AXIS2_PLACEMENT_3D('',#10089,#8163,#8164);
#6258=AXIS2_PLACEMENT_3D('',#10090,#8165,#8166);
#6259=AXIS2_PLACEMENT_3D('',#10091,#8167,#8168);
#6260=AXIS2_PLACEMENT_3D('',#10092,#8169,#8170);
#6261=AXIS2_PLACEMENT_3D('',#10093,#8171,#8172);
#6262=AXIS2_PLACEMENT_3D('',#10094,#8173,#8174);
#6263=AXIS2_PLACEMENT_3D('',#10095,#8175,#8176);
#6264=AXIS2_PLACEMENT_3D('',#10096,#8177,#8178);
#6265=AXIS2_PLACEMENT_3D('',#10097,#8179,#8180);
#6266=AXIS2_PLACEMENT_3D('',#10098,#8181,#8182);
#6267=AXIS2_PLACEMENT_3D('',#10099,#8183,#8184);
#6268=AXIS2_PLACEMENT_3D('',#10100,#8185,#8186);
#6269=AXIS2_PLACEMENT_3D('',#10101,#8187,#8188);
#6270=AXIS2_PLACEMENT_3D('',#10102,#8189,#8190);
#6271=AXIS2_PLACEMENT_3D('',#10103,#8191,#8192);
#6272=AXIS2_PLACEMENT_3D('',#10104,#8193,#8194);
#6273=AXIS2_PLACEMENT_3D('',#10105,#8195,#8196);
#6274=AXIS2_PLACEMENT_3D('',#10106,#8197,#8198);
#6275=AXIS2_PLACEMENT_3D('',#10107,#8199,#8200);
#6276=AXIS2_PLACEMENT_3D('',#10108,#8201,#8202);
#6277=AXIS2_PLACEMENT_3D('',#10109,#8203,#8204);
#6278=AXIS2_PLACEMENT_3D('',#10110,#8205,#8206);
#6279=AXIS2_PLACEMENT_3D('',#10111,#8207,#8208);
#6280=AXIS2_PLACEMENT_3D('',#10112,#8209,#8210);
#6281=AXIS2_PLACEMENT_3D('',#10113,#8211,#8212);
#6282=AXIS2_PLACEMENT_3D('',#10114,#8213,#8214);
#6283=AXIS2_PLACEMENT_3D('',#10115,#8215,#8216);
#6284=AXIS2_PLACEMENT_3D('',#10116,#8217,#8218);
#6285=AXIS2_PLACEMENT_3D('',#10117,#8219,#8220);
#6286=AXIS2_PLACEMENT_3D('',#10118,#8221,#8222);
#6287=AXIS2_PLACEMENT_3D('',#10119,#8223,#8224);
#6288=AXIS2_PLACEMENT_3D('',#10120,#8225,#8226);
#6289=AXIS2_PLACEMENT_3D('',#10121,#8227,#8228);
#6290=AXIS2_PLACEMENT_3D('',#10122,#8229,#8230);
#6291=AXIS2_PLACEMENT_3D('',#10123,#8231,#8232);
#6292=AXIS2_PLACEMENT_3D('',#10124,#8233,#8234);
#6293=AXIS2_PLACEMENT_3D('',#10125,#8235,#8236);
#6294=AXIS2_PLACEMENT_3D('',#10126,#8237,#8238);
#6295=AXIS2_PLACEMENT_3D('',#10127,#8239,#8240);
#6296=AXIS2_PLACEMENT_3D('',#10128,#8241,#8242);
#6297=AXIS2_PLACEMENT_3D('',#10129,#8243,#8244);
#6298=AXIS2_PLACEMENT_3D('',#10130,#8245,#8246);
#6299=AXIS2_PLACEMENT_3D('',#10131,#8247,#8248);
#6300=AXIS2_PLACEMENT_3D('',#10132,#8249,#8250);
#6301=AXIS2_PLACEMENT_3D('',#10133,#8251,#8252);
#6302=AXIS2_PLACEMENT_3D('',#10134,#8253,#8254);
#6303=AXIS2_PLACEMENT_3D('',#10135,#8255,#8256);
#6304=AXIS2_PLACEMENT_3D('',#10136,#8257,#8258);
#6305=AXIS2_PLACEMENT_3D('',#10137,#8259,#8260);
#6306=AXIS2_PLACEMENT_3D('',#10138,#8261,#8262);
#6307=AXIS2_PLACEMENT_3D('',#10139,#8263,#8264);
#6308=AXIS2_PLACEMENT_3D('',#10140,#8265,#8266);
#6309=AXIS2_PLACEMENT_3D('',#10141,#8267,#8268);
#6310=AXIS2_PLACEMENT_3D('',#10142,#8269,#8270);
#6311=AXIS2_PLACEMENT_3D('',#10143,#8271,#8272);
#6312=AXIS2_PLACEMENT_3D('',#10144,#8273,#8274);
#6313=AXIS2_PLACEMENT_3D('',#10145,#8275,#8276);
#6314=AXIS2_PLACEMENT_3D('',#10146,#8277,#8278);
#6315=AXIS2_PLACEMENT_3D('',#10147,#8279,#8280);
#6316=AXIS2_PLACEMENT_3D('',#10148,#8281,#8282);
#6317=AXIS2_PLACEMENT_3D('',#10149,#8283,#8284);
#6318=AXIS2_PLACEMENT_3D('',#10150,#8285,#8286);
#6319=AXIS2_PLACEMENT_3D('',#10151,#8287,#8288);
#6320=AXIS2_PLACEMENT_3D('',#10152,#8289,#8290);
#6321=AXIS2_PLACEMENT_3D('',#10153,#8291,#8292);
#6322=AXIS2_PLACEMENT_3D('',#10154,#8293,#8294);
#6323=AXIS2_PLACEMENT_3D('',#10155,#8295,#8296);
#6324=AXIS2_PLACEMENT_3D('',#10156,#8297,#8298);
#6325=AXIS2_PLACEMENT_3D('',#10157,#8299,#8300);
#6326=AXIS2_PLACEMENT_3D('',#10158,#8301,#8302);
#6327=AXIS2_PLACEMENT_3D('',#10159,#8303,#8304);
#6328=AXIS2_PLACEMENT_3D('',#10160,#8305,#8306);
#6329=AXIS2_PLACEMENT_3D('',#10161,#8307,#8308);
#6330=AXIS2_PLACEMENT_3D('',#10162,#8309,#8310);
#6331=AXIS2_PLACEMENT_3D('',#10163,#8311,#8312);
#6332=AXIS2_PLACEMENT_3D('',#10164,#8313,#8314);
#6333=AXIS2_PLACEMENT_3D('',#10165,#8315,#8316);
#6334=AXIS2_PLACEMENT_3D('',#10166,#8317,#8318);
#6335=AXIS2_PLACEMENT_3D('',#10167,#8319,#8320);
#6336=AXIS2_PLACEMENT_3D('',#10168,#8321,#8322);
#6337=AXIS2_PLACEMENT_3D('',#10169,#8323,#8324);
#6338=AXIS2_PLACEMENT_3D('',#10170,#8325,#8326);
#6339=AXIS2_PLACEMENT_3D('',#10171,#8327,#8328);
#6340=AXIS2_PLACEMENT_3D('',#10172,#8329,#8330);
#6341=AXIS2_PLACEMENT_3D('',#10173,#8331,#8332);
#6342=AXIS2_PLACEMENT_3D('',#10174,#8333,#8334);
#6343=AXIS2_PLACEMENT_3D('',#10175,#8335,#8336);
#6344=AXIS2_PLACEMENT_3D('',#10176,#8337,#8338);
#6345=AXIS2_PLACEMENT_3D('',#10177,#8339,#8340);
#6346=AXIS2_PLACEMENT_3D('',#10178,#8341,#8342);
#6347=AXIS2_PLACEMENT_3D('',#10179,#8343,#8344);
#6348=AXIS2_PLACEMENT_3D('',#10180,#8345,#8346);
#6349=AXIS2_PLACEMENT_3D('',#10181,#8347,#8348);
#6350=AXIS2_PLACEMENT_3D('',#10182,#8349,#8350);
#6351=AXIS2_PLACEMENT_3D('',#10183,#8351,#8352);
#6352=AXIS2_PLACEMENT_3D('',#10184,#8353,#8354);
#6353=AXIS2_PLACEMENT_3D('',#10185,#8355,#8356);
#6354=AXIS2_PLACEMENT_3D('',#10186,#8357,#8358);
#6355=AXIS2_PLACEMENT_3D('',#10187,#8359,#8360);
#6356=AXIS2_PLACEMENT_3D('',#10188,#8361,#8362);
#6357=AXIS2_PLACEMENT_3D('',#10189,#8363,#8364);
#6358=AXIS2_PLACEMENT_3D('',#10190,#8365,#8366);
#6359=AXIS2_PLACEMENT_3D('',#10191,#8367,#8368);
#6360=AXIS2_PLACEMENT_3D('',#10192,#8369,#8370);
#6361=AXIS2_PLACEMENT_3D('',#10193,#8371,#8372);
#6362=AXIS2_PLACEMENT_3D('',#10194,#8373,#8374);
#6363=AXIS2_PLACEMENT_3D('',#10195,#8375,#8376);
#6364=AXIS2_PLACEMENT_3D('',#10196,#8377,#8378);
#6365=AXIS2_PLACEMENT_3D('',#10197,#8379,#8380);
#6366=AXIS2_PLACEMENT_3D('',#10198,#8381,#8382);
#6367=AXIS2_PLACEMENT_3D('',#10199,#8383,#8384);
#6368=AXIS2_PLACEMENT_3D('',#10200,#8385,#8386);
#6369=AXIS2_PLACEMENT_3D('',#10201,#8387,#8388);
#6370=AXIS2_PLACEMENT_3D('',#10202,#8389,#8390);
#6371=AXIS2_PLACEMENT_3D('',#10203,#8391,#8392);
#6372=AXIS2_PLACEMENT_3D('',#10204,#8393,#8394);
#6373=AXIS2_PLACEMENT_3D('',#10205,#8395,#8396);
#6374=AXIS2_PLACEMENT_3D('',#10206,#8397,#8398);
#6375=AXIS2_PLACEMENT_3D('',#10207,#8399,#8400);
#6376=AXIS2_PLACEMENT_3D('',#10208,#8401,#8402);
#6377=AXIS2_PLACEMENT_3D('',#10209,#8403,#8404);
#6378=AXIS2_PLACEMENT_3D('',#10210,#8405,#8406);
#6379=AXIS2_PLACEMENT_3D('',#10211,#8407,#8408);
#6380=AXIS2_PLACEMENT_3D('',#10212,#8409,#8410);
#6381=AXIS2_PLACEMENT_3D('',#10213,#8411,#8412);
#6382=AXIS2_PLACEMENT_3D('',#10214,#8413,#8414);
#6383=AXIS2_PLACEMENT_3D('',#10215,#8415,#8416);
#6384=AXIS2_PLACEMENT_3D('',#10216,#8417,#8418);
#6385=AXIS2_PLACEMENT_3D('',#10217,#8419,#8420);
#6386=AXIS2_PLACEMENT_3D('',#10218,#8421,#8422);
#6387=AXIS2_PLACEMENT_3D('',#10219,#8423,#8424);
#6388=AXIS2_PLACEMENT_3D('',#10220,#8425,#8426);
#6389=AXIS2_PLACEMENT_3D('',#10221,#8427,#8428);
#6390=AXIS2_PLACEMENT_3D('',#10222,#8429,#8430);
#6391=AXIS2_PLACEMENT_3D('',#10223,#8431,#8432);
#6392=AXIS2_PLACEMENT_3D('',#10224,#8433,#8434);
#6393=AXIS2_PLACEMENT_3D('',#10225,#8435,#8436);
#6394=AXIS2_PLACEMENT_3D('',#10226,#8437,#8438);
#6395=AXIS2_PLACEMENT_3D('',#10227,#8439,#8440);
#6396=AXIS2_PLACEMENT_3D('',#10228,#8441,#8442);
#6397=AXIS2_PLACEMENT_3D('',#10229,#8443,#8444);
#6398=AXIS2_PLACEMENT_3D('',#10230,#8445,#8446);
#6399=AXIS2_PLACEMENT_3D('',#10231,#8447,#8448);
#6400=AXIS2_PLACEMENT_3D('',#10232,#8449,#8450);
#6401=AXIS2_PLACEMENT_3D('',#10233,#8451,#8452);
#6402=AXIS2_PLACEMENT_3D('',#10234,#8453,#8454);
#6403=AXIS2_PLACEMENT_3D('',#10235,#8455,#8456);
#6404=AXIS2_PLACEMENT_3D('',#10236,#8457,#8458);
#6405=AXIS2_PLACEMENT_3D('',#10237,#8459,#8460);
#6406=AXIS2_PLACEMENT_3D('',#10238,#8461,#8462);
#6407=AXIS2_PLACEMENT_3D('',#10239,#8463,#8464);
#6408=AXIS2_PLACEMENT_3D('',#10240,#8465,#8466);
#6409=AXIS2_PLACEMENT_3D('',#10241,#8467,#8468);
#6410=AXIS2_PLACEMENT_3D('',#10242,#8469,#8470);
#6411=AXIS2_PLACEMENT_3D('',#10243,#8471,#8472);
#6412=AXIS2_PLACEMENT_3D('',#10244,#8473,#8474);
#6413=AXIS2_PLACEMENT_3D('',#10245,#8475,#8476);
#6414=AXIS2_PLACEMENT_3D('',#10246,#8477,#8478);
#6415=AXIS2_PLACEMENT_3D('',#10247,#8479,#8480);
#6416=AXIS2_PLACEMENT_3D('',#10248,#8481,#8482);
#6417=AXIS2_PLACEMENT_3D('',#10249,#8483,#8484);
#6418=AXIS2_PLACEMENT_3D('',#10250,#8485,#8486);
#6419=AXIS2_PLACEMENT_3D('',#10251,#8487,#8488);
#6420=AXIS2_PLACEMENT_3D('',#10252,#8489,#8490);
#6421=AXIS2_PLACEMENT_3D('',#10253,#8491,#8492);
#6422=AXIS2_PLACEMENT_3D('',#10254,#8493,#8494);
#6423=AXIS2_PLACEMENT_3D('',#10255,#8495,#8496);
#6424=AXIS2_PLACEMENT_3D('',#10256,#8497,#8498);
#6425=AXIS2_PLACEMENT_3D('',#10257,#8499,#8500);
#6426=AXIS2_PLACEMENT_3D('',#10258,#8501,#8502);
#6427=AXIS2_PLACEMENT_3D('',#10259,#8503,#8504);
#6428=AXIS2_PLACEMENT_3D('',#10260,#8505,#8506);
#6429=AXIS2_PLACEMENT_3D('',#10261,#8507,#8508);
#6430=AXIS2_PLACEMENT_3D('',#10262,#8509,#8510);
#6431=AXIS2_PLACEMENT_3D('',#10263,#8511,#8512);
#6432=AXIS2_PLACEMENT_3D('',#10264,#8513,#8514);
#6433=AXIS2_PLACEMENT_3D('',#10265,#8515,#8516);
#6434=AXIS2_PLACEMENT_3D('',#10266,#8517,#8518);
#6435=AXIS2_PLACEMENT_3D('',#10267,#8519,#8520);
#6436=AXIS2_PLACEMENT_3D('',#10268,#8521,#8522);
#6437=AXIS2_PLACEMENT_3D('',#10269,#8523,#8524);
#6438=AXIS2_PLACEMENT_3D('',#10270,#8525,#8526);
#6439=AXIS2_PLACEMENT_3D('',#10271,#8527,#8528);
#6440=AXIS2_PLACEMENT_3D('',#10272,#8529,#8530);
#6441=AXIS2_PLACEMENT_3D('',#10273,#8531,#8532);
#6442=AXIS2_PLACEMENT_3D('',#10274,#8533,#8534);
#6443=AXIS2_PLACEMENT_3D('',#10275,#8535,#8536);
#6444=AXIS2_PLACEMENT_3D('',#10276,#8537,#8538);
#6445=AXIS2_PLACEMENT_3D('',#10277,#8539,#8540);
#6446=AXIS2_PLACEMENT_3D('',#10278,#8541,#8542);
#6447=AXIS2_PLACEMENT_3D('',#10279,#8543,#8544);
#6448=AXIS2_PLACEMENT_3D('',#10280,#8545,#8546);
#6449=AXIS2_PLACEMENT_3D('',#10281,#8547,#8548);
#6450=AXIS2_PLACEMENT_3D('',#10282,#8549,#8550);
#6451=AXIS2_PLACEMENT_3D('',#10283,#8551,#8552);
#6452=AXIS2_PLACEMENT_3D('',#10284,#8553,#8554);
#6453=AXIS2_PLACEMENT_3D('',#10285,#8555,#8556);
#6454=AXIS2_PLACEMENT_3D('',#10286,#8557,#8558);
#6455=AXIS2_PLACEMENT_3D('',#10287,#8559,#8560);
#6456=AXIS2_PLACEMENT_3D('',#10288,#8561,#8562);
#6457=AXIS2_PLACEMENT_3D('',#10289,#8563,#8564);
#6458=AXIS2_PLACEMENT_3D('',#10290,#8565,#8566);
#6459=AXIS2_PLACEMENT_3D('',#10291,#8567,#8568);
#6460=AXIS2_PLACEMENT_3D('',#10292,#8569,#8570);
#6461=AXIS2_PLACEMENT_3D('',#10293,#8571,#8572);
#6462=AXIS2_PLACEMENT_3D('',#10294,#8573,#8574);
#6463=AXIS2_PLACEMENT_3D('',#10295,#8575,#8576);
#6464=AXIS2_PLACEMENT_3D('',#10296,#8577,#8578);
#6465=AXIS2_PLACEMENT_3D('',#10297,#8579,#8580);
#6466=AXIS2_PLACEMENT_3D('',#10298,#8581,#8582);
#6467=AXIS2_PLACEMENT_3D('',#10299,#8583,#8584);
#6468=AXIS2_PLACEMENT_3D('',#10300,#8585,#8586);
#6469=AXIS2_PLACEMENT_3D('',#10301,#8587,#8588);
#6470=AXIS2_PLACEMENT_3D('',#10302,#8589,#8590);
#6471=AXIS2_PLACEMENT_3D('',#10303,#8591,#8592);
#6472=AXIS2_PLACEMENT_3D('',#10304,#8593,#8594);
#6473=AXIS2_PLACEMENT_3D('',#10305,#8595,#8596);
#6474=AXIS2_PLACEMENT_3D('',#10306,#8597,#8598);
#6475=AXIS2_PLACEMENT_3D('',#10307,#8599,#8600);
#6476=AXIS2_PLACEMENT_3D('',#10308,#8601,#8602);
#6477=AXIS2_PLACEMENT_3D('',#10309,#8603,#8604);
#6478=AXIS2_PLACEMENT_3D('',#10310,#8605,#8606);
#6479=AXIS2_PLACEMENT_3D('',#10311,#8607,#8608);
#6480=AXIS2_PLACEMENT_3D('',#10312,#8609,#8610);
#6481=AXIS2_PLACEMENT_3D('',#10313,#8611,#8612);
#6482=AXIS2_PLACEMENT_3D('',#10314,#8613,#8614);
#6483=AXIS2_PLACEMENT_3D('',#10315,#8615,#8616);
#6484=AXIS2_PLACEMENT_3D('',#10316,#8617,#8618);
#6485=AXIS2_PLACEMENT_3D('',#10317,#8619,#8620);
#6486=AXIS2_PLACEMENT_3D('',#10318,#8621,#8622);
#6487=AXIS2_PLACEMENT_3D('',#10319,#8623,#8624);
#6488=AXIS2_PLACEMENT_3D('',#10320,#8625,#8626);
#6489=AXIS2_PLACEMENT_3D('',#10321,#8627,#8628);
#6490=AXIS2_PLACEMENT_3D('',#10322,#8629,#8630);
#6491=AXIS2_PLACEMENT_3D('',#10323,#8631,#8632);
#6492=AXIS2_PLACEMENT_3D('',#10324,#8633,#8634);
#6493=AXIS2_PLACEMENT_3D('',#10325,#8635,#8636);
#6494=AXIS2_PLACEMENT_3D('',#10326,#8637,#8638);
#6495=AXIS2_PLACEMENT_3D('',#10327,#8639,#8640);
#6496=AXIS2_PLACEMENT_3D('',#10328,#8641,#8642);
#6497=AXIS2_PLACEMENT_3D('',#10329,#8643,#8644);
#6498=AXIS2_PLACEMENT_3D('',#10330,#8645,#8646);
#6499=AXIS2_PLACEMENT_3D('',#10331,#8647,#8648);
#6500=AXIS2_PLACEMENT_3D('',#10332,#8649,#8650);
#6501=AXIS2_PLACEMENT_3D('',#10333,#8651,#8652);
#6502=AXIS2_PLACEMENT_3D('',#10334,#8653,#8654);
#6503=AXIS2_PLACEMENT_3D('',#10335,#8655,#8656);
#6504=AXIS2_PLACEMENT_3D('',#10336,#8657,#8658);
#6505=AXIS2_PLACEMENT_3D('',#10337,#8659,#8660);
#6506=AXIS2_PLACEMENT_3D('',#10338,#8661,#8662);
#6507=AXIS2_PLACEMENT_3D('',#10339,#8663,#8664);
#6508=AXIS2_PLACEMENT_3D('',#10340,#8665,#8666);
#6509=AXIS2_PLACEMENT_3D('',#10341,#8667,#8668);
#6510=AXIS2_PLACEMENT_3D('',#10342,#8669,#8670);
#6511=AXIS2_PLACEMENT_3D('',#10343,#8671,#8672);
#6512=AXIS2_PLACEMENT_3D('',#10344,#8673,#8674);
#6513=AXIS2_PLACEMENT_3D('',#10345,#8675,#8676);
#6514=AXIS2_PLACEMENT_3D('',#10346,#8677,#8678);
#6515=AXIS2_PLACEMENT_3D('',#10347,#8679,#8680);
#6516=AXIS2_PLACEMENT_3D('',#10348,#8681,#8682);
#6517=AXIS2_PLACEMENT_3D('',#10349,#8683,#8684);
#6518=AXIS2_PLACEMENT_3D('',#10350,#8685,#8686);
#6519=AXIS2_PLACEMENT_3D('',#10351,#8687,#8688);
#6520=AXIS2_PLACEMENT_3D('',#10352,#8689,#8690);
#6521=AXIS2_PLACEMENT_3D('',#10353,#8691,#8692);
#6522=AXIS2_PLACEMENT_3D('',#10354,#8693,#8694);
#6523=AXIS2_PLACEMENT_3D('',#10355,#8695,#8696);
#6524=AXIS2_PLACEMENT_3D('',#10356,#8697,#8698);
#6525=AXIS2_PLACEMENT_3D('',#10357,#8699,#8700);
#6526=AXIS2_PLACEMENT_3D('',#10358,#8701,#8702);
#6527=AXIS2_PLACEMENT_3D('',#10359,#8703,#8704);
#6528=AXIS2_PLACEMENT_3D('',#10360,#8705,#8706);
#6529=AXIS2_PLACEMENT_3D('',#10361,#8707,#8708);
#6530=AXIS2_PLACEMENT_3D('',#10362,#8709,#8710);
#6531=AXIS2_PLACEMENT_3D('',#10363,#8711,#8712);
#6532=AXIS2_PLACEMENT_3D('',#10364,#8713,#8714);
#6533=AXIS2_PLACEMENT_3D('',#10365,#8715,#8716);
#6534=AXIS2_PLACEMENT_3D('',#10366,#8717,#8718);
#6535=AXIS2_PLACEMENT_3D('',#10367,#8719,#8720);
#6536=AXIS2_PLACEMENT_3D('',#10368,#8721,#8722);
#6537=AXIS2_PLACEMENT_3D('',#10369,#8723,#8724);
#6538=AXIS2_PLACEMENT_3D('',#10370,#8725,#8726);
#6539=AXIS2_PLACEMENT_3D('',#10371,#8727,#8728);
#6540=AXIS2_PLACEMENT_3D('',#10372,#8729,#8730);
#6541=AXIS2_PLACEMENT_3D('',#10373,#8731,#8732);
#6542=AXIS2_PLACEMENT_3D('',#10374,#8733,#8734);
#6543=AXIS2_PLACEMENT_3D('',#10375,#8735,#8736);
#6544=AXIS2_PLACEMENT_3D('',#10376,#8737,#8738);
#6545=AXIS2_PLACEMENT_3D('',#10377,#8739,#8740);
#6546=AXIS2_PLACEMENT_3D('',#10378,#8741,#8742);
#6547=AXIS2_PLACEMENT_3D('',#10379,#8743,#8744);
#6548=AXIS2_PLACEMENT_3D('',#10380,#8745,#8746);
#6549=AXIS2_PLACEMENT_3D('',#10381,#8747,#8748);
#6550=AXIS2_PLACEMENT_3D('',#10382,#8749,#8750);
#6551=AXIS2_PLACEMENT_3D('',#10383,#8751,#8752);
#6552=AXIS2_PLACEMENT_3D('',#10384,#8753,#8754);
#6553=AXIS2_PLACEMENT_3D('',#10385,#8755,#8756);
#6554=AXIS2_PLACEMENT_3D('',#10386,#8757,#8758);
#6555=AXIS2_PLACEMENT_3D('',#10387,#8759,#8760);
#6556=AXIS2_PLACEMENT_3D('',#10388,#8761,#8762);
#6557=AXIS2_PLACEMENT_3D('',#10389,#8763,#8764);
#6558=AXIS2_PLACEMENT_3D('',#10390,#8765,#8766);
#6559=AXIS2_PLACEMENT_3D('',#10391,#8767,#8768);
#6560=AXIS2_PLACEMENT_3D('',#10392,#8769,#8770);
#6561=AXIS2_PLACEMENT_3D('',#10393,#8771,#8772);
#6562=AXIS2_PLACEMENT_3D('',#10394,#8773,#8774);
#6563=AXIS2_PLACEMENT_3D('',#10395,#8775,#8776);
#6564=AXIS2_PLACEMENT_3D('',#10396,#8777,#8778);
#6565=AXIS2_PLACEMENT_3D('',#10397,#8779,#8780);
#6566=AXIS2_PLACEMENT_3D('',#10398,#8781,#8782);
#6567=AXIS2_PLACEMENT_3D('',#10399,#8783,#8784);
#6568=AXIS2_PLACEMENT_3D('',#10400,#8785,#8786);
#6569=AXIS2_PLACEMENT_3D('',#10401,#8787,#8788);
#6570=AXIS2_PLACEMENT_3D('',#10402,#8789,#8790);
#6571=AXIS2_PLACEMENT_3D('',#10403,#8791,#8792);
#6572=AXIS2_PLACEMENT_3D('',#10404,#8793,#8794);
#6573=AXIS2_PLACEMENT_3D('',#10405,#8795,#8796);
#6574=AXIS2_PLACEMENT_3D('',#10406,#8797,#8798);
#6575=AXIS2_PLACEMENT_3D('',#10407,#8799,#8800);
#6576=AXIS2_PLACEMENT_3D('',#10408,#8801,#8802);
#6577=AXIS2_PLACEMENT_3D('',#10409,#8803,#8804);
#6578=AXIS2_PLACEMENT_3D('',#10410,#8805,#8806);
#6579=AXIS2_PLACEMENT_3D('',#10411,#8807,#8808);
#6580=AXIS2_PLACEMENT_3D('',#10412,#8809,#8810);
#6581=AXIS2_PLACEMENT_3D('',#10413,#8811,#8812);
#6582=AXIS2_PLACEMENT_3D('',#10414,#8813,#8814);
#6583=AXIS2_PLACEMENT_3D('',#10415,#8815,#8816);
#6584=AXIS2_PLACEMENT_3D('',#10416,#8817,#8818);
#6585=AXIS2_PLACEMENT_3D('',#10417,#8819,#8820);
#6586=AXIS2_PLACEMENT_3D('',#10418,#8821,#8822);
#6587=AXIS2_PLACEMENT_3D('',#10419,#8823,#8824);
#6588=AXIS2_PLACEMENT_3D('',#10420,#8825,#8826);
#6589=AXIS2_PLACEMENT_3D('',#10421,#8827,#8828);
#6590=AXIS2_PLACEMENT_3D('',#10422,#8829,#8830);
#6591=AXIS2_PLACEMENT_3D('',#10423,#8831,#8832);
#6592=AXIS2_PLACEMENT_3D('',#10424,#8833,#8834);
#6593=AXIS2_PLACEMENT_3D('',#10425,#8835,#8836);
#6594=AXIS2_PLACEMENT_3D('',#10426,#8837,#8838);
#6595=AXIS2_PLACEMENT_3D('',#10427,#8839,#8840);
#6596=AXIS2_PLACEMENT_3D('',#10428,#8841,#8842);
#6597=AXIS2_PLACEMENT_3D('',#10429,#8843,#8844);
#6598=AXIS2_PLACEMENT_3D('',#10430,#8845,#8846);
#6599=AXIS2_PLACEMENT_3D('',#10431,#8847,#8848);
#6600=AXIS2_PLACEMENT_3D('',#10432,#8849,#8850);
#6601=AXIS2_PLACEMENT_3D('',#10433,#8851,#8852);
#6602=AXIS2_PLACEMENT_3D('',#10434,#8853,#8854);
#6603=AXIS2_PLACEMENT_3D('',#10435,#8855,#8856);
#6604=AXIS2_PLACEMENT_3D('',#10436,#8857,#8858);
#6605=AXIS2_PLACEMENT_3D('',#10437,#8859,#8860);
#6606=AXIS2_PLACEMENT_3D('',#10438,#8861,#8862);
#6607=AXIS2_PLACEMENT_3D('',#10439,#8863,#8864);
#6608=AXIS2_PLACEMENT_3D('',#10440,#8865,#8866);
#6609=AXIS2_PLACEMENT_3D('',#10441,#8867,#8868);
#6610=AXIS2_PLACEMENT_3D('',#10442,#8869,#8870);
#6611=AXIS2_PLACEMENT_3D('',#10443,#8871,#8872);
#6612=AXIS2_PLACEMENT_3D('',#10444,#8873,#8874);
#6613=AXIS2_PLACEMENT_3D('',#10445,#8875,#8876);
#6614=AXIS2_PLACEMENT_3D('',#10446,#8877,#8878);
#6615=AXIS2_PLACEMENT_3D('',#10447,#8879,#8880);
#6616=AXIS2_PLACEMENT_3D('',#10448,#8881,#8882);
#6617=AXIS2_PLACEMENT_3D('',#10449,#8883,#8884);
#6618=AXIS2_PLACEMENT_3D('',#10450,#8885,#8886);
#6619=AXIS2_PLACEMENT_3D('',#10451,#8887,#8888);
#6620=AXIS2_PLACEMENT_3D('',#10452,#8889,#8890);
#6621=AXIS2_PLACEMENT_3D('',#10453,#8891,#8892);
#6622=AXIS2_PLACEMENT_3D('',#10454,#8893,#8894);
#6623=AXIS2_PLACEMENT_3D('',#10455,#8895,#8896);
#6624=AXIS2_PLACEMENT_3D('',#10456,#8897,#8898);
#6625=AXIS2_PLACEMENT_3D('',#10457,#8899,#8900);
#6626=AXIS2_PLACEMENT_3D('',#10458,#8901,#8902);
#6627=AXIS2_PLACEMENT_3D('',#10459,#8903,#8904);
#6628=AXIS2_PLACEMENT_3D('',#10460,#8905,#8906);
#6629=AXIS2_PLACEMENT_3D('',#10461,#8907,#8908);
#6630=AXIS2_PLACEMENT_3D('',#10462,#8909,#8910);
#6631=AXIS2_PLACEMENT_3D('',#10463,#8911,#8912);
#6632=AXIS2_PLACEMENT_3D('',#10464,#8913,#8914);
#6633=AXIS2_PLACEMENT_3D('',#10465,#8915,#8916);
#6634=AXIS2_PLACEMENT_3D('',#10466,#8917,#8918);
#6635=AXIS2_PLACEMENT_3D('',#10467,#8919,#8920);
#6636=AXIS2_PLACEMENT_3D('',#10468,#8921,#8922);
#6637=AXIS2_PLACEMENT_3D('',#10469,#8923,#8924);
#6638=AXIS2_PLACEMENT_3D('',#10470,#8925,#8926);
#6639=AXIS2_PLACEMENT_3D('',#10471,#8927,#8928);
#6640=AXIS2_PLACEMENT_3D('',#10472,#8929,#8930);
#6641=AXIS2_PLACEMENT_3D('',#10473,#8931,#8932);
#6642=AXIS2_PLACEMENT_3D('',#10474,#8933,#8934);
#6643=AXIS2_PLACEMENT_3D('',#10475,#8935,#8936);
#6644=AXIS2_PLACEMENT_3D('',#10476,#8937,#8938);
#6645=AXIS2_PLACEMENT_3D('',#10477,#8939,#8940);
#6646=AXIS2_PLACEMENT_3D('',#10478,#8941,#8942);
#6647=AXIS2_PLACEMENT_3D('',#10479,#8943,#8944);
#6648=AXIS2_PLACEMENT_3D('',#10480,#8945,#8946);
#6649=AXIS2_PLACEMENT_3D('',#10481,#8947,#8948);
#6650=AXIS2_PLACEMENT_3D('',#10482,#8949,#8950);
#6651=AXIS2_PLACEMENT_3D('',#10483,#8951,#8952);
#6652=AXIS2_PLACEMENT_3D('',#10484,#8953,#8954);
#6653=AXIS2_PLACEMENT_3D('',#10485,#8955,#8956);
#6654=AXIS2_PLACEMENT_3D('',#10486,#8957,#8958);
#6655=AXIS2_PLACEMENT_3D('',#10487,#8959,#8960);
#6656=AXIS2_PLACEMENT_3D('',#10488,#8961,#8962);
#6657=AXIS2_PLACEMENT_3D('',#10489,#8963,#8964);
#6658=AXIS2_PLACEMENT_3D('',#10490,#8965,#8966);
#6659=AXIS2_PLACEMENT_3D('',#10491,#8967,#8968);
#6660=AXIS2_PLACEMENT_3D('',#10492,#8969,#8970);
#6661=AXIS2_PLACEMENT_3D('',#10493,#8971,#8972);
#6662=AXIS2_PLACEMENT_3D('',#10494,#8973,#8974);
#6663=AXIS2_PLACEMENT_3D('',#10495,#8975,#8976);
#6664=AXIS2_PLACEMENT_3D('',#10496,#8977,#8978);
#6665=AXIS2_PLACEMENT_3D('',#10497,#8979,#8980);
#6666=AXIS2_PLACEMENT_3D('',#10498,#8981,#8982);
#6667=AXIS2_PLACEMENT_3D('',#10499,#8983,#8984);
#6668=AXIS2_PLACEMENT_3D('',#10500,#8985,#8986);
#6669=AXIS2_PLACEMENT_3D('',#10501,#8987,#8988);
#6670=AXIS2_PLACEMENT_3D('',#10502,#8989,#8990);
#6671=AXIS2_PLACEMENT_3D('',#10503,#8991,#8992);
#6672=AXIS2_PLACEMENT_3D('',#10504,#8993,#8994);
#6673=AXIS2_PLACEMENT_3D('',#10505,#8995,#8996);
#6674=AXIS2_PLACEMENT_3D('',#10506,#8997,#8998);
#6675=AXIS2_PLACEMENT_3D('',#10507,#8999,#9000);
#6676=AXIS2_PLACEMENT_3D('',#10508,#9001,#9002);
#6677=AXIS2_PLACEMENT_3D('',#10509,#9003,#9004);
#6678=AXIS2_PLACEMENT_3D('',#10510,#9005,#9006);
#6679=AXIS2_PLACEMENT_3D('',#10511,#9007,#9008);
#6680=AXIS2_PLACEMENT_3D('',#10512,#9009,#9010);
#6681=AXIS2_PLACEMENT_3D('',#10513,#9011,#9012);
#6682=AXIS2_PLACEMENT_3D('',#10514,#9013,#9014);
#6683=AXIS2_PLACEMENT_3D('',#10515,#9015,#9016);
#6684=AXIS2_PLACEMENT_3D('',#10516,#9017,#9018);
#6685=AXIS2_PLACEMENT_3D('',#10517,#9019,#9020);
#6686=AXIS2_PLACEMENT_3D('',#10518,#9021,#9022);
#6687=AXIS2_PLACEMENT_3D('',#10519,#9023,#9024);
#6688=AXIS2_PLACEMENT_3D('',#10520,#9025,#9026);
#6689=AXIS2_PLACEMENT_3D('',#10521,#9027,#9028);
#6690=AXIS2_PLACEMENT_3D('',#10522,#9029,#9030);
#6691=AXIS2_PLACEMENT_3D('',#10523,#9031,#9032);
#6692=AXIS2_PLACEMENT_3D('',#10524,#9033,#9034);
#6693=AXIS2_PLACEMENT_3D('',#10525,#9035,#9036);
#6694=AXIS2_PLACEMENT_3D('',#10526,#9037,#9038);
#6695=AXIS2_PLACEMENT_3D('',#10527,#9039,#9040);
#6696=AXIS2_PLACEMENT_3D('',#10528,#9041,#9042);
#6697=AXIS2_PLACEMENT_3D('',#10529,#9043,#9044);
#6698=AXIS2_PLACEMENT_3D('',#10530,#9045,#9046);
#6699=AXIS2_PLACEMENT_3D('',#10531,#9047,#9048);
#6700=AXIS2_PLACEMENT_3D('',#10532,#9049,#9050);
#6701=AXIS2_PLACEMENT_3D('',#10533,#9051,#9052);
#6702=AXIS2_PLACEMENT_3D('',#10534,#9053,#9054);
#6703=AXIS2_PLACEMENT_3D('',#10535,#9055,#9056);
#6704=AXIS2_PLACEMENT_3D('',#10536,#9057,#9058);
#6705=AXIS2_PLACEMENT_3D('',#10537,#9059,#9060);
#6706=AXIS2_PLACEMENT_3D('',#10538,#9061,#9062);
#6707=AXIS2_PLACEMENT_3D('',#10539,#9063,#9064);
#6708=AXIS2_PLACEMENT_3D('',#10540,#9065,#9066);
#6709=AXIS2_PLACEMENT_3D('',#10541,#9067,#9068);
#6710=AXIS2_PLACEMENT_3D('',#10542,#9069,#9070);
#6711=AXIS2_PLACEMENT_3D('',#10543,#9071,#9072);
#6712=AXIS2_PLACEMENT_3D('',#10544,#9073,#9074);
#6713=AXIS2_PLACEMENT_3D('',#10545,#9075,#9076);
#6714=AXIS2_PLACEMENT_3D('',#10546,#9077,#9078);
#6715=AXIS2_PLACEMENT_3D('',#10547,#9079,#9080);
#6716=AXIS2_PLACEMENT_3D('',#10548,#9081,#9082);
#6717=AXIS2_PLACEMENT_3D('',#10549,#9083,#9084);
#6718=AXIS2_PLACEMENT_3D('',#10550,#9085,#9086);
#6719=AXIS2_PLACEMENT_3D('',#10551,#9087,#9088);
#6720=AXIS2_PLACEMENT_3D('',#10552,#9089,#9090);
#6721=AXIS2_PLACEMENT_3D('',#10553,#9091,#9092);
#6722=AXIS2_PLACEMENT_3D('',#10554,#9093,#9094);
#6723=AXIS2_PLACEMENT_3D('',#10555,#9095,#9096);
#6724=AXIS2_PLACEMENT_3D('',#10556,#9097,#9098);
#6725=AXIS2_PLACEMENT_3D('',#10557,#9099,#9100);
#6726=AXIS2_PLACEMENT_3D('',#10558,#9101,#9102);
#6727=AXIS2_PLACEMENT_3D('',#10559,#9103,#9104);
#6728=AXIS2_PLACEMENT_3D('',#10560,#9105,#9106);
#6729=AXIS2_PLACEMENT_3D('',#10561,#9107,#9108);
#6730=AXIS2_PLACEMENT_3D('',#10562,#9109,#9110);
#6731=AXIS2_PLACEMENT_3D('',#10563,#9111,#9112);
#6732=AXIS2_PLACEMENT_3D('',#10564,#9113,#9114);
#6733=AXIS2_PLACEMENT_3D('',#10565,#9115,#9116);
#6734=AXIS2_PLACEMENT_3D('',#10566,#9117,#9118);
#6735=AXIS2_PLACEMENT_3D('',#10567,#9119,#9120);
#6736=AXIS2_PLACEMENT_3D('',#10568,#9121,#9122);
#6737=AXIS2_PLACEMENT_3D('',#10569,#9123,#9124);
#6738=AXIS2_PLACEMENT_3D('',#10570,#9125,#9126);
#6739=AXIS2_PLACEMENT_3D('',#10571,#9127,#9128);
#6740=AXIS2_PLACEMENT_3D('',#10572,#9129,#9130);
#6741=AXIS2_PLACEMENT_3D('',#10573,#9131,#9132);
#6742=AXIS2_PLACEMENT_3D('',#10574,#9133,#9134);
#6743=AXIS2_PLACEMENT_3D('',#10575,#9135,#9136);
#6744=AXIS2_PLACEMENT_3D('',#10576,#9137,#9138);
#6745=AXIS2_PLACEMENT_3D('',#10577,#9139,#9140);
#6746=AXIS2_PLACEMENT_3D('',#10578,#9141,#9142);
#6747=AXIS2_PLACEMENT_3D('',#10579,#9143,#9144);
#6748=AXIS2_PLACEMENT_3D('',#10580,#9145,#9146);
#6749=AXIS2_PLACEMENT_3D('',#10581,#9147,#9148);
#6750=AXIS2_PLACEMENT_3D('',#10582,#9149,#9150);
#6751=AXIS2_PLACEMENT_3D('',#10583,#9151,#9152);
#6752=AXIS2_PLACEMENT_3D('',#10584,#9153,#9154);
#6753=AXIS2_PLACEMENT_3D('',#10585,#9155,#9156);
#6754=AXIS2_PLACEMENT_3D('',#10586,#9157,#9158);
#6755=AXIS2_PLACEMENT_3D('',#10587,#9159,#9160);
#6756=AXIS2_PLACEMENT_3D('',#10588,#9161,#9162);
#6757=AXIS2_PLACEMENT_3D('',#10589,#9163,#9164);
#6758=AXIS2_PLACEMENT_3D('',#10590,#9165,#9166);
#6759=AXIS2_PLACEMENT_3D('',#10591,#9167,#9168);
#6760=AXIS2_PLACEMENT_3D('',#10592,#9169,#9170);
#6761=AXIS2_PLACEMENT_3D('',#10593,#9171,#9172);
#6762=AXIS2_PLACEMENT_3D('',#10594,#9173,#9174);
#6763=AXIS2_PLACEMENT_3D('',#10595,#9175,#9176);
#6764=AXIS2_PLACEMENT_3D('',#10596,#9177,#9178);
#6765=AXIS2_PLACEMENT_3D('',#10597,#9179,#9180);
#6766=AXIS2_PLACEMENT_3D('',#10598,#9181,#9182);
#6767=AXIS2_PLACEMENT_3D('',#10599,#9183,#9184);
#6768=AXIS2_PLACEMENT_3D('',#10600,#9185,#9186);
#6769=AXIS2_PLACEMENT_3D('',#10601,#9187,#9188);
#6770=AXIS2_PLACEMENT_3D('',#10602,#9189,#9190);
#6771=AXIS2_PLACEMENT_3D('',#10603,#9191,#9192);
#6772=AXIS2_PLACEMENT_3D('',#10604,#9193,#9194);
#6773=AXIS2_PLACEMENT_3D('',#10605,#9195,#9196);
#6774=AXIS2_PLACEMENT_3D('',#10606,#9197,#9198);
#6775=AXIS2_PLACEMENT_3D('',#10607,#9199,#9200);
#6776=AXIS2_PLACEMENT_3D('',#10608,#9201,#9202);
#6777=AXIS2_PLACEMENT_3D('',#10609,#9203,#9204);
#6778=AXIS2_PLACEMENT_3D('',#10610,#9205,#9206);
#6779=AXIS2_PLACEMENT_3D('',#10611,#9207,#9208);
#6780=AXIS2_PLACEMENT_3D('',#10612,#9209,#9210);
#6781=AXIS2_PLACEMENT_3D('',#10613,#9211,#9212);
#6782=AXIS2_PLACEMENT_3D('',#10614,#9213,#9214);
#6783=AXIS2_PLACEMENT_3D('',#10615,#9215,#9216);
#6784=AXIS2_PLACEMENT_3D('',#10616,#9217,#9218);
#6785=AXIS2_PLACEMENT_3D('',#10617,#9219,#9220);
#6786=AXIS2_PLACEMENT_3D('',#10618,#9221,#9222);
#6787=AXIS2_PLACEMENT_3D('',#10619,#9223,#9224);
#6788=AXIS2_PLACEMENT_3D('',#10620,#9225,#9226);
#6789=AXIS2_PLACEMENT_3D('',#10621,#9227,#9228);
#6790=AXIS2_PLACEMENT_3D('',#10622,#9229,#9230);
#6791=AXIS2_PLACEMENT_3D('',#10623,#9231,#9232);
#6792=AXIS2_PLACEMENT_3D('',#10624,#9233,#9234);
#6793=AXIS2_PLACEMENT_3D('',#10625,#9235,#9236);
#6794=AXIS2_PLACEMENT_3D('',#10626,#9237,#9238);
#6795=AXIS2_PLACEMENT_3D('',#10627,#9239,#9240);
#6796=AXIS2_PLACEMENT_3D('',#10628,#9241,#9242);
#6797=AXIS2_PLACEMENT_3D('',#10629,#9243,#9244);
#6798=AXIS2_PLACEMENT_3D('',#10630,#9245,#9246);
#6799=AXIS2_PLACEMENT_3D('',#10631,#9247,#9248);
#6800=AXIS2_PLACEMENT_3D('',#10632,#9249,#9250);
#6801=AXIS2_PLACEMENT_3D('',#10633,#9251,#9252);
#6802=AXIS2_PLACEMENT_3D('',#10634,#9253,#9254);
#6803=DIRECTION('',(0.,0.,1.));
#6804=DIRECTION('',(1.,0.,0.));
#6805=DIRECTION('',(1.,-5.4780741346636E-17,0.));
#6806=DIRECTION('',(5.4780741346636E-17,1.,0.));
#6807=DIRECTION('',(-5.4780741346636E-17,-1.,0.));
#6808=DIRECTION('',(0.,0.,-1.));
#6809=DIRECTION('',(-5.4780741346636E-17,-1.,0.));
#6810=DIRECTION('',(0.,0.,-1.));
#6811=DIRECTION('',(0.,-1.,0.));
#6812=DIRECTION('',(0.,0.,-1.));
#6813=DIRECTION('',(-1.,0.,0.));
#6814=DIRECTION('',(0.,0.,-1.));
#6815=DIRECTION('',(-1.,0.,0.));
#6816=DIRECTION('',(1.,-5.4780741346636E-17,0.));
#6817=DIRECTION('',(5.4780741346636E-17,1.,0.));
#6818=DIRECTION('',(-5.4780741346636E-17,-1.,0.));
#6819=DIRECTION('',(0.,0.,-1.));
#6820=DIRECTION('',(-5.4780741346636E-17,-1.,0.));
#6821=DIRECTION('',(0.,-1.,0.));
#6822=DIRECTION('',(0.,0.,-1.));
#6823=DIRECTION('',(-1.,0.,0.));
#6824=DIRECTION('',(-1.,0.,0.));
#6825=DIRECTION('',(0.,0.,1.));
#6826=DIRECTION('',(1.,0.,0.));
#6827=DIRECTION('',(0.,0.,1.));
#6828=DIRECTION('',(1.,0.,0.));
#6829=DIRECTION('',(0.,0.,1.));
#6830=DIRECTION('',(1.,0.,0.));
#6831=DIRECTION('',(0.,0.,1.));
#6832=DIRECTION('',(1.,0.,0.));
#6833=DIRECTION('',(-5.15519606530998E-17,-1.,0.));
#6834=DIRECTION('',(-1.,0.,0.));
#6835=DIRECTION('',(-5.15519606530998E-17,-1.,0.));
#6836=DIRECTION('',(-1.,0.,0.));
#6837=DIRECTION('',(-5.15519606530998E-17,-1.,0.));
#6838=DIRECTION('',(-1.,0.,0.));
#6839=DIRECTION('',(-5.15519606530998E-17,-1.,0.));
#6840=DIRECTION('',(-1.,0.,0.));
#6841=DIRECTION('',(1.,-5.15519606530998E-17,0.));
#6842=DIRECTION('',(5.15519606530998E-17,1.,0.));
#6843=DIRECTION('',(0.,0.,-1.));
#6844=DIRECTION('',(-5.15519606530998E-17,-1.,0.));
#6845=DIRECTION('',(0.,0.,-1.));
#6846=DIRECTION('',(0.,-1.,0.));
#6847=DIRECTION('',(0.,0.,-1.));
#6848=DIRECTION('',(0.,0.,-1.));
#6849=DIRECTION('',(-1.,0.,0.));
#6850=DIRECTION('',(1.,-5.15519606530998E-17,0.));
#6851=DIRECTION('',(5.15519606530998E-17,1.,0.));
#6852=DIRECTION('',(0.,0.,-1.));
#6853=DIRECTION('',(-5.15519606530998E-17,-1.,0.));
#6854=DIRECTION('',(0.,-1.,0.));
#6855=DIRECTION('',(0.,0.,-1.));
#6856=DIRECTION('',(-1.,0.,0.));
#6857=DIRECTION('',(0.,0.,1.));
#6858=DIRECTION('',(1.,0.,0.));
#6859=DIRECTION('',(1.,-5.15519606530998E-17,0.));
#6860=DIRECTION('',(5.15519606530998E-17,1.,0.));
#6861=DIRECTION('',(0.,0.,-1.));
#6862=DIRECTION('',(-5.15519606530998E-17,-1.,0.));
#6863=DIRECTION('',(0.,0.,-1.));
#6864=DIRECTION('',(0.,-1.,0.));
#6865=DIRECTION('',(0.,0.,-1.));
#6866=DIRECTION('',(-1.,0.,0.));
#6867=DIRECTION('',(0.,0.,-1.));
#6868=DIRECTION('',(1.,-5.15519606530998E-17,0.));
#6869=DIRECTION('',(5.15519606530998E-17,1.,0.));
#6870=DIRECTION('',(-5.15519606530998E-17,-1.,0.));
#6871=DIRECTION('',(0.,0.,-1.));
#6872=DIRECTION('',(0.,-1.,0.));
#6873=DIRECTION('',(0.,0.,-1.));
#6874=DIRECTION('',(-1.,0.,0.));
#6875=DIRECTION('',(0.,0.,1.));
#6876=DIRECTION('',(1.,0.,0.));
#6877=DIRECTION('',(-1.79374079592177E-43,9.96906319748671E-32,1.));
#6878=DIRECTION('',(5.15519606530966E-17,-1.,9.96906319748671E-32));
#6879=DIRECTION('',(8.18265790555098E-17,-1.,0.));
#6880=DIRECTION('',(1.,8.18265790555098E-17,0.));
#6881=DIRECTION('',(-1.,-8.18265790555098E-17,0.));
#6882=DIRECTION('',(0.,0.,-1.));
#6883=DIRECTION('',(-1.,-8.18265790555098E-17,0.));
#6884=DIRECTION('',(0.,0.,-1.));
#6885=DIRECTION('',(-1.,1.09792625061823E-16,0.));
#6886=DIRECTION('',(-1.09792625061823E-16,-1.,0.));
#6887=DIRECTION('',(1.09792625061823E-16,1.,0.));
#6888=DIRECTION('',(0.,0.,-1.));
#6889=DIRECTION('',(1.09792625061823E-16,1.,0.));
#6890=DIRECTION('',(1.63653158111019E-16,-1.,0.));
#6891=DIRECTION('',(1.,1.63653158111019E-16,0.));
#6892=DIRECTION('',(-1.,-1.63653158111019E-16,0.));
#6893=DIRECTION('',(0.,0.,-1.));
#6894=DIRECTION('',(-1.,-1.63653158111019E-16,0.));
#6895=DIRECTION('',(-1.,1.09792625061823E-16,0.));
#6896=DIRECTION('',(-1.09792625061823E-16,-1.,0.));
#6897=DIRECTION('',(1.09792625061823E-16,1.,0.));
#6898=DIRECTION('',(1.09792625061823E-16,1.,0.));
#6899=DIRECTION('',(0.,0.,1.));
#6900=DIRECTION('',(1.,0.,0.));
#6901=DIRECTION('',(0.,0.,1.));
#6902=DIRECTION('',(1.,0.,0.));
#6903=DIRECTION('',(1.05008891268581E-27,-1.05003005176869E-27,1.));
#6904=DIRECTION('',(-5.46836728307682E-14,-1.,-1.05003005176864E-27));
#6905=DIRECTION('',(1.05008891268581E-27,-1.05003005176869E-27,1.));
#6906=DIRECTION('',(-5.46836728307682E-14,-1.,-1.05003005176864E-27));
#6907=DIRECTION('',(1.05008891268581E-27,-1.05003005176869E-27,1.));
#6908=DIRECTION('',(-5.46836728307682E-14,-1.,-1.05003005176864E-27));
#6909=DIRECTION('',(1.05008891268581E-27,-1.05003005176869E-27,1.));
#6910=DIRECTION('',(-5.46836728307682E-14,-1.,-1.05003005176864E-27));
#6911=DIRECTION('',(1.05008891268581E-27,-1.05003005176869E-27,1.));
#6912=DIRECTION('',(-5.46836728307682E-14,-1.,-1.05003005176864E-27));
#6913=DIRECTION('',(1.05008891268581E-27,-1.05003005176869E-27,1.));
#6914=DIRECTION('',(-5.46836728307682E-14,-1.,-1.05003005176864E-27));
#6915=DIRECTION('',(1.05008891268581E-27,-1.05003005176869E-27,1.));
#6916=DIRECTION('',(-5.46836728307682E-14,-1.,-1.05003005176864E-27));
#6917=DIRECTION('',(1.05008891268581E-27,-1.05003005176869E-27,1.));
#6918=DIRECTION('',(-5.46836728307682E-14,-1.,-1.05003005176864E-27));
#6919=DIRECTION('',(1.05008891268581E-27,-1.05003005176869E-27,1.));
#6920=DIRECTION('',(-5.46836728307682E-14,-1.,-1.05003005176864E-27));
#6921=DIRECTION('',(1.05008891268581E-27,-1.05003005176869E-27,1.));
#6922=DIRECTION('',(-5.46836728307682E-14,-1.,-1.05003005176864E-27));
#6923=DIRECTION('',(1.05008891268581E-27,-1.05003005176869E-27,1.));
#6924=DIRECTION('',(-5.46836728307682E-14,-1.,-1.05003005176864E-27));
#6925=DIRECTION('',(1.05008891268581E-27,-1.05003005176869E-27,1.));
#6926=DIRECTION('',(-5.46836728307682E-14,-1.,-1.05003005176864E-27));
#6927=DIRECTION('',(1.05008891268581E-27,-1.05003005176869E-27,1.));
#6928=DIRECTION('',(-5.46836728307682E-14,-1.,-1.05003005176864E-27));
#6929=DIRECTION('',(1.05008891268581E-27,-1.05003005176869E-27,1.));
#6930=DIRECTION('',(-5.46836728307682E-14,-1.,-1.05003005176864E-27));
#6931=DIRECTION('',(1.05008891268581E-27,-1.05003005176869E-27,1.));
#6932=DIRECTION('',(-5.46836728307682E-14,-1.,-1.05003005176864E-27));
#6933=DIRECTION('',(1.05008891268581E-27,-1.05003005176869E-27,1.));
#6934=DIRECTION('',(-5.46836728307682E-14,-1.,-1.05003005176864E-27));
#6935=DIRECTION('',(1.05008891268581E-27,-1.05003005176869E-27,1.));
#6936=DIRECTION('',(-5.46836728307682E-14,-1.,-1.05003005176864E-27));
#6937=DIRECTION('',(1.05008891268581E-27,-1.05003005176869E-27,1.));
#6938=DIRECTION('',(-5.46836728307682E-14,-1.,-1.05003005176864E-27));
#6939=DIRECTION('',(1.05008891268581E-27,-1.05003005176869E-27,1.));
#6940=DIRECTION('',(-5.46836728307682E-14,-1.,-1.05003005176864E-27));
#6941=DIRECTION('',(1.05008891268581E-27,-1.05003005176869E-27,1.));
#6942=DIRECTION('',(-5.46836728307682E-14,-1.,-1.05003005176864E-27));
#6943=DIRECTION('',(1.05008891268581E-27,-1.05003005176869E-27,1.));
#6944=DIRECTION('',(-5.46836728307682E-14,-1.,-1.05003005176864E-27));
#6945=DIRECTION('',(1.05008891268581E-27,-1.05003005176869E-27,1.));
#6946=DIRECTION('',(-5.46836728307682E-14,-1.,-1.05003005176864E-27));
#6947=DIRECTION('',(1.05008891268581E-27,-1.05003005176869E-27,1.));
#6948=DIRECTION('',(-5.46836728307682E-14,-1.,-1.05003005176864E-27));
#6949=DIRECTION('',(1.05008891268581E-27,-1.05003005176869E-27,1.));
#6950=DIRECTION('',(-5.46836728307682E-14,-1.,-1.05003005176864E-27));
#6951=DIRECTION('',(1.05008891268581E-27,-1.05003005176869E-27,1.));
#6952=DIRECTION('',(-5.46836728307682E-14,-1.,-1.05003005176864E-27));
#6953=DIRECTION('',(1.05008891268581E-27,-1.05003005176869E-27,1.));
#6954=DIRECTION('',(-5.46836728307682E-14,-1.,-1.05003005176864E-27));
#6955=DIRECTION('',(1.05008891268581E-27,-1.05003005176869E-27,1.));
#6956=DIRECTION('',(-5.46836728307682E-14,-1.,-1.05003005176864E-27));
#6957=DIRECTION('',(1.05008891268581E-27,-1.05003005176869E-27,1.));
#6958=DIRECTION('',(-5.46836728307682E-14,-1.,-1.05003005176864E-27));
#6959=DIRECTION('',(1.05008891268581E-27,-1.05003005176869E-27,1.));
#6960=DIRECTION('',(-5.46836728307682E-14,-1.,-1.05003005176864E-27));
#6961=DIRECTION('',(1.05008891268581E-27,-1.05003005176869E-27,1.));
#6962=DIRECTION('',(-5.46836728307682E-14,-1.,-1.05003005176864E-27));
#6963=DIRECTION('',(1.05008891268581E-27,-1.05003005176869E-27,1.));
#6964=DIRECTION('',(-5.46836728307682E-14,-1.,-1.05003005176864E-27));
#6965=DIRECTION('',(1.05008891268581E-27,-1.05003005176869E-27,1.));
#6966=DIRECTION('',(-5.46836728307682E-14,-1.,-1.05003005176864E-27));
#6967=DIRECTION('',(1.,0.,0.));
#6968=DIRECTION('',(0.,0.,-1.));
#6969=DIRECTION('',(0.,-1.,0.));
#6970=DIRECTION('',(0.,0.,-1.));
#6971=DIRECTION('',(0.,-1.,0.));
#6972=DIRECTION('',(0.,0.,-1.));
#6973=DIRECTION('',(0.,-1.,0.));
#6974=DIRECTION('',(0.,0.,-1.));
#6975=DIRECTION('',(-1.,0.,0.));
#6976=DIRECTION('',(0.,0.,-1.));
#6977=DIRECTION('',(-1.,0.,0.));
#6978=DIRECTION('',(1.,-6.15268104017848E-17,0.));
#6979=DIRECTION('',(6.15268104017848E-17,1.,0.));
#6980=DIRECTION('',(-6.15268104017848E-17,-1.,0.));
#6981=DIRECTION('',(0.,0.,-1.));
#6982=DIRECTION('',(-6.15268104017848E-17,-1.,0.));
#6983=DIRECTION('',(0.,-1.,0.));
#6984=DIRECTION('',(0.,0.,-1.));
#6985=DIRECTION('',(-1.,0.,0.));
#6986=DIRECTION('',(-1.,0.,0.));
#6987=DIRECTION('',(0.,0.,1.));
#6988=DIRECTION('',(1.,0.,0.));
#6989=DIRECTION('',(0.,0.,1.));
#6990=DIRECTION('',(1.,0.,0.));
#6991=DIRECTION('',(1.0500889126858E-27,-1.05003621474452E-27,1.));
#6992=DIRECTION('',(-1.,5.47934654558301E-14,1.05008891268586E-27));
#6993=DIRECTION('',(1.,0.,0.));
#6994=DIRECTION('',(0.,0.,-1.));
#6995=DIRECTION('',(0.,-1.,0.));
#6996=DIRECTION('',(0.,0.,-1.));
#6997=DIRECTION('',(0.,-1.,0.));
#6998=DIRECTION('',(0.,0.,-1.));
#6999=DIRECTION('',(0.,-1.,0.));
#7000=DIRECTION('',(0.,0.,-1.));
#7001=DIRECTION('',(-1.,0.,0.));
#7002=DIRECTION('',(0.,0.,-1.));
#7003=DIRECTION('',(-1.,0.,0.));
#7004=DIRECTION('',(1.,-6.15268104017848E-17,0.));
#7005=DIRECTION('',(6.15268104017848E-17,1.,0.));
#7006=DIRECTION('',(-6.15268104017848E-17,-1.,0.));
#7007=DIRECTION('',(0.,0.,-1.));
#7008=DIRECTION('',(-6.15268104017848E-17,-1.,0.));
#7009=DIRECTION('',(0.,-1.,0.));
#7010=DIRECTION('',(0.,0.,-1.));
#7011=DIRECTION('',(-1.,0.,0.));
#7012=DIRECTION('',(-1.,0.,0.));
#7013=DIRECTION('',(0.,0.,1.));
#7014=DIRECTION('',(1.,0.,0.));
#7015=DIRECTION('',(0.,0.,1.));
#7016=DIRECTION('',(1.,0.,0.));
#7017=DIRECTION('',(1.0500889126858E-27,-1.05003621474452E-27,1.));
#7018=DIRECTION('',(-1.,5.47934654558301E-14,1.05008891268586E-27));
#7019=DIRECTION('',(1.,0.,0.));
#7020=DIRECTION('',(0.,0.,-1.));
#7021=DIRECTION('',(0.,-1.,0.));
#7022=DIRECTION('',(0.,0.,-1.));
#7023=DIRECTION('',(0.,-1.,0.));
#7024=DIRECTION('',(0.,0.,-1.));
#7025=DIRECTION('',(0.,-1.,0.));
#7026=DIRECTION('',(0.,0.,-1.));
#7027=DIRECTION('',(-1.,0.,0.));
#7028=DIRECTION('',(0.,0.,-1.));
#7029=DIRECTION('',(-1.,0.,0.));
#7030=DIRECTION('',(1.,-6.15268104017848E-17,0.));
#7031=DIRECTION('',(6.15268104017848E-17,1.,0.));
#7032=DIRECTION('',(-6.15268104017848E-17,-1.,0.));
#7033=DIRECTION('',(0.,0.,-1.));
#7034=DIRECTION('',(-6.15268104017848E-17,-1.,0.));
#7035=DIRECTION('',(0.,-1.,0.));
#7036=DIRECTION('',(0.,0.,-1.));
#7037=DIRECTION('',(-1.,0.,0.));
#7038=DIRECTION('',(-1.,0.,0.));
#7039=DIRECTION('',(0.,0.,1.));
#7040=DIRECTION('',(1.,0.,0.));
#7041=DIRECTION('',(0.,0.,1.));
#7042=DIRECTION('',(1.,0.,0.));
#7043=DIRECTION('',(1.0500889126858E-27,-1.05003621474452E-27,1.));
#7044=DIRECTION('',(-1.,5.47934654558301E-14,1.05008891268586E-27));
#7045=DIRECTION('',(1.,0.,0.));
#7046=DIRECTION('',(0.,0.,-1.));
#7047=DIRECTION('',(0.,-1.,0.));
#7048=DIRECTION('',(0.,0.,-1.));
#7049=DIRECTION('',(0.,-1.,0.));
#7050=DIRECTION('',(0.,0.,-1.));
#7051=DIRECTION('',(0.,-1.,0.));
#7052=DIRECTION('',(0.,0.,-1.));
#7053=DIRECTION('',(-1.,0.,0.));
#7054=DIRECTION('',(0.,0.,-1.));
#7055=DIRECTION('',(-1.,0.,0.));
#7056=DIRECTION('',(1.,-6.15268104017848E-17,0.));
#7057=DIRECTION('',(6.15268104017848E-17,1.,0.));
#7058=DIRECTION('',(-6.15268104017848E-17,-1.,0.));
#7059=DIRECTION('',(0.,0.,-1.));
#7060=DIRECTION('',(-6.15268104017848E-17,-1.,0.));
#7061=DIRECTION('',(0.,-1.,0.));
#7062=DIRECTION('',(0.,0.,-1.));
#7063=DIRECTION('',(-1.,0.,0.));
#7064=DIRECTION('',(-1.,0.,0.));
#7065=DIRECTION('',(0.,0.,1.));
#7066=DIRECTION('',(1.,0.,0.));
#7067=DIRECTION('',(0.,0.,1.));
#7068=DIRECTION('',(1.,0.,0.));
#7069=DIRECTION('',(1.0500889126858E-27,-1.05003621474452E-27,1.));
#7070=DIRECTION('',(-1.,5.47934654558301E-14,1.05008891268586E-27));
#7071=DIRECTION('',(1.,0.,0.));
#7072=DIRECTION('',(0.,0.,-1.));
#7073=DIRECTION('',(0.,-1.,0.));
#7074=DIRECTION('',(0.,0.,-1.));
#7075=DIRECTION('',(0.,-1.,0.));
#7076=DIRECTION('',(0.,0.,-1.));
#7077=DIRECTION('',(0.,-1.,0.));
#7078=DIRECTION('',(0.,0.,-1.));
#7079=DIRECTION('',(-1.,0.,0.));
#7080=DIRECTION('',(0.,0.,-1.));
#7081=DIRECTION('',(-1.,0.,0.));
#7082=DIRECTION('',(1.,-6.15268104017848E-17,0.));
#7083=DIRECTION('',(6.15268104017848E-17,1.,0.));
#7084=DIRECTION('',(-6.15268104017848E-17,-1.,0.));
#7085=DIRECTION('',(0.,0.,-1.));
#7086=DIRECTION('',(-6.15268104017848E-17,-1.,0.));
#7087=DIRECTION('',(0.,-1.,0.));
#7088=DIRECTION('',(0.,0.,-1.));
#7089=DIRECTION('',(-1.,0.,0.));
#7090=DIRECTION('',(-1.,0.,0.));
#7091=DIRECTION('',(0.,0.,1.));
#7092=DIRECTION('',(1.,0.,0.));
#7093=DIRECTION('',(0.,0.,1.));
#7094=DIRECTION('',(1.,0.,0.));
#7095=DIRECTION('',(1.0500889126858E-27,-1.05003621474452E-27,1.));
#7096=DIRECTION('',(-1.,5.47934654558301E-14,1.05008891268586E-27));
#7097=DIRECTION('',(1.,0.,0.));
#7098=DIRECTION('',(0.,0.,-1.));
#7099=DIRECTION('',(0.,-1.,0.));
#7100=DIRECTION('',(0.,0.,-1.));
#7101=DIRECTION('',(0.,-1.,0.));
#7102=DIRECTION('',(0.,0.,-1.));
#7103=DIRECTION('',(0.,-1.,0.));
#7104=DIRECTION('',(0.,0.,-1.));
#7105=DIRECTION('',(-1.,0.,0.));
#7106=DIRECTION('',(0.,0.,-1.));
#7107=DIRECTION('',(-1.,0.,0.));
#7108=DIRECTION('',(1.,-6.15268104017848E-17,0.));
#7109=DIRECTION('',(6.15268104017848E-17,1.,0.));
#7110=DIRECTION('',(-6.15268104017848E-17,-1.,0.));
#7111=DIRECTION('',(0.,0.,-1.));
#7112=DIRECTION('',(-6.15268104017848E-17,-1.,0.));
#7113=DIRECTION('',(0.,-1.,0.));
#7114=DIRECTION('',(0.,0.,-1.));
#7115=DIRECTION('',(-1.,0.,0.));
#7116=DIRECTION('',(-1.,0.,0.));
#7117=DIRECTION('',(0.,0.,1.));
#7118=DIRECTION('',(1.,0.,0.));
#7119=DIRECTION('',(0.,0.,1.));
#7120=DIRECTION('',(1.,0.,0.));
#7121=DIRECTION('',(1.0500889126858E-27,-1.05003621474452E-27,1.));
#7122=DIRECTION('',(-1.,5.47934654558301E-14,1.05008891268586E-27));
#7123=DIRECTION('',(0.,-1.,0.));
#7124=DIRECTION('',(0.,0.,-1.));
#7125=DIRECTION('',(-1.,0.,0.));
#7126=DIRECTION('',(0.,0.,-1.));
#7127=DIRECTION('',(-1.,0.,0.));
#7128=DIRECTION('',(0.,0.,-1.));
#7129=DIRECTION('',(-1.,7.00898374132043E-17,0.));
#7130=DIRECTION('',(-7.00898374132043E-17,-1.,0.));
#7131=DIRECTION('',(7.00898374132043E-17,1.,0.));
#7132=DIRECTION('',(0.,0.,-1.));
#7133=DIRECTION('',(7.00898374132043E-17,1.,0.));
#7134=DIRECTION('',(0.,-1.,0.));
#7135=DIRECTION('',(0.,0.,-1.));
#7136=DIRECTION('',(-1.,0.,0.));
#7137=DIRECTION('',(0.,0.,-1.));
#7138=DIRECTION('',(-1.,0.,0.));
#7139=DIRECTION('',(-1.,7.00898374132043E-17,0.));
#7140=DIRECTION('',(-7.00898374132043E-17,-1.,0.));
#7141=DIRECTION('',(7.00898374132043E-17,1.,0.));
#7142=DIRECTION('',(7.00898374132043E-17,1.,0.));
#7143=DIRECTION('',(0.,0.,1.));
#7144=DIRECTION('',(1.,0.,0.));
#7145=DIRECTION('',(0.,0.,1.));
#7146=DIRECTION('',(1.,0.,0.));
#7147=DIRECTION('',(1.0500889126858E-27,-1.05003621474452E-27,1.));
#7148=DIRECTION('',(-1.,5.47934654558301E-14,1.05008891268586E-27));
#7149=DIRECTION('',(0.,0.,1.));
#7150=DIRECTION('',(1.,0.,0.));
#7151=DIRECTION('',(1.05008891268581E-27,-1.05003005176869E-27,1.));
#7152=DIRECTION('',(-5.46836728307682E-14,-1.,-1.05003005176864E-27));
#7153=DIRECTION('',(1.05008891268581E-27,-1.05003005176869E-27,1.));
#7154=DIRECTION('',(-5.46836728307682E-14,-1.,-1.05003005176864E-27));
#7155=DIRECTION('',(1.05008891268581E-27,-1.05003005176869E-27,1.));
#7156=DIRECTION('',(-5.46836728307682E-14,-1.,-1.05003005176864E-27));
#7157=DIRECTION('',(1.05008891268581E-27,-1.05003005176869E-27,1.));
#7158=DIRECTION('',(-5.46836728307682E-14,-1.,-1.05003005176864E-27));
#7159=DIRECTION('',(0.,0.,1.));
#7160=DIRECTION('',(1.,0.,0.));
#7161=DIRECTION('',(1.05008891268581E-27,-1.05003005176869E-27,1.));
#7162=DIRECTION('',(-5.46836728307682E-14,-1.,-1.05003005176864E-27));
#7163=DIRECTION('',(1.05008891268581E-27,-1.05003005176869E-27,1.));
#7164=DIRECTION('',(-5.46836728307682E-14,-1.,-1.05003005176864E-27));
#7165=DIRECTION('',(1.05008891268581E-27,-1.05003005176869E-27,1.));
#7166=DIRECTION('',(-5.46836728307682E-14,-1.,-1.05003005176864E-27));
#7167=DIRECTION('',(1.05008891268581E-27,-1.05003005176869E-27,1.));
#7168=DIRECTION('',(-5.46836728307682E-14,-1.,-1.05003005176864E-27));
#7169=DIRECTION('',(1.05008891268581E-27,-1.05003005176869E-27,1.));
#7170=DIRECTION('',(-5.46836728307682E-14,-1.,-1.05003005176864E-27));
#7171=DIRECTION('',(1.05008891268581E-27,-1.05003005176869E-27,1.));
#7172=DIRECTION('',(-5.46836728307682E-14,-1.,-1.05003005176864E-27));
#7173=DIRECTION('',(1.05008891268581E-27,-1.05003005176869E-27,1.));
#7174=DIRECTION('',(-5.46836728307682E-14,-1.,-1.05003005176864E-27));
#7175=DIRECTION('',(1.05008891268581E-27,-1.05003005176869E-27,1.));
#7176=DIRECTION('',(-5.46836728307682E-14,-1.,-1.05003005176864E-27));
#7177=DIRECTION('',(1.05008891268581E-27,-1.05003005176869E-27,1.));
#7178=DIRECTION('',(-5.46836728307682E-14,-1.,-1.05003005176864E-27));
#7179=DIRECTION('',(1.05008891268581E-27,-1.05003005176869E-27,1.));
#7180=DIRECTION('',(-5.46836728307682E-14,-1.,-1.05003005176864E-27));
#7181=DIRECTION('',(1.05008891268581E-27,-1.05003005176869E-27,1.));
#7182=DIRECTION('',(-5.46836728307682E-14,-1.,-1.05003005176864E-27));
#7183=DIRECTION('',(1.05008891268581E-27,-1.05003005176869E-27,1.));
#7184=DIRECTION('',(-5.46836728307682E-14,-1.,-1.05003005176864E-27));
#7185=DIRECTION('',(1.05008891268581E-27,-1.05003005176869E-27,1.));
#7186=DIRECTION('',(-5.46836728307682E-14,-1.,-1.05003005176864E-27));
#7187=DIRECTION('',(1.05008891268581E-27,-1.05003005176869E-27,1.));
#7188=DIRECTION('',(-5.46836728307682E-14,-1.,-1.05003005176864E-27));
#7189=DIRECTION('',(1.05008891268581E-27,-1.05003005176869E-27,1.));
#7190=DIRECTION('',(-5.46836728307682E-14,-1.,-1.05003005176864E-27));
#7191=DIRECTION('',(1.05008891268581E-27,-1.05003005176869E-27,1.));
#7192=DIRECTION('',(-5.46836728307682E-14,-1.,-1.05003005176864E-27));
#7193=DIRECTION('',(1.05008891268581E-27,-1.05003005176869E-27,1.));
#7194=DIRECTION('',(-5.46836728307682E-14,-1.,-1.05003005176864E-27));
#7195=DIRECTION('',(1.05008891268581E-27,-1.05003005176869E-27,1.));
#7196=DIRECTION('',(-5.46836728307682E-14,-1.,-1.05003005176864E-27));
#7197=DIRECTION('',(1.05008891268581E-27,-1.05003005176869E-27,1.));
#7198=DIRECTION('',(-5.46836728307682E-14,-1.,-1.05003005176864E-27));
#7199=DIRECTION('',(1.05008891268581E-27,-1.05003005176869E-27,1.));
#7200=DIRECTION('',(-5.46836728307682E-14,-1.,-1.05003005176864E-27));
#7201=DIRECTION('',(1.05008891268581E-27,-1.05003005176869E-27,1.));
#7202=DIRECTION('',(-5.46836728307682E-14,-1.,-1.05003005176864E-27));
#7203=DIRECTION('',(1.05008891268581E-27,-1.05003005176869E-27,1.));
#7204=DIRECTION('',(-5.46836728307682E-14,-1.,-1.05003005176864E-27));
#7205=DIRECTION('',(1.05008891268581E-27,-1.05003005176869E-27,1.));
#7206=DIRECTION('',(-5.46836728307682E-14,-1.,-1.05003005176864E-27));
#7207=DIRECTION('',(1.05008891268581E-27,-1.05003005176869E-27,1.));
#7208=DIRECTION('',(-5.46836728307682E-14,-1.,-1.05003005176864E-27));
#7209=DIRECTION('',(1.05008891268581E-27,-1.05003005176869E-27,1.));
#7210=DIRECTION('',(-5.46836728307682E-14,-1.,-1.05003005176864E-27));
#7211=DIRECTION('',(1.05008891268581E-27,-1.05003005176869E-27,1.));
#7212=DIRECTION('',(-5.46836728307682E-14,-1.,-1.05003005176864E-27));
#7213=DIRECTION('',(1.0500889126858E-27,-1.05003621474452E-27,1.));
#7214=DIRECTION('',(-1.,5.47934654558301E-14,1.05008891268586E-27));
#7215=DIRECTION('',(1.0500889126858E-27,-1.05003621474452E-27,1.));
#7216=DIRECTION('',(-1.,5.47934654558301E-14,1.05008891268586E-27));
#7217=DIRECTION('',(1.0500889126858E-27,-1.05003621474452E-27,1.));
#7218=DIRECTION('',(-1.,5.47934654558301E-14,1.05008891268586E-27));
#7219=DIRECTION('',(1.0500889126858E-27,-1.05003621474452E-27,1.));
#7220=DIRECTION('',(-1.,5.47934654558301E-14,1.05008891268586E-27));
#7221=DIRECTION('',(1.0500889126858E-27,-1.05003621474452E-27,1.));
#7222=DIRECTION('',(-1.,5.47934654558301E-14,1.05008891268586E-27));
#7223=DIRECTION('',(1.0500889126858E-27,-1.05003621474452E-27,1.));
#7224=DIRECTION('',(-1.,5.47934654558301E-14,1.05008891268586E-27));
#7225=DIRECTION('',(1.0500889126858E-27,-1.05003621474452E-27,1.));
#7226=DIRECTION('',(-1.,5.47934654558301E-14,1.05008891268586E-27));
#7227=DIRECTION('',(0.,0.,1.));
#7228=DIRECTION('',(1.,0.,0.));
#7229=DIRECTION('',(1.05008891268581E-27,-1.05003005176869E-27,1.));
#7230=DIRECTION('',(-5.46836728307682E-14,-1.,-1.05003005176864E-27));
#7231=DIRECTION('',(1.05008891268581E-27,-1.05003005176869E-27,1.));
#7232=DIRECTION('',(-5.46836728307682E-14,-1.,-1.05003005176864E-27));
#7233=DIRECTION('',(1.05008891268581E-27,-1.05003005176869E-27,1.));
#7234=DIRECTION('',(-5.46836728307682E-14,-1.,-1.05003005176864E-27));
#7235=DIRECTION('',(1.05008891268581E-27,-1.05003005176869E-27,1.));
#7236=DIRECTION('',(-5.46836728307682E-14,-1.,-1.05003005176864E-27));
#7237=DIRECTION('',(1.05008891268581E-27,-1.05003005176869E-27,1.));
#7238=DIRECTION('',(-5.46836728307682E-14,-1.,-1.05003005176864E-27));
#7239=DIRECTION('',(1.05008891268581E-27,-1.05003005176869E-27,1.));
#7240=DIRECTION('',(-5.46836728307682E-14,-1.,-1.05003005176864E-27));
#7241=DIRECTION('',(1.05008891268581E-27,-1.05003005176869E-27,1.));
#7242=DIRECTION('',(-5.46836728307682E-14,-1.,-1.05003005176864E-27));
#7243=DIRECTION('',(1.05008891268581E-27,-1.05003005176869E-27,1.));
#7244=DIRECTION('',(-5.46836728307682E-14,-1.,-1.05003005176864E-27));
#7245=DIRECTION('',(1.05008891268581E-27,-1.05003005176869E-27,1.));
#7246=DIRECTION('',(-5.46836728307682E-14,-1.,-1.05003005176864E-27));
#7247=DIRECTION('',(1.05008891268581E-27,-1.05003005176869E-27,1.));
#7248=DIRECTION('',(-5.46836728307682E-14,-1.,-1.05003005176864E-27));
#7249=DIRECTION('',(0.,0.,1.));
#7250=DIRECTION('',(1.,0.,0.));
#7251=DIRECTION('',(1.05008891268581E-27,-1.05003005176869E-27,1.));
#7252=DIRECTION('',(-5.46836728307682E-14,-1.,-1.05003005176864E-27));
#7253=DIRECTION('',(1.05008891268581E-27,-1.05003005176869E-27,1.));
#7254=DIRECTION('',(-5.46836728307682E-14,-1.,-1.05003005176864E-27));
#7255=DIRECTION('',(1.05008891268581E-27,-1.05003005176869E-27,1.));
#7256=DIRECTION('',(-5.46836728307682E-14,-1.,-1.05003005176864E-27));
#7257=DIRECTION('',(1.05008891268581E-27,-1.05003005176869E-27,1.));
#7258=DIRECTION('',(-5.46836728307682E-14,-1.,-1.05003005176864E-27));
#7259=DIRECTION('',(1.05008891268581E-27,-1.05003005176869E-27,1.));
#7260=DIRECTION('',(-5.46836728307682E-14,-1.,-1.05003005176864E-27));
#7261=DIRECTION('',(1.05008891268581E-27,-1.05003005176869E-27,1.));
#7262=DIRECTION('',(-5.46836728307682E-14,-1.,-1.05003005176864E-27));
#7263=DIRECTION('',(1.05008891268581E-27,-1.05003005176869E-27,1.));
#7264=DIRECTION('',(-5.46836728307682E-14,-1.,-1.05003005176864E-27));
#7265=DIRECTION('',(1.05008891268581E-27,-1.05003005176869E-27,1.));
#7266=DIRECTION('',(-5.46836728307682E-14,-1.,-1.05003005176864E-27));
#7267=DIRECTION('',(1.05008891268581E-27,-1.05003005176869E-27,1.));
#7268=DIRECTION('',(-5.46836728307682E-14,-1.,-1.05003005176864E-27));
#7269=DIRECTION('',(1.05008891268581E-27,-1.05003005176869E-27,1.));
#7270=DIRECTION('',(-5.46836728307682E-14,-1.,-1.05003005176864E-27));
#7271=DIRECTION('',(1.05008891268581E-27,-1.05003005176869E-27,1.));
#7272=DIRECTION('',(-5.46836728307682E-14,-1.,-1.05003005176864E-27));
#7273=DIRECTION('',(1.05008891268581E-27,-1.05003005176869E-27,1.));
#7274=DIRECTION('',(-5.46836728307682E-14,-1.,-1.05003005176864E-27));
#7275=DIRECTION('',(1.05008891268581E-27,-1.05003005176869E-27,1.));
#7276=DIRECTION('',(-5.46836728307682E-14,-1.,-1.05003005176864E-27));
#7277=DIRECTION('',(1.05008891268581E-27,-1.05003005176869E-27,1.));
#7278=DIRECTION('',(-5.46836728307682E-14,-1.,-1.05003005176864E-27));
#7279=DIRECTION('',(1.05008891268581E-27,-1.05003005176869E-27,1.));
#7280=DIRECTION('',(-5.46836728307682E-14,-1.,-1.05003005176864E-27));
#7281=DIRECTION('',(1.05008891268581E-27,-1.05003005176869E-27,1.));
#7282=DIRECTION('',(-5.46836728307682E-14,-1.,-1.05003005176864E-27));
#7283=DIRECTION('',(1.05008891268581E-27,-1.05003005176869E-27,1.));
#7284=DIRECTION('',(-5.46836728307682E-14,-1.,-1.05003005176864E-27));
#7285=DIRECTION('',(1.05008891268581E-27,-1.05003005176869E-27,1.));
#7286=DIRECTION('',(-5.46836728307682E-14,-1.,-1.05003005176864E-27));
#7287=DIRECTION('',(1.05008891268581E-27,-1.05003005176869E-27,1.));
#7288=DIRECTION('',(-5.46836728307682E-14,-1.,-1.05003005176864E-27));
#7289=DIRECTION('',(1.05008891268581E-27,-1.05003005176869E-27,1.));
#7290=DIRECTION('',(-5.46836728307682E-14,-1.,-1.05003005176864E-27));
#7291=DIRECTION('',(1.05008891268581E-27,-1.05003005176869E-27,1.));
#7292=DIRECTION('',(-5.46836728307682E-14,-1.,-1.05003005176864E-27));
#7293=DIRECTION('',(1.05008891268581E-27,-1.05003005176869E-27,1.));
#7294=DIRECTION('',(-5.46836728307682E-14,-1.,-1.05003005176864E-27));
#7295=DIRECTION('',(1.05008891268581E-27,-1.05003005176869E-27,1.));
#7296=DIRECTION('',(-5.46836728307682E-14,-1.,-1.05003005176864E-27));
#7297=DIRECTION('',(1.05008891268581E-27,-1.05003005176869E-27,1.));
#7298=DIRECTION('',(-5.46836728307682E-14,-1.,-1.05003005176864E-27));
#7299=DIRECTION('',(1.05008891268581E-27,-1.05003005176869E-27,1.));
#7300=DIRECTION('',(-5.46836728307682E-14,-1.,-1.05003005176864E-27));
#7301=DIRECTION('',(1.05008891268581E-27,-1.05003005176869E-27,1.));
#7302=DIRECTION('',(-5.46836728307682E-14,-1.,-1.05003005176864E-27));
#7303=DIRECTION('',(1.05008891268581E-27,-1.05003005176869E-27,1.));
#7304=DIRECTION('',(-5.46836728307682E-14,-1.,-1.05003005176864E-27));
#7305=DIRECTION('',(1.05008891268581E-27,-1.05003005176869E-27,1.));
#7306=DIRECTION('',(-5.46836728307682E-14,-1.,-1.05003005176864E-27));
#7307=DIRECTION('',(1.05008891268581E-27,-1.05003005176869E-27,1.));
#7308=DIRECTION('',(-5.46836728307682E-14,-1.,-1.05003005176864E-27));
#7309=DIRECTION('',(1.05008891268581E-27,-1.05003005176869E-27,1.));
#7310=DIRECTION('',(-5.46836728307682E-14,-1.,-1.05003005176864E-27));
#7311=DIRECTION('',(1.05008891268581E-27,-1.05003005176869E-27,1.));
#7312=DIRECTION('',(-5.46836728307682E-14,-1.,-1.05003005176864E-27));
#7313=DIRECTION('',(1.05008891268581E-27,-1.05003005176869E-27,1.));
#7314=DIRECTION('',(-5.46836728307682E-14,-1.,-1.05003005176864E-27));
#7315=DIRECTION('',(1.05008891268581E-27,-1.05003005176869E-27,1.));
#7316=DIRECTION('',(-5.46836728307682E-14,-1.,-1.05003005176864E-27));
#7317=DIRECTION('',(1.0500889126858E-27,-1.05003621474452E-27,1.));
#7318=DIRECTION('',(-1.,5.47934654558301E-14,1.05008891268586E-27));
#7319=DIRECTION('',(1.0500889126858E-27,-1.05003621474452E-27,1.));
#7320=DIRECTION('',(-1.,5.47934654558301E-14,1.05008891268586E-27));
#7321=DIRECTION('',(1.0500889126858E-27,-1.05003621474452E-27,1.));
#7322=DIRECTION('',(-1.,5.47934654558301E-14,1.05008891268586E-27));
#7323=DIRECTION('',(1.0500889126858E-27,-1.05003621474452E-27,1.));
#7324=DIRECTION('',(-1.,5.47934654558301E-14,1.05008891268586E-27));
#7325=DIRECTION('',(1.0500889126858E-27,-1.05003621474452E-27,1.));
#7326=DIRECTION('',(-1.,5.47934654558301E-14,1.05008891268586E-27));
#7327=DIRECTION('',(1.0500889126858E-27,-1.05003621474452E-27,1.));
#7328=DIRECTION('',(-1.,5.47934654558301E-14,1.05008891268586E-27));
#7329=DIRECTION('',(1.0500889126858E-27,-1.05003621474452E-27,1.));
#7330=DIRECTION('',(-1.,5.47934654558301E-14,1.05008891268586E-27));
#7331=DIRECTION('',(0.,0.,1.));
#7332=DIRECTION('',(1.,0.,0.));
#7333=DIRECTION('',(1.05008891268581E-27,-1.05003005176869E-27,1.));
#7334=DIRECTION('',(-5.46836728307682E-14,-1.,-1.05003005176864E-27));
#7335=DIRECTION('',(1.05008891268581E-27,-1.05003005176869E-27,1.));
#7336=DIRECTION('',(-5.46836728307682E-14,-1.,-1.05003005176864E-27));
#7337=DIRECTION('',(1.05008891268581E-27,-1.05003005176869E-27,1.));
#7338=DIRECTION('',(-5.46836728307682E-14,-1.,-1.05003005176864E-27));
#7339=DIRECTION('',(0.,0.,1.));
#7340=DIRECTION('',(1.,0.,0.));
#7341=DIRECTION('',(1.05008891268581E-27,-1.05003005176869E-27,1.));
#7342=DIRECTION('',(-5.46836728307682E-14,-1.,-1.05003005176864E-27));
#7343=DIRECTION('',(1.05008891268581E-27,-1.05003005176869E-27,1.));
#7344=DIRECTION('',(-5.46836728307682E-14,-1.,-1.05003005176864E-27));
#7345=DIRECTION('',(1.05008891268581E-27,-1.05003005176869E-27,1.));
#7346=DIRECTION('',(-5.46836728307682E-14,-1.,-1.05003005176864E-27));
#7347=DIRECTION('',(1.05008891268581E-27,-1.05003005176869E-27,1.));
#7348=DIRECTION('',(-5.46836728307682E-14,-1.,-1.05003005176864E-27));
#7349=DIRECTION('',(1.05008891268581E-27,-1.05003005176869E-27,1.));
#7350=DIRECTION('',(-5.46836728307682E-14,-1.,-1.05003005176864E-27));
#7351=DIRECTION('',(1.05008891268581E-27,-1.05003005176869E-27,1.));
#7352=DIRECTION('',(-5.46836728307682E-14,-1.,-1.05003005176864E-27));
#7353=DIRECTION('',(1.05008891268581E-27,-1.05003005176869E-27,1.));
#7354=DIRECTION('',(-5.46836728307682E-14,-1.,-1.05003005176864E-27));
#7355=DIRECTION('',(1.05008891268581E-27,-1.05003005176869E-27,1.));
#7356=DIRECTION('',(-5.46836728307682E-14,-1.,-1.05003005176864E-27));
#7357=DIRECTION('',(1.05008891268581E-27,-1.05003005176869E-27,1.));
#7358=DIRECTION('',(-5.46836728307682E-14,-1.,-1.05003005176864E-27));
#7359=DIRECTION('',(1.05008891268581E-27,-1.05003005176869E-27,1.));
#7360=DIRECTION('',(-5.46836728307682E-14,-1.,-1.05003005176864E-27));
#7361=DIRECTION('',(1.05008891268581E-27,-1.05003005176869E-27,1.));
#7362=DIRECTION('',(-5.46836728307682E-14,-1.,-1.05003005176864E-27));
#7363=DIRECTION('',(1.05008891268581E-27,-1.05003005176869E-27,1.));
#7364=DIRECTION('',(-5.46836728307682E-14,-1.,-1.05003005176864E-27));
#7365=DIRECTION('',(1.05008891268581E-27,-1.05003005176869E-27,1.));
#7366=DIRECTION('',(-5.46836728307682E-14,-1.,-1.05003005176864E-27));
#7367=DIRECTION('',(1.05008891268581E-27,-1.05003005176869E-27,1.));
#7368=DIRECTION('',(-5.46836728307682E-14,-1.,-1.05003005176864E-27));
#7369=DIRECTION('',(1.05008891268581E-27,-1.05003005176869E-27,1.));
#7370=DIRECTION('',(-5.46836728307682E-14,-1.,-1.05003005176864E-27));
#7371=DIRECTION('',(1.05008891268581E-27,-1.05003005176869E-27,1.));
#7372=DIRECTION('',(-5.46836728307682E-14,-1.,-1.05003005176864E-27));
#7373=DIRECTION('',(1.05008891268581E-27,-1.05003005176869E-27,1.));
#7374=DIRECTION('',(-5.46836728307682E-14,-1.,-1.05003005176864E-27));
#7375=DIRECTION('',(1.05008891268581E-27,-1.05003005176869E-27,1.));
#7376=DIRECTION('',(-5.46836728307682E-14,-1.,-1.05003005176864E-27));
#7377=DIRECTION('',(1.05008891268581E-27,-1.05003005176869E-27,1.));
#7378=DIRECTION('',(-5.46836728307682E-14,-1.,-1.05003005176864E-27));
#7379=DIRECTION('',(1.05008891268581E-27,-1.05003005176869E-27,1.));
#7380=DIRECTION('',(-5.46836728307682E-14,-1.,-1.05003005176864E-27));
#7381=DIRECTION('',(1.05008891268581E-27,-1.05003005176869E-27,1.));
#7382=DIRECTION('',(-5.46836728307682E-14,-1.,-1.05003005176864E-27));
#7383=DIRECTION('',(1.05008891268581E-27,-1.05003005176869E-27,1.));
#7384=DIRECTION('',(-5.46836728307682E-14,-1.,-1.05003005176864E-27));
#7385=DIRECTION('',(1.05008891268581E-27,-1.05003005176869E-27,1.));
#7386=DIRECTION('',(-5.46836728307682E-14,-1.,-1.05003005176864E-27));
#7387=DIRECTION('',(1.05008891268581E-27,-1.05003005176869E-27,1.));
#7388=DIRECTION('',(-5.46836728307682E-14,-1.,-1.05003005176864E-27));
#7389=DIRECTION('',(1.05008891268581E-27,-1.05003005176869E-27,1.));
#7390=DIRECTION('',(-5.46836728307682E-14,-1.,-1.05003005176864E-27));
#7391=DIRECTION('',(1.05008891268581E-27,-1.05003005176869E-27,1.));
#7392=DIRECTION('',(-5.46836728307682E-14,-1.,-1.05003005176864E-27));
#7393=DIRECTION('',(1.05008891268581E-27,-1.05003005176869E-27,1.));
#7394=DIRECTION('',(-5.46836728307682E-14,-1.,-1.05003005176864E-27));
#7395=DIRECTION('',(1.05008891268581E-27,-1.05003005176869E-27,1.));
#7396=DIRECTION('',(-5.46836728307682E-14,-1.,-1.05003005176864E-27));
#7397=DIRECTION('',(1.05008891268581E-27,-1.05003005176869E-27,1.));
#7398=DIRECTION('',(-5.46836728307682E-14,-1.,-1.05003005176864E-27));
#7399=DIRECTION('',(1.05008891268581E-27,-1.05003005176869E-27,1.));
#7400=DIRECTION('',(-5.46836728307682E-14,-1.,-1.05003005176864E-27));
#7401=DIRECTION('',(1.0500889126858E-27,-1.05003621474452E-27,1.));
#7402=DIRECTION('',(-1.,5.47934654558301E-14,1.05008891268586E-27));
#7403=DIRECTION('',(1.0500889126858E-27,-1.05003621474452E-27,1.));
#7404=DIRECTION('',(-1.,5.47934654558301E-14,1.05008891268586E-27));
#7405=DIRECTION('',(1.0500889126858E-27,-1.05003621474452E-27,1.));
#7406=DIRECTION('',(-1.,5.47934654558301E-14,1.05008891268586E-27));
#7407=DIRECTION('',(1.0500889126858E-27,-1.05003621474452E-27,1.));
#7408=DIRECTION('',(-1.,5.47934654558301E-14,1.05008891268586E-27));
#7409=DIRECTION('',(1.0500889126858E-27,-1.05003621474452E-27,1.));
#7410=DIRECTION('',(-1.,5.47934654558301E-14,1.05008891268586E-27));
#7411=DIRECTION('',(1.0500889126858E-27,-1.05003621474452E-27,1.));
#7412=DIRECTION('',(-1.,5.47934654558301E-14,1.05008891268586E-27));
#7413=DIRECTION('',(1.0500889126858E-27,-1.05003621474452E-27,1.));
#7414=DIRECTION('',(-1.,5.47934654558301E-14,1.05008891268586E-27));
#7415=DIRECTION('',(0.,0.,1.));
#7416=DIRECTION('',(1.,0.,0.));
#7417=DIRECTION('',(1.05008891268581E-27,-1.05003005176869E-27,1.));
#7418=DIRECTION('',(-5.46836728307682E-14,-1.,-1.05003005176864E-27));
#7419=DIRECTION('',(1.05008891268581E-27,-1.05003005176869E-27,1.));
#7420=DIRECTION('',(-5.46836728307682E-14,-1.,-1.05003005176864E-27));
#7421=DIRECTION('',(1.05008891268581E-27,-1.05003005176869E-27,1.));
#7422=DIRECTION('',(-5.46836728307682E-14,-1.,-1.05003005176864E-27));
#7423=DIRECTION('',(1.05008891268581E-27,-1.05003005176869E-27,1.));
#7424=DIRECTION('',(-5.46836728307682E-14,-1.,-1.05003005176864E-27));
#7425=DIRECTION('',(1.05008891268581E-27,-1.05003005176869E-27,1.));
#7426=DIRECTION('',(-5.46836728307682E-14,-1.,-1.05003005176864E-27));
#7427=DIRECTION('',(1.05008891268581E-27,-1.05003005176869E-27,1.));
#7428=DIRECTION('',(-5.46836728307682E-14,-1.,-1.05003005176864E-27));
#7429=DIRECTION('',(0.,0.,1.));
#7430=DIRECTION('',(1.,0.,0.));
#7431=DIRECTION('',(0.,0.,1.));
#7432=DIRECTION('',(1.,0.,0.));
#7433=DIRECTION('',(-1.79374079592177E-43,9.96906319748671E-32,1.));
#7434=DIRECTION('',(5.15519606530966E-17,-1.,9.96906319748671E-32));
#7435=DIRECTION('',(1.05008891268581E-27,-1.05003005176869E-27,1.));
#7436=DIRECTION('',(-5.46836728307682E-14,-1.,-1.05003005176864E-27));
#7437=DIRECTION('',(1.05008891268581E-27,-1.05003005176869E-27,1.));
#7438=DIRECTION('',(-5.46836728307682E-14,-1.,-1.05003005176864E-27));
#7439=DIRECTION('',(1.05008891268581E-27,-1.05003005176869E-27,1.));
#7440=DIRECTION('',(-5.46836728307682E-14,-1.,-1.05003005176864E-27));
#7441=DIRECTION('',(1.05008891268581E-27,-1.05003005176869E-27,1.));
#7442=DIRECTION('',(-5.46836728307682E-14,-1.,-1.05003005176864E-27));
#7443=DIRECTION('',(1.05008891268581E-27,-1.05003005176869E-27,1.));
#7444=DIRECTION('',(-5.46836728307682E-14,-1.,-1.05003005176864E-27));
#7445=DIRECTION('',(1.05008891268581E-27,-1.05003005176869E-27,1.));
#7446=DIRECTION('',(-5.46836728307682E-14,-1.,-1.05003005176864E-27));
#7447=DIRECTION('',(1.05008891268581E-27,-1.05003005176869E-27,1.));
#7448=DIRECTION('',(-5.46836728307682E-14,-1.,-1.05003005176864E-27));
#7449=DIRECTION('',(1.05008891268581E-27,-1.05003005176869E-27,1.));
#7450=DIRECTION('',(-5.46836728307682E-14,-1.,-1.05003005176864E-27));
#7451=DIRECTION('',(1.05008891268581E-27,-1.05003005176869E-27,1.));
#7452=DIRECTION('',(-5.46836728307682E-14,-1.,-1.05003005176864E-27));
#7453=DIRECTION('',(1.05008891268581E-27,-1.05003005176869E-27,1.));
#7454=DIRECTION('',(-5.46836728307682E-14,-1.,-1.05003005176864E-27));
#7455=DIRECTION('',(1.05008891268581E-27,-1.05003005176869E-27,1.));
#7456=DIRECTION('',(-5.46836728307682E-14,-1.,-1.05003005176864E-27));
#7457=DIRECTION('',(1.05008891268581E-27,-1.05003005176869E-27,1.));
#7458=DIRECTION('',(-5.46836728307682E-14,-1.,-1.05003005176864E-27));
#7459=DIRECTION('',(1.05008891268581E-27,-1.05003005176869E-27,1.));
#7460=DIRECTION('',(-5.46836728307682E-14,-1.,-1.05003005176864E-27));
#7461=DIRECTION('',(1.05008891268581E-27,-1.05003005176869E-27,1.));
#7462=DIRECTION('',(-5.46836728307682E-14,-1.,-1.05003005176864E-27));
#7463=DIRECTION('',(1.05008891268581E-27,-1.05003005176869E-27,1.));
#7464=DIRECTION('',(-5.46836728307682E-14,-1.,-1.05003005176864E-27));
#7465=DIRECTION('',(1.05008891268581E-27,-1.05003005176869E-27,1.));
#7466=DIRECTION('',(-5.46836728307682E-14,-1.,-1.05003005176864E-27));
#7467=DIRECTION('',(1.05008891268581E-27,-1.05003005176869E-27,1.));
#7468=DIRECTION('',(-5.46836728307682E-14,-1.,-1.05003005176864E-27));
#7469=DIRECTION('',(1.05008891268581E-27,-1.05003005176869E-27,1.));
#7470=DIRECTION('',(-5.46836728307682E-14,-1.,-1.05003005176864E-27));
#7471=DIRECTION('',(1.05008891268581E-27,-1.05003005176869E-27,1.));
#7472=DIRECTION('',(-5.46836728307682E-14,-1.,-1.05003005176864E-27));
#7473=DIRECTION('',(1.05008891268581E-27,-1.05003005176869E-27,1.));
#7474=DIRECTION('',(-5.46836728307682E-14,-1.,-1.05003005176864E-27));
#7475=DIRECTION('',(1.05008891268581E-27,-1.05003005176869E-27,1.));
#7476=DIRECTION('',(-5.46836728307682E-14,-1.,-1.05003005176864E-27));
#7477=DIRECTION('',(1.05008891268581E-27,-1.05003005176869E-27,1.));
#7478=DIRECTION('',(-5.46836728307682E-14,-1.,-1.05003005176864E-27));
#7479=DIRECTION('',(1.05008891268581E-27,-1.05003005176869E-27,1.));
#7480=DIRECTION('',(-5.46836728307682E-14,-1.,-1.05003005176864E-27));
#7481=DIRECTION('',(1.05008891268581E-27,-1.05003005176869E-27,1.));
#7482=DIRECTION('',(-5.46836728307682E-14,-1.,-1.05003005176864E-27));
#7483=DIRECTION('',(1.05008891268581E-27,-1.05003005176869E-27,1.));
#7484=DIRECTION('',(-5.46836728307682E-14,-1.,-1.05003005176864E-27));
#7485=DIRECTION('',(1.05008891268581E-27,-1.05003005176869E-27,1.));
#7486=DIRECTION('',(-5.46836728307682E-14,-1.,-1.05003005176864E-27));
#7487=DIRECTION('',(1.05008891268581E-27,-1.05003005176869E-27,1.));
#7488=DIRECTION('',(-5.46836728307682E-14,-1.,-1.05003005176864E-27));
#7489=DIRECTION('',(1.05008891268581E-27,-1.05003005176869E-27,1.));
#7490=DIRECTION('',(-5.46836728307682E-14,-1.,-1.05003005176864E-27));
#7491=DIRECTION('',(1.05008891268581E-27,-1.05003005176869E-27,1.));
#7492=DIRECTION('',(-5.46836728307682E-14,-1.,-1.05003005176864E-27));
#7493=DIRECTION('',(1.05008891268581E-27,-1.05003005176869E-27,1.));
#7494=DIRECTION('',(-5.46836728307682E-14,-1.,-1.05003005176864E-27));
#7495=DIRECTION('',(1.05008891268581E-27,-1.05003005176869E-27,1.));
#7496=DIRECTION('',(-5.46836728307682E-14,-1.,-1.05003005176864E-27));
#7497=DIRECTION('',(1.05008891268581E-27,-1.05003005176869E-27,1.));
#7498=DIRECTION('',(-5.46836728307682E-14,-1.,-1.05003005176864E-27));
#7499=DIRECTION('',(1.05008891268581E-27,-1.05003005176869E-27,1.));
#7500=DIRECTION('',(-5.46836728307682E-14,-1.,-1.05003005176864E-27));
#7501=DIRECTION('',(1.05008891268581E-27,-1.05003005176869E-27,1.));
#7502=DIRECTION('',(-5.46836728307682E-14,-1.,-1.05003005176864E-27));
#7503=DIRECTION('',(1.05008891268581E-27,-1.05003005176869E-27,1.));
#7504=DIRECTION('',(-5.46836728307682E-14,-1.,-1.05003005176864E-27));
#7505=DIRECTION('',(1.0500889126858E-27,-1.05003621474452E-27,1.));
#7506=DIRECTION('',(-1.,5.47934654558301E-14,1.05008891268586E-27));
#7507=DIRECTION('',(1.0500889126858E-27,-1.05003621474452E-27,1.));
#7508=DIRECTION('',(-1.,5.47934654558301E-14,1.05008891268586E-27));
#7509=DIRECTION('',(1.0500889126858E-27,-1.05003621474452E-27,1.));
#7510=DIRECTION('',(-1.,5.47934654558301E-14,1.05008891268586E-27));
#7511=DIRECTION('',(1.0500889126858E-27,-1.05003621474452E-27,1.));
#7512=DIRECTION('',(-1.,5.47934654558301E-14,1.05008891268586E-27));
#7513=DIRECTION('',(1.0500889126858E-27,-1.05003621474452E-27,1.));
#7514=DIRECTION('',(-1.,5.47934654558301E-14,1.05008891268586E-27));
#7515=DIRECTION('',(1.0500889126858E-27,-1.05003621474452E-27,1.));
#7516=DIRECTION('',(-1.,5.47934654558301E-14,1.05008891268586E-27));
#7517=DIRECTION('',(1.0500889126858E-27,-1.05003621474452E-27,1.));
#7518=DIRECTION('',(-1.,5.47934654558301E-14,1.05008891268586E-27));
#7519=DIRECTION('',(0.,0.,1.));
#7520=DIRECTION('',(1.,0.,0.));
#7521=DIRECTION('',(1.05008891268581E-27,-1.05003005176869E-27,1.));
#7522=DIRECTION('',(-5.46836728307682E-14,-1.,-1.05003005176864E-27));
#7523=DIRECTION('',(0.,0.,1.));
#7524=DIRECTION('',(1.,0.,0.));
#7525=DIRECTION('',(1.05008891268581E-27,-1.05003005176869E-27,1.));
#7526=DIRECTION('',(-5.46836728307682E-14,-1.,-1.05003005176864E-27));
#7527=DIRECTION('',(1.05008891268581E-27,-1.05003005176869E-27,1.));
#7528=DIRECTION('',(-5.46836728307682E-14,-1.,-1.05003005176864E-27));
#7529=DIRECTION('',(1.05008891268581E-27,-1.05003005176869E-27,1.));
#7530=DIRECTION('',(-5.46836728307682E-14,-1.,-1.05003005176864E-27));
#7531=DIRECTION('',(1.05008891268581E-27,-1.05003005176869E-27,1.));
#7532=DIRECTION('',(-5.46836728307682E-14,-1.,-1.05003005176864E-27));
#7533=DIRECTION('',(1.05008891268581E-27,-1.05003005176869E-27,1.));
#7534=DIRECTION('',(-5.46836728307682E-14,-1.,-1.05003005176864E-27));
#7535=DIRECTION('',(1.05008891268581E-27,-1.05003005176869E-27,1.));
#7536=DIRECTION('',(-5.46836728307682E-14,-1.,-1.05003005176864E-27));
#7537=DIRECTION('',(1.05008891268581E-27,-1.05003005176869E-27,1.));
#7538=DIRECTION('',(-5.46836728307682E-14,-1.,-1.05003005176864E-27));
#7539=DIRECTION('',(1.05008891268581E-27,-1.05003005176869E-27,1.));
#7540=DIRECTION('',(-5.46836728307682E-14,-1.,-1.05003005176864E-27));
#7541=DIRECTION('',(1.05008891268581E-27,-1.05003005176869E-27,1.));
#7542=DIRECTION('',(-5.46836728307682E-14,-1.,-1.05003005176864E-27));
#7543=DIRECTION('',(1.05008891268581E-27,-1.05003005176869E-27,1.));
#7544=DIRECTION('',(-5.46836728307682E-14,-1.,-1.05003005176864E-27));
#7545=DIRECTION('',(1.05008891268581E-27,-1.05003005176869E-27,1.));
#7546=DIRECTION('',(-5.46836728307682E-14,-1.,-1.05003005176864E-27));
#7547=DIRECTION('',(1.05008891268581E-27,-1.05003005176869E-27,1.));
#7548=DIRECTION('',(-5.46836728307682E-14,-1.,-1.05003005176864E-27));
#7549=DIRECTION('',(1.05008891268581E-27,-1.05003005176869E-27,1.));
#7550=DIRECTION('',(-5.46836728307682E-14,-1.,-1.05003005176864E-27));
#7551=DIRECTION('',(1.05008891268581E-27,-1.05003005176869E-27,1.));
#7552=DIRECTION('',(-5.46836728307682E-14,-1.,-1.05003005176864E-27));
#7553=DIRECTION('',(1.05008891268581E-27,-1.05003005176869E-27,1.));
#7554=DIRECTION('',(-5.46836728307682E-14,-1.,-1.05003005176864E-27));
#7555=DIRECTION('',(1.05008891268581E-27,-1.05003005176869E-27,1.));
#7556=DIRECTION('',(-5.46836728307682E-14,-1.,-1.05003005176864E-27));
#7557=DIRECTION('',(1.05008891268581E-27,-1.05003005176869E-27,1.));
#7558=DIRECTION('',(-5.46836728307682E-14,-1.,-1.05003005176864E-27));
#7559=DIRECTION('',(1.05008891268581E-27,-1.05003005176869E-27,1.));
#7560=DIRECTION('',(-5.46836728307682E-14,-1.,-1.05003005176864E-27));
#7561=DIRECTION('',(1.05008891268581E-27,-1.05003005176869E-27,1.));
#7562=DIRECTION('',(-5.46836728307682E-14,-1.,-1.05003005176864E-27));
#7563=DIRECTION('',(1.05008891268581E-27,-1.05003005176869E-27,1.));
#7564=DIRECTION('',(-5.46836728307682E-14,-1.,-1.05003005176864E-27));
#7565=DIRECTION('',(1.05008891268581E-27,-1.05003005176869E-27,1.));
#7566=DIRECTION('',(-5.46836728307682E-14,-1.,-1.05003005176864E-27));
#7567=DIRECTION('',(1.05008891268581E-27,-1.05003005176869E-27,1.));
#7568=DIRECTION('',(-5.46836728307682E-14,-1.,-1.05003005176864E-27));
#7569=DIRECTION('',(1.05008891268581E-27,-1.05003005176869E-27,1.));
#7570=DIRECTION('',(-5.46836728307682E-14,-1.,-1.05003005176864E-27));
#7571=DIRECTION('',(1.05008891268581E-27,-1.05003005176869E-27,1.));
#7572=DIRECTION('',(-5.46836728307682E-14,-1.,-1.05003005176864E-27));
#7573=DIRECTION('',(1.05008891268581E-27,-1.05003005176869E-27,1.));
#7574=DIRECTION('',(-5.46836728307682E-14,-1.,-1.05003005176864E-27));
#7575=DIRECTION('',(1.05008891268581E-27,-1.05003005176869E-27,1.));
#7576=DIRECTION('',(-5.46836728307682E-14,-1.,-1.05003005176864E-27));
#7577=DIRECTION('',(1.05008891268581E-27,-1.05003005176869E-27,1.));
#7578=DIRECTION('',(-5.46836728307682E-14,-1.,-1.05003005176864E-27));
#7579=DIRECTION('',(1.05008891268581E-27,-1.05003005176869E-27,1.));
#7580=DIRECTION('',(-5.46836728307682E-14,-1.,-1.05003005176864E-27));
#7581=DIRECTION('',(1.05008891268581E-27,-1.05003005176869E-27,1.));
#7582=DIRECTION('',(-5.46836728307682E-14,-1.,-1.05003005176864E-27));
#7583=DIRECTION('',(1.05008891268581E-27,-1.05003005176869E-27,1.));
#7584=DIRECTION('',(-5.46836728307682E-14,-1.,-1.05003005176864E-27));
#7585=DIRECTION('',(1.05008891268581E-27,-1.05003005176869E-27,1.));
#7586=DIRECTION('',(-5.46836728307682E-14,-1.,-1.05003005176864E-27));
#7587=DIRECTION('',(1.05008891268581E-27,-1.05003005176869E-27,1.));
#7588=DIRECTION('',(-5.46836728307682E-14,-1.,-1.05003005176864E-27));
#7589=DIRECTION('',(1.05008891268581E-27,-1.05003005176869E-27,1.));
#7590=DIRECTION('',(-5.46836728307682E-14,-1.,-1.05003005176864E-27));
#7591=DIRECTION('',(1.0500889126858E-27,-1.05003621474452E-27,1.));
#7592=DIRECTION('',(-1.,5.47934654558301E-14,1.05008891268586E-27));
#7593=DIRECTION('',(1.0500889126858E-27,-1.05003621474452E-27,1.));
#7594=DIRECTION('',(-1.,5.47934654558301E-14,1.05008891268586E-27));
#7595=DIRECTION('',(1.0500889126858E-27,-1.05003621474452E-27,1.));
#7596=DIRECTION('',(-1.,5.47934654558301E-14,1.05008891268586E-27));
#7597=DIRECTION('',(1.0500889126858E-27,-1.05003621474452E-27,1.));
#7598=DIRECTION('',(-1.,5.47934654558301E-14,1.05008891268586E-27));
#7599=DIRECTION('',(1.0500889126858E-27,-1.05003621474452E-27,1.));
#7600=DIRECTION('',(-1.,5.47934654558301E-14,1.05008891268586E-27));
#7601=DIRECTION('',(1.0500889126858E-27,-1.05003621474452E-27,1.));
#7602=DIRECTION('',(-1.,5.47934654558301E-14,1.05008891268586E-27));
#7603=DIRECTION('',(1.0500889126858E-27,-1.05003621474452E-27,1.));
#7604=DIRECTION('',(-1.,5.47934654558301E-14,1.05008891268586E-27));
#7605=DIRECTION('',(0.,0.,1.));
#7606=DIRECTION('',(1.,0.,0.));
#7607=DIRECTION('',(1.05008891268581E-27,-1.05003005176869E-27,1.));
#7608=DIRECTION('',(-5.46836728307682E-14,-1.,-1.05003005176864E-27));
#7609=DIRECTION('',(1.05008891268581E-27,-1.05003005176869E-27,1.));
#7610=DIRECTION('',(-5.46836728307682E-14,-1.,-1.05003005176864E-27));
#7611=DIRECTION('',(1.05008891268581E-27,-1.05003005176869E-27,1.));
#7612=DIRECTION('',(-5.46836728307682E-14,-1.,-1.05003005176864E-27));
#7613=DIRECTION('',(0.,0.,1.));
#7614=DIRECTION('',(1.,0.,0.));
#7615=DIRECTION('',(1.05008891268581E-27,-1.05003005176869E-27,1.));
#7616=DIRECTION('',(-5.46836728307682E-14,-1.,-1.05003005176864E-27));
#7617=DIRECTION('',(1.05008891268581E-27,-1.05003005176869E-27,1.));
#7618=DIRECTION('',(-5.46836728307682E-14,-1.,-1.05003005176864E-27));
#7619=DIRECTION('',(1.05008891268581E-27,-1.05003005176869E-27,1.));
#7620=DIRECTION('',(-5.46836728307682E-14,-1.,-1.05003005176864E-27));
#7621=DIRECTION('',(1.05008891268581E-27,-1.05003005176869E-27,1.));
#7622=DIRECTION('',(-5.46836728307682E-14,-1.,-1.05003005176864E-27));
#7623=DIRECTION('',(1.05008891268581E-27,-1.05003005176869E-27,1.));
#7624=DIRECTION('',(-5.46836728307682E-14,-1.,-1.05003005176864E-27));
#7625=DIRECTION('',(1.05008891268581E-27,-1.05003005176869E-27,1.));
#7626=DIRECTION('',(-5.46836728307682E-14,-1.,-1.05003005176864E-27));
#7627=DIRECTION('',(1.05008891268581E-27,-1.05003005176869E-27,1.));
#7628=DIRECTION('',(-5.46836728307682E-14,-1.,-1.05003005176864E-27));
#7629=DIRECTION('',(1.05008891268581E-27,-1.05003005176869E-27,1.));
#7630=DIRECTION('',(-5.46836728307682E-14,-1.,-1.05003005176864E-27));
#7631=DIRECTION('',(1.05008891268581E-27,-1.05003005176869E-27,1.));
#7632=DIRECTION('',(-5.46836728307682E-14,-1.,-1.05003005176864E-27));
#7633=DIRECTION('',(1.05008891268581E-27,-1.05003005176869E-27,1.));
#7634=DIRECTION('',(-5.46836728307682E-14,-1.,-1.05003005176864E-27));
#7635=DIRECTION('',(1.05008891268581E-27,-1.05003005176869E-27,1.));
#7636=DIRECTION('',(-5.46836728307682E-14,-1.,-1.05003005176864E-27));
#7637=DIRECTION('',(1.05008891268581E-27,-1.05003005176869E-27,1.));
#7638=DIRECTION('',(-5.46836728307682E-14,-1.,-1.05003005176864E-27));
#7639=DIRECTION('',(1.05008891268581E-27,-1.05003005176869E-27,1.));
#7640=DIRECTION('',(-5.46836728307682E-14,-1.,-1.05003005176864E-27));
#7641=DIRECTION('',(1.05008891268581E-27,-1.05003005176869E-27,1.));
#7642=DIRECTION('',(-5.46836728307682E-14,-1.,-1.05003005176864E-27));
#7643=DIRECTION('',(1.05008891268581E-27,-1.05003005176869E-27,1.));
#7644=DIRECTION('',(-5.46836728307682E-14,-1.,-1.05003005176864E-27));
#7645=DIRECTION('',(1.05008891268581E-27,-1.05003005176869E-27,1.));
#7646=DIRECTION('',(-5.46836728307682E-14,-1.,-1.05003005176864E-27));
#7647=DIRECTION('',(1.05008891268581E-27,-1.05003005176869E-27,1.));
#7648=DIRECTION('',(-5.46836728307682E-14,-1.,-1.05003005176864E-27));
#7649=DIRECTION('',(1.05008891268581E-27,-1.05003005176869E-27,1.));
#7650=DIRECTION('',(-5.46836728307682E-14,-1.,-1.05003005176864E-27));
#7651=DIRECTION('',(1.05008891268581E-27,-1.05003005176869E-27,1.));
#7652=DIRECTION('',(-5.46836728307682E-14,-1.,-1.05003005176864E-27));
#7653=DIRECTION('',(1.05008891268581E-27,-1.05003005176869E-27,1.));
#7654=DIRECTION('',(-5.46836728307682E-14,-1.,-1.05003005176864E-27));
#7655=DIRECTION('',(1.05008891268581E-27,-1.05003005176869E-27,1.));
#7656=DIRECTION('',(-5.46836728307682E-14,-1.,-1.05003005176864E-27));
#7657=DIRECTION('',(1.05008891268581E-27,-1.05003005176869E-27,1.));
#7658=DIRECTION('',(-5.46836728307682E-14,-1.,-1.05003005176864E-27));
#7659=DIRECTION('',(1.05008891268581E-27,-1.05003005176869E-27,1.));
#7660=DIRECTION('',(-5.46836728307682E-14,-1.,-1.05003005176864E-27));
#7661=DIRECTION('',(1.05008891268581E-27,-1.05003005176869E-27,1.));
#7662=DIRECTION('',(-5.46836728307682E-14,-1.,-1.05003005176864E-27));
#7663=DIRECTION('',(1.05008891268581E-27,-1.05003005176869E-27,1.));
#7664=DIRECTION('',(-5.46836728307682E-14,-1.,-1.05003005176864E-27));
#7665=DIRECTION('',(1.05008891268581E-27,-1.05003005176869E-27,1.));
#7666=DIRECTION('',(-5.46836728307682E-14,-1.,-1.05003005176864E-27));
#7667=DIRECTION('',(1.05008891268581E-27,-1.05003005176869E-27,1.));
#7668=DIRECTION('',(-5.46836728307682E-14,-1.,-1.05003005176864E-27));
#7669=DIRECTION('',(1.05008891268581E-27,-1.05003005176869E-27,1.));
#7670=DIRECTION('',(-5.46836728307682E-14,-1.,-1.05003005176864E-27));
#7671=DIRECTION('',(1.05008891268581E-27,-1.05003005176869E-27,1.));
#7672=DIRECTION('',(-5.46836728307682E-14,-1.,-1.05003005176864E-27));
#7673=DIRECTION('',(1.05008891268581E-27,-1.05003005176869E-27,1.));
#7674=DIRECTION('',(-5.46836728307682E-14,-1.,-1.05003005176864E-27));
#7675=DIRECTION('',(1.05008891268581E-27,-1.05003005176869E-27,1.));
#7676=DIRECTION('',(-5.46836728307682E-14,-1.,-1.05003005176864E-27));
#7677=DIRECTION('',(1.05008891268581E-27,-1.05003005176869E-27,1.));
#7678=DIRECTION('',(-5.46836728307682E-14,-1.,-1.05003005176864E-27));
#7679=DIRECTION('',(1.05008891268581E-27,-1.05003005176869E-27,1.));
#7680=DIRECTION('',(-5.46836728307682E-14,-1.,-1.05003005176864E-27));
#7681=DIRECTION('',(1.0500889126858E-27,-1.05003621474452E-27,1.));
#7682=DIRECTION('',(-1.,5.47934654558301E-14,1.05008891268586E-27));
#7683=DIRECTION('',(1.0500889126858E-27,-1.05003621474452E-27,1.));
#7684=DIRECTION('',(-1.,5.47934654558301E-14,1.05008891268586E-27));
#7685=DIRECTION('',(1.0500889126858E-27,-1.05003621474452E-27,1.));
#7686=DIRECTION('',(-1.,5.47934654558301E-14,1.05008891268586E-27));
#7687=DIRECTION('',(1.0500889126858E-27,-1.05003621474452E-27,1.));
#7688=DIRECTION('',(-1.,5.47934654558301E-14,1.05008891268586E-27));
#7689=DIRECTION('',(1.0500889126858E-27,-1.05003621474452E-27,1.));
#7690=DIRECTION('',(-1.,5.47934654558301E-14,1.05008891268586E-27));
#7691=DIRECTION('',(1.0500889126858E-27,-1.05003621474452E-27,1.));
#7692=DIRECTION('',(-1.,5.47934654558301E-14,1.05008891268586E-27));
#7693=DIRECTION('',(1.0500889126858E-27,-1.05003621474452E-27,1.));
#7694=DIRECTION('',(-1.,5.47934654558301E-14,1.05008891268586E-27));
#7695=DIRECTION('',(0.,0.,1.));
#7696=DIRECTION('',(1.,0.,0.));
#7697=DIRECTION('',(1.05008891268581E-27,-1.05003005176869E-27,1.));
#7698=DIRECTION('',(-5.46836728307682E-14,-1.,-1.05003005176864E-27));
#7699=DIRECTION('',(1.05008891268581E-27,-1.05003005176869E-27,1.));
#7700=DIRECTION('',(-5.46836728307682E-14,-1.,-1.05003005176864E-27));
#7701=DIRECTION('',(1.05008891268581E-27,-1.05003005176869E-27,1.));
#7702=DIRECTION('',(-5.46836728307682E-14,-1.,-1.05003005176864E-27));
#7703=DIRECTION('',(0.,0.,1.));
#7704=DIRECTION('',(1.,0.,0.));
#7705=DIRECTION('',(1.05008891268581E-27,-1.05003005176869E-27,1.));
#7706=DIRECTION('',(-5.46836728307682E-14,-1.,-1.05003005176864E-27));
#7707=DIRECTION('',(1.05008891268581E-27,-1.05003005176869E-27,1.));
#7708=DIRECTION('',(-5.46836728307682E-14,-1.,-1.05003005176864E-27));
#7709=DIRECTION('',(1.05008891268581E-27,-1.05003005176869E-27,1.));
#7710=DIRECTION('',(-5.46836728307682E-14,-1.,-1.05003005176864E-27));
#7711=DIRECTION('',(1.05008891268581E-27,-1.05003005176869E-27,1.));
#7712=DIRECTION('',(-5.46836728307682E-14,-1.,-1.05003005176864E-27));
#7713=DIRECTION('',(1.05008891268581E-27,-1.05003005176869E-27,1.));
#7714=DIRECTION('',(-5.46836728307682E-14,-1.,-1.05003005176864E-27));
#7715=DIRECTION('',(1.05008891268581E-27,-1.05003005176869E-27,1.));
#7716=DIRECTION('',(-5.46836728307682E-14,-1.,-1.05003005176864E-27));
#7717=DIRECTION('',(1.05008891268581E-27,-1.05003005176869E-27,1.));
#7718=DIRECTION('',(-5.46836728307682E-14,-1.,-1.05003005176864E-27));
#7719=DIRECTION('',(1.05008891268581E-27,-1.05003005176869E-27,1.));
#7720=DIRECTION('',(-5.46836728307682E-14,-1.,-1.05003005176864E-27));
#7721=DIRECTION('',(1.05008891268581E-27,-1.05003005176869E-27,1.));
#7722=DIRECTION('',(-5.46836728307682E-14,-1.,-1.05003005176864E-27));
#7723=DIRECTION('',(1.05008891268581E-27,-1.05003005176869E-27,1.));
#7724=DIRECTION('',(-5.46836728307682E-14,-1.,-1.05003005176864E-27));
#7725=DIRECTION('',(1.05008891268581E-27,-1.05003005176869E-27,1.));
#7726=DIRECTION('',(-5.46836728307682E-14,-1.,-1.05003005176864E-27));
#7727=DIRECTION('',(1.05008891268581E-27,-1.05003005176869E-27,1.));
#7728=DIRECTION('',(-5.46836728307682E-14,-1.,-1.05003005176864E-27));
#7729=DIRECTION('',(1.05008891268581E-27,-1.05003005176869E-27,1.));
#7730=DIRECTION('',(-5.46836728307682E-14,-1.,-1.05003005176864E-27));
#7731=DIRECTION('',(1.05008891268581E-27,-1.05003005176869E-27,1.));
#7732=DIRECTION('',(-5.46836728307682E-14,-1.,-1.05003005176864E-27));
#7733=DIRECTION('',(1.05008891268581E-27,-1.05003005176869E-27,1.));
#7734=DIRECTION('',(-5.46836728307682E-14,-1.,-1.05003005176864E-27));
#7735=DIRECTION('',(1.05008891268581E-27,-1.05003005176869E-27,1.));
#7736=DIRECTION('',(-5.46836728307682E-14,-1.,-1.05003005176864E-27));
#7737=DIRECTION('',(1.05008891268581E-27,-1.05003005176869E-27,1.));
#7738=DIRECTION('',(-5.46836728307682E-14,-1.,-1.05003005176864E-27));
#7739=DIRECTION('',(1.05008891268581E-27,-1.05003005176869E-27,1.));
#7740=DIRECTION('',(-5.46836728307682E-14,-1.,-1.05003005176864E-27));
#7741=DIRECTION('',(1.05008891268581E-27,-1.05003005176869E-27,1.));
#7742=DIRECTION('',(-5.46836728307682E-14,-1.,-1.05003005176864E-27));
#7743=DIRECTION('',(1.05008891268581E-27,-1.05003005176869E-27,1.));
#7744=DIRECTION('',(-5.46836728307682E-14,-1.,-1.05003005176864E-27));
#7745=DIRECTION('',(1.05008891268581E-27,-1.05003005176869E-27,1.));
#7746=DIRECTION('',(-5.46836728307682E-14,-1.,-1.05003005176864E-27));
#7747=DIRECTION('',(1.05008891268581E-27,-1.05003005176869E-27,1.));
#7748=DIRECTION('',(-5.46836728307682E-14,-1.,-1.05003005176864E-27));
#7749=DIRECTION('',(1.05008891268581E-27,-1.05003005176869E-27,1.));
#7750=DIRECTION('',(-5.46836728307682E-14,-1.,-1.05003005176864E-27));
#7751=DIRECTION('',(1.05008891268581E-27,-1.05003005176869E-27,1.));
#7752=DIRECTION('',(-5.46836728307682E-14,-1.,-1.05003005176864E-27));
#7753=DIRECTION('',(1.05008891268581E-27,-1.05003005176869E-27,1.));
#7754=DIRECTION('',(-5.46836728307682E-14,-1.,-1.05003005176864E-27));
#7755=DIRECTION('',(1.05008891268581E-27,-1.05003005176869E-27,1.));
#7756=DIRECTION('',(-5.46836728307682E-14,-1.,-1.05003005176864E-27));
#7757=DIRECTION('',(1.05008891268581E-27,-1.05003005176869E-27,1.));
#7758=DIRECTION('',(-5.46836728307682E-14,-1.,-1.05003005176864E-27));
#7759=DIRECTION('',(1.05008891268581E-27,-1.05003005176869E-27,1.));
#7760=DIRECTION('',(-5.46836728307682E-14,-1.,-1.05003005176864E-27));
#7761=DIRECTION('',(1.05008891268581E-27,-1.05003005176869E-27,1.));
#7762=DIRECTION('',(-5.46836728307682E-14,-1.,-1.05003005176864E-27));
#7763=DIRECTION('',(1.05008891268581E-27,-1.05003005176869E-27,1.));
#7764=DIRECTION('',(-5.46836728307682E-14,-1.,-1.05003005176864E-27));
#7765=DIRECTION('',(1.05008891268581E-27,-1.05003005176869E-27,1.));
#7766=DIRECTION('',(-5.46836728307682E-14,-1.,-1.05003005176864E-27));
#7767=DIRECTION('',(1.05008891268581E-27,-1.05003005176869E-27,1.));
#7768=DIRECTION('',(-5.46836728307682E-14,-1.,-1.05003005176864E-27));
#7769=DIRECTION('',(1.05008891268581E-27,-1.05003005176869E-27,1.));
#7770=DIRECTION('',(-5.46836728307682E-14,-1.,-1.05003005176864E-27));
#7771=DIRECTION('',(1.05008891268581E-27,-1.05003005176869E-27,1.));
#7772=DIRECTION('',(-5.46836728307682E-14,-1.,-1.05003005176864E-27));
#7773=DIRECTION('',(1.05008891268581E-27,-1.05003005176869E-27,1.));
#7774=DIRECTION('',(-5.46836728307682E-14,-1.,-1.05003005176864E-27));
#7775=DIRECTION('',(1.05008891268581E-27,-1.05003005176869E-27,1.));
#7776=DIRECTION('',(-5.46836728307682E-14,-1.,-1.05003005176864E-27));
#7777=DIRECTION('',(1.0500889126858E-27,-1.05003621474452E-27,1.));
#7778=DIRECTION('',(-1.,5.47934654558301E-14,1.05008891268586E-27));
#7779=DIRECTION('',(1.0500889126858E-27,-1.05003621474452E-27,1.));
#7780=DIRECTION('',(-1.,5.47934654558301E-14,1.05008891268586E-27));
#7781=DIRECTION('',(1.0500889126858E-27,-1.05003621474452E-27,1.));
#7782=DIRECTION('',(-1.,5.47934654558301E-14,1.05008891268586E-27));
#7783=DIRECTION('',(1.0500889126858E-27,-1.05003621474452E-27,1.));
#7784=DIRECTION('',(-1.,5.47934654558301E-14,1.05008891268586E-27));
#7785=DIRECTION('',(1.0500889126858E-27,-1.05003621474452E-27,1.));
#7786=DIRECTION('',(-1.,5.47934654558301E-14,1.05008891268586E-27));
#7787=DIRECTION('',(1.0500889126858E-27,-1.05003621474452E-27,1.));
#7788=DIRECTION('',(-1.,5.47934654558301E-14,1.05008891268586E-27));
#7789=DIRECTION('',(1.0500889126858E-27,-1.05003621474452E-27,1.));
#7790=DIRECTION('',(-1.,5.47934654558301E-14,1.05008891268586E-27));
#7791=DIRECTION('',(0.,0.,1.));
#7792=DIRECTION('',(1.,0.,0.));
#7793=DIRECTION('',(0.,0.,1.));
#7794=DIRECTION('',(1.,0.,0.));
#7795=DIRECTION('',(0.,0.,1.));
#7796=DIRECTION('',(1.,0.,0.));
#7797=DIRECTION('',(-1.79374079592177E-43,9.96906319748671E-32,1.));
#7798=DIRECTION('',(5.15519606530966E-17,-1.,9.96906319748671E-32));
#7799=DIRECTION('',(1.05008891268581E-27,-1.05003005176869E-27,1.));
#7800=DIRECTION('',(-5.46836728307682E-14,-1.,-1.05003005176864E-27));
#7801=DIRECTION('',(1.05008891268581E-27,-1.05003005176869E-27,1.));
#7802=DIRECTION('',(-5.46836728307682E-14,-1.,-1.05003005176864E-27));
#7803=DIRECTION('',(1.05008891268581E-27,-1.05003005176869E-27,1.));
#7804=DIRECTION('',(-5.46836728307682E-14,-1.,-1.05003005176864E-27));
#7805=DIRECTION('',(1.05008891268581E-27,-1.05003005176869E-27,1.));
#7806=DIRECTION('',(-5.46836728307682E-14,-1.,-1.05003005176864E-27));
#7807=DIRECTION('',(1.05008891268581E-27,-1.05003005176869E-27,1.));
#7808=DIRECTION('',(-5.46836728307682E-14,-1.,-1.05003005176864E-27));
#7809=DIRECTION('',(1.05008891268581E-27,-1.05003005176869E-27,1.));
#7810=DIRECTION('',(-5.46836728307682E-14,-1.,-1.05003005176864E-27));
#7811=DIRECTION('',(1.05008891268581E-27,-1.05003005176869E-27,1.));
#7812=DIRECTION('',(-5.46836728307682E-14,-1.,-1.05003005176864E-27));
#7813=DIRECTION('',(1.05008891268581E-27,-1.05003005176869E-27,1.));
#7814=DIRECTION('',(-5.46836728307682E-14,-1.,-1.05003005176864E-27));
#7815=DIRECTION('',(1.05008891268581E-27,-1.05003005176869E-27,1.));
#7816=DIRECTION('',(-5.46836728307682E-14,-1.,-1.05003005176864E-27));
#7817=DIRECTION('',(1.05008891268581E-27,-1.05003005176869E-27,1.));
#7818=DIRECTION('',(-5.46836728307682E-14,-1.,-1.05003005176864E-27));
#7819=DIRECTION('',(1.05008891268581E-27,-1.05003005176869E-27,1.));
#7820=DIRECTION('',(-5.46836728307682E-14,-1.,-1.05003005176864E-27));
#7821=DIRECTION('',(1.05008891268581E-27,-1.05003005176869E-27,1.));
#7822=DIRECTION('',(-5.46836728307682E-14,-1.,-1.05003005176864E-27));
#7823=DIRECTION('',(1.05008891268581E-27,-1.05003005176869E-27,1.));
#7824=DIRECTION('',(-5.46836728307682E-14,-1.,-1.05003005176864E-27));
#7825=DIRECTION('',(1.05008891268581E-27,-1.05003005176869E-27,1.));
#7826=DIRECTION('',(-5.46836728307682E-14,-1.,-1.05003005176864E-27));
#7827=DIRECTION('',(1.05008891268581E-27,-1.05003005176869E-27,1.));
#7828=DIRECTION('',(-5.46836728307682E-14,-1.,-1.05003005176864E-27));
#7829=DIRECTION('',(1.05008891268581E-27,-1.05003005176869E-27,1.));
#7830=DIRECTION('',(-5.46836728307682E-14,-1.,-1.05003005176864E-27));
#7831=DIRECTION('',(1.05008891268581E-27,-1.05003005176869E-27,1.));
#7832=DIRECTION('',(-5.46836728307682E-14,-1.,-1.05003005176864E-27));
#7833=DIRECTION('',(1.05008891268581E-27,-1.05003005176869E-27,1.));
#7834=DIRECTION('',(-5.46836728307682E-14,-1.,-1.05003005176864E-27));
#7835=DIRECTION('',(1.05008891268581E-27,-1.05003005176869E-27,1.));
#7836=DIRECTION('',(-5.46836728307682E-14,-1.,-1.05003005176864E-27));
#7837=DIRECTION('',(1.05008891268581E-27,-1.05003005176869E-27,1.));
#7838=DIRECTION('',(-5.46836728307682E-14,-1.,-1.05003005176864E-27));
#7839=DIRECTION('',(1.05008891268581E-27,-1.05003005176869E-27,1.));
#7840=DIRECTION('',(-5.46836728307682E-14,-1.,-1.05003005176864E-27));
#7841=DIRECTION('',(1.05008891268581E-27,-1.05003005176869E-27,1.));
#7842=DIRECTION('',(-5.46836728307682E-14,-1.,-1.05003005176864E-27));
#7843=DIRECTION('',(1.05008891268581E-27,-1.05003005176869E-27,1.));
#7844=DIRECTION('',(-5.46836728307682E-14,-1.,-1.05003005176864E-27));
#7845=DIRECTION('',(1.05008891268581E-27,-1.05003005176869E-27,1.));
#7846=DIRECTION('',(-5.46836728307682E-14,-1.,-1.05003005176864E-27));
#7847=DIRECTION('',(1.05008891268581E-27,-1.05003005176869E-27,1.));
#7848=DIRECTION('',(-5.46836728307682E-14,-1.,-1.05003005176864E-27));
#7849=DIRECTION('',(1.05008891268581E-27,-1.05003005176869E-27,1.));
#7850=DIRECTION('',(-5.46836728307682E-14,-1.,-1.05003005176864E-27));
#7851=DIRECTION('',(1.05008891268581E-27,-1.05003005176869E-27,1.));
#7852=DIRECTION('',(-5.46836728307682E-14,-1.,-1.05003005176864E-27));
#7853=DIRECTION('',(1.05008891268581E-27,-1.05003005176869E-27,1.));
#7854=DIRECTION('',(-5.46836728307682E-14,-1.,-1.05003005176864E-27));
#7855=DIRECTION('',(1.05008891268581E-27,-1.05003005176869E-27,1.));
#7856=DIRECTION('',(-5.46836728307682E-14,-1.,-1.05003005176864E-27));
#7857=DIRECTION('',(1.05008891268581E-27,-1.05003005176869E-27,1.));
#7858=DIRECTION('',(-5.46836728307682E-14,-1.,-1.05003005176864E-27));
#7859=DIRECTION('',(1.05008891268581E-27,-1.05003005176869E-27,1.));
#7860=DIRECTION('',(-5.46836728307682E-14,-1.,-1.05003005176864E-27));
#7861=DIRECTION('',(1.05008891268581E-27,-1.05003005176869E-27,1.));
#7862=DIRECTION('',(-5.46836728307682E-14,-1.,-1.05003005176864E-27));
#7863=DIRECTION('',(1.0500889126858E-27,-1.05003621474452E-27,1.));
#7864=DIRECTION('',(-1.,5.47934654558301E-14,1.05008891268586E-27));
#7865=DIRECTION('',(1.0500889126858E-27,-1.05003621474452E-27,1.));
#7866=DIRECTION('',(-1.,5.47934654558301E-14,1.05008891268586E-27));
#7867=DIRECTION('',(1.0500889126858E-27,-1.05003621474452E-27,1.));
#7868=DIRECTION('',(-1.,5.47934654558301E-14,1.05008891268586E-27));
#7869=DIRECTION('',(1.0500889126858E-27,-1.05003621474452E-27,1.));
#7870=DIRECTION('',(-1.,5.47934654558301E-14,1.05008891268586E-27));
#7871=DIRECTION('',(1.0500889126858E-27,-1.05003621474452E-27,1.));
#7872=DIRECTION('',(-1.,5.47934654558301E-14,1.05008891268586E-27));
#7873=DIRECTION('',(1.0500889126858E-27,-1.05003621474452E-27,1.));
#7874=DIRECTION('',(-1.,5.47934654558301E-14,1.05008891268586E-27));
#7875=DIRECTION('',(1.0500889126858E-27,-1.05003621474452E-27,1.));
#7876=DIRECTION('',(-1.,5.47934654558301E-14,1.05008891268586E-27));
#7877=DIRECTION('',(0.,0.,1.));
#7878=DIRECTION('',(1.,0.,0.));
#7879=DIRECTION('',(1.05008891268581E-27,-1.05003005176869E-27,1.));
#7880=DIRECTION('',(-5.46836728307682E-14,-1.,-1.05003005176864E-27));
#7881=DIRECTION('',(1.05008891268581E-27,-1.05003005176869E-27,1.));
#7882=DIRECTION('',(-5.46836728307682E-14,-1.,-1.05003005176864E-27));
#7883=DIRECTION('',(1.05008891268581E-27,-1.05003005176869E-27,1.));
#7884=DIRECTION('',(-5.46836728307682E-14,-1.,-1.05003005176864E-27));
#7885=DIRECTION('',(1.05008891268581E-27,-1.05003005176869E-27,1.));
#7886=DIRECTION('',(-5.46836728307682E-14,-1.,-1.05003005176864E-27));
#7887=DIRECTION('',(0.,0.,1.));
#7888=DIRECTION('',(1.,0.,0.));
#7889=DIRECTION('',(1.05008891268581E-27,-1.05003005176869E-27,1.));
#7890=DIRECTION('',(-5.46836728307682E-14,-1.,-1.05003005176864E-27));
#7891=DIRECTION('',(1.05008891268581E-27,-1.05003005176869E-27,1.));
#7892=DIRECTION('',(-5.46836728307682E-14,-1.,-1.05003005176864E-27));
#7893=DIRECTION('',(1.05008891268581E-27,-1.05003005176869E-27,1.));
#7894=DIRECTION('',(-5.46836728307682E-14,-1.,-1.05003005176864E-27));
#7895=DIRECTION('',(1.05008891268581E-27,-1.05003005176869E-27,1.));
#7896=DIRECTION('',(-5.46836728307682E-14,-1.,-1.05003005176864E-27));
#7897=DIRECTION('',(1.05008891268581E-27,-1.05003005176869E-27,1.));
#7898=DIRECTION('',(-5.46836728307682E-14,-1.,-1.05003005176864E-27));
#7899=DIRECTION('',(1.05008891268581E-27,-1.05003005176869E-27,1.));
#7900=DIRECTION('',(-5.46836728307682E-14,-1.,-1.05003005176864E-27));
#7901=DIRECTION('',(1.05008891268581E-27,-1.05003005176869E-27,1.));
#7902=DIRECTION('',(-5.46836728307682E-14,-1.,-1.05003005176864E-27));
#7903=DIRECTION('',(1.05008891268581E-27,-1.05003005176869E-27,1.));
#7904=DIRECTION('',(-5.46836728307682E-14,-1.,-1.05003005176864E-27));
#7905=DIRECTION('',(1.05008891268581E-27,-1.05003005176869E-27,1.));
#7906=DIRECTION('',(-5.46836728307682E-14,-1.,-1.05003005176864E-27));
#7907=DIRECTION('',(1.05008891268581E-27,-1.05003005176869E-27,1.));
#7908=DIRECTION('',(-5.46836728307682E-14,-1.,-1.05003005176864E-27));
#7909=DIRECTION('',(1.05008891268581E-27,-1.05003005176869E-27,1.));
#7910=DIRECTION('',(-5.46836728307682E-14,-1.,-1.05003005176864E-27));
#7911=DIRECTION('',(1.05008891268581E-27,-1.05003005176869E-27,1.));
#7912=DIRECTION('',(-5.46836728307682E-14,-1.,-1.05003005176864E-27));
#7913=DIRECTION('',(1.05008891268581E-27,-1.05003005176869E-27,1.));
#7914=DIRECTION('',(-5.46836728307682E-14,-1.,-1.05003005176864E-27));
#7915=DIRECTION('',(1.05008891268581E-27,-1.05003005176869E-27,1.));
#7916=DIRECTION('',(-5.46836728307682E-14,-1.,-1.05003005176864E-27));
#7917=DIRECTION('',(1.05008891268581E-27,-1.05003005176869E-27,1.));
#7918=DIRECTION('',(-5.46836728307682E-14,-1.,-1.05003005176864E-27));
#7919=DIRECTION('',(1.05008891268581E-27,-1.05003005176869E-27,1.));
#7920=DIRECTION('',(-5.46836728307682E-14,-1.,-1.05003005176864E-27));
#7921=DIRECTION('',(1.05008891268581E-27,-1.05003005176869E-27,1.));
#7922=DIRECTION('',(-5.46836728307682E-14,-1.,-1.05003005176864E-27));
#7923=DIRECTION('',(1.05008891268581E-27,-1.05003005176869E-27,1.));
#7924=DIRECTION('',(-5.46836728307682E-14,-1.,-1.05003005176864E-27));
#7925=DIRECTION('',(1.05008891268581E-27,-1.05003005176869E-27,1.));
#7926=DIRECTION('',(-5.46836728307682E-14,-1.,-1.05003005176864E-27));
#7927=DIRECTION('',(1.05008891268581E-27,-1.05003005176869E-27,1.));
#7928=DIRECTION('',(-5.46836728307682E-14,-1.,-1.05003005176864E-27));
#7929=DIRECTION('',(1.05008891268581E-27,-1.05003005176869E-27,1.));
#7930=DIRECTION('',(-5.46836728307682E-14,-1.,-1.05003005176864E-27));
#7931=DIRECTION('',(1.05008891268581E-27,-1.05003005176869E-27,1.));
#7932=DIRECTION('',(-5.46836728307682E-14,-1.,-1.05003005176864E-27));
#7933=DIRECTION('',(1.05008891268581E-27,-1.05003005176869E-27,1.));
#7934=DIRECTION('',(-5.46836728307682E-14,-1.,-1.05003005176864E-27));
#7935=DIRECTION('',(1.05008891268581E-27,-1.05003005176869E-27,1.));
#7936=DIRECTION('',(-5.46836728307682E-14,-1.,-1.05003005176864E-27));
#7937=DIRECTION('',(1.05008891268581E-27,-1.05003005176869E-27,1.));
#7938=DIRECTION('',(-5.46836728307682E-14,-1.,-1.05003005176864E-27));
#7939=DIRECTION('',(1.05008891268581E-27,-1.05003005176869E-27,1.));
#7940=DIRECTION('',(-5.46836728307682E-14,-1.,-1.05003005176864E-27));
#7941=DIRECTION('',(1.05008891268581E-27,-1.05003005176869E-27,1.));
#7942=DIRECTION('',(-5.46836728307682E-14,-1.,-1.05003005176864E-27));
#7943=DIRECTION('',(1.05008891268581E-27,-1.05003005176869E-27,1.));
#7944=DIRECTION('',(-5.46836728307682E-14,-1.,-1.05003005176864E-27));
#7945=DIRECTION('',(1.05008891268581E-27,-1.05003005176869E-27,1.));
#7946=DIRECTION('',(-5.46836728307682E-14,-1.,-1.05003005176864E-27));
#7947=DIRECTION('',(1.05008891268581E-27,-1.05003005176869E-27,1.));
#7948=DIRECTION('',(-5.46836728307682E-14,-1.,-1.05003005176864E-27));
#7949=DIRECTION('',(1.05008891268581E-27,-1.05003005176869E-27,1.));
#7950=DIRECTION('',(-5.46836728307682E-14,-1.,-1.05003005176864E-27));
#7951=DIRECTION('',(1.0500889126858E-27,-1.05003621474452E-27,1.));
#7952=DIRECTION('',(-1.,5.47934654558301E-14,1.05008891268586E-27));
#7953=DIRECTION('',(1.0500889126858E-27,-1.05003621474452E-27,1.));
#7954=DIRECTION('',(-1.,5.47934654558301E-14,1.05008891268586E-27));
#7955=DIRECTION('',(1.0500889126858E-27,-1.05003621474452E-27,1.));
#7956=DIRECTION('',(-1.,5.47934654558301E-14,1.05008891268586E-27));
#7957=DIRECTION('',(1.0500889126858E-27,-1.05003621474452E-27,1.));
#7958=DIRECTION('',(-1.,5.47934654558301E-14,1.05008891268586E-27));
#7959=DIRECTION('',(1.0500889126858E-27,-1.05003621474452E-27,1.));
#7960=DIRECTION('',(-1.,5.47934654558301E-14,1.05008891268586E-27));
#7961=DIRECTION('',(1.0500889126858E-27,-1.05003621474452E-27,1.));
#7962=DIRECTION('',(-1.,5.47934654558301E-14,1.05008891268586E-27));
#7963=DIRECTION('',(1.0500889126858E-27,-1.05003621474452E-27,1.));
#7964=DIRECTION('',(-1.,5.47934654558301E-14,1.05008891268586E-27));
#7965=DIRECTION('',(0.,0.,1.));
#7966=DIRECTION('',(1.,0.,0.));
#7967=DIRECTION('',(1.05008891268581E-27,-1.05003005176869E-27,1.));
#7968=DIRECTION('',(-5.46836728307682E-14,-1.,-1.05003005176864E-27));
#7969=DIRECTION('',(1.05008891268581E-27,-1.05003005176869E-27,1.));
#7970=DIRECTION('',(-5.46836728307682E-14,-1.,-1.05003005176864E-27));
#7971=DIRECTION('',(1.05008891268581E-27,-1.05003005176869E-27,1.));
#7972=DIRECTION('',(-5.46836728307682E-14,-1.,-1.05003005176864E-27));
#7973=DIRECTION('',(1.05008891268581E-27,-1.05003005176869E-27,1.));
#7974=DIRECTION('',(-5.46836728307682E-14,-1.,-1.05003005176864E-27));
#7975=DIRECTION('',(1.05008891268581E-27,-1.05003005176869E-27,1.));
#7976=DIRECTION('',(-5.46836728307682E-14,-1.,-1.05003005176864E-27));
#7977=DIRECTION('',(0.,0.,1.));
#7978=DIRECTION('',(1.,0.,0.));
#7979=DIRECTION('',(1.05008891268581E-27,-1.05003005176869E-27,1.));
#7980=DIRECTION('',(-5.46836728307682E-14,-1.,-1.05003005176864E-27));
#7981=DIRECTION('',(1.05008891268581E-27,-1.05003005176869E-27,1.));
#7982=DIRECTION('',(-5.46836728307682E-14,-1.,-1.05003005176864E-27));
#7983=DIRECTION('',(1.05008891268581E-27,-1.05003005176869E-27,1.));
#7984=DIRECTION('',(-5.46836728307682E-14,-1.,-1.05003005176864E-27));
#7985=DIRECTION('',(1.05008891268581E-27,-1.05003005176869E-27,1.));
#7986=DIRECTION('',(-5.46836728307682E-14,-1.,-1.05003005176864E-27));
#7987=DIRECTION('',(1.05008891268581E-27,-1.05003005176869E-27,1.));
#7988=DIRECTION('',(-5.46836728307682E-14,-1.,-1.05003005176864E-27));
#7989=DIRECTION('',(1.05008891268581E-27,-1.05003005176869E-27,1.));
#7990=DIRECTION('',(-5.46836728307682E-14,-1.,-1.05003005176864E-27));
#7991=DIRECTION('',(1.05008891268581E-27,-1.05003005176869E-27,1.));
#7992=DIRECTION('',(-5.46836728307682E-14,-1.,-1.05003005176864E-27));
#7993=DIRECTION('',(1.05008891268581E-27,-1.05003005176869E-27,1.));
#7994=DIRECTION('',(-5.46836728307682E-14,-1.,-1.05003005176864E-27));
#7995=DIRECTION('',(1.05008891268581E-27,-1.05003005176869E-27,1.));
#7996=DIRECTION('',(-5.46836728307682E-14,-1.,-1.05003005176864E-27));
#7997=DIRECTION('',(1.05008891268581E-27,-1.05003005176869E-27,1.));
#7998=DIRECTION('',(-5.46836728307682E-14,-1.,-1.05003005176864E-27));
#7999=DIRECTION('',(1.05008891268581E-27,-1.05003005176869E-27,1.));
#8000=DIRECTION('',(-5.46836728307682E-14,-1.,-1.05003005176864E-27));
#8001=DIRECTION('',(1.05008891268581E-27,-1.05003005176869E-27,1.));
#8002=DIRECTION('',(-5.46836728307682E-14,-1.,-1.05003005176864E-27));
#8003=DIRECTION('',(1.05008891268581E-27,-1.05003005176869E-27,1.));
#8004=DIRECTION('',(-5.46836728307682E-14,-1.,-1.05003005176864E-27));
#8005=DIRECTION('',(1.05008891268581E-27,-1.05003005176869E-27,1.));
#8006=DIRECTION('',(-5.46836728307682E-14,-1.,-1.05003005176864E-27));
#8007=DIRECTION('',(1.05008891268581E-27,-1.05003005176869E-27,1.));
#8008=DIRECTION('',(-5.46836728307682E-14,-1.,-1.05003005176864E-27));
#8009=DIRECTION('',(1.05008891268581E-27,-1.05003005176869E-27,1.));
#8010=DIRECTION('',(-5.46836728307682E-14,-1.,-1.05003005176864E-27));
#8011=DIRECTION('',(1.05008891268581E-27,-1.05003005176869E-27,1.));
#8012=DIRECTION('',(-5.46836728307682E-14,-1.,-1.05003005176864E-27));
#8013=DIRECTION('',(1.05008891268581E-27,-1.05003005176869E-27,1.));
#8014=DIRECTION('',(-5.46836728307682E-14,-1.,-1.05003005176864E-27));
#8015=DIRECTION('',(1.05008891268581E-27,-1.05003005176869E-27,1.));
#8016=DIRECTION('',(-5.46836728307682E-14,-1.,-1.05003005176864E-27));
#8017=DIRECTION('',(1.05008891268581E-27,-1.05003005176869E-27,1.));
#8018=DIRECTION('',(-5.46836728307682E-14,-1.,-1.05003005176864E-27));
#8019=DIRECTION('',(1.05008891268581E-27,-1.05003005176869E-27,1.));
#8020=DIRECTION('',(-5.46836728307682E-14,-1.,-1.05003005176864E-27));
#8021=DIRECTION('',(1.05008891268581E-27,-1.05003005176869E-27,1.));
#8022=DIRECTION('',(-5.46836728307682E-14,-1.,-1.05003005176864E-27));
#8023=DIRECTION('',(1.05008891268581E-27,-1.05003005176869E-27,1.));
#8024=DIRECTION('',(-5.46836728307682E-14,-1.,-1.05003005176864E-27));
#8025=DIRECTION('',(1.05008891268581E-27,-1.05003005176869E-27,1.));
#8026=DIRECTION('',(-5.46836728307682E-14,-1.,-1.05003005176864E-27));
#8027=DIRECTION('',(1.05008891268581E-27,-1.05003005176869E-27,1.));
#8028=DIRECTION('',(-5.46836728307682E-14,-1.,-1.05003005176864E-27));
#8029=DIRECTION('',(1.05008891268581E-27,-1.05003005176869E-27,1.));
#8030=DIRECTION('',(-5.46836728307682E-14,-1.,-1.05003005176864E-27));
#8031=DIRECTION('',(1.05008891268581E-27,-1.05003005176869E-27,1.));
#8032=DIRECTION('',(-5.46836728307682E-14,-1.,-1.05003005176864E-27));
#8033=DIRECTION('',(1.05008891268581E-27,-1.05003005176869E-27,1.));
#8034=DIRECTION('',(-5.46836728307682E-14,-1.,-1.05003005176864E-27));
#8035=DIRECTION('',(1.0500889126858E-27,-1.05003621474452E-27,1.));
#8036=DIRECTION('',(-1.,5.47934654558301E-14,1.05008891268586E-27));
#8037=DIRECTION('',(1.0500889126858E-27,-1.05003621474452E-27,1.));
#8038=DIRECTION('',(-1.,5.47934654558301E-14,1.05008891268586E-27));
#8039=DIRECTION('',(1.0500889126858E-27,-1.05003621474452E-27,1.));
#8040=DIRECTION('',(-1.,5.47934654558301E-14,1.05008891268586E-27));
#8041=DIRECTION('',(1.0500889126858E-27,-1.05003621474452E-27,1.));
#8042=DIRECTION('',(-1.,5.47934654558301E-14,1.05008891268586E-27));
#8043=DIRECTION('',(1.0500889126858E-27,-1.05003621474452E-27,1.));
#8044=DIRECTION('',(-1.,5.47934654558301E-14,1.05008891268586E-27));
#8045=DIRECTION('',(1.0500889126858E-27,-1.05003621474452E-27,1.));
#8046=DIRECTION('',(-1.,5.47934654558301E-14,1.05008891268586E-27));
#8047=DIRECTION('',(1.0500889126858E-27,-1.05003621474452E-27,1.));
#8048=DIRECTION('',(-1.,5.47934654558301E-14,1.05008891268586E-27));
#8049=DIRECTION('',(0.,0.,1.));
#8050=DIRECTION('',(1.,0.,0.));
#8051=DIRECTION('',(1.05008891268581E-27,-1.05003005176869E-27,1.));
#8052=DIRECTION('',(-5.46836728307682E-14,-1.,-1.05003005176864E-27));
#8053=DIRECTION('',(1.05008891268581E-27,-1.05003005176869E-27,1.));
#8054=DIRECTION('',(-5.46836728307682E-14,-1.,-1.05003005176864E-27));
#8055=DIRECTION('',(1.05008891268581E-27,-1.05003005176869E-27,1.));
#8056=DIRECTION('',(-5.46836728307682E-14,-1.,-1.05003005176864E-27));
#8057=DIRECTION('',(1.05008891268581E-27,-1.05003005176869E-27,1.));
#8058=DIRECTION('',(-5.46836728307682E-14,-1.,-1.05003005176864E-27));
#8059=DIRECTION('',(1.05008891268581E-27,-1.05003005176869E-27,1.));
#8060=DIRECTION('',(-5.46836728307682E-14,-1.,-1.05003005176864E-27));
#8061=DIRECTION('',(1.05008891268581E-27,-1.05003005176869E-27,1.));
#8062=DIRECTION('',(-5.46836728307682E-14,-1.,-1.05003005176864E-27));
#8063=DIRECTION('',(1.05008891268581E-27,-1.05003005176869E-27,1.));
#8064=DIRECTION('',(-5.46836728307682E-14,-1.,-1.05003005176864E-27));
#8065=DIRECTION('',(1.05008891268581E-27,-1.05003005176869E-27,1.));
#8066=DIRECTION('',(-5.46836728307682E-14,-1.,-1.05003005176864E-27));
#8067=DIRECTION('',(0.,0.,1.));
#8068=DIRECTION('',(1.,0.,0.));
#8069=DIRECTION('',(1.05008891268581E-27,-1.05003005176869E-27,1.));
#8070=DIRECTION('',(-5.46836728307682E-14,-1.,-1.05003005176864E-27));
#8071=DIRECTION('',(1.05008891268581E-27,-1.05003005176869E-27,1.));
#8072=DIRECTION('',(-5.46836728307682E-14,-1.,-1.05003005176864E-27));
#8073=DIRECTION('',(1.05008891268581E-27,-1.05003005176869E-27,1.));
#8074=DIRECTION('',(-5.46836728307682E-14,-1.,-1.05003005176864E-27));
#8075=DIRECTION('',(1.05008891268581E-27,-1.05003005176869E-27,1.));
#8076=DIRECTION('',(-5.46836728307682E-14,-1.,-1.05003005176864E-27));
#8077=DIRECTION('',(1.05008891268581E-27,-1.05003005176869E-27,1.));
#8078=DIRECTION('',(-5.46836728307682E-14,-1.,-1.05003005176864E-27));
#8079=DIRECTION('',(1.05008891268581E-27,-1.05003005176869E-27,1.));
#8080=DIRECTION('',(-5.46836728307682E-14,-1.,-1.05003005176864E-27));
#8081=DIRECTION('',(1.05008891268581E-27,-1.05003005176869E-27,1.));
#8082=DIRECTION('',(-5.46836728307682E-14,-1.,-1.05003005176864E-27));
#8083=DIRECTION('',(1.05008891268581E-27,-1.05003005176869E-27,1.));
#8084=DIRECTION('',(-5.46836728307682E-14,-1.,-1.05003005176864E-27));
#8085=DIRECTION('',(1.05008891268581E-27,-1.05003005176869E-27,1.));
#8086=DIRECTION('',(-5.46836728307682E-14,-1.,-1.05003005176864E-27));
#8087=DIRECTION('',(1.05008891268581E-27,-1.05003005176869E-27,1.));
#8088=DIRECTION('',(-5.46836728307682E-14,-1.,-1.05003005176864E-27));
#8089=DIRECTION('',(1.05008891268581E-27,-1.05003005176869E-27,1.));
#8090=DIRECTION('',(-5.46836728307682E-14,-1.,-1.05003005176864E-27));
#8091=DIRECTION('',(1.05008891268581E-27,-1.05003005176869E-27,1.));
#8092=DIRECTION('',(-5.46836728307682E-14,-1.,-1.05003005176864E-27));
#8093=DIRECTION('',(1.05008891268581E-27,-1.05003005176869E-27,1.));
#8094=DIRECTION('',(-5.46836728307682E-14,-1.,-1.05003005176864E-27));
#8095=DIRECTION('',(1.05008891268581E-27,-1.05003005176869E-27,1.));
#8096=DIRECTION('',(-5.46836728307682E-14,-1.,-1.05003005176864E-27));
#8097=DIRECTION('',(1.05008891268581E-27,-1.05003005176869E-27,1.));
#8098=DIRECTION('',(-5.46836728307682E-14,-1.,-1.05003005176864E-27));
#8099=DIRECTION('',(1.05008891268581E-27,-1.05003005176869E-27,1.));
#8100=DIRECTION('',(-5.46836728307682E-14,-1.,-1.05003005176864E-27));
#8101=DIRECTION('',(1.05008891268581E-27,-1.05003005176869E-27,1.));
#8102=DIRECTION('',(-5.46836728307682E-14,-1.,-1.05003005176864E-27));
#8103=DIRECTION('',(1.05008891268581E-27,-1.05003005176869E-27,1.));
#8104=DIRECTION('',(-5.46836728307682E-14,-1.,-1.05003005176864E-27));
#8105=DIRECTION('',(1.05008891268581E-27,-1.05003005176869E-27,1.));
#8106=DIRECTION('',(-5.46836728307682E-14,-1.,-1.05003005176864E-27));
#8107=DIRECTION('',(1.05008891268581E-27,-1.05003005176869E-27,1.));
#8108=DIRECTION('',(-5.46836728307682E-14,-1.,-1.05003005176864E-27));
#8109=DIRECTION('',(1.05008891268581E-27,-1.05003005176869E-27,1.));
#8110=DIRECTION('',(-5.46836728307682E-14,-1.,-1.05003005176864E-27));
#8111=DIRECTION('',(1.05008891268581E-27,-1.05003005176869E-27,1.));
#8112=DIRECTION('',(-5.46836728307682E-14,-1.,-1.05003005176864E-27));
#8113=DIRECTION('',(1.05008891268581E-27,-1.05003005176869E-27,1.));
#8114=DIRECTION('',(-5.46836728307682E-14,-1.,-1.05003005176864E-27));
#8115=DIRECTION('',(1.05008891268581E-27,-1.05003005176869E-27,1.));
#8116=DIRECTION('',(-5.46836728307682E-14,-1.,-1.05003005176864E-27));
#8117=DIRECTION('',(1.05008891268581E-27,-1.05003005176869E-27,1.));
#8118=DIRECTION('',(-5.46836728307682E-14,-1.,-1.05003005176864E-27));
#8119=DIRECTION('',(1.05008891268581E-27,-1.05003005176869E-27,1.));
#8120=DIRECTION('',(-5.46836728307682E-14,-1.,-1.05003005176864E-27));
#8121=DIRECTION('',(1.05008891268581E-27,-1.05003005176869E-27,1.));
#8122=DIRECTION('',(-5.46836728307682E-14,-1.,-1.05003005176864E-27));
#8123=DIRECTION('',(1.05008891268581E-27,-1.05003005176869E-27,1.));
#8124=DIRECTION('',(-5.46836728307682E-14,-1.,-1.05003005176864E-27));
#8125=DIRECTION('',(1.05008891268581E-27,-1.05003005176869E-27,1.));
#8126=DIRECTION('',(-5.46836728307682E-14,-1.,-1.05003005176864E-27));
#8127=DIRECTION('',(1.05008891268581E-27,-1.05003005176869E-27,1.));
#8128=DIRECTION('',(-5.46836728307682E-14,-1.,-1.05003005176864E-27));
#8129=DIRECTION('',(1.05008891268581E-27,-1.05003005176869E-27,1.));
#8130=DIRECTION('',(-5.46836728307682E-14,-1.,-1.05003005176864E-27));
#8131=DIRECTION('',(1.05008891268581E-27,-1.05003005176869E-27,1.));
#8132=DIRECTION('',(-5.46836728307682E-14,-1.,-1.05003005176864E-27));
#8133=DIRECTION('',(1.05008891268581E-27,-1.05003005176869E-27,1.));
#8134=DIRECTION('',(-5.46836728307682E-14,-1.,-1.05003005176864E-27));
#8135=DIRECTION('',(1.05008891268581E-27,-1.05003005176869E-27,1.));
#8136=DIRECTION('',(-5.46836728307682E-14,-1.,-1.05003005176864E-27));
#8137=DIRECTION('',(1.0500889126858E-27,-1.05003621474452E-27,1.));
#8138=DIRECTION('',(-1.,5.47934654558301E-14,1.05008891268586E-27));
#8139=DIRECTION('',(1.0500889126858E-27,-1.05003621474452E-27,1.));
#8140=DIRECTION('',(-1.,5.47934654558301E-14,1.05008891268586E-27));
#8141=DIRECTION('',(1.0500889126858E-27,-1.05003621474452E-27,1.));
#8142=DIRECTION('',(-1.,5.47934654558301E-14,1.05008891268586E-27));
#8143=DIRECTION('',(1.0500889126858E-27,-1.05003621474452E-27,1.));
#8144=DIRECTION('',(-1.,5.47934654558301E-14,1.05008891268586E-27));
#8145=DIRECTION('',(1.0500889126858E-27,-1.05003621474452E-27,1.));
#8146=DIRECTION('',(-1.,5.47934654558301E-14,1.05008891268586E-27));
#8147=DIRECTION('',(1.0500889126858E-27,-1.05003621474452E-27,1.));
#8148=DIRECTION('',(-1.,5.47934654558301E-14,1.05008891268586E-27));
#8149=DIRECTION('',(1.0500889126858E-27,-1.05003621474452E-27,1.));
#8150=DIRECTION('',(-1.,5.47934654558301E-14,1.05008891268586E-27));
#8151=DIRECTION('',(0.,0.,1.));
#8152=DIRECTION('',(1.,0.,0.));
#8153=DIRECTION('',(1.05008891268581E-27,-1.05003005176869E-27,1.));
#8154=DIRECTION('',(-5.46836728307682E-14,-1.,-1.05003005176864E-27));
#8155=DIRECTION('',(1.05008891268581E-27,-1.05003005176869E-27,1.));
#8156=DIRECTION('',(-5.46836728307682E-14,-1.,-1.05003005176864E-27));
#8157=DIRECTION('',(0.,0.,1.));
#8158=DIRECTION('',(1.,0.,0.));
#8159=DIRECTION('',(0.,0.,1.));
#8160=DIRECTION('',(1.,0.,0.));
#8161=DIRECTION('',(-3.58735080467403E-43,-1.2280971110241E-33,1.));
#8162=DIRECTION('',(5.15519606530966E-17,-1.,-1.2280971110241E-33));
#8163=DIRECTION('',(1.0500889126858E-27,-1.05013097049778E-27,1.));
#8164=DIRECTION('',(-5.46836728307682E-14,-1.,-1.05013097049772E-27));
#8165=DIRECTION('',(1.0500889126858E-27,-1.05013097049778E-27,1.));
#8166=DIRECTION('',(-5.46836728307682E-14,-1.,-1.05013097049772E-27));
#8167=DIRECTION('',(1.0500889126858E-27,-1.05013097049778E-27,1.));
#8168=DIRECTION('',(-5.46836728307682E-14,-1.,-1.05013097049772E-27));
#8169=DIRECTION('',(1.0500889126858E-27,-1.05013097049778E-27,1.));
#8170=DIRECTION('',(-5.46836728307682E-14,-1.,-1.05013097049772E-27));
#8171=DIRECTION('',(1.0500889126858E-27,-1.05013097049778E-27,1.));
#8172=DIRECTION('',(-5.46836728307682E-14,-1.,-1.05013097049772E-27));
#8173=DIRECTION('',(1.0500889126858E-27,-1.05013097049778E-27,1.));
#8174=DIRECTION('',(-5.46836728307682E-14,-1.,-1.05013097049772E-27));
#8175=DIRECTION('',(1.0500889126858E-27,-1.05013097049778E-27,1.));
#8176=DIRECTION('',(-5.46836728307682E-14,-1.,-1.05013097049772E-27));
#8177=DIRECTION('',(1.0500889126858E-27,-1.05013097049778E-27,1.));
#8178=DIRECTION('',(-5.46836728307682E-14,-1.,-1.05013097049772E-27));
#8179=DIRECTION('',(1.0500889126858E-27,-1.05013097049778E-27,1.));
#8180=DIRECTION('',(-5.46836728307682E-14,-1.,-1.05013097049772E-27));
#8181=DIRECTION('',(1.0500889126858E-27,-1.05013097049778E-27,1.));
#8182=DIRECTION('',(-5.46836728307682E-14,-1.,-1.05013097049772E-27));
#8183=DIRECTION('',(1.0500889126858E-27,-1.05013097049778E-27,1.));
#8184=DIRECTION('',(-5.46836728307682E-14,-1.,-1.05013097049772E-27));
#8185=DIRECTION('',(1.0500889126858E-27,-1.05013097049778E-27,1.));
#8186=DIRECTION('',(-5.46836728307682E-14,-1.,-1.05013097049772E-27));
#8187=DIRECTION('',(1.0500889126858E-27,-1.05013097049778E-27,1.));
#8188=DIRECTION('',(-5.46836728307682E-14,-1.,-1.05013097049772E-27));
#8189=DIRECTION('',(1.0500889126858E-27,-1.05013097049778E-27,1.));
#8190=DIRECTION('',(-5.46836728307682E-14,-1.,-1.05013097049772E-27));
#8191=DIRECTION('',(1.0500889126858E-27,-1.05013097049778E-27,1.));
#8192=DIRECTION('',(-5.46836728307682E-14,-1.,-1.05013097049772E-27));
#8193=DIRECTION('',(1.0500889126858E-27,-1.05013097049778E-27,1.));
#8194=DIRECTION('',(-5.46836728307682E-14,-1.,-1.05013097049772E-27));
#8195=DIRECTION('',(1.0500889126858E-27,-1.05013097049778E-27,1.));
#8196=DIRECTION('',(-5.46836728307682E-14,-1.,-1.05013097049772E-27));
#8197=DIRECTION('',(1.0500889126858E-27,-1.05013097049778E-27,1.));
#8198=DIRECTION('',(-5.46836728307682E-14,-1.,-1.05013097049772E-27));
#8199=DIRECTION('',(1.0500889126858E-27,-1.05013097049778E-27,1.));
#8200=DIRECTION('',(-5.46836728307682E-14,-1.,-1.05013097049772E-27));
#8201=DIRECTION('',(1.0500889126858E-27,-1.05013097049778E-27,1.));
#8202=DIRECTION('',(-5.46836728307682E-14,-1.,-1.05013097049772E-27));
#8203=DIRECTION('',(1.0500889126858E-27,-1.05013097049778E-27,1.));
#8204=DIRECTION('',(-5.46836728307682E-14,-1.,-1.05013097049772E-27));
#8205=DIRECTION('',(1.0500889126858E-27,-1.05013097049778E-27,1.));
#8206=DIRECTION('',(-5.46836728307682E-14,-1.,-1.05013097049772E-27));
#8207=DIRECTION('',(1.0500889126858E-27,-1.05013097049778E-27,1.));
#8208=DIRECTION('',(-5.46836728307682E-14,-1.,-1.05013097049772E-27));
#8209=DIRECTION('',(1.0500889126858E-27,-1.05013097049778E-27,1.));
#8210=DIRECTION('',(-5.46836728307682E-14,-1.,-1.05013097049772E-27));
#8211=DIRECTION('',(1.0500889126858E-27,-1.05013097049778E-27,1.));
#8212=DIRECTION('',(-5.46836728307682E-14,-1.,-1.05013097049772E-27));
#8213=DIRECTION('',(1.0500889126858E-27,-1.05013097049778E-27,1.));
#8214=DIRECTION('',(-5.46836728307682E-14,-1.,-1.05013097049772E-27));
#8215=DIRECTION('',(1.0500889126858E-27,-1.05013097049778E-27,1.));
#8216=DIRECTION('',(-5.46836728307682E-14,-1.,-1.05013097049772E-27));
#8217=DIRECTION('',(1.0500889126858E-27,-1.05013097049778E-27,1.));
#8218=DIRECTION('',(-5.46836728307682E-14,-1.,-1.05013097049772E-27));
#8219=DIRECTION('',(1.0500889126858E-27,-1.05013097049778E-27,1.));
#8220=DIRECTION('',(-5.46836728307682E-14,-1.,-1.05013097049772E-27));
#8221=DIRECTION('',(1.0500889126858E-27,-1.05013097049778E-27,1.));
#8222=DIRECTION('',(-5.46836728307682E-14,-1.,-1.05013097049772E-27));
#8223=DIRECTION('',(1.0500889126858E-27,-1.05013097049778E-27,1.));
#8224=DIRECTION('',(-5.46836728307682E-14,-1.,-1.05013097049772E-27));
#8225=DIRECTION('',(1.0500889126858E-27,-1.05013097049778E-27,1.));
#8226=DIRECTION('',(-5.46836728307682E-14,-1.,-1.05013097049772E-27));
#8227=DIRECTION('',(1.0500889126858E-27,-1.05013097049778E-27,1.));
#8228=DIRECTION('',(-5.46836728307682E-14,-1.,-1.05013097049772E-27));
#8229=DIRECTION('',(1.0500889126858E-27,-1.05013097049778E-27,1.));
#8230=DIRECTION('',(-5.46836728307682E-14,-1.,-1.05013097049772E-27));
#8231=DIRECTION('',(1.0500889126858E-27,-1.05013097049778E-27,1.));
#8232=DIRECTION('',(-5.46836728307682E-14,-1.,-1.05013097049772E-27));
#8233=DIRECTION('',(1.0500889126858E-27,-1.05013097049778E-27,1.));
#8234=DIRECTION('',(-5.46836728307682E-14,-1.,-1.05013097049772E-27));
#8235=DIRECTION('',(1.0500889126858E-27,-1.0501371334736E-27,1.));
#8236=DIRECTION('',(-1.,5.47934654558301E-14,1.05008891268586E-27));
#8237=DIRECTION('',(1.0500889126858E-27,-1.0501371334736E-27,1.));
#8238=DIRECTION('',(-1.,5.47934654558301E-14,1.05008891268586E-27));
#8239=DIRECTION('',(1.0500889126858E-27,-1.0501371334736E-27,1.));
#8240=DIRECTION('',(-1.,5.47934654558301E-14,1.05008891268586E-27));
#8241=DIRECTION('',(1.0500889126858E-27,-1.0501371334736E-27,1.));
#8242=DIRECTION('',(-1.,5.47934654558301E-14,1.05008891268586E-27));
#8243=DIRECTION('',(1.0500889126858E-27,-1.0501371334736E-27,1.));
#8244=DIRECTION('',(-1.,5.47934654558301E-14,1.05008891268586E-27));
#8245=DIRECTION('',(1.0500889126858E-27,-1.0501371334736E-27,1.));
#8246=DIRECTION('',(-1.,5.47934654558301E-14,1.05008891268586E-27));
#8247=DIRECTION('',(1.0500889126858E-27,-1.0501371334736E-27,1.));
#8248=DIRECTION('',(-1.,5.47934654558301E-14,1.05008891268586E-27));
#8249=DIRECTION('',(0.,0.,1.));
#8250=DIRECTION('',(1.,0.,0.));
#8251=DIRECTION('',(0.,0.,1.));
#8252=DIRECTION('',(1.,0.,0.));
#8253=DIRECTION('',(1.0500889126858E-27,-1.05013097049778E-27,1.));
#8254=DIRECTION('',(-5.46836728307682E-14,-1.,-1.05013097049772E-27));
#8255=DIRECTION('',(1.0500889126858E-27,-1.05013097049778E-27,1.));
#8256=DIRECTION('',(-5.46836728307682E-14,-1.,-1.05013097049772E-27));
#8257=DIRECTION('',(1.0500889126858E-27,-1.05013097049778E-27,1.));
#8258=DIRECTION('',(-5.46836728307682E-14,-1.,-1.05013097049772E-27));
#8259=DIRECTION('',(1.0500889126858E-27,-1.05013097049778E-27,1.));
#8260=DIRECTION('',(-5.46836728307682E-14,-1.,-1.05013097049772E-27));
#8261=DIRECTION('',(1.0500889126858E-27,-1.05013097049778E-27,1.));
#8262=DIRECTION('',(-5.46836728307682E-14,-1.,-1.05013097049772E-27));
#8263=DIRECTION('',(1.0500889126858E-27,-1.05013097049778E-27,1.));
#8264=DIRECTION('',(-5.46836728307682E-14,-1.,-1.05013097049772E-27));
#8265=DIRECTION('',(1.0500889126858E-27,-1.05013097049778E-27,1.));
#8266=DIRECTION('',(-5.46836728307682E-14,-1.,-1.05013097049772E-27));
#8267=DIRECTION('',(1.0500889126858E-27,-1.05013097049778E-27,1.));
#8268=DIRECTION('',(-5.46836728307682E-14,-1.,-1.05013097049772E-27));
#8269=DIRECTION('',(1.0500889126858E-27,-1.05013097049778E-27,1.));
#8270=DIRECTION('',(-5.46836728307682E-14,-1.,-1.05013097049772E-27));
#8271=DIRECTION('',(1.0500889126858E-27,-1.05013097049778E-27,1.));
#8272=DIRECTION('',(-5.46836728307682E-14,-1.,-1.05013097049772E-27));
#8273=DIRECTION('',(1.0500889126858E-27,-1.05013097049778E-27,1.));
#8274=DIRECTION('',(-5.46836728307682E-14,-1.,-1.05013097049772E-27));
#8275=DIRECTION('',(1.0500889126858E-27,-1.05013097049778E-27,1.));
#8276=DIRECTION('',(-5.46836728307682E-14,-1.,-1.05013097049772E-27));
#8277=DIRECTION('',(1.0500889126858E-27,-1.05013097049778E-27,1.));
#8278=DIRECTION('',(-5.46836728307682E-14,-1.,-1.05013097049772E-27));
#8279=DIRECTION('',(1.0500889126858E-27,-1.05013097049778E-27,1.));
#8280=DIRECTION('',(-5.46836728307682E-14,-1.,-1.05013097049772E-27));
#8281=DIRECTION('',(1.0500889126858E-27,-1.05013097049778E-27,1.));
#8282=DIRECTION('',(-5.46836728307682E-14,-1.,-1.05013097049772E-27));
#8283=DIRECTION('',(1.0500889126858E-27,-1.05013097049778E-27,1.));
#8284=DIRECTION('',(-5.46836728307682E-14,-1.,-1.05013097049772E-27));
#8285=DIRECTION('',(1.0500889126858E-27,-1.05013097049778E-27,1.));
#8286=DIRECTION('',(-5.46836728307682E-14,-1.,-1.05013097049772E-27));
#8287=DIRECTION('',(1.0500889126858E-27,-1.05013097049778E-27,1.));
#8288=DIRECTION('',(-5.46836728307682E-14,-1.,-1.05013097049772E-27));
#8289=DIRECTION('',(1.0500889126858E-27,-1.05013097049778E-27,1.));
#8290=DIRECTION('',(-5.46836728307682E-14,-1.,-1.05013097049772E-27));
#8291=DIRECTION('',(1.0500889126858E-27,-1.05013097049778E-27,1.));
#8292=DIRECTION('',(-5.46836728307682E-14,-1.,-1.05013097049772E-27));
#8293=DIRECTION('',(1.0500889126858E-27,-1.05013097049778E-27,1.));
#8294=DIRECTION('',(-5.46836728307682E-14,-1.,-1.05013097049772E-27));
#8295=DIRECTION('',(1.0500889126858E-27,-1.05013097049778E-27,1.));
#8296=DIRECTION('',(-5.46836728307682E-14,-1.,-1.05013097049772E-27));
#8297=DIRECTION('',(1.0500889126858E-27,-1.05013097049778E-27,1.));
#8298=DIRECTION('',(-5.46836728307682E-14,-1.,-1.05013097049772E-27));
#8299=DIRECTION('',(1.0500889126858E-27,-1.05013097049778E-27,1.));
#8300=DIRECTION('',(-5.46836728307682E-14,-1.,-1.05013097049772E-27));
#8301=DIRECTION('',(1.0500889126858E-27,-1.05013097049778E-27,1.));
#8302=DIRECTION('',(-5.46836728307682E-14,-1.,-1.05013097049772E-27));
#8303=DIRECTION('',(1.0500889126858E-27,-1.05013097049778E-27,1.));
#8304=DIRECTION('',(-5.46836728307682E-14,-1.,-1.05013097049772E-27));
#8305=DIRECTION('',(1.0500889126858E-27,-1.05013097049778E-27,1.));
#8306=DIRECTION('',(-5.46836728307682E-14,-1.,-1.05013097049772E-27));
#8307=DIRECTION('',(1.0500889126858E-27,-1.05013097049778E-27,1.));
#8308=DIRECTION('',(-5.46836728307682E-14,-1.,-1.05013097049772E-27));
#8309=DIRECTION('',(1.0500889126858E-27,-1.05013097049778E-27,1.));
#8310=DIRECTION('',(-5.46836728307682E-14,-1.,-1.05013097049772E-27));
#8311=DIRECTION('',(1.0500889126858E-27,-1.05013097049778E-27,1.));
#8312=DIRECTION('',(-5.46836728307682E-14,-1.,-1.05013097049772E-27));
#8313=DIRECTION('',(1.0500889126858E-27,-1.05013097049778E-27,1.));
#8314=DIRECTION('',(-5.46836728307682E-14,-1.,-1.05013097049772E-27));
#8315=DIRECTION('',(1.0500889126858E-27,-1.05013097049778E-27,1.));
#8316=DIRECTION('',(-5.46836728307682E-14,-1.,-1.05013097049772E-27));
#8317=DIRECTION('',(1.0500889126858E-27,-1.05013097049778E-27,1.));
#8318=DIRECTION('',(-5.46836728307682E-14,-1.,-1.05013097049772E-27));
#8319=DIRECTION('',(1.0500889126858E-27,-1.0501371334736E-27,1.));
#8320=DIRECTION('',(-1.,5.47934654558301E-14,1.05008891268586E-27));
#8321=DIRECTION('',(1.0500889126858E-27,-1.0501371334736E-27,1.));
#8322=DIRECTION('',(-1.,5.47934654558301E-14,1.05008891268586E-27));
#8323=DIRECTION('',(1.0500889126858E-27,-1.0501371334736E-27,1.));
#8324=DIRECTION('',(-1.,5.47934654558301E-14,1.05008891268586E-27));
#8325=DIRECTION('',(1.0500889126858E-27,-1.0501371334736E-27,1.));
#8326=DIRECTION('',(-1.,5.47934654558301E-14,1.05008891268586E-27));
#8327=DIRECTION('',(1.0500889126858E-27,-1.0501371334736E-27,1.));
#8328=DIRECTION('',(-1.,5.47934654558301E-14,1.05008891268586E-27));
#8329=DIRECTION('',(1.0500889126858E-27,-1.0501371334736E-27,1.));
#8330=DIRECTION('',(-1.,5.47934654558301E-14,1.05008891268586E-27));
#8331=DIRECTION('',(1.0500889126858E-27,-1.0501371334736E-27,1.));
#8332=DIRECTION('',(-1.,5.47934654558301E-14,1.05008891268586E-27));
#8333=DIRECTION('',(0.,0.,1.));
#8334=DIRECTION('',(1.,0.,0.));
#8335=DIRECTION('',(1.0500889126858E-27,-1.05013097049778E-27,1.));
#8336=DIRECTION('',(-5.46836728307682E-14,-1.,-1.05013097049772E-27));
#8337=DIRECTION('',(1.0500889126858E-27,-1.05013097049778E-27,1.));
#8338=DIRECTION('',(-5.46836728307682E-14,-1.,-1.05013097049772E-27));
#8339=DIRECTION('',(1.0500889126858E-27,-1.05013097049778E-27,1.));
#8340=DIRECTION('',(-5.46836728307682E-14,-1.,-1.05013097049772E-27));
#8341=DIRECTION('',(0.,0.,1.));
#8342=DIRECTION('',(1.,0.,0.));
#8343=DIRECTION('',(1.0500889126858E-27,-1.05013097049778E-27,1.));
#8344=DIRECTION('',(-5.46836728307682E-14,-1.,-1.05013097049772E-27));
#8345=DIRECTION('',(1.0500889126858E-27,-1.05013097049778E-27,1.));
#8346=DIRECTION('',(-5.46836728307682E-14,-1.,-1.05013097049772E-27));
#8347=DIRECTION('',(1.0500889126858E-27,-1.05013097049778E-27,1.));
#8348=DIRECTION('',(-5.46836728307682E-14,-1.,-1.05013097049772E-27));
#8349=DIRECTION('',(1.0500889126858E-27,-1.05013097049778E-27,1.));
#8350=DIRECTION('',(-5.46836728307682E-14,-1.,-1.05013097049772E-27));
#8351=DIRECTION('',(1.0500889126858E-27,-1.05013097049778E-27,1.));
#8352=DIRECTION('',(-5.46836728307682E-14,-1.,-1.05013097049772E-27));
#8353=DIRECTION('',(1.0500889126858E-27,-1.05013097049778E-27,1.));
#8354=DIRECTION('',(-5.46836728307682E-14,-1.,-1.05013097049772E-27));
#8355=DIRECTION('',(1.0500889126858E-27,-1.05013097049778E-27,1.));
#8356=DIRECTION('',(-5.46836728307682E-14,-1.,-1.05013097049772E-27));
#8357=DIRECTION('',(1.0500889126858E-27,-1.05013097049778E-27,1.));
#8358=DIRECTION('',(-5.46836728307682E-14,-1.,-1.05013097049772E-27));
#8359=DIRECTION('',(1.0500889126858E-27,-1.05013097049778E-27,1.));
#8360=DIRECTION('',(-5.46836728307682E-14,-1.,-1.05013097049772E-27));
#8361=DIRECTION('',(1.0500889126858E-27,-1.05013097049778E-27,1.));
#8362=DIRECTION('',(-5.46836728307682E-14,-1.,-1.05013097049772E-27));
#8363=DIRECTION('',(1.0500889126858E-27,-1.05013097049778E-27,1.));
#8364=DIRECTION('',(-5.46836728307682E-14,-1.,-1.05013097049772E-27));
#8365=DIRECTION('',(1.0500889126858E-27,-1.05013097049778E-27,1.));
#8366=DIRECTION('',(-5.46836728307682E-14,-1.,-1.05013097049772E-27));
#8367=DIRECTION('',(1.0500889126858E-27,-1.05013097049778E-27,1.));
#8368=DIRECTION('',(-5.46836728307682E-14,-1.,-1.05013097049772E-27));
#8369=DIRECTION('',(1.0500889126858E-27,-1.05013097049778E-27,1.));
#8370=DIRECTION('',(-5.46836728307682E-14,-1.,-1.05013097049772E-27));
#8371=DIRECTION('',(1.0500889126858E-27,-1.05013097049778E-27,1.));
#8372=DIRECTION('',(-5.46836728307682E-14,-1.,-1.05013097049772E-27));
#8373=DIRECTION('',(1.0500889126858E-27,-1.05013097049778E-27,1.));
#8374=DIRECTION('',(-5.46836728307682E-14,-1.,-1.05013097049772E-27));
#8375=DIRECTION('',(1.0500889126858E-27,-1.05013097049778E-27,1.));
#8376=DIRECTION('',(-5.46836728307682E-14,-1.,-1.05013097049772E-27));
#8377=DIRECTION('',(1.0500889126858E-27,-1.05013097049778E-27,1.));
#8378=DIRECTION('',(-5.46836728307682E-14,-1.,-1.05013097049772E-27));
#8379=DIRECTION('',(1.0500889126858E-27,-1.05013097049778E-27,1.));
#8380=DIRECTION('',(-5.46836728307682E-14,-1.,-1.05013097049772E-27));
#8381=DIRECTION('',(1.0500889126858E-27,-1.05013097049778E-27,1.));
#8382=DIRECTION('',(-5.46836728307682E-14,-1.,-1.05013097049772E-27));
#8383=DIRECTION('',(1.0500889126858E-27,-1.05013097049778E-27,1.));
#8384=DIRECTION('',(-5.46836728307682E-14,-1.,-1.05013097049772E-27));
#8385=DIRECTION('',(1.0500889126858E-27,-1.05013097049778E-27,1.));
#8386=DIRECTION('',(-5.46836728307682E-14,-1.,-1.05013097049772E-27));
#8387=DIRECTION('',(1.0500889126858E-27,-1.05013097049778E-27,1.));
#8388=DIRECTION('',(-5.46836728307682E-14,-1.,-1.05013097049772E-27));
#8389=DIRECTION('',(1.0500889126858E-27,-1.05013097049778E-27,1.));
#8390=DIRECTION('',(-5.46836728307682E-14,-1.,-1.05013097049772E-27));
#8391=DIRECTION('',(1.0500889126858E-27,-1.05013097049778E-27,1.));
#8392=DIRECTION('',(-5.46836728307682E-14,-1.,-1.05013097049772E-27));
#8393=DIRECTION('',(1.0500889126858E-27,-1.05013097049778E-27,1.));
#8394=DIRECTION('',(-5.46836728307682E-14,-1.,-1.05013097049772E-27));
#8395=DIRECTION('',(1.0500889126858E-27,-1.05013097049778E-27,1.));
#8396=DIRECTION('',(-5.46836728307682E-14,-1.,-1.05013097049772E-27));
#8397=DIRECTION('',(1.0500889126858E-27,-1.05013097049778E-27,1.));
#8398=DIRECTION('',(-5.46836728307682E-14,-1.,-1.05013097049772E-27));
#8399=DIRECTION('',(1.0500889126858E-27,-1.05013097049778E-27,1.));
#8400=DIRECTION('',(-5.46836728307682E-14,-1.,-1.05013097049772E-27));
#8401=DIRECTION('',(1.0500889126858E-27,-1.05013097049778E-27,1.));
#8402=DIRECTION('',(-5.46836728307682E-14,-1.,-1.05013097049772E-27));
#8403=DIRECTION('',(1.0500889126858E-27,-1.05013097049778E-27,1.));
#8404=DIRECTION('',(-5.46836728307682E-14,-1.,-1.05013097049772E-27));
#8405=DIRECTION('',(1.0500889126858E-27,-1.05013097049778E-27,1.));
#8406=DIRECTION('',(-5.46836728307682E-14,-1.,-1.05013097049772E-27));
#8407=DIRECTION('',(1.0500889126858E-27,-1.05013097049778E-27,1.));
#8408=DIRECTION('',(-5.46836728307682E-14,-1.,-1.05013097049772E-27));
#8409=DIRECTION('',(1.0500889126858E-27,-1.05013097049778E-27,1.));
#8410=DIRECTION('',(-5.46836728307682E-14,-1.,-1.05013097049772E-27));
#8411=DIRECTION('',(1.0500889126858E-27,-1.05013097049778E-27,1.));
#8412=DIRECTION('',(-5.46836728307682E-14,-1.,-1.05013097049772E-27));
#8413=DIRECTION('',(1.0500889126858E-27,-1.0501371334736E-27,1.));
#8414=DIRECTION('',(-1.,5.47934654558301E-14,1.05008891268586E-27));
#8415=DIRECTION('',(1.0500889126858E-27,-1.0501371334736E-27,1.));
#8416=DIRECTION('',(-1.,5.47934654558301E-14,1.05008891268586E-27));
#8417=DIRECTION('',(1.0500889126858E-27,-1.0501371334736E-27,1.));
#8418=DIRECTION('',(-1.,5.47934654558301E-14,1.05008891268586E-27));
#8419=DIRECTION('',(1.0500889126858E-27,-1.0501371334736E-27,1.));
#8420=DIRECTION('',(-1.,5.47934654558301E-14,1.05008891268586E-27));
#8421=DIRECTION('',(1.0500889126858E-27,-1.0501371334736E-27,1.));
#8422=DIRECTION('',(-1.,5.47934654558301E-14,1.05008891268586E-27));
#8423=DIRECTION('',(1.0500889126858E-27,-1.0501371334736E-27,1.));
#8424=DIRECTION('',(-1.,5.47934654558301E-14,1.05008891268586E-27));
#8425=DIRECTION('',(1.0500889126858E-27,-1.0501371334736E-27,1.));
#8426=DIRECTION('',(-1.,5.47934654558301E-14,1.05008891268586E-27));
#8427=DIRECTION('',(0.,0.,1.));
#8428=DIRECTION('',(1.,0.,0.));
#8429=DIRECTION('',(1.0500889126858E-27,-1.05013097049778E-27,1.));
#8430=DIRECTION('',(-5.46836728307682E-14,-1.,-1.05013097049772E-27));
#8431=DIRECTION('',(0.,0.,1.));
#8432=DIRECTION('',(1.,0.,0.));
#8433=DIRECTION('',(1.0500889126858E-27,-1.05013097049778E-27,1.));
#8434=DIRECTION('',(-5.46836728307682E-14,-1.,-1.05013097049772E-27));
#8435=DIRECTION('',(1.0500889126858E-27,-1.05013097049778E-27,1.));
#8436=DIRECTION('',(-5.46836728307682E-14,-1.,-1.05013097049772E-27));
#8437=DIRECTION('',(1.0500889126858E-27,-1.05013097049778E-27,1.));
#8438=DIRECTION('',(-5.46836728307682E-14,-1.,-1.05013097049772E-27));
#8439=DIRECTION('',(1.0500889126858E-27,-1.05013097049778E-27,1.));
#8440=DIRECTION('',(-5.46836728307682E-14,-1.,-1.05013097049772E-27));
#8441=DIRECTION('',(1.0500889126858E-27,-1.05013097049778E-27,1.));
#8442=DIRECTION('',(-5.46836728307682E-14,-1.,-1.05013097049772E-27));
#8443=DIRECTION('',(1.0500889126858E-27,-1.05013097049778E-27,1.));
#8444=DIRECTION('',(-5.46836728307682E-14,-1.,-1.05013097049772E-27));
#8445=DIRECTION('',(1.0500889126858E-27,-1.05013097049778E-27,1.));
#8446=DIRECTION('',(-5.46836728307682E-14,-1.,-1.05013097049772E-27));
#8447=DIRECTION('',(1.0500889126858E-27,-1.05013097049778E-27,1.));
#8448=DIRECTION('',(-5.46836728307682E-14,-1.,-1.05013097049772E-27));
#8449=DIRECTION('',(1.0500889126858E-27,-1.05013097049778E-27,1.));
#8450=DIRECTION('',(-5.46836728307682E-14,-1.,-1.05013097049772E-27));
#8451=DIRECTION('',(1.0500889126858E-27,-1.05013097049778E-27,1.));
#8452=DIRECTION('',(-5.46836728307682E-14,-1.,-1.05013097049772E-27));
#8453=DIRECTION('',(1.0500889126858E-27,-1.05013097049778E-27,1.));
#8454=DIRECTION('',(-5.46836728307682E-14,-1.,-1.05013097049772E-27));
#8455=DIRECTION('',(1.0500889126858E-27,-1.05013097049778E-27,1.));
#8456=DIRECTION('',(-5.46836728307682E-14,-1.,-1.05013097049772E-27));
#8457=DIRECTION('',(1.0500889126858E-27,-1.05013097049778E-27,1.));
#8458=DIRECTION('',(-5.46836728307682E-14,-1.,-1.05013097049772E-27));
#8459=DIRECTION('',(1.0500889126858E-27,-1.05013097049778E-27,1.));
#8460=DIRECTION('',(-5.46836728307682E-14,-1.,-1.05013097049772E-27));
#8461=DIRECTION('',(1.0500889126858E-27,-1.05013097049778E-27,1.));
#8462=DIRECTION('',(-5.46836728307682E-14,-1.,-1.05013097049772E-27));
#8463=DIRECTION('',(1.0500889126858E-27,-1.05013097049778E-27,1.));
#8464=DIRECTION('',(-5.46836728307682E-14,-1.,-1.05013097049772E-27));
#8465=DIRECTION('',(1.0500889126858E-27,-1.05013097049778E-27,1.));
#8466=DIRECTION('',(-5.46836728307682E-14,-1.,-1.05013097049772E-27));
#8467=DIRECTION('',(1.0500889126858E-27,-1.05013097049778E-27,1.));
#8468=DIRECTION('',(-5.46836728307682E-14,-1.,-1.05013097049772E-27));
#8469=DIRECTION('',(1.0500889126858E-27,-1.05013097049778E-27,1.));
#8470=DIRECTION('',(-5.46836728307682E-14,-1.,-1.05013097049772E-27));
#8471=DIRECTION('',(1.0500889126858E-27,-1.05013097049778E-27,1.));
#8472=DIRECTION('',(-5.46836728307682E-14,-1.,-1.05013097049772E-27));
#8473=DIRECTION('',(1.0500889126858E-27,-1.05013097049778E-27,1.));
#8474=DIRECTION('',(-5.46836728307682E-14,-1.,-1.05013097049772E-27));
#8475=DIRECTION('',(1.0500889126858E-27,-1.05013097049778E-27,1.));
#8476=DIRECTION('',(-5.46836728307682E-14,-1.,-1.05013097049772E-27));
#8477=DIRECTION('',(1.0500889126858E-27,-1.05013097049778E-27,1.));
#8478=DIRECTION('',(-5.46836728307682E-14,-1.,-1.05013097049772E-27));
#8479=DIRECTION('',(1.0500889126858E-27,-1.05013097049778E-27,1.));
#8480=DIRECTION('',(-5.46836728307682E-14,-1.,-1.05013097049772E-27));
#8481=DIRECTION('',(1.0500889126858E-27,-1.05013097049778E-27,1.));
#8482=DIRECTION('',(-5.46836728307682E-14,-1.,-1.05013097049772E-27));
#8483=DIRECTION('',(1.0500889126858E-27,-1.05013097049778E-27,1.));
#8484=DIRECTION('',(-5.46836728307682E-14,-1.,-1.05013097049772E-27));
#8485=DIRECTION('',(1.0500889126858E-27,-1.05013097049778E-27,1.));
#8486=DIRECTION('',(-5.46836728307682E-14,-1.,-1.05013097049772E-27));
#8487=DIRECTION('',(1.0500889126858E-27,-1.05013097049778E-27,1.));
#8488=DIRECTION('',(-5.46836728307682E-14,-1.,-1.05013097049772E-27));
#8489=DIRECTION('',(1.0500889126858E-27,-1.05013097049778E-27,1.));
#8490=DIRECTION('',(-5.46836728307682E-14,-1.,-1.05013097049772E-27));
#8491=DIRECTION('',(1.0500889126858E-27,-1.05013097049778E-27,1.));
#8492=DIRECTION('',(-5.46836728307682E-14,-1.,-1.05013097049772E-27));
#8493=DIRECTION('',(1.0500889126858E-27,-1.05013097049778E-27,1.));
#8494=DIRECTION('',(-5.46836728307682E-14,-1.,-1.05013097049772E-27));
#8495=DIRECTION('',(1.0500889126858E-27,-1.05013097049778E-27,1.));
#8496=DIRECTION('',(-5.46836728307682E-14,-1.,-1.05013097049772E-27));
#8497=DIRECTION('',(1.0500889126858E-27,-1.05013097049778E-27,1.));
#8498=DIRECTION('',(-5.46836728307682E-14,-1.,-1.05013097049772E-27));
#8499=DIRECTION('',(1.0500889126858E-27,-1.05013097049778E-27,1.));
#8500=DIRECTION('',(-5.46836728307682E-14,-1.,-1.05013097049772E-27));
#8501=DIRECTION('',(1.0500889126858E-27,-1.05013097049778E-27,1.));
#8502=DIRECTION('',(-5.46836728307682E-14,-1.,-1.05013097049772E-27));
#8503=DIRECTION('',(1.0500889126858E-27,-1.05013097049778E-27,1.));
#8504=DIRECTION('',(-5.46836728307682E-14,-1.,-1.05013097049772E-27));
#8505=DIRECTION('',(1.0500889126858E-27,-1.0501371334736E-27,1.));
#8506=DIRECTION('',(-1.,5.47934654558301E-14,1.05008891268586E-27));
#8507=DIRECTION('',(1.0500889126858E-27,-1.0501371334736E-27,1.));
#8508=DIRECTION('',(-1.,5.47934654558301E-14,1.05008891268586E-27));
#8509=DIRECTION('',(1.0500889126858E-27,-1.0501371334736E-27,1.));
#8510=DIRECTION('',(-1.,5.47934654558301E-14,1.05008891268586E-27));
#8511=DIRECTION('',(1.0500889126858E-27,-1.0501371334736E-27,1.));
#8512=DIRECTION('',(-1.,5.47934654558301E-14,1.05008891268586E-27));
#8513=DIRECTION('',(1.0500889126858E-27,-1.0501371334736E-27,1.));
#8514=DIRECTION('',(-1.,5.47934654558301E-14,1.05008891268586E-27));
#8515=DIRECTION('',(1.0500889126858E-27,-1.0501371334736E-27,1.));
#8516=DIRECTION('',(-1.,5.47934654558301E-14,1.05008891268586E-27));
#8517=DIRECTION('',(1.0500889126858E-27,-1.0501371334736E-27,1.));
#8518=DIRECTION('',(-1.,5.47934654558301E-14,1.05008891268586E-27));
#8519=DIRECTION('',(0.,0.,1.));
#8520=DIRECTION('',(1.,0.,0.));
#8521=DIRECTION('',(0.,0.,1.));
#8522=DIRECTION('',(1.,0.,0.));
#8523=DIRECTION('',(0.,0.,1.));
#8524=DIRECTION('',(1.,0.,0.));
#8525=DIRECTION('',(-1.79374079592177E-43,9.96906319748671E-32,1.));
#8526=DIRECTION('',(5.15519606530966E-17,-1.,9.96906319748671E-32));
#8527=DIRECTION('',(1.05008891268581E-27,-1.05003005176869E-27,1.));
#8528=DIRECTION('',(-5.46836728307682E-14,-1.,-1.05003005176864E-27));
#8529=DIRECTION('',(1.05008891268581E-27,-1.05003005176869E-27,1.));
#8530=DIRECTION('',(-5.46836728307682E-14,-1.,-1.05003005176864E-27));
#8531=DIRECTION('',(1.05008891268581E-27,-1.05003005176869E-27,1.));
#8532=DIRECTION('',(-5.46836728307682E-14,-1.,-1.05003005176864E-27));
#8533=DIRECTION('',(1.05008891268581E-27,-1.05003005176869E-27,1.));
#8534=DIRECTION('',(-5.46836728307682E-14,-1.,-1.05003005176864E-27));
#8535=DIRECTION('',(1.05008891268581E-27,-1.05003005176869E-27,1.));
#8536=DIRECTION('',(-5.46836728307682E-14,-1.,-1.05003005176864E-27));
#8537=DIRECTION('',(1.05008891268581E-27,-1.05003005176869E-27,1.));
#8538=DIRECTION('',(-5.46836728307682E-14,-1.,-1.05003005176864E-27));
#8539=DIRECTION('',(1.05008891268581E-27,-1.05003005176869E-27,1.));
#8540=DIRECTION('',(-5.46836728307682E-14,-1.,-1.05003005176864E-27));
#8541=DIRECTION('',(1.05008891268581E-27,-1.05003005176869E-27,1.));
#8542=DIRECTION('',(-5.46836728307682E-14,-1.,-1.05003005176864E-27));
#8543=DIRECTION('',(1.05008891268581E-27,-1.05003005176869E-27,1.));
#8544=DIRECTION('',(-5.46836728307682E-14,-1.,-1.05003005176864E-27));
#8545=DIRECTION('',(1.05008891268581E-27,-1.05003005176869E-27,1.));
#8546=DIRECTION('',(-5.46836728307682E-14,-1.,-1.05003005176864E-27));
#8547=DIRECTION('',(1.05008891268581E-27,-1.05003005176869E-27,1.));
#8548=DIRECTION('',(-5.46836728307682E-14,-1.,-1.05003005176864E-27));
#8549=DIRECTION('',(1.05008891268581E-27,-1.05003005176869E-27,1.));
#8550=DIRECTION('',(-5.46836728307682E-14,-1.,-1.05003005176864E-27));
#8551=DIRECTION('',(1.05008891268581E-27,-1.05003005176869E-27,1.));
#8552=DIRECTION('',(-5.46836728307682E-14,-1.,-1.05003005176864E-27));
#8553=DIRECTION('',(1.05008891268581E-27,-1.05003005176869E-27,1.));
#8554=DIRECTION('',(-5.46836728307682E-14,-1.,-1.05003005176864E-27));
#8555=DIRECTION('',(1.05008891268581E-27,-1.05003005176869E-27,1.));
#8556=DIRECTION('',(-5.46836728307682E-14,-1.,-1.05003005176864E-27));
#8557=DIRECTION('',(1.05008891268581E-27,-1.05003005176869E-27,1.));
#8558=DIRECTION('',(-5.46836728307682E-14,-1.,-1.05003005176864E-27));
#8559=DIRECTION('',(1.05008891268581E-27,-1.05003005176869E-27,1.));
#8560=DIRECTION('',(-5.46836728307682E-14,-1.,-1.05003005176864E-27));
#8561=DIRECTION('',(1.05008891268581E-27,-1.05003005176869E-27,1.));
#8562=DIRECTION('',(-5.46836728307682E-14,-1.,-1.05003005176864E-27));
#8563=DIRECTION('',(1.05008891268581E-27,-1.05003005176869E-27,1.));
#8564=DIRECTION('',(-5.46836728307682E-14,-1.,-1.05003005176864E-27));
#8565=DIRECTION('',(1.05008891268581E-27,-1.05003005176869E-27,1.));
#8566=DIRECTION('',(-5.46836728307682E-14,-1.,-1.05003005176864E-27));
#8567=DIRECTION('',(1.05008891268581E-27,-1.05003005176869E-27,1.));
#8568=DIRECTION('',(-5.46836728307682E-14,-1.,-1.05003005176864E-27));
#8569=DIRECTION('',(1.05008891268581E-27,-1.05003005176869E-27,1.));
#8570=DIRECTION('',(-5.46836728307682E-14,-1.,-1.05003005176864E-27));
#8571=DIRECTION('',(1.05008891268581E-27,-1.05003005176869E-27,1.));
#8572=DIRECTION('',(-5.46836728307682E-14,-1.,-1.05003005176864E-27));
#8573=DIRECTION('',(1.05008891268581E-27,-1.05003005176869E-27,1.));
#8574=DIRECTION('',(-5.46836728307682E-14,-1.,-1.05003005176864E-27));
#8575=DIRECTION('',(1.05008891268581E-27,-1.05003005176869E-27,1.));
#8576=DIRECTION('',(-5.46836728307682E-14,-1.,-1.05003005176864E-27));
#8577=DIRECTION('',(1.0500889126858E-27,-1.05003621474452E-27,1.));
#8578=DIRECTION('',(-1.,5.47934654558301E-14,1.05008891268586E-27));
#8579=DIRECTION('',(1.0500889126858E-27,-1.05003621474452E-27,1.));
#8580=DIRECTION('',(-1.,5.47934654558301E-14,1.05008891268586E-27));
#8581=DIRECTION('',(1.0500889126858E-27,-1.05003621474452E-27,1.));
#8582=DIRECTION('',(-1.,5.47934654558301E-14,1.05008891268586E-27));
#8583=DIRECTION('',(1.0500889126858E-27,-1.05003621474452E-27,1.));
#8584=DIRECTION('',(-1.,5.47934654558301E-14,1.05008891268586E-27));
#8585=DIRECTION('',(1.0500889126858E-27,-1.05003621474452E-27,1.));
#8586=DIRECTION('',(-1.,5.47934654558301E-14,1.05008891268586E-27));
#8587=DIRECTION('',(1.0500889126858E-27,-1.05003621474452E-27,1.));
#8588=DIRECTION('',(-1.,5.47934654558301E-14,1.05008891268586E-27));
#8589=DIRECTION('',(1.0500889126858E-27,-1.05003621474452E-27,1.));
#8590=DIRECTION('',(-1.,5.47934654558301E-14,1.05008891268586E-27));
#8591=DIRECTION('',(0.,0.,1.));
#8592=DIRECTION('',(1.,0.,0.));
#8593=DIRECTION('',(1.05008891268581E-27,-1.05003005176869E-27,1.));
#8594=DIRECTION('',(-5.46836728307682E-14,-1.,-1.05003005176864E-27));
#8595=DIRECTION('',(1.05008891268581E-27,-1.05003005176869E-27,1.));
#8596=DIRECTION('',(-5.46836728307682E-14,-1.,-1.05003005176864E-27));
#8597=DIRECTION('',(1.05008891268581E-27,-1.05003005176869E-27,1.));
#8598=DIRECTION('',(-5.46836728307682E-14,-1.,-1.05003005176864E-27));
#8599=DIRECTION('',(1.05008891268581E-27,-1.05003005176869E-27,1.));
#8600=DIRECTION('',(-5.46836728307682E-14,-1.,-1.05003005176864E-27));
#8601=DIRECTION('',(1.05008891268581E-27,-1.05003005176869E-27,1.));
#8602=DIRECTION('',(-5.46836728307682E-14,-1.,-1.05003005176864E-27));
#8603=DIRECTION('',(1.05008891268581E-27,-1.05003005176869E-27,1.));
#8604=DIRECTION('',(-5.46836728307682E-14,-1.,-1.05003005176864E-27));
#8605=DIRECTION('',(1.05008891268581E-27,-1.05003005176869E-27,1.));
#8606=DIRECTION('',(-5.46836728307682E-14,-1.,-1.05003005176864E-27));
#8607=DIRECTION('',(1.05008891268581E-27,-1.05003005176869E-27,1.));
#8608=DIRECTION('',(-5.46836728307682E-14,-1.,-1.05003005176864E-27));
#8609=DIRECTION('',(1.05008891268581E-27,-1.05003005176869E-27,1.));
#8610=DIRECTION('',(-5.46836728307682E-14,-1.,-1.05003005176864E-27));
#8611=DIRECTION('',(1.05008891268581E-27,-1.05003005176869E-27,1.));
#8612=DIRECTION('',(-5.46836728307682E-14,-1.,-1.05003005176864E-27));
#8613=DIRECTION('',(1.05008891268581E-27,-1.05003005176869E-27,1.));
#8614=DIRECTION('',(-5.46836728307682E-14,-1.,-1.05003005176864E-27));
#8615=DIRECTION('',(0.,0.,1.));
#8616=DIRECTION('',(1.,0.,0.));
#8617=DIRECTION('',(1.05008891268581E-27,-1.05003005176869E-27,1.));
#8618=DIRECTION('',(-5.46836728307682E-14,-1.,-1.05003005176864E-27));
#8619=DIRECTION('',(1.05008891268581E-27,-1.05003005176869E-27,1.));
#8620=DIRECTION('',(-5.46836728307682E-14,-1.,-1.05003005176864E-27));
#8621=DIRECTION('',(1.05008891268581E-27,-1.05003005176869E-27,1.));
#8622=DIRECTION('',(-5.46836728307682E-14,-1.,-1.05003005176864E-27));
#8623=DIRECTION('',(1.05008891268581E-27,-1.05003005176869E-27,1.));
#8624=DIRECTION('',(-5.46836728307682E-14,-1.,-1.05003005176864E-27));
#8625=DIRECTION('',(1.05008891268581E-27,-1.05003005176869E-27,1.));
#8626=DIRECTION('',(-5.46836728307682E-14,-1.,-1.05003005176864E-27));
#8627=DIRECTION('',(1.05008891268581E-27,-1.05003005176869E-27,1.));
#8628=DIRECTION('',(-5.46836728307682E-14,-1.,-1.05003005176864E-27));
#8629=DIRECTION('',(1.05008891268581E-27,-1.05003005176869E-27,1.));
#8630=DIRECTION('',(-5.46836728307682E-14,-1.,-1.05003005176864E-27));
#8631=DIRECTION('',(1.05008891268581E-27,-1.05003005176869E-27,1.));
#8632=DIRECTION('',(-5.46836728307682E-14,-1.,-1.05003005176864E-27));
#8633=DIRECTION('',(1.05008891268581E-27,-1.05003005176869E-27,1.));
#8634=DIRECTION('',(-5.46836728307682E-14,-1.,-1.05003005176864E-27));
#8635=DIRECTION('',(1.05008891268581E-27,-1.05003005176869E-27,1.));
#8636=DIRECTION('',(-5.46836728307682E-14,-1.,-1.05003005176864E-27));
#8637=DIRECTION('',(1.05008891268581E-27,-1.05003005176869E-27,1.));
#8638=DIRECTION('',(-5.46836728307682E-14,-1.,-1.05003005176864E-27));
#8639=DIRECTION('',(1.05008891268581E-27,-1.05003005176869E-27,1.));
#8640=DIRECTION('',(-5.46836728307682E-14,-1.,-1.05003005176864E-27));
#8641=DIRECTION('',(1.05008891268581E-27,-1.05003005176869E-27,1.));
#8642=DIRECTION('',(-5.46836728307682E-14,-1.,-1.05003005176864E-27));
#8643=DIRECTION('',(1.05008891268581E-27,-1.05003005176869E-27,1.));
#8644=DIRECTION('',(-5.46836728307682E-14,-1.,-1.05003005176864E-27));
#8645=DIRECTION('',(1.05008891268581E-27,-1.05003005176869E-27,1.));
#8646=DIRECTION('',(-5.46836728307682E-14,-1.,-1.05003005176864E-27));
#8647=DIRECTION('',(1.05008891268581E-27,-1.05003005176869E-27,1.));
#8648=DIRECTION('',(-5.46836728307682E-14,-1.,-1.05003005176864E-27));
#8649=DIRECTION('',(1.05008891268581E-27,-1.05003005176869E-27,1.));
#8650=DIRECTION('',(-5.46836728307682E-14,-1.,-1.05003005176864E-27));
#8651=DIRECTION('',(1.05008891268581E-27,-1.05003005176869E-27,1.));
#8652=DIRECTION('',(-5.46836728307682E-14,-1.,-1.05003005176864E-27));
#8653=DIRECTION('',(1.05008891268581E-27,-1.05003005176869E-27,1.));
#8654=DIRECTION('',(-5.46836728307682E-14,-1.,-1.05003005176864E-27));
#8655=DIRECTION('',(1.05008891268581E-27,-1.05003005176869E-27,1.));
#8656=DIRECTION('',(-5.46836728307682E-14,-1.,-1.05003005176864E-27));
#8657=DIRECTION('',(1.05008891268581E-27,-1.05003005176869E-27,1.));
#8658=DIRECTION('',(-5.46836728307682E-14,-1.,-1.05003005176864E-27));
#8659=DIRECTION('',(1.05008891268581E-27,-1.05003005176869E-27,1.));
#8660=DIRECTION('',(-5.46836728307682E-14,-1.,-1.05003005176864E-27));
#8661=DIRECTION('',(1.05008891268581E-27,-1.05003005176869E-27,1.));
#8662=DIRECTION('',(-5.46836728307682E-14,-1.,-1.05003005176864E-27));
#8663=DIRECTION('',(1.05008891268581E-27,-1.05003005176869E-27,1.));
#8664=DIRECTION('',(-5.46836728307682E-14,-1.,-1.05003005176864E-27));
#8665=DIRECTION('',(1.05008891268581E-27,-1.05003005176869E-27,1.));
#8666=DIRECTION('',(-5.46836728307682E-14,-1.,-1.05003005176864E-27));
#8667=DIRECTION('',(1.05008891268581E-27,-1.05003005176869E-27,1.));
#8668=DIRECTION('',(-5.46836728307682E-14,-1.,-1.05003005176864E-27));
#8669=DIRECTION('',(1.05008891268581E-27,-1.05003005176869E-27,1.));
#8670=DIRECTION('',(-5.46836728307682E-14,-1.,-1.05003005176864E-27));
#8671=DIRECTION('',(1.05008891268581E-27,-1.05003005176869E-27,1.));
#8672=DIRECTION('',(-5.46836728307682E-14,-1.,-1.05003005176864E-27));
#8673=DIRECTION('',(1.05008891268581E-27,-1.05003005176869E-27,1.));
#8674=DIRECTION('',(-5.46836728307682E-14,-1.,-1.05003005176864E-27));
#8675=DIRECTION('',(1.05008891268581E-27,-1.05003005176869E-27,1.));
#8676=DIRECTION('',(-5.46836728307682E-14,-1.,-1.05003005176864E-27));
#8677=DIRECTION('',(1.05008891268581E-27,-1.05003005176869E-27,1.));
#8678=DIRECTION('',(-5.46836728307682E-14,-1.,-1.05003005176864E-27));
#8679=DIRECTION('',(1.05008891268581E-27,-1.05003005176869E-27,1.));
#8680=DIRECTION('',(-5.46836728307682E-14,-1.,-1.05003005176864E-27));
#8681=DIRECTION('',(1.05008891268581E-27,-1.05003005176869E-27,1.));
#8682=DIRECTION('',(-5.46836728307682E-14,-1.,-1.05003005176864E-27));
#8683=DIRECTION('',(1.0500889126858E-27,-1.05003621474452E-27,1.));
#8684=DIRECTION('',(-1.,5.47934654558301E-14,1.05008891268586E-27));
#8685=DIRECTION('',(1.0500889126858E-27,-1.05003621474452E-27,1.));
#8686=DIRECTION('',(-1.,5.47934654558301E-14,1.05008891268586E-27));
#8687=DIRECTION('',(1.0500889126858E-27,-1.05003621474452E-27,1.));
#8688=DIRECTION('',(-1.,5.47934654558301E-14,1.05008891268586E-27));
#8689=DIRECTION('',(1.0500889126858E-27,-1.05003621474452E-27,1.));
#8690=DIRECTION('',(-1.,5.47934654558301E-14,1.05008891268586E-27));
#8691=DIRECTION('',(1.0500889126858E-27,-1.05003621474452E-27,1.));
#8692=DIRECTION('',(-1.,5.47934654558301E-14,1.05008891268586E-27));
#8693=DIRECTION('',(1.0500889126858E-27,-1.05003621474452E-27,1.));
#8694=DIRECTION('',(-1.,5.47934654558301E-14,1.05008891268586E-27));
#8695=DIRECTION('',(1.0500889126858E-27,-1.05003621474452E-27,1.));
#8696=DIRECTION('',(-1.,5.47934654558301E-14,1.05008891268586E-27));
#8697=DIRECTION('',(0.,0.,1.));
#8698=DIRECTION('',(1.,0.,0.));
#8699=DIRECTION('',(1.05008891268581E-27,-1.05003005176869E-27,1.));
#8700=DIRECTION('',(-5.46836728307682E-14,-1.,-1.05003005176864E-27));
#8701=DIRECTION('',(1.05008891268581E-27,-1.05003005176869E-27,1.));
#8702=DIRECTION('',(-5.46836728307682E-14,-1.,-1.05003005176864E-27));
#8703=DIRECTION('',(1.05008891268581E-27,-1.05003005176869E-27,1.));
#8704=DIRECTION('',(-5.46836728307682E-14,-1.,-1.05003005176864E-27));
#8705=DIRECTION('',(0.,0.,1.));
#8706=DIRECTION('',(1.,0.,0.));
#8707=DIRECTION('',(1.05008891268581E-27,-1.05003005176869E-27,1.));
#8708=DIRECTION('',(-5.46836728307682E-14,-1.,-1.05003005176864E-27));
#8709=DIRECTION('',(1.05008891268581E-27,-1.05003005176869E-27,1.));
#8710=DIRECTION('',(-5.46836728307682E-14,-1.,-1.05003005176864E-27));
#8711=DIRECTION('',(1.05008891268581E-27,-1.05003005176869E-27,1.));
#8712=DIRECTION('',(-5.46836728307682E-14,-1.,-1.05003005176864E-27));
#8713=DIRECTION('',(1.05008891268581E-27,-1.05003005176869E-27,1.));
#8714=DIRECTION('',(-5.46836728307682E-14,-1.,-1.05003005176864E-27));
#8715=DIRECTION('',(1.05008891268581E-27,-1.05003005176869E-27,1.));
#8716=DIRECTION('',(-5.46836728307682E-14,-1.,-1.05003005176864E-27));
#8717=DIRECTION('',(1.05008891268581E-27,-1.05003005176869E-27,1.));
#8718=DIRECTION('',(-5.46836728307682E-14,-1.,-1.05003005176864E-27));
#8719=DIRECTION('',(1.05008891268581E-27,-1.05003005176869E-27,1.));
#8720=DIRECTION('',(-5.46836728307682E-14,-1.,-1.05003005176864E-27));
#8721=DIRECTION('',(1.05008891268581E-27,-1.05003005176869E-27,1.));
#8722=DIRECTION('',(-5.46836728307682E-14,-1.,-1.05003005176864E-27));
#8723=DIRECTION('',(1.05008891268581E-27,-1.05003005176869E-27,1.));
#8724=DIRECTION('',(-5.46836728307682E-14,-1.,-1.05003005176864E-27));
#8725=DIRECTION('',(1.05008891268581E-27,-1.05003005176869E-27,1.));
#8726=DIRECTION('',(-5.46836728307682E-14,-1.,-1.05003005176864E-27));
#8727=DIRECTION('',(1.05008891268581E-27,-1.05003005176869E-27,1.));
#8728=DIRECTION('',(-5.46836728307682E-14,-1.,-1.05003005176864E-27));
#8729=DIRECTION('',(1.05008891268581E-27,-1.05003005176869E-27,1.));
#8730=DIRECTION('',(-5.46836728307682E-14,-1.,-1.05003005176864E-27));
#8731=DIRECTION('',(1.05008891268581E-27,-1.05003005176869E-27,1.));
#8732=DIRECTION('',(-5.46836728307682E-14,-1.,-1.05003005176864E-27));
#8733=DIRECTION('',(1.05008891268581E-27,-1.05003005176869E-27,1.));
#8734=DIRECTION('',(-5.46836728307682E-14,-1.,-1.05003005176864E-27));
#8735=DIRECTION('',(1.05008891268581E-27,-1.05003005176869E-27,1.));
#8736=DIRECTION('',(-5.46836728307682E-14,-1.,-1.05003005176864E-27));
#8737=DIRECTION('',(1.05008891268581E-27,-1.05003005176869E-27,1.));
#8738=DIRECTION('',(-5.46836728307682E-14,-1.,-1.05003005176864E-27));
#8739=DIRECTION('',(1.05008891268581E-27,-1.05003005176869E-27,1.));
#8740=DIRECTION('',(-5.46836728307682E-14,-1.,-1.05003005176864E-27));
#8741=DIRECTION('',(1.05008891268581E-27,-1.05003005176869E-27,1.));
#8742=DIRECTION('',(-5.46836728307682E-14,-1.,-1.05003005176864E-27));
#8743=DIRECTION('',(1.05008891268581E-27,-1.05003005176869E-27,1.));
#8744=DIRECTION('',(-5.46836728307682E-14,-1.,-1.05003005176864E-27));
#8745=DIRECTION('',(1.05008891268581E-27,-1.05003005176869E-27,1.));
#8746=DIRECTION('',(-5.46836728307682E-14,-1.,-1.05003005176864E-27));
#8747=DIRECTION('',(1.05008891268581E-27,-1.05003005176869E-27,1.));
#8748=DIRECTION('',(-5.46836728307682E-14,-1.,-1.05003005176864E-27));
#8749=DIRECTION('',(1.05008891268581E-27,-1.05003005176869E-27,1.));
#8750=DIRECTION('',(-5.46836728307682E-14,-1.,-1.05003005176864E-27));
#8751=DIRECTION('',(1.05008891268581E-27,-1.05003005176869E-27,1.));
#8752=DIRECTION('',(-5.46836728307682E-14,-1.,-1.05003005176864E-27));
#8753=DIRECTION('',(1.05008891268581E-27,-1.05003005176869E-27,1.));
#8754=DIRECTION('',(-5.46836728307682E-14,-1.,-1.05003005176864E-27));
#8755=DIRECTION('',(1.05008891268581E-27,-1.05003005176869E-27,1.));
#8756=DIRECTION('',(-5.46836728307682E-14,-1.,-1.05003005176864E-27));
#8757=DIRECTION('',(1.05008891268581E-27,-1.05003005176869E-27,1.));
#8758=DIRECTION('',(-5.46836728307682E-14,-1.,-1.05003005176864E-27));
#8759=DIRECTION('',(1.05008891268581E-27,-1.05003005176869E-27,1.));
#8760=DIRECTION('',(-5.46836728307682E-14,-1.,-1.05003005176864E-27));
#8761=DIRECTION('',(1.05008891268581E-27,-1.05003005176869E-27,1.));
#8762=DIRECTION('',(-5.46836728307682E-14,-1.,-1.05003005176864E-27));
#8763=DIRECTION('',(1.05008891268581E-27,-1.05003005176869E-27,1.));
#8764=DIRECTION('',(-5.46836728307682E-14,-1.,-1.05003005176864E-27));
#8765=DIRECTION('',(1.05008891268581E-27,-1.05003005176869E-27,1.));
#8766=DIRECTION('',(-5.46836728307682E-14,-1.,-1.05003005176864E-27));
#8767=DIRECTION('',(1.05008891268581E-27,-1.05003005176869E-27,1.));
#8768=DIRECTION('',(-5.46836728307682E-14,-1.,-1.05003005176864E-27));
#8769=DIRECTION('',(1.05008891268581E-27,-1.05003005176869E-27,1.));
#8770=DIRECTION('',(-5.46836728307682E-14,-1.,-1.05003005176864E-27));
#8771=DIRECTION('',(1.0500889126858E-27,-1.05003621474452E-27,1.));
#8772=DIRECTION('',(-1.,5.47934654558301E-14,1.05008891268586E-27));
#8773=DIRECTION('',(1.0500889126858E-27,-1.05003621474452E-27,1.));
#8774=DIRECTION('',(-1.,5.47934654558301E-14,1.05008891268586E-27));
#8775=DIRECTION('',(1.0500889126858E-27,-1.05003621474452E-27,1.));
#8776=DIRECTION('',(-1.,5.47934654558301E-14,1.05008891268586E-27));
#8777=DIRECTION('',(1.0500889126858E-27,-1.05003621474452E-27,1.));
#8778=DIRECTION('',(-1.,5.47934654558301E-14,1.05008891268586E-27));
#8779=DIRECTION('',(1.0500889126858E-27,-1.05003621474452E-27,1.));
#8780=DIRECTION('',(-1.,5.47934654558301E-14,1.05008891268586E-27));
#8781=DIRECTION('',(1.0500889126858E-27,-1.05003621474452E-27,1.));
#8782=DIRECTION('',(-1.,5.47934654558301E-14,1.05008891268586E-27));
#8783=DIRECTION('',(1.0500889126858E-27,-1.05003621474452E-27,1.));
#8784=DIRECTION('',(-1.,5.47934654558301E-14,1.05008891268586E-27));
#8785=DIRECTION('',(0.,0.,1.));
#8786=DIRECTION('',(1.,0.,0.));
#8787=DIRECTION('',(1.05008891268581E-27,-1.05003005176869E-27,1.));
#8788=DIRECTION('',(-5.46836728307682E-14,-1.,-1.05003005176864E-27));
#8789=DIRECTION('',(1.05008891268581E-27,-1.05003005176869E-27,1.));
#8790=DIRECTION('',(-5.46836728307682E-14,-1.,-1.05003005176864E-27));
#8791=DIRECTION('',(1.05008891268581E-27,-1.05003005176869E-27,1.));
#8792=DIRECTION('',(-5.46836728307682E-14,-1.,-1.05003005176864E-27));
#8793=DIRECTION('',(1.05008891268581E-27,-1.05003005176869E-27,1.));
#8794=DIRECTION('',(-5.46836728307682E-14,-1.,-1.05003005176864E-27));
#8795=DIRECTION('',(0.,0.,1.));
#8796=DIRECTION('',(1.,0.,0.));
#8797=DIRECTION('',(1.05008891268581E-27,-1.05003005176869E-27,1.));
#8798=DIRECTION('',(-5.46836728307682E-14,-1.,-1.05003005176864E-27));
#8799=DIRECTION('',(1.05008891268581E-27,-1.05003005176869E-27,1.));
#8800=DIRECTION('',(-5.46836728307682E-14,-1.,-1.05003005176864E-27));
#8801=DIRECTION('',(1.05008891268581E-27,-1.05003005176869E-27,1.));
#8802=DIRECTION('',(-5.46836728307682E-14,-1.,-1.05003005176864E-27));
#8803=DIRECTION('',(1.05008891268581E-27,-1.05003005176869E-27,1.));
#8804=DIRECTION('',(-5.46836728307682E-14,-1.,-1.05003005176864E-27));
#8805=DIRECTION('',(1.05008891268581E-27,-1.05003005176869E-27,1.));
#8806=DIRECTION('',(-5.46836728307682E-14,-1.,-1.05003005176864E-27));
#8807=DIRECTION('',(1.05008891268581E-27,-1.05003005176869E-27,1.));
#8808=DIRECTION('',(-5.46836728307682E-14,-1.,-1.05003005176864E-27));
#8809=DIRECTION('',(1.05008891268581E-27,-1.05003005176869E-27,1.));
#8810=DIRECTION('',(-5.46836728307682E-14,-1.,-1.05003005176864E-27));
#8811=DIRECTION('',(1.05008891268581E-27,-1.05003005176869E-27,1.));
#8812=DIRECTION('',(-5.46836728307682E-14,-1.,-1.05003005176864E-27));
#8813=DIRECTION('',(1.05008891268581E-27,-1.05003005176869E-27,1.));
#8814=DIRECTION('',(-5.46836728307682E-14,-1.,-1.05003005176864E-27));
#8815=DIRECTION('',(1.05008891268581E-27,-1.05003005176869E-27,1.));
#8816=DIRECTION('',(-5.46836728307682E-14,-1.,-1.05003005176864E-27));
#8817=DIRECTION('',(1.05008891268581E-27,-1.05003005176869E-27,1.));
#8818=DIRECTION('',(-5.46836728307682E-14,-1.,-1.05003005176864E-27));
#8819=DIRECTION('',(1.05008891268581E-27,-1.05003005176869E-27,1.));
#8820=DIRECTION('',(-5.46836728307682E-14,-1.,-1.05003005176864E-27));
#8821=DIRECTION('',(1.05008891268581E-27,-1.05003005176869E-27,1.));
#8822=DIRECTION('',(-5.46836728307682E-14,-1.,-1.05003005176864E-27));
#8823=DIRECTION('',(1.05008891268581E-27,-1.05003005176869E-27,1.));
#8824=DIRECTION('',(-5.46836728307682E-14,-1.,-1.05003005176864E-27));
#8825=DIRECTION('',(1.05008891268581E-27,-1.05003005176869E-27,1.));
#8826=DIRECTION('',(-5.46836728307682E-14,-1.,-1.05003005176864E-27));
#8827=DIRECTION('',(1.05008891268581E-27,-1.05003005176869E-27,1.));
#8828=DIRECTION('',(-5.46836728307682E-14,-1.,-1.05003005176864E-27));
#8829=DIRECTION('',(1.05008891268581E-27,-1.05003005176869E-27,1.));
#8830=DIRECTION('',(-5.46836728307682E-14,-1.,-1.05003005176864E-27));
#8831=DIRECTION('',(1.05008891268581E-27,-1.05003005176869E-27,1.));
#8832=DIRECTION('',(-5.46836728307682E-14,-1.,-1.05003005176864E-27));
#8833=DIRECTION('',(1.05008891268581E-27,-1.05003005176869E-27,1.));
#8834=DIRECTION('',(-5.46836728307682E-14,-1.,-1.05003005176864E-27));
#8835=DIRECTION('',(1.05008891268581E-27,-1.05003005176869E-27,1.));
#8836=DIRECTION('',(-5.46836728307682E-14,-1.,-1.05003005176864E-27));
#8837=DIRECTION('',(1.05008891268581E-27,-1.05003005176869E-27,1.));
#8838=DIRECTION('',(-5.46836728307682E-14,-1.,-1.05003005176864E-27));
#8839=DIRECTION('',(1.05008891268581E-27,-1.05003005176869E-27,1.));
#8840=DIRECTION('',(-5.46836728307682E-14,-1.,-1.05003005176864E-27));
#8841=DIRECTION('',(1.05008891268581E-27,-1.05003005176869E-27,1.));
#8842=DIRECTION('',(-5.46836728307682E-14,-1.,-1.05003005176864E-27));
#8843=DIRECTION('',(1.05008891268581E-27,-1.05003005176869E-27,1.));
#8844=DIRECTION('',(-5.46836728307682E-14,-1.,-1.05003005176864E-27));
#8845=DIRECTION('',(1.05008891268581E-27,-1.05003005176869E-27,1.));
#8846=DIRECTION('',(-5.46836728307682E-14,-1.,-1.05003005176864E-27));
#8847=DIRECTION('',(1.05008891268581E-27,-1.05003005176869E-27,1.));
#8848=DIRECTION('',(-5.46836728307682E-14,-1.,-1.05003005176864E-27));
#8849=DIRECTION('',(1.05008891268581E-27,-1.05003005176869E-27,1.));
#8850=DIRECTION('',(-5.46836728307682E-14,-1.,-1.05003005176864E-27));
#8851=DIRECTION('',(1.0500889126858E-27,-1.05003621474452E-27,1.));
#8852=DIRECTION('',(-1.,5.47934654558301E-14,1.05008891268586E-27));
#8853=DIRECTION('',(1.0500889126858E-27,-1.05003621474452E-27,1.));
#8854=DIRECTION('',(-1.,5.47934654558301E-14,1.05008891268586E-27));
#8855=DIRECTION('',(1.0500889126858E-27,-1.05003621474452E-27,1.));
#8856=DIRECTION('',(-1.,5.47934654558301E-14,1.05008891268586E-27));
#8857=DIRECTION('',(1.0500889126858E-27,-1.05003621474452E-27,1.));
#8858=DIRECTION('',(-1.,5.47934654558301E-14,1.05008891268586E-27));
#8859=DIRECTION('',(1.0500889126858E-27,-1.05003621474452E-27,1.));
#8860=DIRECTION('',(-1.,5.47934654558301E-14,1.05008891268586E-27));
#8861=DIRECTION('',(1.0500889126858E-27,-1.05003621474452E-27,1.));
#8862=DIRECTION('',(-1.,5.47934654558301E-14,1.05008891268586E-27));
#8863=DIRECTION('',(1.0500889126858E-27,-1.05003621474452E-27,1.));
#8864=DIRECTION('',(-1.,5.47934654558301E-14,1.05008891268586E-27));
#8865=DIRECTION('',(0.,0.,1.));
#8866=DIRECTION('',(1.,0.,0.));
#8867=DIRECTION('',(1.05008891268581E-27,-1.05003005176869E-27,1.));
#8868=DIRECTION('',(-5.46836728307682E-14,-1.,-1.05003005176864E-27));
#8869=DIRECTION('',(1.05008891268581E-27,-1.05003005176869E-27,1.));
#8870=DIRECTION('',(-5.46836728307682E-14,-1.,-1.05003005176864E-27));
#8871=DIRECTION('',(1.05008891268581E-27,-1.05003005176869E-27,1.));
#8872=DIRECTION('',(-5.46836728307682E-14,-1.,-1.05003005176864E-27));
#8873=DIRECTION('',(1.05008891268581E-27,-1.05003005176869E-27,1.));
#8874=DIRECTION('',(-5.46836728307682E-14,-1.,-1.05003005176864E-27));
#8875=DIRECTION('',(1.05008891268581E-27,-1.05003005176869E-27,1.));
#8876=DIRECTION('',(-5.46836728307682E-14,-1.,-1.05003005176864E-27));
#8877=DIRECTION('',(1.05008891268581E-27,-1.05003005176869E-27,1.));
#8878=DIRECTION('',(-5.46836728307682E-14,-1.,-1.05003005176864E-27));
#8879=DIRECTION('',(1.05008891268581E-27,-1.05003005176869E-27,1.));
#8880=DIRECTION('',(-5.46836728307682E-14,-1.,-1.05003005176864E-27));
#8881=DIRECTION('',(1.05008891268581E-27,-1.05003005176869E-27,1.));
#8882=DIRECTION('',(-5.46836728307682E-14,-1.,-1.05003005176864E-27));
#8883=DIRECTION('',(1.05008891268581E-27,-1.05003005176869E-27,1.));
#8884=DIRECTION('',(-5.46836728307682E-14,-1.,-1.05003005176864E-27));
#8885=DIRECTION('',(0.,0.,1.));
#8886=DIRECTION('',(1.,0.,0.));
#8887=DIRECTION('',(0.,0.,1.));
#8888=DIRECTION('',(1.,0.,0.));
#8889=DIRECTION('',(-2.73691106313441E-48,-1.4109313143773E-64,1.));
#8890=DIRECTION('',(5.15519606530966E-17,-1.,0.));
#8891=DIRECTION('',(1.05008891268574E-27,-1.05135227249449E-27,1.));
#8892=DIRECTION('',(-5.46836728307682E-14,-1.,-1.05135227249443E-27));
#8893=DIRECTION('',(1.05008891268574E-27,-1.05135227249449E-27,1.));
#8894=DIRECTION('',(-5.46836728307682E-14,-1.,-1.05135227249443E-27));
#8895=DIRECTION('',(1.05008891268574E-27,-1.05135227249449E-27,1.));
#8896=DIRECTION('',(-5.46836728307682E-14,-1.,-1.05135227249443E-27));
#8897=DIRECTION('',(1.05008891268574E-27,-1.05135227249449E-27,1.));
#8898=DIRECTION('',(-5.46836728307682E-14,-1.,-1.05135227249443E-27));
#8899=DIRECTION('',(1.05008891268574E-27,-1.05135227249449E-27,1.));
#8900=DIRECTION('',(-5.46836728307682E-14,-1.,-1.05135227249443E-27));
#8901=DIRECTION('',(1.05008891268574E-27,-1.05135227249449E-27,1.));
#8902=DIRECTION('',(-5.46836728307682E-14,-1.,-1.05135227249443E-27));
#8903=DIRECTION('',(1.05008891268574E-27,-1.05135227249449E-27,1.));
#8904=DIRECTION('',(-5.46836728307682E-14,-1.,-1.05135227249443E-27));
#8905=DIRECTION('',(1.05008891268574E-27,-1.05135227249449E-27,1.));
#8906=DIRECTION('',(-5.46836728307682E-14,-1.,-1.05135227249443E-27));
#8907=DIRECTION('',(1.05008891268574E-27,-1.05135227249449E-27,1.));
#8908=DIRECTION('',(-5.46836728307682E-14,-1.,-1.05135227249443E-27));
#8909=DIRECTION('',(1.05008891268574E-27,-1.05135227249449E-27,1.));
#8910=DIRECTION('',(-5.46836728307682E-14,-1.,-1.05135227249443E-27));
#8911=DIRECTION('',(1.05008891268574E-27,-1.05135227249449E-27,1.));
#8912=DIRECTION('',(-5.46836728307682E-14,-1.,-1.05135227249443E-27));
#8913=DIRECTION('',(1.05008891268574E-27,-1.05135227249449E-27,1.));
#8914=DIRECTION('',(-5.46836728307682E-14,-1.,-1.05135227249443E-27));
#8915=DIRECTION('',(1.05008891268574E-27,-1.05135227249449E-27,1.));
#8916=DIRECTION('',(-5.46836728307682E-14,-1.,-1.05135227249443E-27));
#8917=DIRECTION('',(1.05008891268574E-27,-1.05135227249449E-27,1.));
#8918=DIRECTION('',(-5.46836728307682E-14,-1.,-1.05135227249443E-27));
#8919=DIRECTION('',(1.05008891268574E-27,-1.05135227249449E-27,1.));
#8920=DIRECTION('',(-5.46836728307682E-14,-1.,-1.05135227249443E-27));
#8921=DIRECTION('',(1.05008891268574E-27,-1.05135227249449E-27,1.));
#8922=DIRECTION('',(-5.46836728307682E-14,-1.,-1.05135227249443E-27));
#8923=DIRECTION('',(1.05008891268574E-27,-1.05135227249449E-27,1.));
#8924=DIRECTION('',(-5.46836728307682E-14,-1.,-1.05135227249443E-27));
#8925=DIRECTION('',(1.05008891268574E-27,-1.05135227249449E-27,1.));
#8926=DIRECTION('',(-5.46836728307682E-14,-1.,-1.05135227249443E-27));
#8927=DIRECTION('',(1.05008891268574E-27,-1.05135227249449E-27,1.));
#8928=DIRECTION('',(-5.46836728307682E-14,-1.,-1.05135227249443E-27));
#8929=DIRECTION('',(1.05008891268574E-27,-1.05135227249449E-27,1.));
#8930=DIRECTION('',(-5.46836728307682E-14,-1.,-1.05135227249443E-27));
#8931=DIRECTION('',(1.05008891268574E-27,-1.05135227249449E-27,1.));
#8932=DIRECTION('',(-5.46836728307682E-14,-1.,-1.05135227249443E-27));
#8933=DIRECTION('',(1.05008891268574E-27,-1.05135227249449E-27,1.));
#8934=DIRECTION('',(-5.46836728307682E-14,-1.,-1.05135227249443E-27));
#8935=DIRECTION('',(1.05008891268574E-27,-1.05135227249449E-27,1.));
#8936=DIRECTION('',(-5.46836728307682E-14,-1.,-1.05135227249443E-27));
#8937=DIRECTION('',(1.05008891268574E-27,-1.05135227249449E-27,1.));
#8938=DIRECTION('',(-5.46836728307682E-14,-1.,-1.05135227249443E-27));
#8939=DIRECTION('',(1.05008891268574E-27,-1.05135227249449E-27,1.));
#8940=DIRECTION('',(-5.46836728307682E-14,-1.,-1.05135227249443E-27));
#8941=DIRECTION('',(1.05008891268574E-27,-1.05135227249449E-27,1.));
#8942=DIRECTION('',(-5.46836728307682E-14,-1.,-1.05135227249443E-27));
#8943=DIRECTION('',(1.05008891268574E-27,-1.05135227249449E-27,1.));
#8944=DIRECTION('',(-5.46836728307682E-14,-1.,-1.05135227249443E-27));
#8945=DIRECTION('',(1.05008891268574E-27,-1.05135227249449E-27,1.));
#8946=DIRECTION('',(-5.46836728307682E-14,-1.,-1.05135227249443E-27));
#8947=DIRECTION('',(1.05008891268574E-27,-1.05135227249449E-27,1.));
#8948=DIRECTION('',(-5.46836728307682E-14,-1.,-1.05135227249443E-27));
#8949=DIRECTION('',(1.05008891268574E-27,-1.05135227249449E-27,1.));
#8950=DIRECTION('',(-5.46836728307682E-14,-1.,-1.05135227249443E-27));
#8951=DIRECTION('',(1.05008891268574E-27,-1.05135227249449E-27,1.));
#8952=DIRECTION('',(-5.46836728307682E-14,-1.,-1.05135227249443E-27));
#8953=DIRECTION('',(1.05008891268574E-27,-1.05135227249449E-27,1.));
#8954=DIRECTION('',(-5.46836728307682E-14,-1.,-1.05135227249443E-27));
#8955=DIRECTION('',(1.05008891268574E-27,-1.05135227249449E-27,1.));
#8956=DIRECTION('',(-5.46836728307682E-14,-1.,-1.05135227249443E-27));
#8957=DIRECTION('',(1.05008891268574E-27,-1.05135227249449E-27,1.));
#8958=DIRECTION('',(-5.46836728307682E-14,-1.,-1.05135227249443E-27));
#8959=DIRECTION('',(1.05008891268574E-27,-1.05135227249449E-27,1.));
#8960=DIRECTION('',(-5.46836728307682E-14,-1.,-1.05135227249443E-27));
#8961=DIRECTION('',(1.05008891268574E-27,-1.05135227249449E-27,1.));
#8962=DIRECTION('',(-5.46836728307682E-14,-1.,-1.05135227249443E-27));
#8963=DIRECTION('',(1.05008891268574E-27,-1.05135227249449E-27,1.));
#8964=DIRECTION('',(-1.,5.479346545583E-14,1.0500889126858E-27));
#8965=DIRECTION('',(1.05008891268574E-27,-1.05135227249449E-27,1.));
#8966=DIRECTION('',(-1.,5.479346545583E-14,1.0500889126858E-27));
#8967=DIRECTION('',(1.05008891268574E-27,-1.05135227249449E-27,1.));
#8968=DIRECTION('',(-1.,5.479346545583E-14,1.0500889126858E-27));
#8969=DIRECTION('',(1.05008891268574E-27,-1.05135227249449E-27,1.));
#8970=DIRECTION('',(-1.,5.479346545583E-14,1.0500889126858E-27));
#8971=DIRECTION('',(1.05008891268574E-27,-1.05135227249449E-27,1.));
#8972=DIRECTION('',(-1.,5.479346545583E-14,1.0500889126858E-27));
#8973=DIRECTION('',(1.05008891268574E-27,-1.05135227249449E-27,1.));
#8974=DIRECTION('',(-1.,5.479346545583E-14,1.0500889126858E-27));
#8975=DIRECTION('',(1.05008891268574E-27,-1.05135227249449E-27,1.));
#8976=DIRECTION('',(-1.,5.479346545583E-14,1.0500889126858E-27));
#8977=DIRECTION('',(0.,0.,1.));
#8978=DIRECTION('',(1.,0.,0.));
#8979=DIRECTION('',(0.,0.,1.));
#8980=DIRECTION('',(1.,0.,0.));
#8981=DIRECTION('',(1.05008891268574E-27,-1.05135227249449E-27,1.));
#8982=DIRECTION('',(-5.46836728307682E-14,-1.,-1.05135227249443E-27));
#8983=DIRECTION('',(1.05008891268574E-27,-1.05135227249449E-27,1.));
#8984=DIRECTION('',(-5.46836728307682E-14,-1.,-1.05135227249443E-27));
#8985=DIRECTION('',(1.05008891268574E-27,-1.05135227249449E-27,1.));
#8986=DIRECTION('',(-5.46836728307682E-14,-1.,-1.05135227249443E-27));
#8987=DIRECTION('',(1.05008891268574E-27,-1.05135227249449E-27,1.));
#8988=DIRECTION('',(-5.46836728307682E-14,-1.,-1.05135227249443E-27));
#8989=DIRECTION('',(1.05008891268574E-27,-1.05135227249449E-27,1.));
#8990=DIRECTION('',(-5.46836728307682E-14,-1.,-1.05135227249443E-27));
#8991=DIRECTION('',(1.05008891268574E-27,-1.05135227249449E-27,1.));
#8992=DIRECTION('',(-5.46836728307682E-14,-1.,-1.05135227249443E-27));
#8993=DIRECTION('',(1.05008891268574E-27,-1.05135227249449E-27,1.));
#8994=DIRECTION('',(-5.46836728307682E-14,-1.,-1.05135227249443E-27));
#8995=DIRECTION('',(1.05008891268574E-27,-1.05135227249449E-27,1.));
#8996=DIRECTION('',(-5.46836728307682E-14,-1.,-1.05135227249443E-27));
#8997=DIRECTION('',(1.05008891268574E-27,-1.05135227249449E-27,1.));
#8998=DIRECTION('',(-5.46836728307682E-14,-1.,-1.05135227249443E-27));
#8999=DIRECTION('',(1.05008891268574E-27,-1.05135227249449E-27,1.));
#9000=DIRECTION('',(-5.46836728307682E-14,-1.,-1.05135227249443E-27));
#9001=DIRECTION('',(1.05008891268574E-27,-1.05135227249449E-27,1.));
#9002=DIRECTION('',(-5.46836728307682E-14,-1.,-1.05135227249443E-27));
#9003=DIRECTION('',(1.05008891268574E-27,-1.05135227249449E-27,1.));
#9004=DIRECTION('',(-5.46836728307682E-14,-1.,-1.05135227249443E-27));
#9005=DIRECTION('',(1.05008891268574E-27,-1.05135227249449E-27,1.));
#9006=DIRECTION('',(-5.46836728307682E-14,-1.,-1.05135227249443E-27));
#9007=DIRECTION('',(1.05008891268574E-27,-1.05135227249449E-27,1.));
#9008=DIRECTION('',(-5.46836728307682E-14,-1.,-1.05135227249443E-27));
#9009=DIRECTION('',(1.05008891268574E-27,-1.05135227249449E-27,1.));
#9010=DIRECTION('',(-5.46836728307682E-14,-1.,-1.05135227249443E-27));
#9011=DIRECTION('',(1.05008891268574E-27,-1.05135227249449E-27,1.));
#9012=DIRECTION('',(-5.46836728307682E-14,-1.,-1.05135227249443E-27));
#9013=DIRECTION('',(1.05008891268574E-27,-1.05135227249449E-27,1.));
#9014=DIRECTION('',(-5.46836728307682E-14,-1.,-1.05135227249443E-27));
#9015=DIRECTION('',(1.05008891268574E-27,-1.05135227249449E-27,1.));
#9016=DIRECTION('',(-5.46836728307682E-14,-1.,-1.05135227249443E-27));
#9017=DIRECTION('',(1.05008891268574E-27,-1.05135227249449E-27,1.));
#9018=DIRECTION('',(-5.46836728307682E-14,-1.,-1.05135227249443E-27));
#9019=DIRECTION('',(1.05008891268574E-27,-1.05135227249449E-27,1.));
#9020=DIRECTION('',(-5.46836728307682E-14,-1.,-1.05135227249443E-27));
#9021=DIRECTION('',(1.05008891268574E-27,-1.05135227249449E-27,1.));
#9022=DIRECTION('',(-5.46836728307682E-14,-1.,-1.05135227249443E-27));
#9023=DIRECTION('',(1.05008891268574E-27,-1.05135227249449E-27,1.));
#9024=DIRECTION('',(-5.46836728307682E-14,-1.,-1.05135227249443E-27));
#9025=DIRECTION('',(1.05008891268574E-27,-1.05135227249449E-27,1.));
#9026=DIRECTION('',(-5.46836728307682E-14,-1.,-1.05135227249443E-27));
#9027=DIRECTION('',(1.05008891268574E-27,-1.05135227249449E-27,1.));
#9028=DIRECTION('',(-5.46836728307682E-14,-1.,-1.05135227249443E-27));
#9029=DIRECTION('',(1.05008891268574E-27,-1.05135227249449E-27,1.));
#9030=DIRECTION('',(-5.46836728307682E-14,-1.,-1.05135227249443E-27));
#9031=DIRECTION('',(1.05008891268574E-27,-1.05135227249449E-27,1.));
#9032=DIRECTION('',(-5.46836728307682E-14,-1.,-1.05135227249443E-27));
#9033=DIRECTION('',(1.05008891268574E-27,-1.05135227249449E-27,1.));
#9034=DIRECTION('',(-5.46836728307682E-14,-1.,-1.05135227249443E-27));
#9035=DIRECTION('',(1.05008891268574E-27,-1.05135227249449E-27,1.));
#9036=DIRECTION('',(-5.46836728307682E-14,-1.,-1.05135227249443E-27));
#9037=DIRECTION('',(1.05008891268574E-27,-1.05135227249449E-27,1.));
#9038=DIRECTION('',(-1.,5.479346545583E-14,1.0500889126858E-27));
#9039=DIRECTION('',(1.05008891268574E-27,-1.05135227249449E-27,1.));
#9040=DIRECTION('',(-1.,5.479346545583E-14,1.0500889126858E-27));
#9041=DIRECTION('',(1.05008891268574E-27,-1.05135227249449E-27,1.));
#9042=DIRECTION('',(-1.,5.479346545583E-14,1.0500889126858E-27));
#9043=DIRECTION('',(1.05008891268574E-27,-1.05135227249449E-27,1.));
#9044=DIRECTION('',(-1.,5.479346545583E-14,1.0500889126858E-27));
#9045=DIRECTION('',(1.05008891268574E-27,-1.05135227249449E-27,1.));
#9046=DIRECTION('',(-1.,5.479346545583E-14,1.0500889126858E-27));
#9047=DIRECTION('',(1.05008891268574E-27,-1.05135227249449E-27,1.));
#9048=DIRECTION('',(-1.,5.479346545583E-14,1.0500889126858E-27));
#9049=DIRECTION('',(1.05008891268574E-27,-1.05135227249449E-27,1.));
#9050=DIRECTION('',(-1.,5.479346545583E-14,1.0500889126858E-27));
#9051=DIRECTION('',(0.,0.,1.));
#9052=DIRECTION('',(1.,0.,0.));
#9053=DIRECTION('',(1.05008891268574E-27,-1.05135227249449E-27,1.));
#9054=DIRECTION('',(-5.46836728307682E-14,-1.,-1.05135227249443E-27));
#9055=DIRECTION('',(1.05008891268574E-27,-1.05135227249449E-27,1.));
#9056=DIRECTION('',(-5.46836728307682E-14,-1.,-1.05135227249443E-27));
#9057=DIRECTION('',(1.05008891268574E-27,-1.05135227249449E-27,1.));
#9058=DIRECTION('',(-5.46836728307682E-14,-1.,-1.05135227249443E-27));
#9059=DIRECTION('',(1.05008891268574E-27,-1.05135227249449E-27,1.));
#9060=DIRECTION('',(-5.46836728307682E-14,-1.,-1.05135227249443E-27));
#9061=DIRECTION('',(1.05008891268574E-27,-1.05135227249449E-27,1.));
#9062=DIRECTION('',(-5.46836728307682E-14,-1.,-1.05135227249443E-27));
#9063=DIRECTION('',(1.05008891268574E-27,-1.05135227249449E-27,1.));
#9064=DIRECTION('',(-5.46836728307682E-14,-1.,-1.05135227249443E-27));
#9065=DIRECTION('',(1.05008891268574E-27,-1.05135227249449E-27,1.));
#9066=DIRECTION('',(-5.46836728307682E-14,-1.,-1.05135227249443E-27));
#9067=DIRECTION('',(1.05008891268574E-27,-1.05135227249449E-27,1.));
#9068=DIRECTION('',(-5.46836728307682E-14,-1.,-1.05135227249443E-27));
#9069=DIRECTION('',(0.,0.,1.));
#9070=DIRECTION('',(1.,0.,0.));
#9071=DIRECTION('',(1.05008891268574E-27,-1.05135227249449E-27,1.));
#9072=DIRECTION('',(-5.46836728307682E-14,-1.,-1.05135227249443E-27));
#9073=DIRECTION('',(1.05008891268574E-27,-1.05135227249449E-27,1.));
#9074=DIRECTION('',(-5.46836728307682E-14,-1.,-1.05135227249443E-27));
#9075=DIRECTION('',(1.05008891268574E-27,-1.05135227249449E-27,1.));
#9076=DIRECTION('',(-5.46836728307682E-14,-1.,-1.05135227249443E-27));
#9077=DIRECTION('',(1.05008891268574E-27,-1.05135227249449E-27,1.));
#9078=DIRECTION('',(-5.46836728307682E-14,-1.,-1.05135227249443E-27));
#9079=DIRECTION('',(1.05008891268574E-27,-1.05135227249449E-27,1.));
#9080=DIRECTION('',(-5.46836728307682E-14,-1.,-1.05135227249443E-27));
#9081=DIRECTION('',(1.05008891268574E-27,-1.05135227249449E-27,1.));
#9082=DIRECTION('',(-5.46836728307682E-14,-1.,-1.05135227249443E-27));
#9083=DIRECTION('',(1.05008891268574E-27,-1.05135227249449E-27,1.));
#9084=DIRECTION('',(-5.46836728307682E-14,-1.,-1.05135227249443E-27));
#9085=DIRECTION('',(1.05008891268574E-27,-1.05135227249449E-27,1.));
#9086=DIRECTION('',(-5.46836728307682E-14,-1.,-1.05135227249443E-27));
#9087=DIRECTION('',(1.05008891268574E-27,-1.05135227249449E-27,1.));
#9088=DIRECTION('',(-5.46836728307682E-14,-1.,-1.05135227249443E-27));
#9089=DIRECTION('',(1.05008891268574E-27,-1.05135227249449E-27,1.));
#9090=DIRECTION('',(-5.46836728307682E-14,-1.,-1.05135227249443E-27));
#9091=DIRECTION('',(1.05008891268574E-27,-1.05135227249449E-27,1.));
#9092=DIRECTION('',(-5.46836728307682E-14,-1.,-1.05135227249443E-27));
#9093=DIRECTION('',(1.05008891268574E-27,-1.05135227249449E-27,1.));
#9094=DIRECTION('',(-5.46836728307682E-14,-1.,-1.05135227249443E-27));
#9095=DIRECTION('',(1.05008891268574E-27,-1.05135227249449E-27,1.));
#9096=DIRECTION('',(-5.46836728307682E-14,-1.,-1.05135227249443E-27));
#9097=DIRECTION('',(1.05008891268574E-27,-1.05135227249449E-27,1.));
#9098=DIRECTION('',(-5.46836728307682E-14,-1.,-1.05135227249443E-27));
#9099=DIRECTION('',(1.05008891268574E-27,-1.05135227249449E-27,1.));
#9100=DIRECTION('',(-5.46836728307682E-14,-1.,-1.05135227249443E-27));
#9101=DIRECTION('',(1.05008891268574E-27,-1.05135227249449E-27,1.));
#9102=DIRECTION('',(-5.46836728307682E-14,-1.,-1.05135227249443E-27));
#9103=DIRECTION('',(1.05008891268574E-27,-1.05135227249449E-27,1.));
#9104=DIRECTION('',(-5.46836728307682E-14,-1.,-1.05135227249443E-27));
#9105=DIRECTION('',(1.05008891268574E-27,-1.05135227249449E-27,1.));
#9106=DIRECTION('',(-5.46836728307682E-14,-1.,-1.05135227249443E-27));
#9107=DIRECTION('',(1.05008891268574E-27,-1.05135227249449E-27,1.));
#9108=DIRECTION('',(-5.46836728307682E-14,-1.,-1.05135227249443E-27));
#9109=DIRECTION('',(1.05008891268574E-27,-1.05135227249449E-27,1.));
#9110=DIRECTION('',(-5.46836728307682E-14,-1.,-1.05135227249443E-27));
#9111=DIRECTION('',(1.05008891268574E-27,-1.05135227249449E-27,1.));
#9112=DIRECTION('',(-5.46836728307682E-14,-1.,-1.05135227249443E-27));
#9113=DIRECTION('',(1.05008891268574E-27,-1.05135227249449E-27,1.));
#9114=DIRECTION('',(-5.46836728307682E-14,-1.,-1.05135227249443E-27));
#9115=DIRECTION('',(1.05008891268574E-27,-1.05135227249449E-27,1.));
#9116=DIRECTION('',(-5.46836728307682E-14,-1.,-1.05135227249443E-27));
#9117=DIRECTION('',(1.05008891268574E-27,-1.05135227249449E-27,1.));
#9118=DIRECTION('',(-5.46836728307682E-14,-1.,-1.05135227249443E-27));
#9119=DIRECTION('',(1.05008891268574E-27,-1.05135227249449E-27,1.));
#9120=DIRECTION('',(-5.46836728307682E-14,-1.,-1.05135227249443E-27));
#9121=DIRECTION('',(1.05008891268574E-27,-1.05135227249449E-27,1.));
#9122=DIRECTION('',(-5.46836728307682E-14,-1.,-1.05135227249443E-27));
#9123=DIRECTION('',(1.05008891268574E-27,-1.05135227249449E-27,1.));
#9124=DIRECTION('',(-5.46836728307682E-14,-1.,-1.05135227249443E-27));
#9125=DIRECTION('',(1.05008891268574E-27,-1.05135227249449E-27,1.));
#9126=DIRECTION('',(-5.46836728307682E-14,-1.,-1.05135227249443E-27));
#9127=DIRECTION('',(1.05008891268574E-27,-1.05135227249449E-27,1.));
#9128=DIRECTION('',(-5.46836728307682E-14,-1.,-1.05135227249443E-27));
#9129=DIRECTION('',(1.05008891268574E-27,-1.05135227249449E-27,1.));
#9130=DIRECTION('',(-5.46836728307682E-14,-1.,-1.05135227249443E-27));
#9131=DIRECTION('',(1.05008891268574E-27,-1.05135227249449E-27,1.));
#9132=DIRECTION('',(-5.46836728307682E-14,-1.,-1.05135227249443E-27));
#9133=DIRECTION('',(1.05008891268574E-27,-1.05135227249449E-27,1.));
#9134=DIRECTION('',(-5.46836728307682E-14,-1.,-1.05135227249443E-27));
#9135=DIRECTION('',(1.05008891268574E-27,-1.05135227249449E-27,1.));
#9136=DIRECTION('',(-5.46836728307682E-14,-1.,-1.05135227249443E-27));
#9137=DIRECTION('',(1.05008891268574E-27,-1.05135227249449E-27,1.));
#9138=DIRECTION('',(-1.,5.479346545583E-14,1.0500889126858E-27));
#9139=DIRECTION('',(1.05008891268574E-27,-1.05135227249449E-27,1.));
#9140=DIRECTION('',(-1.,5.479346545583E-14,1.0500889126858E-27));
#9141=DIRECTION('',(1.05008891268574E-27,-1.05135227249449E-27,1.));
#9142=DIRECTION('',(-1.,5.479346545583E-14,1.0500889126858E-27));
#9143=DIRECTION('',(1.05008891268574E-27,-1.05135227249449E-27,1.));
#9144=DIRECTION('',(-1.,5.479346545583E-14,1.0500889126858E-27));
#9145=DIRECTION('',(1.05008891268574E-27,-1.05135227249449E-27,1.));
#9146=DIRECTION('',(-1.,5.479346545583E-14,1.0500889126858E-27));
#9147=DIRECTION('',(1.05008891268574E-27,-1.05135227249449E-27,1.));
#9148=DIRECTION('',(-1.,5.479346545583E-14,1.0500889126858E-27));
#9149=DIRECTION('',(1.05008891268574E-27,-1.05135227249449E-27,1.));
#9150=DIRECTION('',(-1.,5.479346545583E-14,1.0500889126858E-27));
#9151=DIRECTION('',(0.,0.,1.));
#9152=DIRECTION('',(1.,0.,0.));
#9153=DIRECTION('',(1.05008891268574E-27,-1.05135227249449E-27,1.));
#9154=DIRECTION('',(-5.46836728307682E-14,-1.,-1.05135227249443E-27));
#9155=DIRECTION('',(1.05008891268574E-27,-1.05135227249449E-27,1.));
#9156=DIRECTION('',(-5.46836728307682E-14,-1.,-1.05135227249443E-27));
#9157=DIRECTION('',(1.05008891268574E-27,-1.05135227249449E-27,1.));
#9158=DIRECTION('',(-5.46836728307682E-14,-1.,-1.05135227249443E-27));
#9159=DIRECTION('',(0.,0.,1.));
#9160=DIRECTION('',(1.,0.,0.));
#9161=DIRECTION('',(1.05008891268574E-27,-1.05135227249449E-27,1.));
#9162=DIRECTION('',(-5.46836728307682E-14,-1.,-1.05135227249443E-27));
#9163=DIRECTION('',(1.05008891268574E-27,-1.05135227249449E-27,1.));
#9164=DIRECTION('',(-5.46836728307682E-14,-1.,-1.05135227249443E-27));
#9165=DIRECTION('',(1.05008891268574E-27,-1.05135227249449E-27,1.));
#9166=DIRECTION('',(-5.46836728307682E-14,-1.,-1.05135227249443E-27));
#9167=DIRECTION('',(1.05008891268574E-27,-1.05135227249449E-27,1.));
#9168=DIRECTION('',(-5.46836728307682E-14,-1.,-1.05135227249443E-27));
#9169=DIRECTION('',(1.05008891268574E-27,-1.05135227249449E-27,1.));
#9170=DIRECTION('',(-5.46836728307682E-14,-1.,-1.05135227249443E-27));
#9171=DIRECTION('',(1.05008891268574E-27,-1.05135227249449E-27,1.));
#9172=DIRECTION('',(-5.46836728307682E-14,-1.,-1.05135227249443E-27));
#9173=DIRECTION('',(1.05008891268574E-27,-1.05135227249449E-27,1.));
#9174=DIRECTION('',(-5.46836728307682E-14,-1.,-1.05135227249443E-27));
#9175=DIRECTION('',(1.05008891268574E-27,-1.05135227249449E-27,1.));
#9176=DIRECTION('',(-5.46836728307682E-14,-1.,-1.05135227249443E-27));
#9177=DIRECTION('',(1.05008891268574E-27,-1.05135227249449E-27,1.));
#9178=DIRECTION('',(-5.46836728307682E-14,-1.,-1.05135227249443E-27));
#9179=DIRECTION('',(1.05008891268574E-27,-1.05135227249449E-27,1.));
#9180=DIRECTION('',(-5.46836728307682E-14,-1.,-1.05135227249443E-27));
#9181=DIRECTION('',(1.05008891268574E-27,-1.05135227249449E-27,1.));
#9182=DIRECTION('',(-5.46836728307682E-14,-1.,-1.05135227249443E-27));
#9183=DIRECTION('',(1.05008891268574E-27,-1.05135227249449E-27,1.));
#9184=DIRECTION('',(-5.46836728307682E-14,-1.,-1.05135227249443E-27));
#9185=DIRECTION('',(1.05008891268574E-27,-1.05135227249449E-27,1.));
#9186=DIRECTION('',(-5.46836728307682E-14,-1.,-1.05135227249443E-27));
#9187=DIRECTION('',(1.05008891268574E-27,-1.05135227249449E-27,1.));
#9188=DIRECTION('',(-5.46836728307682E-14,-1.,-1.05135227249443E-27));
#9189=DIRECTION('',(1.05008891268574E-27,-1.05135227249449E-27,1.));
#9190=DIRECTION('',(-5.46836728307682E-14,-1.,-1.05135227249443E-27));
#9191=DIRECTION('',(1.05008891268574E-27,-1.05135227249449E-27,1.));
#9192=DIRECTION('',(-5.46836728307682E-14,-1.,-1.05135227249443E-27));
#9193=DIRECTION('',(1.05008891268574E-27,-1.05135227249449E-27,1.));
#9194=DIRECTION('',(-5.46836728307682E-14,-1.,-1.05135227249443E-27));
#9195=DIRECTION('',(1.05008891268574E-27,-1.05135227249449E-27,1.));
#9196=DIRECTION('',(-5.46836728307682E-14,-1.,-1.05135227249443E-27));
#9197=DIRECTION('',(1.05008891268574E-27,-1.05135227249449E-27,1.));
#9198=DIRECTION('',(-5.46836728307682E-14,-1.,-1.05135227249443E-27));
#9199=DIRECTION('',(1.05008891268574E-27,-1.05135227249449E-27,1.));
#9200=DIRECTION('',(-5.46836728307682E-14,-1.,-1.05135227249443E-27));
#9201=DIRECTION('',(1.05008891268574E-27,-1.05135227249449E-27,1.));
#9202=DIRECTION('',(-5.46836728307682E-14,-1.,-1.05135227249443E-27));
#9203=DIRECTION('',(1.05008891268574E-27,-1.05135227249449E-27,1.));
#9204=DIRECTION('',(-5.46836728307682E-14,-1.,-1.05135227249443E-27));
#9205=DIRECTION('',(1.05008891268574E-27,-1.05135227249449E-27,1.));
#9206=DIRECTION('',(-5.46836728307682E-14,-1.,-1.05135227249443E-27));
#9207=DIRECTION('',(1.05008891268574E-27,-1.05135227249449E-27,1.));
#9208=DIRECTION('',(-5.46836728307682E-14,-1.,-1.05135227249443E-27));
#9209=DIRECTION('',(1.05008891268574E-27,-1.05135227249449E-27,1.));
#9210=DIRECTION('',(-5.46836728307682E-14,-1.,-1.05135227249443E-27));
#9211=DIRECTION('',(1.05008891268574E-27,-1.05135227249449E-27,1.));
#9212=DIRECTION('',(-5.46836728307682E-14,-1.,-1.05135227249443E-27));
#9213=DIRECTION('',(1.05008891268574E-27,-1.05135227249449E-27,1.));
#9214=DIRECTION('',(-5.46836728307682E-14,-1.,-1.05135227249443E-27));
#9215=DIRECTION('',(1.05008891268574E-27,-1.05135227249449E-27,1.));
#9216=DIRECTION('',(-5.46836728307682E-14,-1.,-1.05135227249443E-27));
#9217=DIRECTION('',(1.05008891268574E-27,-1.05135227249449E-27,1.));
#9218=DIRECTION('',(-5.46836728307682E-14,-1.,-1.05135227249443E-27));
#9219=DIRECTION('',(1.05008891268574E-27,-1.05135227249449E-27,1.));
#9220=DIRECTION('',(-5.46836728307682E-14,-1.,-1.05135227249443E-27));
#9221=DIRECTION('',(1.05008891268574E-27,-1.05135227249449E-27,1.));
#9222=DIRECTION('',(-5.46836728307682E-14,-1.,-1.05135227249443E-27));
#9223=DIRECTION('',(1.05008891268574E-27,-1.05135227249449E-27,1.));
#9224=DIRECTION('',(-5.46836728307682E-14,-1.,-1.05135227249443E-27));
#9225=DIRECTION('',(1.05008891268574E-27,-1.05135227249449E-27,1.));
#9226=DIRECTION('',(-5.46836728307682E-14,-1.,-1.05135227249443E-27));
#9227=DIRECTION('',(1.05008891268574E-27,-1.05135227249449E-27,1.));
#9228=DIRECTION('',(-5.46836728307682E-14,-1.,-1.05135227249443E-27));
#9229=DIRECTION('',(1.05008891268574E-27,-1.05135227249449E-27,1.));
#9230=DIRECTION('',(-5.46836728307682E-14,-1.,-1.05135227249443E-27));
#9231=DIRECTION('',(1.05008891268574E-27,-1.05135227249449E-27,1.));
#9232=DIRECTION('',(-5.46836728307682E-14,-1.,-1.05135227249443E-27));
#9233=DIRECTION('',(1.05008891268574E-27,-1.05135227249449E-27,1.));
#9234=DIRECTION('',(-1.,5.479346545583E-14,1.0500889126858E-27));
#9235=DIRECTION('',(1.05008891268574E-27,-1.05135227249449E-27,1.));
#9236=DIRECTION('',(-1.,5.479346545583E-14,1.0500889126858E-27));
#9237=DIRECTION('',(1.05008891268574E-27,-1.05135227249449E-27,1.));
#9238=DIRECTION('',(-1.,5.479346545583E-14,1.0500889126858E-27));
#9239=DIRECTION('',(1.05008891268574E-27,-1.05135227249449E-27,1.));
#9240=DIRECTION('',(-1.,5.479346545583E-14,1.0500889126858E-27));
#9241=DIRECTION('',(1.05008891268574E-27,-1.05135227249449E-27,1.));
#9242=DIRECTION('',(-1.,5.479346545583E-14,1.0500889126858E-27));
#9243=DIRECTION('',(1.05008891268574E-27,-1.05135227249449E-27,1.));
#9244=DIRECTION('',(-1.,5.479346545583E-14,1.0500889126858E-27));
#9245=DIRECTION('',(1.05008891268574E-27,-1.05135227249449E-27,1.));
#9246=DIRECTION('',(-1.,5.479346545583E-14,1.0500889126858E-27));
#9247=DIRECTION('',(0.,0.,1.));
#9248=DIRECTION('',(1.,0.,0.));
#9249=DIRECTION('',(0.,0.,1.));
#9250=DIRECTION('',(1.,0.,0.));
#9251=DIRECTION('',(0.,0.,1.));
#9252=DIRECTION('',(1.,0.,0.));
#9253=DIRECTION('',(0.,0.,1.));
#9254=DIRECTION('',(1.,0.,0.));
#9255=CARTESIAN_POINT('',(0.,0.,0.));
#9256=CARTESIAN_POINT('',(0.035,2.77555756156289E-17,0.025));
#9257=CARTESIAN_POINT('',(0.035,2.77555756156289E-17,0.));
#9258=CARTESIAN_POINT('',(0.035,0.19,0.));
#9259=CARTESIAN_POINT('',(0.035,-0.19,0.));
#9260=CARTESIAN_POINT('',(0.035,0.19,0.025));
#9261=CARTESIAN_POINT('',(0.035,0.19,0.025));
#9262=CARTESIAN_POINT('',(0.035,2.77555756156289E-17,0.025));
#9263=CARTESIAN_POINT('',(0.035,-0.19,0.025));
#9264=CARTESIAN_POINT('',(0.035,-0.19,0.025));
#9265=CARTESIAN_POINT('',(1.38777878078145E-17,0.19,0.025));
#9266=CARTESIAN_POINT('',(1.38777878078145E-17,0.19,0.));
#9267=CARTESIAN_POINT('',(-0.035,0.19,0.));
#9268=CARTESIAN_POINT('',(-0.035,0.19,0.025));
#9269=CARTESIAN_POINT('',(-0.035,0.19,0.025));
#9270=CARTESIAN_POINT('',(1.38777878078145E-17,0.19,0.025));
#9271=CARTESIAN_POINT('',(-0.035,2.77555756156289E-17,0.025));
#9272=CARTESIAN_POINT('',(-0.035,2.77555756156289E-17,0.));
#9273=CARTESIAN_POINT('',(-0.035,-0.19,0.));
#9274=CARTESIAN_POINT('',(-0.035,-0.19,0.025));
#9275=CARTESIAN_POINT('',(-0.035,-0.19,0.025));
#9276=CARTESIAN_POINT('',(-0.035,2.77555756156289E-17,0.025));
#9277=CARTESIAN_POINT('',(-1.38777878078145E-17,-0.19,0.025));
#9278=CARTESIAN_POINT('',(-1.38777878078145E-17,-0.19,0.));
#9279=CARTESIAN_POINT('',(-1.38777878078145E-17,-0.19,0.025));
#9280=CARTESIAN_POINT('',(0.,2.77555756156289E-17,0.025));
#9281=CARTESIAN_POINT('',(0.,2.77555756156289E-17,0.));
#9282=CARTESIAN_POINT('',(8.18787346425211E-15,0.159999999999997,-0.452755));
#9283=CARTESIAN_POINT('',(0.,0.,0.));
#9284=CARTESIAN_POINT('',(0.02495,0.,0.));
#9285=CARTESIAN_POINT('',(0.02495,0.03365,0.));
#9286=CARTESIAN_POINT('',(0.02495,-0.03365,0.));
#9287=CARTESIAN_POINT('',(-3.46944695195361E-18,-0.03365,0.));
#9288=CARTESIAN_POINT('',(-0.02495,-0.03365,0.));
#9289=CARTESIAN_POINT('',(-0.02495,0.,0.));
#9290=CARTESIAN_POINT('',(-0.02495,0.03365,0.));
#9291=CARTESIAN_POINT('',(0.,0.03365,0.));
#9292=CARTESIAN_POINT('',(0.02445,2.57759803265499E-20,0.));
#9293=CARTESIAN_POINT('',(0.02445,0.03315,0.));
#9294=CARTESIAN_POINT('',(0.02445,-0.03315,0.));
#9295=CARTESIAN_POINT('',(0.,0.03315,0.));
#9296=CARTESIAN_POINT('',(-0.02445,0.03315,0.));
#9297=CARTESIAN_POINT('',(-0.02445,-2.57759803265499E-20,0.));
#9298=CARTESIAN_POINT('',(-0.02445,-0.03315,0.));
#9299=CARTESIAN_POINT('',(-3.46944695195361E-18,-0.03315,0.));
#9300=CARTESIAN_POINT('',(0.02495,0.,0.027755));
#9301=CARTESIAN_POINT('',(0.02495,0.03365,0.027755));
#9302=CARTESIAN_POINT('',(0.02495,0.03365,0.027755));
#9303=CARTESIAN_POINT('',(0.02495,0.,0.027755));
#9304=CARTESIAN_POINT('',(0.02495,-0.03365,0.027755));
#9305=CARTESIAN_POINT('',(0.02495,-0.03365,0.027755));
#9306=CARTESIAN_POINT('',(0.,0.03365,0.027755));
#9307=CARTESIAN_POINT('',(-0.02495,0.03365,0.027755));
#9308=CARTESIAN_POINT('',(-0.02495,0.03365,0.027755));
#9309=CARTESIAN_POINT('',(0.,0.03365,0.027755));
#9310=CARTESIAN_POINT('',(-0.02495,0.,0.027755));
#9311=CARTESIAN_POINT('',(-0.02495,-0.03365,0.027755));
#9312=CARTESIAN_POINT('',(-0.02495,-0.03365,0.027755));
#9313=CARTESIAN_POINT('',(-0.02495,0.,0.027755));
#9314=CARTESIAN_POINT('',(-3.46944695195361E-18,-0.03365,0.027755));
#9315=CARTESIAN_POINT('',(-3.46944695195361E-18,-0.03365,0.027755));
#9316=CARTESIAN_POINT('',(0.,0.,0.027755));
#9317=CARTESIAN_POINT('',(0.02445,2.57759803265499E-20,0.027755));
#9318=CARTESIAN_POINT('',(0.02445,-0.03315,0.027755));
#9319=CARTESIAN_POINT('',(0.02445,-0.03315,0.027255));
#9320=CARTESIAN_POINT('',(0.02445,2.57759803265499E-20,0.027255));
#9321=CARTESIAN_POINT('',(0.02445,0.03315,0.027255));
#9322=CARTESIAN_POINT('',(0.02445,0.03315,0.027755));
#9323=CARTESIAN_POINT('',(0.,0.03315,0.027755));
#9324=CARTESIAN_POINT('',(0.,0.03315,0.027255));
#9325=CARTESIAN_POINT('',(-0.02445,0.03315,0.027255));
#9326=CARTESIAN_POINT('',(-0.02445,0.03315,0.027755));
#9327=CARTESIAN_POINT('',(-0.02445,-2.57759803265499E-20,0.027755));
#9328=CARTESIAN_POINT('',(-0.02445,-2.57759803265499E-20,0.027255));
#9329=CARTESIAN_POINT('',(-0.02445,-0.03315,0.027255));
#9330=CARTESIAN_POINT('',(-0.02445,-0.03315,0.027755));
#9331=CARTESIAN_POINT('',(-3.46944695195361E-18,-0.03315,0.027755));
#9332=CARTESIAN_POINT('',(-3.46944695195361E-18,-0.03315,0.027255));
#9333=CARTESIAN_POINT('',(0.,0.,0.027255));
#9334=CARTESIAN_POINT('',(1.36513569102059E-14,0.27495,-0.427755));
#9335=CARTESIAN_POINT('',(0.,-0.001975,0.025));
#9336=CARTESIAN_POINT('',(0.,-0.001975,0.));
#9337=CARTESIAN_POINT('',(0.00265,-0.001975,0.));
#9338=CARTESIAN_POINT('',(-0.00265,-0.001975,0.));
#9339=CARTESIAN_POINT('',(0.00265,-0.001975,0.025));
#9340=CARTESIAN_POINT('',(0.00265,-0.001975,0.025));
#9341=CARTESIAN_POINT('',(0.,-0.001975,0.025));
#9342=CARTESIAN_POINT('',(-0.00265,-0.001975,0.025));
#9343=CARTESIAN_POINT('',(-0.00265,-0.001975,0.025));
#9344=CARTESIAN_POINT('',(0.00265,8.67361737988404E-19,0.025));
#9345=CARTESIAN_POINT('',(0.00265,8.67361737988404E-19,0.));
#9346=CARTESIAN_POINT('',(0.00265,0.001975,0.));
#9347=CARTESIAN_POINT('',(0.00265,0.001975,0.025));
#9348=CARTESIAN_POINT('',(0.00265,0.001975,0.025));
#9349=CARTESIAN_POINT('',(0.00265,8.67361737988404E-19,0.025));
#9350=CARTESIAN_POINT('',(0.,0.001975,0.025));
#9351=CARTESIAN_POINT('',(0.,0.001975,0.));
#9352=CARTESIAN_POINT('',(-0.00265,0.001975,0.));
#9353=CARTESIAN_POINT('',(-0.00265,0.001975,0.025));
#9354=CARTESIAN_POINT('',(-0.00265,0.001975,0.025));
#9355=CARTESIAN_POINT('',(0.,0.001975,0.025));
#9356=CARTESIAN_POINT('',(-0.00265,8.67361737988404E-19,0.025));
#9357=CARTESIAN_POINT('',(-0.00265,8.67361737988404E-19,0.));
#9358=CARTESIAN_POINT('',(-0.00265,8.67361737988404E-19,0.025));
#9359=CARTESIAN_POINT('',(-8.67361737988404E-19,0.,0.025));
#9360=CARTESIAN_POINT('',(-8.67361737988404E-19,0.,0.));
#9361=CARTESIAN_POINT('',(-0.0311249999999847,0.28595,-0.425755));
#9362=CARTESIAN_POINT('',(-0.0269749999999855,0.27495,-0.425755));
#9363=CARTESIAN_POINT('',(-0.0228249999999868,0.25295,-0.425755));
#9364=CARTESIAN_POINT('',(-0.0311249999999866,0.25295,-0.425755));
#9365=CARTESIAN_POINT('',(-0.0228249999999844,0.29695,-0.425755));
#9366=CARTESIAN_POINT('',(-0.0311249999999857,0.26945,-0.425755));
#9367=CARTESIAN_POINT('',(-0.0228249999999857,0.27495,-0.425755));
#9368=CARTESIAN_POINT('',(-0.0269749999999852,0.28045,-0.425755));
#9369=CARTESIAN_POINT('',(-0.0269749999999861,0.26395,-0.425755));
#9370=CARTESIAN_POINT('',(-0.0186749999999846,0.29695,-0.425755));
#9371=CARTESIAN_POINT('',(-0.0186749999999852,0.28595,-0.425755));
#9372=CARTESIAN_POINT('',(-0.0311249999999853,0.27495,-0.425755));
#9373=CARTESIAN_POINT('',(-0.0228249999999851,0.28595,-0.425755));
#9374=CARTESIAN_POINT('',(-0.0186749999999855,0.28045,-0.425755));
#9375=CARTESIAN_POINT('',(-0.0269749999999867,0.25295,-0.425755));
#9376=CARTESIAN_POINT('',(-0.018674999999986,0.26945,-0.425755));
#9377=CARTESIAN_POINT('',(-0.022824999999986,0.26945,-0.425755));
#9378=CARTESIAN_POINT('',(-0.0269749999999864,0.25845,-0.425755));
#9379=CARTESIAN_POINT('',(-0.0269749999999849,0.28595,-0.425755));
#9380=CARTESIAN_POINT('',(-0.0228249999999866,0.25845,-0.425755));
#9381=CARTESIAN_POINT('',(-0.0186749999999867,0.25845,-0.425755));
#9382=CARTESIAN_POINT('',(-0.0228249999999847,0.29145,-0.425755));
#9383=CARTESIAN_POINT('',(-0.0269749999999858,0.26945,-0.425755));
#9384=CARTESIAN_POINT('',(-0.0228249999999854,0.28045,-0.425755));
#9385=CARTESIAN_POINT('',(-0.0186749999999869,0.25295,-0.425755));
#9386=CARTESIAN_POINT('',(-0.0269749999999846,0.29145,-0.425755));
#9387=CARTESIAN_POINT('',(-0.0311249999999851,0.28045,-0.425755));
#9388=CARTESIAN_POINT('',(-0.0311249999999841,0.29695,-0.425755));
#9389=CARTESIAN_POINT('',(-0.0186749999999857,0.27495,-0.425755));
#9390=CARTESIAN_POINT('',(-0.0311249999999859,0.26395,-0.425755));
#9391=CARTESIAN_POINT('',(-0.0311249999999844,0.29145,-0.425755));
#9392=CARTESIAN_POINT('',(-0.0228249999999862,0.26395,-0.425755));
#9393=CARTESIAN_POINT('',(0.0082,0.,0.002));
#9394=CARTESIAN_POINT('',(0.0082,0.,0.001));
#9395=CARTESIAN_POINT('',(0.0082,0.00815,0.001));
#9396=CARTESIAN_POINT('',(0.0082,-0.00815,0.001));
#9397=CARTESIAN_POINT('',(0.0082,0.00815,0.002));
#9398=CARTESIAN_POINT('',(0.0082,0.00815,0.002));
#9399=CARTESIAN_POINT('',(0.0082,0.,0.002));
#9400=CARTESIAN_POINT('',(0.0082,-0.00815,0.002));
#9401=CARTESIAN_POINT('',(0.0082,-0.00815,0.002));
#9402=CARTESIAN_POINT('',(0.00415,0.00815,0.002));
#9403=CARTESIAN_POINT('',(0.00415,0.00815,0.001));
#9404=CARTESIAN_POINT('',(0.0001,0.00815,0.001));
#9405=CARTESIAN_POINT('',(0.0001,0.00815,0.002));
#9406=CARTESIAN_POINT('',(0.0001,0.00815,0.002));
#9407=CARTESIAN_POINT('',(0.00415,0.00815,0.002));
#9408=CARTESIAN_POINT('',(0.0001,3.46944695195361E-18,0.002));
#9409=CARTESIAN_POINT('',(0.0001,3.46944695195361E-18,0.001));
#9410=CARTESIAN_POINT('',(9.99999999999989E-5,-0.00815,0.001));
#9411=CARTESIAN_POINT('',(9.99999999999989E-5,-0.00815,0.002));
#9412=CARTESIAN_POINT('',(9.99999999999989E-5,-0.00815,0.002));
#9413=CARTESIAN_POINT('',(0.0001,3.46944695195361E-18,0.002));
#9414=CARTESIAN_POINT('',(0.00415,-0.00815,0.002));
#9415=CARTESIAN_POINT('',(0.00415,-0.00815,0.001));
#9416=CARTESIAN_POINT('',(0.00415,-0.00815,0.002));
#9417=CARTESIAN_POINT('',(-1.7347234759768E-18,0.,0.002));
#9418=CARTESIAN_POINT('',(-1.7347234759768E-18,0.,0.001));
#9419=CARTESIAN_POINT('',(-0.0248999999999856,0.27495,-0.427755));
#9420=CARTESIAN_POINT('',(-9.99999999999977E-5,-0.0165,0.002));
#9421=CARTESIAN_POINT('',(-9.99999999999977E-5,-0.0165,0.001));
#9422=CARTESIAN_POINT('',(-9.99999999999959E-5,-0.00835,0.001));
#9423=CARTESIAN_POINT('',(-0.0001,-0.02465,0.001));
#9424=CARTESIAN_POINT('',(-9.99999999999959E-5,-0.00835,0.002));
#9425=CARTESIAN_POINT('',(-9.99999999999959E-5,-0.00835,0.002));
#9426=CARTESIAN_POINT('',(-9.99999999999977E-5,-0.0165,0.002));
#9427=CARTESIAN_POINT('',(-0.0001,-0.02465,0.002));
#9428=CARTESIAN_POINT('',(-0.0001,-0.02465,0.002));
#9429=CARTESIAN_POINT('',(-0.00415,-0.00835,0.002));
#9430=CARTESIAN_POINT('',(-0.00415,-0.00835,0.001));
#9431=CARTESIAN_POINT('',(-0.0082,-0.00835,0.001));
#9432=CARTESIAN_POINT('',(-0.0082,-0.00835,0.002));
#9433=CARTESIAN_POINT('',(-0.0082,-0.00835,0.002));
#9434=CARTESIAN_POINT('',(-0.00415,-0.00835,0.002));
#9435=CARTESIAN_POINT('',(-0.0082,-0.0165,0.002));
#9436=CARTESIAN_POINT('',(-0.0082,-0.0165,0.001));
#9437=CARTESIAN_POINT('',(-0.0082,-0.02465,0.001));
#9438=CARTESIAN_POINT('',(-0.0082,-0.02465,0.002));
#9439=CARTESIAN_POINT('',(-0.0082,-0.02465,0.002));
#9440=CARTESIAN_POINT('',(-0.0082,-0.0165,0.002));
#9441=CARTESIAN_POINT('',(-0.00415,-0.02465,0.002));
#9442=CARTESIAN_POINT('',(-0.00415,-0.02465,0.001));
#9443=CARTESIAN_POINT('',(-0.00415,-0.02465,0.002));
#9444=CARTESIAN_POINT('',(-0.0083,-0.0165,0.002));
#9445=CARTESIAN_POINT('',(-0.0083,-0.0165,0.001));
#9446=CARTESIAN_POINT('',(-0.0248999999999856,0.27495,-0.427755));
#9447=CARTESIAN_POINT('',(0.0082,0.0165,0.002));
#9448=CARTESIAN_POINT('',(0.0082,0.0165,0.001));
#9449=CARTESIAN_POINT('',(0.0082,0.02465,0.001));
#9450=CARTESIAN_POINT('',(0.0082,0.00835,0.001));
#9451=CARTESIAN_POINT('',(0.0082,0.02465,0.002));
#9452=CARTESIAN_POINT('',(0.0082,0.02465,0.002));
#9453=CARTESIAN_POINT('',(0.0082,0.0165,0.002));
#9454=CARTESIAN_POINT('',(0.0082,0.00835,0.002));
#9455=CARTESIAN_POINT('',(0.0082,0.00835,0.002));
#9456=CARTESIAN_POINT('',(0.00415,0.02465,0.002));
#9457=CARTESIAN_POINT('',(0.00415,0.02465,0.001));
#9458=CARTESIAN_POINT('',(0.0001,0.02465,0.001));
#9459=CARTESIAN_POINT('',(0.0001,0.02465,0.002));
#9460=CARTESIAN_POINT('',(0.0001,0.02465,0.002));
#9461=CARTESIAN_POINT('',(0.00415,0.02465,0.002));
#9462=CARTESIAN_POINT('',(0.0001,0.0165,0.002));
#9463=CARTESIAN_POINT('',(0.0001,0.0165,0.001));
#9464=CARTESIAN_POINT('',(9.99999999999989E-5,0.00835,0.001));
#9465=CARTESIAN_POINT('',(9.99999999999989E-5,0.00835,0.002));
#9466=CARTESIAN_POINT('',(9.99999999999989E-5,0.00835,0.002));
#9467=CARTESIAN_POINT('',(0.0001,0.0165,0.002));
#9468=CARTESIAN_POINT('',(0.00415,0.00835,0.002));
#9469=CARTESIAN_POINT('',(0.00415,0.00835,0.001));
#9470=CARTESIAN_POINT('',(0.00415,0.00835,0.002));
#9471=CARTESIAN_POINT('',(-1.7347234759768E-18,0.0165,0.002));
#9472=CARTESIAN_POINT('',(-1.7347234759768E-18,0.0165,0.001));
#9473=CARTESIAN_POINT('',(-0.0248999999999856,0.27495,-0.427755));
#9474=CARTESIAN_POINT('',(-9.99999999999977E-5,0.0165,0.002));
#9475=CARTESIAN_POINT('',(-9.99999999999977E-5,0.0165,0.001));
#9476=CARTESIAN_POINT('',(-9.99999999999959E-5,0.02465,0.001));
#9477=CARTESIAN_POINT('',(-0.0001,0.00835,0.001));
#9478=CARTESIAN_POINT('',(-9.99999999999959E-5,0.02465,0.002));
#9479=CARTESIAN_POINT('',(-9.99999999999959E-5,0.02465,0.002));
#9480=CARTESIAN_POINT('',(-9.99999999999977E-5,0.0165,0.002));
#9481=CARTESIAN_POINT('',(-0.0001,0.00835,0.002));
#9482=CARTESIAN_POINT('',(-0.0001,0.00835,0.002));
#9483=CARTESIAN_POINT('',(-0.00415,0.02465,0.002));
#9484=CARTESIAN_POINT('',(-0.00415,0.02465,0.001));
#9485=CARTESIAN_POINT('',(-0.0082,0.02465,0.001));
#9486=CARTESIAN_POINT('',(-0.0082,0.02465,0.002));
#9487=CARTESIAN_POINT('',(-0.0082,0.02465,0.002));
#9488=CARTESIAN_POINT('',(-0.00415,0.02465,0.002));
#9489=CARTESIAN_POINT('',(-0.0082,0.0165,0.002));
#9490=CARTESIAN_POINT('',(-0.0082,0.0165,0.001));
#9491=CARTESIAN_POINT('',(-0.0082,0.00835,0.001));
#9492=CARTESIAN_POINT('',(-0.0082,0.00835,0.002));
#9493=CARTESIAN_POINT('',(-0.0082,0.00835,0.002));
#9494=CARTESIAN_POINT('',(-0.0082,0.0165,0.002));
#9495=CARTESIAN_POINT('',(-0.00415,0.00835,0.002));
#9496=CARTESIAN_POINT('',(-0.00415,0.00835,0.001));
#9497=CARTESIAN_POINT('',(-0.00415,0.00835,0.002));
#9498=CARTESIAN_POINT('',(-0.0083,0.0165,0.002));
#9499=CARTESIAN_POINT('',(-0.0083,0.0165,0.001));
#9500=CARTESIAN_POINT('',(-0.0248999999999856,0.27495,-0.427755));
#9501=CARTESIAN_POINT('',(-9.99999999999977E-5,5.10672526334813E-19,0.002));
#9502=CARTESIAN_POINT('',(-9.99999999999977E-5,5.10672526334813E-19,0.001));
#9503=CARTESIAN_POINT('',(-9.99999999999959E-5,0.00815,0.001));
#9504=CARTESIAN_POINT('',(-0.0001,-0.00815,0.001));
#9505=CARTESIAN_POINT('',(-9.99999999999959E-5,0.00815,0.002));
#9506=CARTESIAN_POINT('',(-9.99999999999959E-5,0.00815,0.002));
#9507=CARTESIAN_POINT('',(-9.99999999999977E-5,5.10672526334813E-19,0.002));
#9508=CARTESIAN_POINT('',(-0.0001,-0.00815,0.002));
#9509=CARTESIAN_POINT('',(-0.0001,-0.00815,0.002));
#9510=CARTESIAN_POINT('',(-0.00415,0.00815,0.002));
#9511=CARTESIAN_POINT('',(-0.00415,0.00815,0.001));
#9512=CARTESIAN_POINT('',(-0.0082,0.00815,0.001));
#9513=CARTESIAN_POINT('',(-0.0082,0.00815,0.002));
#9514=CARTESIAN_POINT('',(-0.0082,0.00815,0.002));
#9515=CARTESIAN_POINT('',(-0.00415,0.00815,0.002));
#9516=CARTESIAN_POINT('',(-0.0082,3.98011947828843E-18,0.002));
#9517=CARTESIAN_POINT('',(-0.0082,3.98011947828843E-18,0.001));
#9518=CARTESIAN_POINT('',(-0.0082,-0.00815,0.001));
#9519=CARTESIAN_POINT('',(-0.0082,-0.00815,0.002));
#9520=CARTESIAN_POINT('',(-0.0082,-0.00815,0.002));
#9521=CARTESIAN_POINT('',(-0.0082,3.98011947828843E-18,0.002));
#9522=CARTESIAN_POINT('',(-0.00415,-0.00815,0.002));
#9523=CARTESIAN_POINT('',(-0.00415,-0.00815,0.001));
#9524=CARTESIAN_POINT('',(-0.00415,-0.00815,0.002));
#9525=CARTESIAN_POINT('',(-0.0083,5.10672526334813E-19,0.002));
#9526=CARTESIAN_POINT('',(-0.0083,5.10672526334813E-19,0.001));
#9527=CARTESIAN_POINT('',(-0.0248999999999856,0.27495,-0.427755));
#9528=CARTESIAN_POINT('',(0.0082,-0.0165,0.002));
#9529=CARTESIAN_POINT('',(0.0082,-0.0165,0.001));
#9530=CARTESIAN_POINT('',(0.0082,-0.00835,0.001));
#9531=CARTESIAN_POINT('',(0.0082,-0.02465,0.001));
#9532=CARTESIAN_POINT('',(0.0082,-0.00835,0.002));
#9533=CARTESIAN_POINT('',(0.0082,-0.00835,0.002));
#9534=CARTESIAN_POINT('',(0.0082,-0.0165,0.002));
#9535=CARTESIAN_POINT('',(0.0082,-0.02465,0.002));
#9536=CARTESIAN_POINT('',(0.0082,-0.02465,0.002));
#9537=CARTESIAN_POINT('',(0.00415,-0.00835,0.002));
#9538=CARTESIAN_POINT('',(0.00415,-0.00835,0.001));
#9539=CARTESIAN_POINT('',(0.0001,-0.00835,0.001));
#9540=CARTESIAN_POINT('',(0.0001,-0.00835,0.002));
#9541=CARTESIAN_POINT('',(0.0001,-0.00835,0.002));
#9542=CARTESIAN_POINT('',(0.00415,-0.00835,0.002));
#9543=CARTESIAN_POINT('',(0.0001,-0.0165,0.002));
#9544=CARTESIAN_POINT('',(0.0001,-0.0165,0.001));
#9545=CARTESIAN_POINT('',(9.99999999999989E-5,-0.02465,0.001));
#9546=CARTESIAN_POINT('',(9.99999999999989E-5,-0.02465,0.002));
#9547=CARTESIAN_POINT('',(9.99999999999989E-5,-0.02465,0.002));
#9548=CARTESIAN_POINT('',(0.0001,-0.0165,0.002));
#9549=CARTESIAN_POINT('',(0.00415,-0.02465,0.002));
#9550=CARTESIAN_POINT('',(0.00415,-0.02465,0.001));
#9551=CARTESIAN_POINT('',(0.00415,-0.02465,0.002));
#9552=CARTESIAN_POINT('',(-1.7347234759768E-18,-0.0165,0.002));
#9553=CARTESIAN_POINT('',(-1.7347234759768E-18,-0.0165,0.001));
#9554=CARTESIAN_POINT('',(-0.0248999999999856,0.27495,-0.427755));
#9555=CARTESIAN_POINT('',(0.,-0.02475,0.001));
#9556=CARTESIAN_POINT('',(0.,-0.02475,0.));
#9557=CARTESIAN_POINT('',(0.0083,-0.02475,0.));
#9558=CARTESIAN_POINT('',(-0.0083,-0.02475,0.));
#9559=CARTESIAN_POINT('',(0.0083,-0.02475,0.001));
#9560=CARTESIAN_POINT('',(0.0083,-0.02475,0.001));
#9561=CARTESIAN_POINT('',(0.,-0.02475,0.001));
#9562=CARTESIAN_POINT('',(-0.0083,-0.02475,0.001));
#9563=CARTESIAN_POINT('',(-0.0083,-0.02475,0.001));
#9564=CARTESIAN_POINT('',(0.0083,-3.46944695195361E-18,0.001));
#9565=CARTESIAN_POINT('',(0.0083,-3.46944695195361E-18,0.));
#9566=CARTESIAN_POINT('',(0.0083,0.02475,0.));
#9567=CARTESIAN_POINT('',(0.0083,0.02475,0.001));
#9568=CARTESIAN_POINT('',(0.0083,0.02475,0.001));
#9569=CARTESIAN_POINT('',(0.0083,-3.46944695195361E-18,0.001));
#9570=CARTESIAN_POINT('',(0.,0.02475,0.001));
#9571=CARTESIAN_POINT('',(0.,0.02475,0.));
#9572=CARTESIAN_POINT('',(-0.0083,0.02475,0.));
#9573=CARTESIAN_POINT('',(-0.0083,0.02475,0.001));
#9574=CARTESIAN_POINT('',(-0.0083,0.02475,0.001));
#9575=CARTESIAN_POINT('',(0.,0.02475,0.001));
#9576=CARTESIAN_POINT('',(-0.0083,-3.46944695195361E-18,0.001));
#9577=CARTESIAN_POINT('',(-0.0083,-3.46944695195361E-18,0.));
#9578=CARTESIAN_POINT('',(-0.0083,-3.46944695195361E-18,0.001));
#9579=CARTESIAN_POINT('',(-1.7347234759768E-18,0.,0.001));
#9580=CARTESIAN_POINT('',(-1.7347234759768E-18,0.,0.));
#9581=CARTESIAN_POINT('',(-0.0248999999999856,0.27495,-0.427755));
#9582=CARTESIAN_POINT('',(0.,0.,0.));
#9583=CARTESIAN_POINT('',(-0.0269749999999843,0.29695,-0.425755));
#9584=CARTESIAN_POINT('',(-0.0186749999999864,0.26395,-0.425755));
#9585=CARTESIAN_POINT('',(-0.0186749999999848,0.29145,-0.425755));
#9586=CARTESIAN_POINT('',(-0.0311249999999862,0.25845,-0.425755));
#9587=CARTESIAN_POINT('',(0.,0.,0.));
#9588=CARTESIAN_POINT('',(-0.00207499999998628,0.27495,-0.425755));
#9589=CARTESIAN_POINT('',(-0.0145249999999849,0.29145,-0.425755));
#9590=CARTESIAN_POINT('',(-0.0145249999999856,0.28045,-0.425755));
#9591=CARTESIAN_POINT('',(-0.0103749999999857,0.28045,-0.425755));
#9592=CARTESIAN_POINT('',(-0.0145249999999862,0.26945,-0.425755));
#9593=CARTESIAN_POINT('',(-0.00207499999998658,0.26945,-0.425755));
#9594=CARTESIAN_POINT('',(-0.0103749999999872,0.25295,-0.425755));
#9595=CARTESIAN_POINT('',(-0.0145249999999871,0.25295,-0.425755));
#9596=CARTESIAN_POINT('',(-0.00622499999998646,0.26945,-0.425755));
#9597=CARTESIAN_POINT('',(-0.0103749999999854,0.28595,-0.425755));
#9598=CARTESIAN_POINT('',(-0.00207499999998721,0.25845,-0.425755));
#9599=CARTESIAN_POINT('',(-0.0145249999999853,0.28595,-0.425755));
#9600=CARTESIAN_POINT('',(-0.0103749999999851,0.29145,-0.425755));
#9601=CARTESIAN_POINT('',(-0.0103749999999863,0.26945,-0.425755));
#9602=CARTESIAN_POINT('',(-0.00622499999998616,0.27495,-0.425755));
#9603=CARTESIAN_POINT('',(-0.0145249999999847,0.29695,-0.425755));
#9604=CARTESIAN_POINT('',(-0.010374999999986,0.27495,-0.425755));
#9605=CARTESIAN_POINT('',(-0.002074999999986,0.28045,-0.425755));
#9606=CARTESIAN_POINT('',(-0.0145249999999859,0.27495,-0.425755));
#9607=CARTESIAN_POINT('',(-0.00622499999998554,0.28595,-0.425755));
#9608=CARTESIAN_POINT('',(-0.0020749999999857,0.28595,-0.425755));
#9609=CARTESIAN_POINT('',(-0.00622499999998678,0.26395,-0.425755));
#9610=CARTESIAN_POINT('',(-0.0103749999999866,0.26395,-0.425755));
#9611=CARTESIAN_POINT('',(-0.0103749999999869,0.25845,-0.425755));
#9612=CARTESIAN_POINT('',(-0.00622499999998496,0.29695,-0.425755));
#9613=CARTESIAN_POINT('',(-0.00207499999998752,0.25295,-0.425755));
#9614=CARTESIAN_POINT('',(-0.00829999999998613,0.27495,-0.427755));
#9615=CARTESIAN_POINT('',(-0.00829999999998613,0.27495,-0.427755));
#9616=CARTESIAN_POINT('',(-0.00829999999998613,0.27495,-0.427755));
#9617=CARTESIAN_POINT('',(-0.00829999999998613,0.27495,-0.427755));
#9618=CARTESIAN_POINT('',(-0.00829999999998613,0.27495,-0.427755));
#9619=CARTESIAN_POINT('',(-0.00829999999998613,0.27495,-0.427755));
#9620=CARTESIAN_POINT('',(-0.00829999999998613,0.27495,-0.427755));
#9621=CARTESIAN_POINT('',(0.,0.,0.));
#9622=CARTESIAN_POINT('',(-0.00622499999998523,0.29145,-0.425755));
#9623=CARTESIAN_POINT('',(-0.00622499999998585,0.28045,-0.425755));
#9624=CARTESIAN_POINT('',(-0.0103749999999848,0.29695,-0.425755));
#9625=CARTESIAN_POINT('',(-0.00622499999998705,0.25845,-0.425755));
#9626=CARTESIAN_POINT('',(-0.00207499999998508,0.29695,-0.425755));
#9627=CARTESIAN_POINT('',(-0.0145249999999865,0.26395,-0.425755));
#9628=CARTESIAN_POINT('',(-0.00207499999998538,0.29145,-0.425755));
#9629=CARTESIAN_POINT('',(-0.0020749999999869,0.26395,-0.425755));
#9630=CARTESIAN_POINT('',(-0.0145249999999868,0.25845,-0.425755));
#9631=CARTESIAN_POINT('',(-0.00622499999998737,0.25295,-0.425755));
#9632=CARTESIAN_POINT('',(0.,0.,0.));
#9633=CARTESIAN_POINT('',(0.00622500000001467,0.29695,-0.425755));
#9634=CARTESIAN_POINT('',(0.0103750000000127,0.26395,-0.425755));
#9635=CARTESIAN_POINT('',(0.0145250000000138,0.28595,-0.425755));
#9636=CARTESIAN_POINT('',(0.0103750000000139,0.28595,-0.425755));
#9637=CARTESIAN_POINT('',(0.00622500000001255,0.25845,-0.425755));
#9638=CARTESIAN_POINT('',(0.00622500000001285,0.26395,-0.425755));
#9639=CARTESIAN_POINT('',(0.00207500000001357,0.27495,-0.425755));
#9640=CARTESIAN_POINT('',(0.0103750000000136,0.28045,-0.425755));
#9641=CARTESIAN_POINT('',(0.00207500000001297,0.26395,-0.425755));
#9642=CARTESIAN_POINT('',(0.0103750000000145,0.29695,-0.425755));
#9643=CARTESIAN_POINT('',(0.0103750000000124,0.25845,-0.425755));
#9644=CARTESIAN_POINT('',(0.0145250000000123,0.25845,-0.425755));
#9645=CARTESIAN_POINT('',(0.0103750000000142,0.29145,-0.425755));
#9646=CARTESIAN_POINT('',(0.0103750000000121,0.25295,-0.425755));
#9647=CARTESIAN_POINT('',(0.0145250000000126,0.26395,-0.425755));
#9648=CARTESIAN_POINT('',(0.0145250000000141,0.29145,-0.425755));
#9649=CARTESIAN_POINT('',(0.00207500000001268,0.25845,-0.425755));
#9650=CARTESIAN_POINT('',(0.0145250000000135,0.28045,-0.425755));
#9651=CARTESIAN_POINT('',(0.0145250000000132,0.27495,-0.425755));
#9652=CARTESIAN_POINT('',(0.0145250000000129,0.26945,-0.425755));
#9653=CARTESIAN_POINT('',(0.00622500000001223,0.25295,-0.425755));
#9654=CARTESIAN_POINT('',(0.00207500000001388,0.28045,-0.425755));
#9655=CARTESIAN_POINT('',(0.00207500000001236,0.25295,-0.425755));
#9656=CARTESIAN_POINT('',(0.010375000000013,0.26945,-0.425755));
#9657=CARTESIAN_POINT('',(0.00622500000001437,0.29145,-0.425755));
#9658=CARTESIAN_POINT('',(0.00207500000001326,0.26945,-0.425755));
#9659=CARTESIAN_POINT('',(0.00207500000001447,0.29145,-0.425755));
#9660=CARTESIAN_POINT('',(0.00622500000001376,0.28045,-0.425755));
#9661=CARTESIAN_POINT('',(0.0145250000000144,0.29695,-0.425755));
#9662=CARTESIAN_POINT('',(0.00622500000001344,0.27495,-0.425755));
#9663=CARTESIAN_POINT('',(0.00207500000001477,0.29695,-0.425755));
#9664=CARTESIAN_POINT('',(0.0103750000000133,0.27495,-0.425755));
#9665=CARTESIAN_POINT('',(0.00622500000001317,0.26945,-0.425755));
#9666=CARTESIAN_POINT('',(0.00830000000001335,0.27495,-0.427755));
#9667=CARTESIAN_POINT('',(0.00830000000001335,0.27495,-0.427755));
#9668=CARTESIAN_POINT('',(0.00830000000001335,0.27495,-0.427755));
#9669=CARTESIAN_POINT('',(0.00830000000001335,0.27495,-0.427755));
#9670=CARTESIAN_POINT('',(0.00830000000001335,0.27495,-0.427755));
#9671=CARTESIAN_POINT('',(0.00830000000001335,0.27495,-0.427755));
#9672=CARTESIAN_POINT('',(0.00830000000001335,0.27495,-0.427755));
#9673=CARTESIAN_POINT('',(0.,0.,0.));
#9674=CARTESIAN_POINT('',(0.014525000000012,0.25295,-0.425755));
#9675=CARTESIAN_POINT('',(0.00207500000001418,0.28595,-0.425755));
#9676=CARTESIAN_POINT('',(0.00622500000001406,0.28595,-0.425755));
#9677=CARTESIAN_POINT('',(0.,0.,0.));
#9678=CARTESIAN_POINT('',(0.0186750000000136,0.28595,-0.425755));
#9679=CARTESIAN_POINT('',(0.0311250000000138,0.29695,-0.425755));
#9680=CARTESIAN_POINT('',(0.026975000000014,0.29695,-0.425755));
#9681=CARTESIAN_POINT('',(0.0186750000000128,0.26945,-0.425755));
#9682=CARTESIAN_POINT('',(0.0228250000000124,0.26395,-0.425755));
#9683=CARTESIAN_POINT('',(0.0269750000000115,0.25295,-0.425755));
#9684=CARTESIAN_POINT('',(0.0269750000000134,0.28595,-0.425755));
#9685=CARTESIAN_POINT('',(0.0269750000000122,0.26395,-0.425755));
#9686=CARTESIAN_POINT('',(0.0228250000000129,0.27495,-0.425755));
#9687=CARTESIAN_POINT('',(0.0269750000000128,0.27495,-0.425755));
#9688=CARTESIAN_POINT('',(0.0228250000000121,0.25845,-0.425755));
#9689=CARTESIAN_POINT('',(0.0311250000000132,0.28595,-0.425755));
#9690=CARTESIAN_POINT('',(0.018675000000013,0.27495,-0.425755));
#9691=CARTESIAN_POINT('',(0.0269750000000125,0.26945,-0.425755));
#9692=CARTESIAN_POINT('',(0.0228250000000117,0.25295,-0.425755));
#9693=CARTESIAN_POINT('',(0.0186750000000119,0.25295,-0.425755));
#9694=CARTESIAN_POINT('',(0.0269750000000131,0.28045,-0.425755));
#9695=CARTESIAN_POINT('',(0.0311250000000124,0.26945,-0.425755));
#9696=CARTESIAN_POINT('',(0.0228250000000136,0.28595,-0.425755));
#9697=CARTESIAN_POINT('',(0.0311250000000118,0.25845,-0.425755));
#9698=CARTESIAN_POINT('',(0.0228250000000127,0.26945,-0.425755));
#9699=CARTESIAN_POINT('',(0.0186750000000134,0.28045,-0.425755));
#9700=CARTESIAN_POINT('',(0.0186750000000124,0.26395,-0.425755));
#9701=CARTESIAN_POINT('',(0.0186750000000142,0.29695,-0.425755));
#9702=CARTESIAN_POINT('',(0.018675000000014,0.29145,-0.425755));
#9703=CARTESIAN_POINT('',(0.0228250000000139,0.29145,-0.425755));
#9704=CARTESIAN_POINT('',(0.031125000000012,0.26395,-0.425755));
#9705=CARTESIAN_POINT('',(0.0311250000000126,0.27495,-0.425755));
#9706=CARTESIAN_POINT('',(0.031125000000013,0.28045,-0.425755));
#9707=CARTESIAN_POINT('',(0.0228250000000141,0.29695,-0.425755));
#9708=CARTESIAN_POINT('',(0.0249000000000128,0.27495,-0.427755));
#9709=CARTESIAN_POINT('',(0.0249000000000128,0.27495,-0.427755));
#9710=CARTESIAN_POINT('',(0.0249000000000128,0.27495,-0.427755));
#9711=CARTESIAN_POINT('',(0.0249000000000128,0.27495,-0.427755));
#9712=CARTESIAN_POINT('',(0.0249000000000128,0.27495,-0.427755));
#9713=CARTESIAN_POINT('',(0.0249000000000128,0.27495,-0.427755));
#9714=CARTESIAN_POINT('',(0.0249000000000128,0.27495,-0.427755));
#9715=CARTESIAN_POINT('',(0.,0.,0.));
#9716=CARTESIAN_POINT('',(0.0186750000000122,0.25845,-0.425755));
#9717=CARTESIAN_POINT('',(0.0311250000000136,0.29145,-0.425755));
#9718=CARTESIAN_POINT('',(0.0228250000000133,0.28045,-0.425755));
#9719=CARTESIAN_POINT('',(0.0311250000000114,0.25295,-0.425755));
#9720=CARTESIAN_POINT('',(0.0269750000000119,0.25845,-0.425755));
#9721=CARTESIAN_POINT('',(0.0269750000000137,0.29145,-0.425755));
#9722=CARTESIAN_POINT('',(0.,0.,0.));
#9723=CARTESIAN_POINT('',(0.,0.,0.));
#9724=CARTESIAN_POINT('',(8.17201036462294E-15,0.17495,-0.427755));
#9725=CARTESIAN_POINT('',(-0.00622499999999102,0.18595,-0.425755));
#9726=CARTESIAN_POINT('',(-0.0103749999999921,0.16395,-0.425755));
#9727=CARTESIAN_POINT('',(-0.00207499999999118,0.18595,-0.425755));
#9728=CARTESIAN_POINT('',(-0.00622499999999226,0.16395,-0.425755));
#9729=CARTESIAN_POINT('',(-0.0145249999999914,0.17495,-0.425755));
#9730=CARTESIAN_POINT('',(-0.0103749999999903,0.19695,-0.425755));
#9731=CARTESIAN_POINT('',(-0.00622499999999043,0.19695,-0.425755));
#9732=CARTESIAN_POINT('',(-0.0145249999999919,0.16395,-0.425755));
#9733=CARTESIAN_POINT('',(-0.00207499999999056,0.19695,-0.425755));
#9734=CARTESIAN_POINT('',(-0.00622499999999164,0.17495,-0.425755));
#9735=CARTESIAN_POINT('',(-0.0145249999999917,0.16945,-0.425755));
#9736=CARTESIAN_POINT('',(-0.0145249999999902,0.19695,-0.425755));
#9737=CARTESIAN_POINT('',(-0.0145249999999926,0.15295,-0.425755));
#9738=CARTESIAN_POINT('',(-0.0103749999999915,0.17495,-0.425755));
#9739=CARTESIAN_POINT('',(-0.00622499999999134,0.18045,-0.425755));
#9740=CARTESIAN_POINT('',(-0.0103749999999918,0.16945,-0.425755));
#9741=CARTESIAN_POINT('',(-0.0103749999999924,0.15845,-0.425755));
#9742=CARTESIAN_POINT('',(-0.0103749999999909,0.18595,-0.425755));
#9743=CARTESIAN_POINT('',(-0.0145249999999907,0.18595,-0.425755));
#9744=CARTESIAN_POINT('',(-0.00207499999999176,0.17495,-0.425755));
#9745=CARTESIAN_POINT('',(-0.00207499999999149,0.18045,-0.425755));
#9746=CARTESIAN_POINT('',(-0.002074999999993,0.15295,-0.425755));
#9747=CARTESIAN_POINT('',(-0.0145249999999923,0.15845,-0.425755));
#9748=CARTESIAN_POINT('',(-0.00622499999999196,0.16945,-0.425755));
#9749=CARTESIAN_POINT('',(-0.00207499999999238,0.16395,-0.425755));
#9750=CARTESIAN_POINT('',(-0.00207499999999208,0.16945,-0.425755));
#9751=CARTESIAN_POINT('',(-0.0103749999999927,0.15295,-0.425755));
#9752=CARTESIAN_POINT('',(-0.0145249999999911,0.18045,-0.425755));
#9753=CARTESIAN_POINT('',(-0.0103749999999906,0.19145,-0.425755));
#9754=CARTESIAN_POINT('',(-0.0145249999999904,0.19145,-0.425755));
#9755=CARTESIAN_POINT('',(-0.00207499999999268,0.15845,-0.425755));
#9756=CARTESIAN_POINT('',(-0.00622499999999253,0.15845,-0.425755));
#9757=CARTESIAN_POINT('',(-0.0103749999999912,0.18045,-0.425755));
#9758=CARTESIAN_POINT('',(-0.00622499999999072,0.19145,-0.425755));
#9759=CARTESIAN_POINT('',(-0.00622499999999285,0.15295,-0.425755));
#9760=CARTESIAN_POINT('',(-0.00829999999999161,0.17495,-0.427755));
#9761=CARTESIAN_POINT('',(-0.00829999999999161,0.17495,-0.427755));
#9762=CARTESIAN_POINT('',(-0.00829999999999161,0.17495,-0.427755));
#9763=CARTESIAN_POINT('',(-0.00829999999999161,0.17495,-0.427755));
#9764=CARTESIAN_POINT('',(-0.00829999999999161,0.17495,-0.427755));
#9765=CARTESIAN_POINT('',(-0.00829999999999161,0.17495,-0.427755));
#9766=CARTESIAN_POINT('',(-0.00829999999999161,0.17495,-0.427755));
#9767=CARTESIAN_POINT('',(0.,0.,0.));
#9768=CARTESIAN_POINT('',(-0.00207499999999087,0.19145,-0.425755));
#9769=CARTESIAN_POINT('',(0.,0.,0.));
#9770=CARTESIAN_POINT('',(0.00207500000000898,0.19145,-0.425755));
#9771=CARTESIAN_POINT('',(0.00622500000000676,0.15295,-0.425755));
#9772=CARTESIAN_POINT('',(0.0145250000000071,0.16395,-0.425755));
#9773=CARTESIAN_POINT('',(0.0103750000000075,0.16945,-0.425755));
#9774=CARTESIAN_POINT('',(0.0145250000000077,0.17495,-0.425755));
#9775=CARTESIAN_POINT('',(0.00622500000000888,0.19145,-0.425755));
#9776=CARTESIAN_POINT('',(0.00207500000000838,0.18045,-0.425755));
#9777=CARTESIAN_POINT('',(0.0020750000000072,0.15845,-0.425755));
#9778=CARTESIAN_POINT('',(0.00622500000000767,0.16945,-0.425755));
#9779=CARTESIAN_POINT('',(0.014525000000008,0.18045,-0.425755));
#9780=CARTESIAN_POINT('',(0.0103750000000078,0.17495,-0.425755));
#9781=CARTESIAN_POINT('',(0.0103750000000087,0.19145,-0.425755));
#9782=CARTESIAN_POINT('',(0.00207500000000929,0.19695,-0.425755));
#9783=CARTESIAN_POINT('',(0.00622500000000826,0.18045,-0.425755));
#9784=CARTESIAN_POINT('',(0.0145250000000086,0.19145,-0.425755));
#9785=CARTESIAN_POINT('',(0.0145250000000068,0.15845,-0.425755));
#9786=CARTESIAN_POINT('',(0.0103750000000069,0.15845,-0.425755));
#9787=CARTESIAN_POINT('',(0.00622500000000737,0.16395,-0.425755));
#9788=CARTESIAN_POINT('',(0.0103750000000084,0.18595,-0.425755));
#9789=CARTESIAN_POINT('',(0.0145250000000065,0.15295,-0.425755));
#9790=CARTESIAN_POINT('',(0.00622500000000919,0.19695,-0.425755));
#9791=CARTESIAN_POINT('',(0.010375000000009,0.19695,-0.425755));
#9792=CARTESIAN_POINT('',(0.0145250000000083,0.18595,-0.425755));
#9793=CARTESIAN_POINT('',(0.0103750000000066,0.15295,-0.425755));
#9794=CARTESIAN_POINT('',(0.0103750000000072,0.16395,-0.425755));
#9795=CARTESIAN_POINT('',(0.00207500000000809,0.17495,-0.425755));
#9796=CARTESIAN_POINT('',(0.00622500000000796,0.17495,-0.425755));
#9797=CARTESIAN_POINT('',(0.0145250000000089,0.19695,-0.425755));
#9798=CARTESIAN_POINT('',(0.00207500000000749,0.16395,-0.425755));
#9799=CARTESIAN_POINT('',(0.0103750000000081,0.18045,-0.425755));
#9800=CARTESIAN_POINT('',(0.00207500000000688,0.15295,-0.425755));
#9801=CARTESIAN_POINT('',(0.00622500000000858,0.18595,-0.425755));
#9802=CARTESIAN_POINT('',(0.00207500000000777,0.16945,-0.425755));
#9803=CARTESIAN_POINT('',(0.00830000000000787,0.17495,-0.427755));
#9804=CARTESIAN_POINT('',(0.00830000000000787,0.17495,-0.427755));
#9805=CARTESIAN_POINT('',(0.00830000000000787,0.17495,-0.427755));
#9806=CARTESIAN_POINT('',(0.00830000000000787,0.17495,-0.427755));
#9807=CARTESIAN_POINT('',(0.00830000000000787,0.17495,-0.427755));
#9808=CARTESIAN_POINT('',(0.00830000000000787,0.17495,-0.427755));
#9809=CARTESIAN_POINT('',(0.00830000000000787,0.17495,-0.427755));
#9810=CARTESIAN_POINT('',(0.,0.,0.));
#9811=CARTESIAN_POINT('',(0.0020750000000087,0.18595,-0.425755));
#9812=CARTESIAN_POINT('',(0.00622500000000707,0.15845,-0.425755));
#9813=CARTESIAN_POINT('',(0.0145250000000074,0.16945,-0.425755));
#9814=CARTESIAN_POINT('',(0.,0.,0.));
#9815=CARTESIAN_POINT('',(-0.0311249999999896,0.19695,-0.425755));
#9816=CARTESIAN_POINT('',(-0.022824999999992,0.15845,-0.425755));
#9817=CARTESIAN_POINT('',(-0.0186749999999921,0.15845,-0.425755));
#9818=CARTESIAN_POINT('',(-0.0186749999999903,0.19145,-0.425755));
#9819=CARTESIAN_POINT('',(-0.0269749999999904,0.18595,-0.425755));
#9820=CARTESIAN_POINT('',(-0.0311249999999914,0.16395,-0.425755));
#9821=CARTESIAN_POINT('',(-0.0269749999999913,0.16945,-0.425755));
#9822=CARTESIAN_POINT('',(-0.0186749999999919,0.16395,-0.425755));
#9823=CARTESIAN_POINT('',(-0.0311249999999908,0.17495,-0.425755));
#9824=CARTESIAN_POINT('',(-0.0186749999999915,0.16945,-0.425755));
#9825=CARTESIAN_POINT('',(-0.0269749999999916,0.16395,-0.425755));
#9826=CARTESIAN_POINT('',(-0.0186749999999907,0.18595,-0.425755));
#9827=CARTESIAN_POINT('',(-0.0228249999999917,0.16395,-0.425755));
#9828=CARTESIAN_POINT('',(-0.0228249999999899,0.19695,-0.425755));
#9829=CARTESIAN_POINT('',(-0.0269749999999919,0.15845,-0.425755));
#9830=CARTESIAN_POINT('',(-0.0311249999999899,0.19145,-0.425755));
#9831=CARTESIAN_POINT('',(-0.0311249999999905,0.18045,-0.425755));
#9832=CARTESIAN_POINT('',(-0.0228249999999914,0.16945,-0.425755));
#9833=CARTESIAN_POINT('',(-0.031124999999992,0.152950000000003,-0.425755));
#9834=CARTESIAN_POINT('',(-0.0228249999999908,0.18045,-0.425755));
#9835=CARTESIAN_POINT('',(-0.0269749999999922,0.15295,-0.425755));
#9836=CARTESIAN_POINT('',(-0.0186749999999901,0.19695,-0.425755));
#9837=CARTESIAN_POINT('',(-0.0186749999999925,0.15295,-0.425755));
#9838=CARTESIAN_POINT('',(-0.0228249999999911,0.17495,-0.425755));
#9839=CARTESIAN_POINT('',(-0.0311249999999911,0.16945,-0.425755));
#9840=CARTESIAN_POINT('',(-0.0311249999999902,0.18595,-0.425755));
#9841=CARTESIAN_POINT('',(-0.026974999999991,0.17495,-0.425755));
#9842=CARTESIAN_POINT('',(-0.0228249999999924,0.15295,-0.425755));
#9843=CARTESIAN_POINT('',(-0.0228249999999905,0.18595,-0.425755));
#9844=CARTESIAN_POINT('',(-0.0186749999999913,0.17495,-0.425755));
#9845=CARTESIAN_POINT('',(-0.0186749999999909,0.18045,-0.425755));
#9846=CARTESIAN_POINT('',(-0.0311249999999917,0.15845,-0.425755));
#9847=CARTESIAN_POINT('',(-0.0269749999999901,0.19145,-0.425755));
#9848=CARTESIAN_POINT('',(-0.0248999999999911,0.17495,-0.427755));
#9849=CARTESIAN_POINT('',(-0.0248999999999911,0.17495,-0.427755));
#9850=CARTESIAN_POINT('',(-0.0248999999999911,0.17495,-0.427755));
#9851=CARTESIAN_POINT('',(-0.0248999999999911,0.17495,-0.427755));
#9852=CARTESIAN_POINT('',(-0.0248999999999911,0.17495,-0.427755));
#9853=CARTESIAN_POINT('',(-0.0248999999999911,0.17495,-0.427755));
#9854=CARTESIAN_POINT('',(-0.0248999999999911,0.17495,-0.427755));
#9855=CARTESIAN_POINT('',(0.,0.,0.));
#9856=CARTESIAN_POINT('',(-0.0269749999999907,0.18045,-0.425755));
#9857=CARTESIAN_POINT('',(-0.0228249999999902,0.19145,-0.425755));
#9858=CARTESIAN_POINT('',(-0.0269749999999898,0.19695,-0.425755));
#9859=CARTESIAN_POINT('',(0.,0.,0.));
#9860=CARTESIAN_POINT('',(0.0228250000000078,0.18045,-0.425755));
#9861=CARTESIAN_POINT('',(0.0186750000000073,0.16945,-0.425755));
#9862=CARTESIAN_POINT('',(0.0269750000000073,0.17495,-0.425755));
#9863=CARTESIAN_POINT('',(0.0186750000000063,0.15295,-0.425755));
#9864=CARTESIAN_POINT('',(0.0186750000000082,0.18595,-0.425755));
#9865=CARTESIAN_POINT('',(0.0228250000000063,0.15295,-0.425755));
#9866=CARTESIAN_POINT('',(0.0186750000000067,0.15845,-0.425755));
#9867=CARTESIAN_POINT('',(0.0311250000000066,0.16395,-0.425755));
#9868=CARTESIAN_POINT('',(0.0228250000000069,0.16395,-0.425755));
#9869=CARTESIAN_POINT('',(0.0186750000000079,0.18045,-0.425755));
#9870=CARTESIAN_POINT('',(0.0311250000000068,0.16945,-0.425755));
#9871=CARTESIAN_POINT('',(0.0269750000000061,0.15295,-0.425755));
#9872=CARTESIAN_POINT('',(0.026975000000007,0.16945,-0.425755));
#9873=CARTESIAN_POINT('',(0.0269750000000067,0.16395,-0.425755));
#9874=CARTESIAN_POINT('',(0.0269750000000085,0.19695,-0.425755));
#9875=CARTESIAN_POINT('',(0.0311250000000084,0.196949999999998,-0.425755));
#9876=CARTESIAN_POINT('',(0.0186750000000085,0.19145,-0.425755));
#9877=CARTESIAN_POINT('',(0.0269750000000076,0.18045,-0.425755));
#9878=CARTESIAN_POINT('',(0.0186750000000069,0.16395,-0.425755));
#9879=CARTESIAN_POINT('',(0.0269750000000082,0.19145,-0.425755));
#9880=CARTESIAN_POINT('',(0.0186750000000088,0.19695,-0.425755));
#9881=CARTESIAN_POINT('',(0.0269750000000064,0.15845,-0.425755));
#9882=CARTESIAN_POINT('',(0.0311250000000078,0.18595,-0.425755));
#9883=CARTESIAN_POINT('',(0.0228250000000081,0.18595,-0.425755));
#9884=CARTESIAN_POINT('',(0.0311250000000081,0.191449999999998,-0.425755));
#9885=CARTESIAN_POINT('',(0.0228250000000066,0.15845,-0.425755));
#9886=CARTESIAN_POINT('',(0.0311250000000074,0.18045,-0.425755));
#9887=CARTESIAN_POINT('',(0.0228250000000087,0.19695,-0.425755));
#9888=CARTESIAN_POINT('',(0.0228250000000072,0.16945,-0.425755));
#9889=CARTESIAN_POINT('',(0.0311250000000059,0.15295,-0.425755));
#9890=CARTESIAN_POINT('',(0.0186750000000076,0.17495,-0.425755));
#9891=CARTESIAN_POINT('',(0.0269750000000079,0.18595,-0.425755));
#9892=CARTESIAN_POINT('',(0.0228250000000075,0.17495,-0.425755));
#9893=CARTESIAN_POINT('',(0.0311250000000062,0.15845,-0.425755));
#9894=CARTESIAN_POINT('',(0.0311250000000072,0.17495,-0.425755));
#9895=CARTESIAN_POINT('',(0.0228250000000084,0.19145,-0.425755));
#9896=CARTESIAN_POINT('',(0.0249000000000073,0.17495,-0.427755));
#9897=CARTESIAN_POINT('',(0.0249000000000073,0.17495,-0.427755));
#9898=CARTESIAN_POINT('',(0.0249000000000073,0.17495,-0.427755));
#9899=CARTESIAN_POINT('',(0.0249000000000073,0.17495,-0.427755));
#9900=CARTESIAN_POINT('',(0.0249000000000073,0.17495,-0.427755));
#9901=CARTESIAN_POINT('',(0.0249000000000073,0.17495,-0.427755));
#9902=CARTESIAN_POINT('',(0.0249000000000073,0.17495,-0.427755));
#9903=CARTESIAN_POINT('',(0.,0.,0.));
#9904=CARTESIAN_POINT('',(0.,0.,0.));
#9905=CARTESIAN_POINT('',(0.,0.,0.));
#9906=CARTESIAN_POINT('',(1.09116836374144E-14,0.22495,-0.427755));
#9907=CARTESIAN_POINT('',(-0.0269749999999892,0.20845,-0.425755));
#9908=CARTESIAN_POINT('',(-0.0186749999999876,0.24145,-0.425755));
#9909=CARTESIAN_POINT('',(-0.0311249999999887,0.21395,-0.425755));
#9910=CARTESIAN_POINT('',(-0.0186749999999894,0.20845,-0.425755));
#9911=CARTESIAN_POINT('',(-0.0228249999999892,0.20845,-0.425755));
#9912=CARTESIAN_POINT('',(-0.0269749999999871,0.24695,-0.425755));
#9913=CARTESIAN_POINT('',(-0.0186749999999897,0.20295,-0.425755));
#9914=CARTESIAN_POINT('',(-0.0228249999999881,0.23045,-0.425755));
#9915=CARTESIAN_POINT('',(-0.0228249999999874,0.24145,-0.425755));
#9916=CARTESIAN_POINT('',(-0.0269749999999885,0.21945,-0.425755));
#9917=CARTESIAN_POINT('',(-0.0269749999999874,0.24145,-0.425755));
#9918=CARTESIAN_POINT('',(-0.0269749999999876,0.23595,-0.425755));
#9919=CARTESIAN_POINT('',(-0.0311249999999875,0.23595,-0.425755));
#9920=CARTESIAN_POINT('',(-0.0186749999999882,0.23045,-0.425755));
#9921=CARTESIAN_POINT('',(-0.0311249999999869,0.24695,-0.425755));
#9922=CARTESIAN_POINT('',(-0.0186749999999879,0.23595,-0.425755));
#9923=CARTESIAN_POINT('',(-0.0186749999999885,0.22495,-0.425755));
#9924=CARTESIAN_POINT('',(-0.0269749999999883,0.22495,-0.425755));
#9925=CARTESIAN_POINT('',(-0.0228249999999884,0.22495,-0.425755));
#9926=CARTESIAN_POINT('',(-0.0311249999999881,0.22495,-0.425755));
#9927=CARTESIAN_POINT('',(-0.0228249999999878,0.23595,-0.425755));
#9928=CARTESIAN_POINT('',(-0.0269749999999879,0.23045,-0.425755));
#9929=CARTESIAN_POINT('',(-0.0311249999999884,0.21945,-0.425755));
#9930=CARTESIAN_POINT('',(-0.0186749999999873,0.24695,-0.425755));
#9931=CARTESIAN_POINT('',(-0.0186749999999888,0.21945,-0.425755));
#9932=CARTESIAN_POINT('',(-0.0269749999999895,0.20295,-0.425755));
#9933=CARTESIAN_POINT('',(-0.0228249999999887,0.21945,-0.425755));
#9934=CARTESIAN_POINT('',(-0.0311249999999893,0.202950000000002,-0.425755));
#9935=CARTESIAN_POINT('',(-0.0311249999999878,0.23045,-0.425755));
#9936=CARTESIAN_POINT('',(-0.031124999999989,0.20845,-0.425755));
#9937=CARTESIAN_POINT('',(-0.0228249999999872,0.24695,-0.425755));
#9938=CARTESIAN_POINT('',(-0.0311249999999872,0.24145,-0.425755));
#9939=CARTESIAN_POINT('',(-0.0248999999999883,0.22495,-0.427755));
#9940=CARTESIAN_POINT('',(-0.0248999999999883,0.22495,-0.427755));
#9941=CARTESIAN_POINT('',(-0.0248999999999883,0.22495,-0.427755));
#9942=CARTESIAN_POINT('',(-0.0248999999999883,0.22495,-0.427755));
#9943=CARTESIAN_POINT('',(-0.0248999999999883,0.22495,-0.427755));
#9944=CARTESIAN_POINT('',(-0.0248999999999883,0.22495,-0.427755));
#9945=CARTESIAN_POINT('',(-0.0248999999999883,0.22495,-0.427755));
#9946=CARTESIAN_POINT('',(0.,0.,0.));
#9947=CARTESIAN_POINT('',(-0.0269749999999889,0.21395,-0.425755));
#9948=CARTESIAN_POINT('',(-0.022824999999989,0.21395,-0.425755));
#9949=CARTESIAN_POINT('',(-0.0186749999999891,0.21395,-0.425755));
#9950=CARTESIAN_POINT('',(-0.0228249999999896,0.20295,-0.425755));
#9951=CARTESIAN_POINT('',(0.,0.,0.));
#9952=CARTESIAN_POINT('',(0.0186750000000106,0.23045,-0.425755));
#9953=CARTESIAN_POINT('',(0.0228250000000111,0.24145,-0.425755));
#9954=CARTESIAN_POINT('',(0.0228250000000099,0.21945,-0.425755));
#9955=CARTESIAN_POINT('',(0.0311250000000093,0.21395,-0.425755));
#9956=CARTESIAN_POINT('',(0.022825000000009,0.20295,-0.425755));
#9957=CARTESIAN_POINT('',(0.0269750000000097,0.21945,-0.425755));
#9958=CARTESIAN_POINT('',(0.0311250000000102,0.23045,-0.425755));
#9959=CARTESIAN_POINT('',(0.0228250000000108,0.23595,-0.425755));
#9960=CARTESIAN_POINT('',(0.0186750000000094,0.20845,-0.425755));
#9961=CARTESIAN_POINT('',(0.0311250000000108,0.241449999999997,-0.425755));
#9962=CARTESIAN_POINT('',(0.0186750000000115,0.24695,-0.425755));
#9963=CARTESIAN_POINT('',(0.0269750000000109,0.24145,-0.425755));
#9964=CARTESIAN_POINT('',(0.02697500000001,0.22495,-0.425755));
#9965=CARTESIAN_POINT('',(0.0269750000000091,0.20845,-0.425755));
#9966=CARTESIAN_POINT('',(0.0311250000000099,0.22495,-0.425755));
#9967=CARTESIAN_POINT('',(0.0228250000000114,0.24695,-0.425755));
#9968=CARTESIAN_POINT('',(0.0228250000000105,0.23045,-0.425755));
#9969=CARTESIAN_POINT('',(0.031125000000009,0.20845,-0.425755));
#9970=CARTESIAN_POINT('',(0.0269750000000113,0.24695,-0.425755));
#9971=CARTESIAN_POINT('',(0.0269750000000088,0.20295,-0.425755));
#9972=CARTESIAN_POINT('',(0.0228250000000096,0.21395,-0.425755));
#9973=CARTESIAN_POINT('',(0.0228250000000102,0.22495,-0.425755));
#9974=CARTESIAN_POINT('',(0.0186750000000109,0.23595,-0.425755));
#9975=CARTESIAN_POINT('',(0.0269750000000107,0.23595,-0.425755));
#9976=CARTESIAN_POINT('',(0.0186750000000103,0.22495,-0.425755));
#9977=CARTESIAN_POINT('',(0.0228250000000093,0.20845,-0.425755));
#9978=CARTESIAN_POINT('',(0.0311250000000105,0.23595,-0.425755));
#9979=CARTESIAN_POINT('',(0.0186750000000091,0.20295,-0.425755));
#9980=CARTESIAN_POINT('',(0.0269750000000094,0.21395,-0.425755));
#9981=CARTESIAN_POINT('',(0.0311250000000087,0.20295,-0.425755));
#9982=CARTESIAN_POINT('',(0.0311250000000096,0.21945,-0.425755));
#9983=CARTESIAN_POINT('',(0.0249000000000101,0.22495,-0.427755));
#9984=CARTESIAN_POINT('',(0.0249000000000101,0.22495,-0.427755));
#9985=CARTESIAN_POINT('',(0.0249000000000101,0.22495,-0.427755));
#9986=CARTESIAN_POINT('',(0.0249000000000101,0.22495,-0.427755));
#9987=CARTESIAN_POINT('',(0.0249000000000101,0.22495,-0.427755));
#9988=CARTESIAN_POINT('',(0.0249000000000101,0.22495,-0.427755));
#9989=CARTESIAN_POINT('',(0.0249000000000101,0.22495,-0.427755));
#9990=CARTESIAN_POINT('',(0.,0.,0.));
#9991=CARTESIAN_POINT('',(0.0186750000000112,0.24145,-0.425755));
#9992=CARTESIAN_POINT('',(0.0269750000000103,0.23045,-0.425755));
#9993=CARTESIAN_POINT('',(0.0186750000000097,0.21395,-0.425755));
#9994=CARTESIAN_POINT('',(0.0311250000000111,0.246949999999998,-0.425755));
#9995=CARTESIAN_POINT('',(0.01867500000001,0.21945,-0.425755));
#9996=CARTESIAN_POINT('',(0.,0.,0.));
#9997=CARTESIAN_POINT('',(-0.00622499999999011,0.20295,-0.425755));
#9998=CARTESIAN_POINT('',(-0.0103749999999887,0.22495,-0.425755));
#9999=CARTESIAN_POINT('',(-0.00622499999998828,0.23595,-0.425755));
#10000=CARTESIAN_POINT('',(-0.00207499999998844,0.23595,-0.425755));
#10001=CARTESIAN_POINT('',(-0.014524999999988,0.23595,-0.425755));
#10002=CARTESIAN_POINT('',(-0.0103749999999897,0.20845,-0.425755));
#10003=CARTESIAN_POINT('',(-0.00207499999999026,0.20295,-0.425755));
#10004=CARTESIAN_POINT('',(-0.0145249999999886,0.22495,-0.425755));
#10005=CARTESIAN_POINT('',(-0.0062249999999889,0.22495,-0.425755));
#10006=CARTESIAN_POINT('',(-0.00622499999998798,0.24145,-0.425755));
#10007=CARTESIAN_POINT('',(-0.00207499999998875,0.23045,-0.425755));
#10008=CARTESIAN_POINT('',(-0.00207499999998995,0.20845,-0.425755));
#10009=CARTESIAN_POINT('',(-0.0103749999999875,0.24695,-0.425755));
#10010=CARTESIAN_POINT('',(-0.0145249999999874,0.24695,-0.425755));
#10011=CARTESIAN_POINT('',(-0.00207499999998902,0.22495,-0.425755));
#10012=CARTESIAN_POINT('',(-0.0103749999999884,0.23045,-0.425755));
#10013=CARTESIAN_POINT('',(-0.0145249999999883,0.23045,-0.425755));
#10014=CARTESIAN_POINT('',(-0.0103749999999879,0.24145,-0.425755));
#10015=CARTESIAN_POINT('',(-0.010374999999989,0.21945,-0.425755));
#10016=CARTESIAN_POINT('',(-0.01037499999999,0.20295,-0.425755));
#10017=CARTESIAN_POINT('',(-0.00207499999998964,0.21395,-0.425755));
#10018=CARTESIAN_POINT('',(-0.0062249999999892,0.21945,-0.425755));
#10019=CARTESIAN_POINT('',(-0.00622499999998979,0.20845,-0.425755));
#10020=CARTESIAN_POINT('',(-0.00207499999998813,0.24145,-0.425755));
#10021=CARTESIAN_POINT('',(-0.0145249999999895,0.20845,-0.425755));
#10022=CARTESIAN_POINT('',(-0.0103749999999882,0.23595,-0.425755));
#10023=CARTESIAN_POINT('',(-0.0145249999999898,0.20295,-0.425755));
#10024=CARTESIAN_POINT('',(-0.00207499999998932,0.21945,-0.425755));
#10025=CARTESIAN_POINT('',(-0.00829999999998887,0.22495,-0.427755));
#10026=CARTESIAN_POINT('',(-0.00829999999998887,0.22495,-0.427755));
#10027=CARTESIAN_POINT('',(-0.00829999999998887,0.22495,-0.427755));
#10028=CARTESIAN_POINT('',(-0.00829999999998887,0.22495,-0.427755));
#10029=CARTESIAN_POINT('',(-0.00829999999998887,0.22495,-0.427755));
#10030=CARTESIAN_POINT('',(-0.00829999999998887,0.22495,-0.427755));
#10031=CARTESIAN_POINT('',(-0.00829999999998887,0.22495,-0.427755));
#10032=CARTESIAN_POINT('',(0.,0.,0.));
#10033=CARTESIAN_POINT('',(-0.00622499999998952,0.21395,-0.425755));
#10034=CARTESIAN_POINT('',(-0.0103749999999894,0.21395,-0.425755));
#10035=CARTESIAN_POINT('',(-0.0062249999999886,0.23045,-0.425755));
#10036=CARTESIAN_POINT('',(-0.0145249999999889,0.21945,-0.425755));
#10037=CARTESIAN_POINT('',(-0.0145249999999877,0.24145,-0.425755));
#10038=CARTESIAN_POINT('',(-0.0145249999999892,0.21395,-0.425755));
#10039=CARTESIAN_POINT('',(-0.00207499999998782,0.24695,-0.425755));
#10040=CARTESIAN_POINT('',(-0.0062249999999877,0.24695,-0.425755));
#10041=CARTESIAN_POINT('',(0.,0.,0.));
#10042=CARTESIAN_POINT('',(0.00622500000001132,0.23595,-0.425755));
#10043=CARTESIAN_POINT('',(0.0145250000000098,0.21395,-0.425755));
#10044=CARTESIAN_POINT('',(0.0145250000000095,0.20845,-0.425755));
#10045=CARTESIAN_POINT('',(0.00622500000001043,0.21945,-0.425755));
#10046=CARTESIAN_POINT('',(0.00207500000001113,0.23045,-0.425755));
#10047=CARTESIAN_POINT('',(0.0103750000000115,0.24145,-0.425755));
#10048=CARTESIAN_POINT('',(0.00207500000000994,0.20845,-0.425755));
#10049=CARTESIAN_POINT('',(0.0103750000000109,0.23045,-0.425755));
#10050=CARTESIAN_POINT('',(0.0145250000000101,0.21945,-0.425755));
#10051=CARTESIAN_POINT('',(0.0062250000000095,0.20295,-0.425755));
#10052=CARTESIAN_POINT('',(0.0145250000000113,0.24145,-0.425755));
#10053=CARTESIAN_POINT('',(0.0103750000000103,0.21945,-0.425755));
#10054=CARTESIAN_POINT('',(0.0103750000000097,0.20845,-0.425755));
#10055=CARTESIAN_POINT('',(0.00207500000000962,0.20295,-0.425755));
#10056=CARTESIAN_POINT('',(0.00207500000001052,0.21945,-0.425755));
#10057=CARTESIAN_POINT('',(0.0145250000000117,0.24695,-0.425755));
#10058=CARTESIAN_POINT('',(0.00622500000001011,0.21395,-0.425755));
#10059=CARTESIAN_POINT('',(0.00207500000001023,0.21395,-0.425755));
#10060=CARTESIAN_POINT('',(0.00207500000001172,0.24145,-0.425755));
#10061=CARTESIAN_POINT('',(0.0145250000000092,0.20295,-0.425755));
#10062=CARTESIAN_POINT('',(0.01037500000001,0.21395,-0.425755));
#10063=CARTESIAN_POINT('',(0.0103750000000094,0.20295,-0.425755));
#10064=CARTESIAN_POINT('',(0.0062250000000107,0.22495,-0.425755));
#10065=CARTESIAN_POINT('',(0.00207500000001144,0.23595,-0.425755));
#10066=CARTESIAN_POINT('',(0.0103750000000118,0.24695,-0.425755));
#10067=CARTESIAN_POINT('',(0.00622500000001193,0.24695,-0.425755));
#10068=CARTESIAN_POINT('',(0.00207500000001083,0.22495,-0.425755));
#10069=CARTESIAN_POINT('',(0.00622500000000981,0.20845,-0.425755));
#10070=CARTESIAN_POINT('',(0.014525000000011,0.23595,-0.425755));
#10071=CARTESIAN_POINT('',(0.006225000000011,0.23045,-0.425755));
#10072=CARTESIAN_POINT('',(0.0103750000000106,0.22495,-0.425755));
#10073=CARTESIAN_POINT('',(0.0145250000000107,0.23045,-0.425755));
#10074=CARTESIAN_POINT('',(0.0103750000000112,0.23595,-0.425755));
#10075=CARTESIAN_POINT('',(0.00622500000001162,0.24145,-0.425755));
#10076=CARTESIAN_POINT('',(0.00830000000001061,0.22495,-0.427755));
#10077=CARTESIAN_POINT('',(0.00830000000001061,0.22495,-0.427755));
#10078=CARTESIAN_POINT('',(0.00830000000001061,0.22495,-0.427755));
#10079=CARTESIAN_POINT('',(0.00830000000001061,0.22495,-0.427755));
#10080=CARTESIAN_POINT('',(0.00830000000001061,0.22495,-0.427755));
#10081=CARTESIAN_POINT('',(0.00830000000001061,0.22495,-0.427755));
#10082=CARTESIAN_POINT('',(0.00830000000001061,0.22495,-0.427755));
#10083=CARTESIAN_POINT('',(0.,0.,0.));
#10084=CARTESIAN_POINT('',(0.0145250000000104,0.22495,-0.425755));
#10085=CARTESIAN_POINT('',(0.00207500000001203,0.24695,-0.425755));
#10086=CARTESIAN_POINT('',(0.,0.,0.));
#10087=CARTESIAN_POINT('',(0.,0.,0.));
#10088=CARTESIAN_POINT('',(5.44621487963927E-15,0.12495,-0.427755));
#10089=CARTESIAN_POINT('',(0.0145250000000044,0.11395,-0.425755));
#10090=CARTESIAN_POINT('',(0.00622500000000403,0.10295,-0.425755));
#10091=CARTESIAN_POINT('',(0.00207500000000566,0.13045,-0.425755));
#10092=CARTESIAN_POINT('',(0.00207500000000446,0.10845,-0.425755));
#10093=CARTESIAN_POINT('',(0.0145250000000047,0.11945,-0.425755));
#10094=CARTESIAN_POINT('',(0.00622500000000495,0.11945,-0.425755));
#10095=CARTESIAN_POINT('',(0.0145250000000053,0.13045,-0.425755));
#10096=CARTESIAN_POINT('',(0.0103750000000048,0.11945,-0.425755));
#10097=CARTESIAN_POINT('',(0.00622500000000584,0.13595,-0.425755));
#10098=CARTESIAN_POINT('',(0.0103750000000042,0.10845,-0.425755));
#10099=CARTESIAN_POINT('',(0.00622500000000554,0.13045,-0.425755));
#10100=CARTESIAN_POINT('',(0.00207500000000655,0.14695,-0.425755));
#10101=CARTESIAN_POINT('',(0.0103750000000051,0.12495,-0.425755));
#10102=CARTESIAN_POINT('',(0.010375000000006,0.14145,-0.425755));
#10103=CARTESIAN_POINT('',(0.00207500000000536,0.12495,-0.425755));
#10104=CARTESIAN_POINT('',(0.00622500000000523,0.12495,-0.425755));
#10105=CARTESIAN_POINT('',(0.0145250000000041,0.10845,-0.425755));
#10106=CARTESIAN_POINT('',(0.014525000000005,0.12495,-0.425755));
#10107=CARTESIAN_POINT('',(0.00622500000000615,0.14145,-0.425755));
#10108=CARTESIAN_POINT('',(0.0103750000000063,0.146949999999999,-0.425755));
#10109=CARTESIAN_POINT('',(0.00622500000000465,0.11395,-0.425755));
#10110=CARTESIAN_POINT('',(0.0145250000000037,0.10295,-0.425755));
#10111=CARTESIAN_POINT('',(0.0103750000000057,0.13595,-0.425755));
#10112=CARTESIAN_POINT('',(0.0103750000000039,0.10295,-0.425755));
#10113=CARTESIAN_POINT('',(0.00622500000000645,0.14695,-0.425755));
#10114=CARTESIAN_POINT('',(0.00207500000000596,0.13595,-0.425755));
#10115=CARTESIAN_POINT('',(0.0145250000000056,0.135949999999999,-0.425755));
#10116=CARTESIAN_POINT('',(0.00622500000000433,0.10845,-0.425755));
#10117=CARTESIAN_POINT('',(0.0145250000000059,0.141449999999999,-0.425755));
#10118=CARTESIAN_POINT('',(0.00207500000000477,0.11395,-0.425755));
#10119=CARTESIAN_POINT('',(0.0103750000000054,0.13045,-0.425755));
#10120=CARTESIAN_POINT('',(0.00207500000000505,0.11945,-0.425755));
#10121=CARTESIAN_POINT('',(0.00207500000000416,0.10295,-0.425755));
#10122=CARTESIAN_POINT('',(0.0103750000000045,0.11395,-0.425755));
#10123=CARTESIAN_POINT('',(0.0145250000000062,0.146949999999998,-0.425755));
#10124=CARTESIAN_POINT('',(0.00207500000000625,0.14145,-0.425755));
#10125=CARTESIAN_POINT('',(0.00830000000000515,0.12495,-0.427755));
#10126=CARTESIAN_POINT('',(0.00830000000000515,0.12495,-0.427755));
#10127=CARTESIAN_POINT('',(0.00830000000000515,0.12495,-0.427755));
#10128=CARTESIAN_POINT('',(0.00830000000000515,0.12495,-0.427755));
#10129=CARTESIAN_POINT('',(0.00830000000000515,0.12495,-0.427755));
#10130=CARTESIAN_POINT('',(0.00830000000000515,0.12495,-0.427755));
#10131=CARTESIAN_POINT('',(0.00830000000000515,0.12495,-0.427755));
#10132=CARTESIAN_POINT('',(0.,0.,0.));
#10133=CARTESIAN_POINT('',(0.,0.,0.));
#10134=CARTESIAN_POINT('',(-0.00622499999999376,0.13595,-0.425755));
#10135=CARTESIAN_POINT('',(-0.00622499999999317,0.14695,-0.425755));
#10136=CARTESIAN_POINT('',(-0.00622499999999498,0.11395,-0.425755));
#10137=CARTESIAN_POINT('',(-0.0103749999999948,0.11395,-0.425755));
#10138=CARTESIAN_POINT('',(-0.0103749999999942,0.12495,-0.425755));
#10139=CARTESIAN_POINT('',(-0.0145249999999941,0.12495,-0.425755));
#10140=CARTESIAN_POINT('',(-0.0103749999999951,0.10845,-0.425755));
#10141=CARTESIAN_POINT('',(-0.0145249999999935,0.13595,-0.425755));
#10142=CARTESIAN_POINT('',(-0.00622499999999557,0.10295,-0.425755));
#10143=CARTESIAN_POINT('',(-0.00207499999999392,0.13595,-0.425755));
#10144=CARTESIAN_POINT('',(-0.00622499999999406,0.13045,-0.425755));
#10145=CARTESIAN_POINT('',(-0.0145249999999944,0.11945,-0.425755));
#10146=CARTESIAN_POINT('',(-0.0145249999999947,0.11395,-0.425755));
#10147=CARTESIAN_POINT('',(-0.0020749999999933,0.14695,-0.425755));
#10148=CARTESIAN_POINT('',(-0.0145249999999938,0.13045,-0.425755));
#10149=CARTESIAN_POINT('',(-0.0145249999999953,0.102950000000001,-0.425755));
#10150=CARTESIAN_POINT('',(-0.0145249999999932,0.14145,-0.425755));
#10151=CARTESIAN_POINT('',(-0.014524999999995,0.108450000000001,-0.425755));
#10152=CARTESIAN_POINT('',(-0.00622499999999468,0.11945,-0.425755));
#10153=CARTESIAN_POINT('',(-0.00207499999999573,0.10295,-0.425755));
#10154=CARTESIAN_POINT('',(-0.0103749999999954,0.102950000000001,-0.425755));
#10155=CARTESIAN_POINT('',(-0.00207499999999422,0.13045,-0.425755));
#10156=CARTESIAN_POINT('',(-0.0020749999999948,0.11945,-0.425755));
#10157=CARTESIAN_POINT('',(-0.0103749999999933,0.14145,-0.425755));
#10158=CARTESIAN_POINT('',(-0.00207499999999449,0.12495,-0.425755));
#10159=CARTESIAN_POINT('',(-0.0103749999999936,0.13595,-0.425755));
#10160=CARTESIAN_POINT('',(-0.00207499999999511,0.11395,-0.425755));
#10161=CARTESIAN_POINT('',(-0.0103749999999945,0.11945,-0.425755));
#10162=CARTESIAN_POINT('',(-0.0145249999999929,0.14695,-0.425755));
#10163=CARTESIAN_POINT('',(-0.00622499999999345,0.14145,-0.425755));
#10164=CARTESIAN_POINT('',(-0.00622499999999437,0.12495,-0.425755));
#10165=CARTESIAN_POINT('',(-0.0020749999999936,0.14145,-0.425755));
#10166=CARTESIAN_POINT('',(-0.00622499999999527,0.10845,-0.425755));
#10167=CARTESIAN_POINT('',(-0.00829999999999433,0.12495,-0.427755));
#10168=CARTESIAN_POINT('',(-0.00829999999999433,0.12495,-0.427755));
#10169=CARTESIAN_POINT('',(-0.00829999999999433,0.12495,-0.427755));
#10170=CARTESIAN_POINT('',(-0.00829999999999433,0.12495,-0.427755));
#10171=CARTESIAN_POINT('',(-0.00829999999999433,0.12495,-0.427755));
#10172=CARTESIAN_POINT('',(-0.00829999999999433,0.12495,-0.427755));
#10173=CARTESIAN_POINT('',(-0.00829999999999433,0.12495,-0.427755));
#10174=CARTESIAN_POINT('',(0.,0.,0.));
#10175=CARTESIAN_POINT('',(-0.00207499999999542,0.10845,-0.425755));
#10176=CARTESIAN_POINT('',(-0.010374999999993,0.14695,-0.425755));
#10177=CARTESIAN_POINT('',(-0.0103749999999939,0.13045,-0.425755));
#10178=CARTESIAN_POINT('',(0.,0.,0.));
#10179=CARTESIAN_POINT('',(0.022825000000005,0.130449999999998,-0.425755));
#10180=CARTESIAN_POINT('',(0.0186750000000045,0.11945,-0.425755));
#10181=CARTESIAN_POINT('',(0.0186750000000037,0.10295,-0.425755));
#10182=CARTESIAN_POINT('',(0.0269750000000046,0.124949999999998,-0.425755));
#10183=CARTESIAN_POINT('',(0.0311250000000057,0.146949999999998,-0.425755));
#10184=CARTESIAN_POINT('',(0.0269750000000058,0.146949999999998,-0.425755));
#10185=CARTESIAN_POINT('',(0.0228250000000035,0.10295,-0.425755));
#10186=CARTESIAN_POINT('',(0.0269750000000042,0.119449999999999,-0.425755));
#10187=CARTESIAN_POINT('',(0.0228250000000057,0.141449999999998,-0.425755));
#10188=CARTESIAN_POINT('',(0.0311250000000047,0.130449999999998,-0.425755));
#10189=CARTESIAN_POINT('',(0.0311250000000041,0.119449999999998,-0.425755));
#10190=CARTESIAN_POINT('',(0.0311250000000044,0.124949999999998,-0.425755));
#10191=CARTESIAN_POINT('',(0.0269750000000051,0.135949999999998,-0.425755));
#10192=CARTESIAN_POINT('',(0.0228250000000047,0.124949999999999,-0.425755));
#10193=CARTESIAN_POINT('',(0.0186750000000049,0.12495,-0.425755));
#10194=CARTESIAN_POINT('',(0.0186750000000054,0.135949999999999,-0.425755));
#10195=CARTESIAN_POINT('',(0.0228250000000038,0.10845,-0.425755));
#10196=CARTESIAN_POINT('',(0.0228250000000044,0.11945,-0.425755));
#10197=CARTESIAN_POINT('',(0.0311250000000051,0.135949999999998,-0.425755));
#10198=CARTESIAN_POINT('',(0.0228250000000053,0.135949999999998,-0.425755));
#10199=CARTESIAN_POINT('',(0.0269750000000049,0.130449999999998,-0.425755));
#10200=CARTESIAN_POINT('',(0.0186750000000042,0.11395,-0.425755));
#10201=CARTESIAN_POINT('',(0.018675000000006,0.146949999999998,-0.425755));
#10202=CARTESIAN_POINT('',(0.0311250000000053,0.141449999999998,-0.425755));
#10203=CARTESIAN_POINT('',(0.0311250000000032,0.10295,-0.425755));
#10204=CARTESIAN_POINT('',(0.0269750000000036,0.10845,-0.425755));
#10205=CARTESIAN_POINT('',(0.0269750000000055,0.141449999999998,-0.425755));
#10206=CARTESIAN_POINT('',(0.0311250000000035,0.108449999999999,-0.425755));
#10207=CARTESIAN_POINT('',(0.0186750000000051,0.130449999999999,-0.425755));
#10208=CARTESIAN_POINT('',(0.0186750000000057,0.141449999999998,-0.425755));
#10209=CARTESIAN_POINT('',(0.0228250000000041,0.11395,-0.425755));
#10210=CARTESIAN_POINT('',(0.0311250000000039,0.113949999999999,-0.425755));
#10211=CARTESIAN_POINT('',(0.0228250000000059,0.146949999999998,-0.425755));
#10212=CARTESIAN_POINT('',(0.026975000000004,0.113949999999999,-0.425755));
#10213=CARTESIAN_POINT('',(0.0269750000000034,0.10295,-0.425755));
#10214=CARTESIAN_POINT('',(0.0249000000000046,0.124949999999999,-0.427755));
#10215=CARTESIAN_POINT('',(0.0249000000000046,0.124949999999999,-0.427755));
#10216=CARTESIAN_POINT('',(0.0249000000000046,0.124949999999999,-0.427755));
#10217=CARTESIAN_POINT('',(0.0249000000000046,0.124949999999999,-0.427755));
#10218=CARTESIAN_POINT('',(0.0249000000000046,0.124949999999999,-0.427755));
#10219=CARTESIAN_POINT('',(0.0249000000000046,0.124949999999999,-0.427755));
#10220=CARTESIAN_POINT('',(0.0249000000000046,0.124949999999999,-0.427755));
#10221=CARTESIAN_POINT('',(0.,0.,0.));
#10222=CARTESIAN_POINT('',(0.018675000000004,0.10845,-0.425755));
#10223=CARTESIAN_POINT('',(0.,0.,0.));
#10224=CARTESIAN_POINT('',(-0.022824999999993,0.14145,-0.425755));
#10225=CARTESIAN_POINT('',(-0.0311249999999924,0.14695,-0.425755));
#10226=CARTESIAN_POINT('',(-0.0311249999999941,0.113950000000002,-0.425755));
#10227=CARTESIAN_POINT('',(-0.0186749999999931,0.14145,-0.425755));
#10228=CARTESIAN_POINT('',(-0.0186749999999949,0.108450000000001,-0.425755));
#10229=CARTESIAN_POINT('',(-0.0228249999999936,0.13045,-0.425755));
#10230=CARTESIAN_POINT('',(-0.0269749999999947,0.108450000000002,-0.425755));
#10231=CARTESIAN_POINT('',(-0.0269749999999931,0.13595,-0.425755));
#10232=CARTESIAN_POINT('',(-0.0228249999999947,0.108450000000002,-0.425755));
#10233=CARTESIAN_POINT('',(-0.0311249999999926,0.14145,-0.425755));
#10234=CARTESIAN_POINT('',(-0.0311249999999945,0.108450000000002,-0.425755));
#10235=CARTESIAN_POINT('',(-0.0228249999999941,0.119450000000001,-0.425755));
#10236=CARTESIAN_POINT('',(-0.026974999999995,0.102950000000002,-0.425755));
#10237=CARTESIAN_POINT('',(-0.0186749999999943,0.11945,-0.425755));
#10238=CARTESIAN_POINT('',(-0.0311249999999933,0.130450000000001,-0.425755));
#10239=CARTESIAN_POINT('',(-0.0228249999999926,0.14695,-0.425755));
#10240=CARTESIAN_POINT('',(-0.0186749999999946,0.113950000000001,-0.425755));
#10241=CARTESIAN_POINT('',(-0.0228249999999951,0.102950000000002,-0.425755));
#10242=CARTESIAN_POINT('',(-0.0228249999999945,0.113950000000001,-0.425755));
#10243=CARTESIAN_POINT('',(-0.0269749999999943,0.113950000000002,-0.425755));
#10244=CARTESIAN_POINT('',(-0.0186749999999928,0.14695,-0.425755));
#10245=CARTESIAN_POINT('',(-0.0311249999999938,0.119450000000002,-0.425755));
#10246=CARTESIAN_POINT('',(-0.0228249999999939,0.124950000000001,-0.425755));
#10247=CARTESIAN_POINT('',(-0.0311249999999948,0.102950000000002,-0.425755));
#10248=CARTESIAN_POINT('',(-0.0269749999999934,0.130450000000001,-0.425755));
#10249=CARTESIAN_POINT('',(-0.0311249999999929,0.135950000000001,-0.425755));
#10250=CARTESIAN_POINT('',(-0.0186749999999937,0.13045,-0.425755));
#10251=CARTESIAN_POINT('',(-0.0228249999999932,0.13595,-0.425755));
#10252=CARTESIAN_POINT('',(-0.0186749999999934,0.13595,-0.425755));
#10253=CARTESIAN_POINT('',(-0.0269749999999925,0.14695,-0.425755));
#10254=CARTESIAN_POINT('',(-0.026974999999994,0.119450000000002,-0.425755));
#10255=CARTESIAN_POINT('',(-0.0269749999999937,0.124950000000001,-0.425755));
#10256=CARTESIAN_POINT('',(-0.0311249999999936,0.124950000000002,-0.425755));
#10257=CARTESIAN_POINT('',(-0.0269749999999928,0.14145,-0.425755));
#10258=CARTESIAN_POINT('',(-0.0186749999999939,0.12495,-0.425755));
#10259=CARTESIAN_POINT('',(-0.0186749999999952,0.102950000000002,-0.425755));
#10260=CARTESIAN_POINT('',(-0.0248999999999938,0.124950000000001,-0.427755));
#10261=CARTESIAN_POINT('',(-0.0248999999999938,0.124950000000001,-0.427755));
#10262=CARTESIAN_POINT('',(-0.0248999999999938,0.124950000000001,-0.427755));
#10263=CARTESIAN_POINT('',(-0.0248999999999938,0.124950000000001,-0.427755));
#10264=CARTESIAN_POINT('',(-0.0248999999999938,0.124950000000001,-0.427755));
#10265=CARTESIAN_POINT('',(-0.0248999999999938,0.124950000000001,-0.427755));
#10266=CARTESIAN_POINT('',(-0.0248999999999938,0.124950000000001,-0.427755));
#10267=CARTESIAN_POINT('',(0.,0.,0.));
#10268=CARTESIAN_POINT('',(0.,0.,0.));
#10269=CARTESIAN_POINT('',(0.,0.,0.));
#10270=CARTESIAN_POINT('',(2.69266381903998E-15,0.07495,-0.427755));
#10271=CARTESIAN_POINT('',(0.0103750000000012,0.05295,-0.425755));
#10272=CARTESIAN_POINT('',(0.00207500000000322,0.08595,-0.425755));
#10273=CARTESIAN_POINT('',(0.0103750000000036,0.0969499999999987,-0.425755));
#10274=CARTESIAN_POINT('',(0.010375000000003,0.085949999999999,-0.425755));
#10275=CARTESIAN_POINT('',(0.00622500000000191,0.06395,-0.425755));
#10276=CARTESIAN_POINT('',(0.00207500000000261,0.07495,-0.425755));
#10277=CARTESIAN_POINT('',(0.0103750000000017,0.06395,-0.425755));
#10278=CARTESIAN_POINT('',(0.00622500000000248,0.07495,-0.425755));
#10279=CARTESIAN_POINT('',(0.0103750000000024,0.07495,-0.425755));
#10280=CARTESIAN_POINT('',(0.0145250000000031,0.0914499999999986,-0.425755));
#10281=CARTESIAN_POINT('',(0.0062250000000028,0.08045,-0.425755));
#10282=CARTESIAN_POINT('',(0.0145250000000013,0.05845,-0.425755));
#10283=CARTESIAN_POINT('',(0.0103750000000014,0.05845,-0.425755));
#10284=CARTESIAN_POINT('',(0.00622500000000371,0.0969499999999989,-0.425755));
#10285=CARTESIAN_POINT('',(0.014525000000001,0.05295,-0.425755));
#10286=CARTESIAN_POINT('',(0.0103750000000033,0.0914499999999989,-0.425755));
#10287=CARTESIAN_POINT('',(0.00622500000000221,0.06945,-0.425755));
#10288=CARTESIAN_POINT('',(0.00622500000000341,0.09145,-0.425755));
#10289=CARTESIAN_POINT('',(0.0145250000000016,0.06395,-0.425755));
#10290=CARTESIAN_POINT('',(0.0062250000000031,0.08595,-0.425755));
#10291=CARTESIAN_POINT('',(0.00207500000000292,0.08045,-0.425755));
#10292=CARTESIAN_POINT('',(0.00207500000000172,0.05845,-0.425755));
#10293=CARTESIAN_POINT('',(0.0145250000000022,0.0749499999999992,-0.425755));
#10294=CARTESIAN_POINT('',(0.0145250000000025,0.080449999999999,-0.425755));
#10295=CARTESIAN_POINT('',(0.00207500000000351,0.09145,-0.425755));
#10296=CARTESIAN_POINT('',(0.00830000000000239,0.07495,-0.427755));
#10297=CARTESIAN_POINT('',(0.00830000000000239,0.07495,-0.427755));
#10298=CARTESIAN_POINT('',(0.00830000000000239,0.07495,-0.427755));
#10299=CARTESIAN_POINT('',(0.00830000000000239,0.07495,-0.427755));
#10300=CARTESIAN_POINT('',(0.00830000000000239,0.07495,-0.427755));
#10301=CARTESIAN_POINT('',(0.00830000000000239,0.07495,-0.427755));
#10302=CARTESIAN_POINT('',(0.00830000000000239,0.07495,-0.427755));
#10303=CARTESIAN_POINT('',(0.,0.,0.));
#10304=CARTESIAN_POINT('',(0.00207500000000381,0.09695,-0.425755));
#10305=CARTESIAN_POINT('',(0.00207500000000142,0.0529500000000006,-0.425755));
#10306=CARTESIAN_POINT('',(0.0103750000000027,0.08045,-0.425755));
#10307=CARTESIAN_POINT('',(0.00622500000000159,0.05845,-0.425755));
#10308=CARTESIAN_POINT('',(0.00207500000000203,0.06395,-0.425755));
#10309=CARTESIAN_POINT('',(0.0145250000000028,0.0859499999999988,-0.425755));
#10310=CARTESIAN_POINT('',(0.0145250000000034,0.0969499999999985,-0.425755));
#10311=CARTESIAN_POINT('',(0.00207500000000231,0.06945,-0.425755));
#10312=CARTESIAN_POINT('',(0.0145250000000019,0.06945,-0.425755));
#10313=CARTESIAN_POINT('',(0.0103750000000021,0.06945,-0.425755));
#10314=CARTESIAN_POINT('',(0.00622500000000129,0.05295,-0.425755));
#10315=CARTESIAN_POINT('',(0.,0.,0.));
#10316=CARTESIAN_POINT('',(-0.0145249999999965,0.08045,-0.425755));
#10317=CARTESIAN_POINT('',(-0.0103749999999961,0.09145,-0.425755));
#10318=CARTESIAN_POINT('',(-0.0103749999999973,0.06945,-0.425755));
#10319=CARTESIAN_POINT('',(-0.00207499999999785,0.06395,-0.425755));
#10320=CARTESIAN_POINT('',(-0.00622499999999742,0.06945,-0.425755));
#10321=CARTESIAN_POINT('',(-0.00207499999999754,0.06945,-0.425755));
#10322=CARTESIAN_POINT('',(-0.0103749999999982,0.0529500000000012,-0.425755));
#10323=CARTESIAN_POINT('',(-0.00207499999999696,0.08045,-0.425755));
#10324=CARTESIAN_POINT('',(-0.00207499999999724,0.07495,-0.425755));
#10325=CARTESIAN_POINT('',(-0.00207499999999816,0.05845,-0.425755));
#10326=CARTESIAN_POINT('',(-0.0145249999999956,0.09695,-0.425755));
#10327=CARTESIAN_POINT('',(-0.0145249999999974,0.0639500000000011,-0.425755));
#10328=CARTESIAN_POINT('',(-0.0145249999999959,0.09145,-0.425755));
#10329=CARTESIAN_POINT('',(-0.00622499999999712,0.07495,-0.425755));
#10330=CARTESIAN_POINT('',(-0.0062249999999968,0.08045,-0.425755));
#10331=CARTESIAN_POINT('',(-0.0145249999999968,0.07495,-0.425755));
#10332=CARTESIAN_POINT('',(-0.014524999999998,0.0529500000000015,-0.425755));
#10333=CARTESIAN_POINT('',(-0.00207499999999666,0.08595,-0.425755));
#10334=CARTESIAN_POINT('',(-0.0145249999999962,0.08595,-0.425755));
#10335=CARTESIAN_POINT('',(-0.0103749999999964,0.08595,-0.425755));
#10336=CARTESIAN_POINT('',(-0.0103749999999979,0.058450000000001,-0.425755));
#10337=CARTESIAN_POINT('',(-0.00622499999999591,0.09695,-0.425755));
#10338=CARTESIAN_POINT('',(-0.00622499999999831,0.052950000000001,-0.425755));
#10339=CARTESIAN_POINT('',(-0.010374999999997,0.07495,-0.425755));
#10340=CARTESIAN_POINT('',(-0.0062249999999965,0.08595,-0.425755));
#10341=CARTESIAN_POINT('',(-0.0103749999999958,0.09695,-0.425755));
#10342=CARTESIAN_POINT('',(-0.00207499999999847,0.0529500000000008,-0.425755));
#10343=CARTESIAN_POINT('',(-0.00622499999999772,0.0639500000000007,-0.425755));
#10344=CARTESIAN_POINT('',(-0.0103749999999976,0.0639500000000009,-0.425755));
#10345=CARTESIAN_POINT('',(-0.0145249999999971,0.0694500000000009,-0.425755));
#10346=CARTESIAN_POINT('',(-0.00207499999999604,0.09695,-0.425755));
#10347=CARTESIAN_POINT('',(-0.0103749999999966,0.08045,-0.425755));
#10348=CARTESIAN_POINT('',(-0.00622499999999619,0.09145,-0.425755));
#10349=CARTESIAN_POINT('',(-0.00829999999999708,0.07495,-0.427755));
#10350=CARTESIAN_POINT('',(-0.00829999999999708,0.07495,-0.427755));
#10351=CARTESIAN_POINT('',(-0.00829999999999708,0.07495,-0.427755));
#10352=CARTESIAN_POINT('',(-0.00829999999999708,0.07495,-0.427755));
#10353=CARTESIAN_POINT('',(-0.00829999999999708,0.07495,-0.427755));
#10354=CARTESIAN_POINT('',(-0.00829999999999708,0.07495,-0.427755));
#10355=CARTESIAN_POINT('',(-0.00829999999999708,0.07495,-0.427755));
#10356=CARTESIAN_POINT('',(0.,0.,0.));
#10357=CARTESIAN_POINT('',(-0.00622499999999801,0.0584500000000008,-0.425755));
#10358=CARTESIAN_POINT('',(-0.0145249999999977,0.0584500000000013,-0.425755));
#10359=CARTESIAN_POINT('',(-0.00207499999999634,0.09145,-0.425755));
#10360=CARTESIAN_POINT('',(0.,0.,0.));
#10361=CARTESIAN_POINT('',(-0.0269749999999962,0.0804500000000012,-0.425755));
#10362=CARTESIAN_POINT('',(-0.0311249999999966,0.0694500000000018,-0.425755));
#10363=CARTESIAN_POINT('',(-0.0186749999999955,0.09695,-0.425755));
#10364=CARTESIAN_POINT('',(-0.0186749999999965,0.08045,-0.425755));
#10365=CARTESIAN_POINT('',(-0.0186749999999967,0.074950000000001,-0.425755));
#10366=CARTESIAN_POINT('',(-0.0228249999999966,0.0749500000000012,-0.425755));
#10367=CARTESIAN_POINT('',(-0.0228249999999978,0.0529500000000019,-0.425755));
#10368=CARTESIAN_POINT('',(-0.0269749999999964,0.0749500000000014,-0.425755));
#10369=CARTESIAN_POINT('',(-0.0186749999999973,0.0639500000000013,-0.425755));
#10370=CARTESIAN_POINT('',(-0.0228249999999953,0.09695,-0.425755));
#10371=CARTESIAN_POINT('',(-0.031124999999996,0.0804500000000015,-0.425755));
#10372=CARTESIAN_POINT('',(-0.0269749999999968,0.0694500000000016,-0.425755));
#10373=CARTESIAN_POINT('',(-0.026974999999997,0.0639500000000018,-0.425755));
#10374=CARTESIAN_POINT('',(-0.0311249999999957,0.0859500000000013,-0.425755));
#10375=CARTESIAN_POINT('',(-0.0311249999999954,0.0914500000000011,-0.425755));
#10376=CARTESIAN_POINT('',(-0.0228249999999963,0.080450000000001,-0.425755));
#10377=CARTESIAN_POINT('',(-0.0269749999999977,0.0529500000000021,-0.425755));
#10378=CARTESIAN_POINT('',(-0.018674999999997,0.0694500000000012,-0.425755));
#10379=CARTESIAN_POINT('',(-0.0311249999999975,0.0529500000000024,-0.425755));
#10380=CARTESIAN_POINT('',(-0.0228249999999969,0.0694500000000014,-0.425755));
#10381=CARTESIAN_POINT('',(-0.0311249999999951,0.09695,-0.425755));
#10382=CARTESIAN_POINT('',(-0.0186749999999958,0.09145,-0.425755));
#10383=CARTESIAN_POINT('',(-0.0311249999999969,0.063950000000002,-0.425755));
#10384=CARTESIAN_POINT('',(-0.0269749999999974,0.058450000000002,-0.425755));
#10385=CARTESIAN_POINT('',(-0.0228249999999972,0.0639500000000016,-0.425755));
#10386=CARTESIAN_POINT('',(-0.0186749999999961,0.08595,-0.425755));
#10387=CARTESIAN_POINT('',(-0.0269749999999958,0.0859500000000011,-0.425755));
#10388=CARTESIAN_POINT('',(-0.0186749999999979,0.0529500000000017,-0.425755));
#10389=CARTESIAN_POINT('',(-0.022824999999996,0.08595,-0.425755));
#10390=CARTESIAN_POINT('',(-0.0311249999999964,0.0749500000000017,-0.425755));
#10391=CARTESIAN_POINT('',(-0.0269749999999956,0.09145,-0.425755));
#10392=CARTESIAN_POINT('',(-0.0311249999999972,0.0584500000000022,-0.425755));
#10393=CARTESIAN_POINT('',(-0.0248999999999965,0.0749500000000014,-0.427755));
#10394=CARTESIAN_POINT('',(-0.0248999999999965,0.0749500000000014,-0.427755));
#10395=CARTESIAN_POINT('',(-0.0248999999999965,0.0749500000000014,-0.427755));
#10396=CARTESIAN_POINT('',(-0.0248999999999965,0.0749500000000014,-0.427755));
#10397=CARTESIAN_POINT('',(-0.0248999999999965,0.0749500000000014,-0.427755));
#10398=CARTESIAN_POINT('',(-0.0248999999999965,0.0749500000000014,-0.427755));
#10399=CARTESIAN_POINT('',(-0.0248999999999965,0.0749500000000014,-0.427755));
#10400=CARTESIAN_POINT('',(0.,0.,0.));
#10401=CARTESIAN_POINT('',(-0.0228249999999975,0.0584500000000017,-0.425755));
#10402=CARTESIAN_POINT('',(-0.0186749999999976,0.0584500000000015,-0.425755));
#10403=CARTESIAN_POINT('',(-0.0228249999999957,0.09145,-0.425755));
#10404=CARTESIAN_POINT('',(-0.0269749999999953,0.09695,-0.425755));
#10405=CARTESIAN_POINT('',(0.,0.,0.));
#10406=CARTESIAN_POINT('',(0.0186750000000027,0.0859499999999986,-0.425755));
#10407=CARTESIAN_POINT('',(0.022825000000002,0.0749499999999987,-0.425755));
#10408=CARTESIAN_POINT('',(0.0311250000000029,0.0969499999999975,-0.425755));
#10409=CARTESIAN_POINT('',(0.0269750000000018,0.0749499999999985,-0.425755));
#10410=CARTESIAN_POINT('',(0.0269750000000024,0.0859499999999981,-0.425755));
#10411=CARTESIAN_POINT('',(0.0269750000000006,0.0529499999999992,-0.425755));
#10412=CARTESIAN_POINT('',(0.0186750000000021,0.0749499999999989,-0.425755));
#10413=CARTESIAN_POINT('',(0.0311250000000017,0.0749499999999982,-0.425755));
#10414=CARTESIAN_POINT('',(0.0228250000000023,0.0804499999999985,-0.425755));
#10415=CARTESIAN_POINT('',(0.0269750000000028,0.0914499999999979,-0.425755));
#10416=CARTESIAN_POINT('',(0.0228250000000032,0.096949999999998,-0.425755));
#10417=CARTESIAN_POINT('',(0.0228250000000026,0.0859499999999984,-0.425755));
#10418=CARTESIAN_POINT('',(0.0269750000000009,0.058449999999999,-0.425755));
#10419=CARTESIAN_POINT('',(0.0311250000000008,0.0584499999999988,-0.425755));
#10420=CARTESIAN_POINT('',(0.0228250000000029,0.0914499999999982,-0.425755));
#10421=CARTESIAN_POINT('',(0.0311250000000011,0.0639499999999986,-0.425755));
#10422=CARTESIAN_POINT('',(0.0311250000000026,0.0914499999999977,-0.425755));
#10423=CARTESIAN_POINT('',(0.0186750000000012,0.05845,-0.425755));
#10424=CARTESIAN_POINT('',(0.0186750000000033,0.0969499999999982,-0.425755));
#10425=CARTESIAN_POINT('',(0.0311250000000005,0.052949999999999,-0.425755));
#10426=CARTESIAN_POINT('',(0.031125000000002,0.0804499999999981,-0.425755));
#10427=CARTESIAN_POINT('',(0.0228250000000017,0.0694499999999989,-0.425755));
#10428=CARTESIAN_POINT('',(0.0269750000000012,0.0639499999999988,-0.425755));
#10429=CARTESIAN_POINT('',(0.0311250000000023,0.0859499999999979,-0.425755));
#10430=CARTESIAN_POINT('',(0.0228250000000014,0.0639499999999991,-0.425755));
#10431=CARTESIAN_POINT('',(0.018675000000003,0.0914499999999984,-0.425755));
#10432=CARTESIAN_POINT('',(0.0228250000000011,0.0584499999999992,-0.425755));
#10433=CARTESIAN_POINT('',(0.0249000000000018,0.0749499999999986,-0.427755));
#10434=CARTESIAN_POINT('',(0.0249000000000018,0.0749499999999986,-0.427755));
#10435=CARTESIAN_POINT('',(0.0249000000000018,0.0749499999999986,-0.427755));
#10436=CARTESIAN_POINT('',(0.0249000000000018,0.0749499999999986,-0.427755));
#10437=CARTESIAN_POINT('',(0.0249000000000018,0.0749499999999986,-0.427755));
#10438=CARTESIAN_POINT('',(0.0249000000000018,0.0749499999999986,-0.427755));
#10439=CARTESIAN_POINT('',(0.0249000000000018,0.0749499999999986,-0.427755));
#10440=CARTESIAN_POINT('',(0.,0.,0.));
#10441=CARTESIAN_POINT('',(0.0186750000000015,0.0639499999999993,-0.425755));
#10442=CARTESIAN_POINT('',(0.0269750000000022,0.0804499999999983,-0.425755));
#10443=CARTESIAN_POINT('',(0.0228250000000008,0.0529499999999994,-0.425755));
#10444=CARTESIAN_POINT('',(0.026975000000003,0.0969499999999978,-0.425755));
#10445=CARTESIAN_POINT('',(0.0186750000000024,0.0804499999999988,-0.425755));
#10446=CARTESIAN_POINT('',(0.0186750000000018,0.0694499999999991,-0.425755));
#10447=CARTESIAN_POINT('',(0.0311250000000013,0.0694499999999984,-0.425755));
#10448=CARTESIAN_POINT('',(0.0186750000000009,0.05295,-0.425755));
#10449=CARTESIAN_POINT('',(0.0269750000000015,0.0694499999999987,-0.425755));
#10450=CARTESIAN_POINT('',(0.,0.,0.));
#10451=CARTESIAN_POINT('',(0.,0.,0.));
#10452=CARTESIAN_POINT('',(-4.7009453751507E-17,0.02495,-0.427755));
#10453=CARTESIAN_POINT('',(-0.0311249999999975,0.0359500000000037,-0.425755));
#10454=CARTESIAN_POINT('',(-0.0269749999999983,0.0249500000000039,-0.425755));
#10455=CARTESIAN_POINT('',(-0.0228249999999996,0.00295000000000444,-0.425755));
#10456=CARTESIAN_POINT('',(-0.0228249999999984,0.0249500000000036,-0.425755));
#10457=CARTESIAN_POINT('',(-0.018674999999998,0.0359500000000031,-0.425755));
#10458=CARTESIAN_POINT('',(-0.0186749999999998,0.00295000000000421,-0.425755));
#10459=CARTESIAN_POINT('',(-0.0269749999999992,0.00845000000000448,-0.425755));
#10460=CARTESIAN_POINT('',(-0.0186749999999988,0.0194500000000036,-0.425755));
#10461=CARTESIAN_POINT('',(-0.0269749999999989,0.0139500000000043,-0.425755));
#10462=CARTESIAN_POINT('',(-0.022824999999999,0.013950000000004,-0.425755));
#10463=CARTESIAN_POINT('',(-0.0269749999999995,0.00295000000000467,-0.425755));
#10464=CARTESIAN_POINT('',(-0.0228249999999981,0.0304500000000035,-0.425755));
#10465=CARTESIAN_POINT('',(-0.0311249999999987,0.0139500000000045,-0.425755));
#10466=CARTESIAN_POINT('',(-0.0228249999999972,0.0469500000000029,-0.425755));
#10467=CARTESIAN_POINT('',(-0.0311249999999972,0.0414500000000035,-0.425755));
#10468=CARTESIAN_POINT('',(-0.0311249999999993,0.0029500000000049,-0.425755));
#10469=CARTESIAN_POINT('',(-0.0228249999999987,0.0194500000000038,-0.425755));
#10470=CARTESIAN_POINT('',(-0.0186749999999973,0.0469500000000026,-0.425755));
#10471=CARTESIAN_POINT('',(-0.0311249999999978,0.0304500000000039,-0.425755));
#10472=CARTESIAN_POINT('',(-0.0311249999999984,0.0194500000000043,-0.425755));
#10473=CARTESIAN_POINT('',(-0.0269749999999977,0.0359500000000035,-0.425755));
#10474=CARTESIAN_POINT('',(-0.0228249999999993,0.00845000000000425,-0.425755));
#10475=CARTESIAN_POINT('',(-0.0311249999999968,0.0469500000000033,-0.425755));
#10476=CARTESIAN_POINT('',(-0.0186749999999992,0.0139500000000038,-0.425755));
#10477=CARTESIAN_POINT('',(-0.0186749999999976,0.0414500000000029,-0.425755));
#10478=CARTESIAN_POINT('',(-0.0269749999999986,0.0194500000000041,-0.425755));
#10479=CARTESIAN_POINT('',(-0.031124999999999,0.0084500000000047,-0.425755));
#10480=CARTESIAN_POINT('',(-0.0311249999999981,0.0249500000000041,-0.425755));
#10481=CARTESIAN_POINT('',(-0.026974999999997,0.0469500000000031,-0.425755));
#10482=CARTESIAN_POINT('',(-0.0186749999999982,0.0304500000000033,-0.425755));
#10483=CARTESIAN_POINT('',(-0.0228249999999978,0.0359500000000033,-0.425755));
#10484=CARTESIAN_POINT('',(-0.0186749999999986,0.0249500000000034,-0.425755));
#10485=CARTESIAN_POINT('',(-0.026974999999998,0.0304500000000037,-0.425755));
#10486=CARTESIAN_POINT('',(-0.0228249999999975,0.0414500000000031,-0.425755));
#10487=CARTESIAN_POINT('',(-0.0269749999999974,0.0414500000000033,-0.425755));
#10488=CARTESIAN_POINT('',(-0.0186749999999994,0.00845000000000402,-0.425755));
#10489=CARTESIAN_POINT('',(-0.0248999999999983,0.0249500000000038,-0.427755));
#10490=CARTESIAN_POINT('',(-0.0248999999999983,0.0249500000000038,-0.427755));
#10491=CARTESIAN_POINT('',(-0.0248999999999983,0.0249500000000038,-0.427755));
#10492=CARTESIAN_POINT('',(-0.0248999999999983,0.0249500000000038,-0.427755));
#10493=CARTESIAN_POINT('',(-0.0248999999999983,0.0249500000000038,-0.427755));
#10494=CARTESIAN_POINT('',(-0.0248999999999983,0.0249500000000038,-0.427755));
#10495=CARTESIAN_POINT('',(-0.0248999999999983,0.0249500000000038,-0.427755));
#10496=CARTESIAN_POINT('',(0.,0.,0.));
#10497=CARTESIAN_POINT('',(0.,0.,0.));
#10498=CARTESIAN_POINT('',(0.00207500000000072,0.0249500000000023,-0.425755));
#10499=CARTESIAN_POINT('',(0.00622499999999967,0.00845000000000265,-0.425755));
#10500=CARTESIAN_POINT('',(0.0103749999999998,0.0139500000000022,-0.425755));
#10501=CARTESIAN_POINT('',(0.0145250000000009,0.0359500000000012,-0.425755));
#10502=CARTESIAN_POINT('',(0.006225,0.0139500000000024,-0.425755));
#10503=CARTESIAN_POINT('',(0.0145250000000012,0.041450000000001,-0.425755));
#10504=CARTESIAN_POINT('',(0.0103749999999992,0.00295000000000263,-0.425755));
#10505=CARTESIAN_POINT('',(0.010375000000001,0.0359500000000015,-0.425755));
#10506=CARTESIAN_POINT('',(0.0145249999999994,0.00845000000000219,-0.425755));
#10507=CARTESIAN_POINT('',(0.0103749999999995,0.00845000000000242,-0.425755));
#10508=CARTESIAN_POINT('',(0.00622500000000057,0.0249500000000021,-0.425755));
#10509=CARTESIAN_POINT('',(0.00207500000000193,0.0469500000000015,-0.425755));
#10510=CARTESIAN_POINT('',(0.0103750000000013,0.0414500000000012,-0.425755));
#10511=CARTESIAN_POINT('',(0.00622500000000087,0.0304500000000019,-0.425755));
#10512=CARTESIAN_POINT('',(0.00622500000000178,0.0469500000000013,-0.425755));
#10513=CARTESIAN_POINT('',(0.014525,0.0194500000000018,-0.425755));
#10514=CARTESIAN_POINT('',(0.0145250000000006,0.0304500000000014,-0.425755));
#10515=CARTESIAN_POINT('',(0.00207500000000163,0.0414500000000017,-0.425755));
#10516=CARTESIAN_POINT('',(0.0145250000000003,0.0249500000000016,-0.425755));
#10517=CARTESIAN_POINT('',(0.00622500000000147,0.0414500000000015,-0.425755));
#10518=CARTESIAN_POINT('',(0.0103750000000004,0.0249500000000018,-0.425755));
#10519=CARTESIAN_POINT('',(0.00207499999999982,0.00845000000000288,-0.425755));
#10520=CARTESIAN_POINT('',(0.0145249999999991,0.0029500000000024,-0.425755));
#10521=CARTESIAN_POINT('',(0.00622500000000027,0.0194500000000023,-0.425755));
#10522=CARTESIAN_POINT('',(0.0145249999999997,0.013950000000002,-0.425755));
#10523=CARTESIAN_POINT('',(0.00622500000000117,0.0359500000000017,-0.425755));
#10524=CARTESIAN_POINT('',(0.00207500000000132,0.0359500000000019,-0.425755));
#10525=CARTESIAN_POINT('',(0.0145250000000015,0.0469500000000008,-0.425755));
#10526=CARTESIAN_POINT('',(0.00830000000000048,0.024950000000002,-0.427755));
#10527=CARTESIAN_POINT('',(0.00830000000000048,0.024950000000002,-0.427755));
#10528=CARTESIAN_POINT('',(0.00830000000000048,0.024950000000002,-0.427755));
#10529=CARTESIAN_POINT('',(0.00830000000000048,0.024950000000002,-0.427755));
#10530=CARTESIAN_POINT('',(0.00830000000000048,0.024950000000002,-0.427755));
#10531=CARTESIAN_POINT('',(0.00830000000000048,0.024950000000002,-0.427755));
#10532=CARTESIAN_POINT('',(0.00830000000000048,0.024950000000002,-0.427755));
#10533=CARTESIAN_POINT('',(0.,0.,0.));
#10534=CARTESIAN_POINT('',(0.0103750000000016,0.046950000000001,-0.425755));
#10535=CARTESIAN_POINT('',(0.00207499999999952,0.00295000000000308,-0.425755));
#10536=CARTESIAN_POINT('',(0.0103750000000001,0.019450000000002,-0.425755));
#10537=CARTESIAN_POINT('',(0.00207500000000102,0.0304500000000021,-0.425755));
#10538=CARTESIAN_POINT('',(0.00207500000000011,0.0139500000000027,-0.425755));
#10539=CARTESIAN_POINT('',(0.00207500000000042,0.0194500000000025,-0.425755));
#10540=CARTESIAN_POINT('',(0.00622499999999937,0.00295000000000285,-0.425755));
#10541=CARTESIAN_POINT('',(0.0103750000000007,0.0304500000000017,-0.425755));
#10542=CARTESIAN_POINT('',(0.,0.,0.));
#10543=CARTESIAN_POINT('',(0.0269750000000011,0.04695,-0.425755));
#10544=CARTESIAN_POINT('',(0.0228249999999994,0.0139500000000015,-0.425755));
#10545=CARTESIAN_POINT('',(0.0269749999999992,0.0139500000000013,-0.425755));
#10546=CARTESIAN_POINT('',(0.0228250000000012,0.04695,-0.425755));
#10547=CARTESIAN_POINT('',(0.018675,0.0194500000000016,-0.425755));
#10548=CARTESIAN_POINT('',(0.0311250000000009,0.04695,-0.425755));
#10549=CARTESIAN_POINT('',(0.0311250000000006,0.04145,-0.425755));
#10550=CARTESIAN_POINT('',(0.0269750000000007,0.04145,-0.425755));
#10551=CARTESIAN_POINT('',(0.0186749999999995,0.0139500000000018,-0.425755));
#10552=CARTESIAN_POINT('',(0.0269749999999989,0.00845000000000152,-0.425755));
#10553=CARTESIAN_POINT('',(0.0269749999999986,0.00295000000000172,-0.425755));
#10554=CARTESIAN_POINT('',(0.0311249999999991,0.0139500000000011,-0.425755));
#10555=CARTESIAN_POINT('',(0.0228249999999987,0.00295000000000195,-0.425755));
#10556=CARTESIAN_POINT('',(0.0186749999999992,0.00845000000000197,-0.425755));
#10557=CARTESIAN_POINT('',(0.0269749999999995,0.0194500000000011,-0.425755));
#10558=CARTESIAN_POINT('',(0.0186750000000011,0.0414500000000008,-0.425755));
#10559=CARTESIAN_POINT('',(0.0311249999999996,0.0249500000000007,-0.425755));
#10560=CARTESIAN_POINT('',(0.0228250000000009,0.0414500000000005,-0.425755));
#10561=CARTESIAN_POINT('',(0.0311249999999993,0.0194500000000009,-0.425755));
#10562=CARTESIAN_POINT('',(0.0311249999999987,0.00845000000000129,-0.425755));
#10563=CARTESIAN_POINT('',(0.0186750000000005,0.0304500000000012,-0.425755));
#10564=CARTESIAN_POINT('',(0.0311249999999984,0.00295000000000149,-0.425755));
#10565=CARTESIAN_POINT('',(0.026975,0.0304500000000008,-0.425755));
#10566=CARTESIAN_POINT('',(0.0228250000000003,0.030450000000001,-0.425755));
#10567=CARTESIAN_POINT('',(0.0186749999999989,0.00295000000000218,-0.425755));
#10568=CARTESIAN_POINT('',(0.026975,0.024950000000001,-0.425755));
#10569=CARTESIAN_POINT('',(0.0186750000000014,0.0469500000000006,-0.425755));
#10570=CARTESIAN_POINT('',(0.0186750000000008,0.035950000000001,-0.425755));
#10571=CARTESIAN_POINT('',(0.0228249999999991,0.00845000000000175,-0.425755));
#10572=CARTESIAN_POINT('',(0.0228250000000006,0.0359500000000008,-0.425755));
#10573=CARTESIAN_POINT('',(0.018675,0.0249500000000014,-0.425755));
#10574=CARTESIAN_POINT('',(0.022825,0.0249500000000011,-0.425755));
#10575=CARTESIAN_POINT('',(0.031125,0.0304500000000005,-0.425755));
#10576=CARTESIAN_POINT('',(0.0249,0.0249500000000011,-0.427755));
#10577=CARTESIAN_POINT('',(0.0249,0.0249500000000011,-0.427755));
#10578=CARTESIAN_POINT('',(0.0249,0.0249500000000011,-0.427755));
#10579=CARTESIAN_POINT('',(0.0249,0.0249500000000011,-0.427755));
#10580=CARTESIAN_POINT('',(0.0249,0.0249500000000011,-0.427755));
#10581=CARTESIAN_POINT('',(0.0249,0.0249500000000011,-0.427755));
#10582=CARTESIAN_POINT('',(0.0249,0.0249500000000011,-0.427755));
#10583=CARTESIAN_POINT('',(0.,0.,0.));
#10584=CARTESIAN_POINT('',(0.0269750000000005,0.0359500000000006,-0.425755));
#10585=CARTESIAN_POINT('',(0.031125,0.03595,-0.425755));
#10586=CARTESIAN_POINT('',(0.0228249999999997,0.0194500000000013,-0.425755));
#10587=CARTESIAN_POINT('',(0.,0.,0.));
#10588=CARTESIAN_POINT('',(-0.0145249999999996,0.00845000000000379,-0.425755));
#10589=CARTESIAN_POINT('',(-0.00207499999999974,0.0139500000000029,-0.425755));
#10590=CARTESIAN_POINT('',(-0.0145249999999978,0.0414500000000026,-0.425755));
#10591=CARTESIAN_POINT('',(-0.0103749999999979,0.0414500000000024,-0.425755));
#10592=CARTESIAN_POINT('',(-0.00207499999999883,0.0304500000000023,-0.425755));
#10593=CARTESIAN_POINT('',(-0.00207499999999913,0.0249500000000025,-0.425755));
#10594=CARTESIAN_POINT('',(-0.00622499999999898,0.0249500000000028,-0.425755));
#10595=CARTESIAN_POINT('',(-0.0145249999999981,0.0359500000000028,-0.425755));
#10596=CARTESIAN_POINT('',(-0.0103749999999982,0.0359500000000026,-0.425755));
#10597=CARTESIAN_POINT('',(-0.0103749999999988,0.0249500000000029,-0.425755));
#10598=CARTESIAN_POINT('',(-0.00207499999999792,0.0469500000000017,-0.425755));
#10599=CARTESIAN_POINT('',(-0.0103749999999991,0.0194500000000031,-0.425755));
#10600=CARTESIAN_POINT('',(-0.0145249999999984,0.030450000000003,-0.425755));
#10601=CARTESIAN_POINT('',(-0.014524999999999,0.0194500000000034,-0.425755));
#10602=CARTESIAN_POINT('',(-0.010375,0.00295000000000377,-0.425755));
#10603=CARTESIAN_POINT('',(-0.00622499999999868,0.0304500000000026,-0.425755));
#10604=CARTESIAN_POINT('',(-0.014525,0.00295000000000399,-0.425755));
#10605=CARTESIAN_POINT('',(-0.00622499999999928,0.0194500000000029,-0.425755));
#10606=CARTESIAN_POINT('',(-0.00207499999999943,0.0194500000000027,-0.425755));
#10607=CARTESIAN_POINT('',(-0.0145249999999987,0.0249500000000032,-0.425755));
#10608=CARTESIAN_POINT('',(-0.0103749999999997,0.00845000000000356,-0.425755));
#10609=CARTESIAN_POINT('',(-0.0103749999999976,0.0469500000000022,-0.425755));
#10610=CARTESIAN_POINT('',(-0.00207499999999853,0.0359500000000021,-0.425755));
#10611=CARTESIAN_POINT('',(-0.0145249999999993,0.0139500000000036,-0.425755));
#10612=CARTESIAN_POINT('',(-0.00622499999999778,0.046950000000002,-0.425755));
#10613=CARTESIAN_POINT('',(-0.00622499999999838,0.0359500000000024,-0.425755));
#10614=CARTESIAN_POINT('',(-0.0145249999999975,0.0469500000000024,-0.425755));
#10615=CARTESIAN_POINT('',(-0.00622499999999958,0.0139500000000031,-0.425755));
#10616=CARTESIAN_POINT('',(-0.0103749999999994,0.0139500000000034,-0.425755));
#10617=CARTESIAN_POINT('',(-0.00622500000000019,0.00295000000000353,-0.425755));
#10618=CARTESIAN_POINT('',(-0.00207500000000003,0.00845000000000311,-0.425755));
#10619=CARTESIAN_POINT('',(-0.00207499999999822,0.041450000000002,-0.425755));
#10620=CARTESIAN_POINT('',(-0.0103749999999985,0.0304500000000028,-0.425755));
#10621=CARTESIAN_POINT('',(-0.00622499999999808,0.0414500000000022,-0.425755));
#10622=CARTESIAN_POINT('',(-0.00622499999999989,0.00845000000000333,-0.425755));
#10623=CARTESIAN_POINT('',(-0.00207500000000033,0.00295000000000331,-0.425755));
#10624=CARTESIAN_POINT('',(-0.00829999999999892,0.0249500000000029,-0.427755));
#10625=CARTESIAN_POINT('',(-0.00829999999999892,0.0249500000000029,-0.427755));
#10626=CARTESIAN_POINT('',(-0.00829999999999892,0.0249500000000029,-0.427755));
#10627=CARTESIAN_POINT('',(-0.00829999999999892,0.0249500000000029,-0.427755));
#10628=CARTESIAN_POINT('',(-0.00829999999999892,0.0249500000000029,-0.427755));
#10629=CARTESIAN_POINT('',(-0.00829999999999892,0.0249500000000029,-0.427755));
#10630=CARTESIAN_POINT('',(-0.00829999999999892,0.0249500000000029,-0.427755));
#10631=CARTESIAN_POINT('',(0.,0.,0.));
#10632=CARTESIAN_POINT('',(0.,0.,0.));
#10633=CARTESIAN_POINT('',(0.,0.,0.));
#10634=CARTESIAN_POINT('',(0.,0.,0.));
#10635=MECHANICAL_DESIGN_GEOMETRIC_PRESENTATION_REPRESENTATION('',(#5426,
#5427,#5428,#5429,#5430,#5431,#5432,#5433,#5434,#5435),#10636);
#10636=(
GEOMETRIC_REPRESENTATION_CONTEXT(3)
GLOBAL_UNCERTAINTY_ASSIGNED_CONTEXT((#10702))
GLOBAL_UNIT_ASSIGNED_CONTEXT((#10770,#10769,#10768))
REPRESENTATION_CONTEXT('Ring','TOP_LEVEL_ASSEMBLY_PART')
);
#10637=(
GEOMETRIC_REPRESENTATION_CONTEXT(3)
GLOBAL_UNCERTAINTY_ASSIGNED_CONTEXT((#10703))
GLOBAL_UNIT_ASSIGNED_CONTEXT((#10770,#10769,#10768))
REPRESENTATION_CONTEXT('dmod <1>','COMPONENT_PART')
);
#10638=(
GEOMETRIC_REPRESENTATION_CONTEXT(3)
GLOBAL_UNCERTAINTY_ASSIGNED_CONTEXT((#10704))
GLOBAL_UNIT_ASSIGNED_CONTEXT((#10770,#10769,#10768))
REPRESENTATION_CONTEXT('Part 1','COMPONENT_PART')
);
#10639=(
GEOMETRIC_REPRESENTATION_CONTEXT(3)
GLOBAL_UNCERTAINTY_ASSIGNED_CONTEXT((#10705))
GLOBAL_UNIT_ASSIGNED_CONTEXT((#10770,#10769,#10768))
REPRESENTATION_CONTEXT('Unit <6>','COMPONENT_PART')
);
#10640=(
GEOMETRIC_REPRESENTATION_CONTEXT(3)
GLOBAL_UNCERTAINTY_ASSIGNED_CONTEXT((#10706))
GLOBAL_UNIT_ASSIGNED_CONTEXT((#10770,#10769,#10768))
REPRESENTATION_CONTEXT('Part 1','COMPONENT_PART')
);
#10641=(
GEOMETRIC_REPRESENTATION_CONTEXT(3)
GLOBAL_UNCERTAINTY_ASSIGNED_CONTEXT((#10707))
GLOBAL_UNIT_ASSIGNED_CONTEXT((#10770,#10769,#10768))
REPRESENTATION_CONTEXT('Block <4>','COMPONENT_PART')
);
#10642=(
GEOMETRIC_REPRESENTATION_CONTEXT(3)
GLOBAL_UNCERTAINTY_ASSIGNED_CONTEXT((#10708))
GLOBAL_UNIT_ASSIGNED_CONTEXT((#10770,#10769,#10768))
REPRESENTATION_CONTEXT('Part 1','COMPONENT_PART')
);
#10643=(
GEOMETRIC_REPRESENTATION_CONTEXT(3)
GLOBAL_UNCERTAINTY_ASSIGNED_CONTEXT((#10709))
GLOBAL_UNIT_ASSIGNED_CONTEXT((#10770,#10769,#10768))
REPRESENTATION_CONTEXT('SiPM <1>','COMPONENT_PART')
);
#10644=(
GEOMETRIC_REPRESENTATION_CONTEXT(3)
GLOBAL_UNCERTAINTY_ASSIGNED_CONTEXT((#10710))
GLOBAL_UNIT_ASSIGNED_CONTEXT((#10770,#10769,#10768))
REPRESENTATION_CONTEXT('Part 2','COMPONENT_PART')
);
#10645=(
GEOMETRIC_REPRESENTATION_CONTEXT(3)
GLOBAL_UNCERTAINTY_ASSIGNED_CONTEXT((#10711))
GLOBAL_UNIT_ASSIGNED_CONTEXT((#10770,#10769,#10768))
REPRESENTATION_CONTEXT('Part 4','COMPONENT_PART')
);
#10646=(
GEOMETRIC_REPRESENTATION_CONTEXT(3)
GLOBAL_UNCERTAINTY_ASSIGNED_CONTEXT((#10712))
GLOBAL_UNIT_ASSIGNED_CONTEXT((#10770,#10769,#10768))
REPRESENTATION_CONTEXT('Part 6','COMPONENT_PART')
);
#10647=(
GEOMETRIC_REPRESENTATION_CONTEXT(3)
GLOBAL_UNCERTAINTY_ASSIGNED_CONTEXT((#10713))
GLOBAL_UNIT_ASSIGNED_CONTEXT((#10770,#10769,#10768))
REPRESENTATION_CONTEXT('Part 7','COMPONENT_PART')
);
#10648=(
GEOMETRIC_REPRESENTATION_CONTEXT(3)
GLOBAL_UNCERTAINTY_ASSIGNED_CONTEXT((#10714))
GLOBAL_UNIT_ASSIGNED_CONTEXT((#10770,#10769,#10768))
REPRESENTATION_CONTEXT('Part 5','COMPONENT_PART')
);
#10649=(
GEOMETRIC_REPRESENTATION_CONTEXT(3)
GLOBAL_UNCERTAINTY_ASSIGNED_CONTEXT((#10715))
GLOBAL_UNIT_ASSIGNED_CONTEXT((#10770,#10769,#10768))
REPRESENTATION_CONTEXT('Part 3','COMPONENT_PART')
);
#10650=(
GEOMETRIC_REPRESENTATION_CONTEXT(3)
GLOBAL_UNCERTAINTY_ASSIGNED_CONTEXT((#10716))
GLOBAL_UNIT_ASSIGNED_CONTEXT((#10770,#10769,#10768))
REPRESENTATION_CONTEXT('Part 1','COMPONENT_PART')
);
#10651=(
GEOMETRIC_REPRESENTATION_CONTEXT(3)
GLOBAL_UNCERTAINTY_ASSIGNED_CONTEXT((#10717))
GLOBAL_UNIT_ASSIGNED_CONTEXT((#10770,#10769,#10768))
REPRESENTATION_CONTEXT('Block <3>','COMPONENT_PART')
);
#10652=(
GEOMETRIC_REPRESENTATION_CONTEXT(3)
GLOBAL_UNCERTAINTY_ASSIGNED_CONTEXT((#10718))
GLOBAL_UNIT_ASSIGNED_CONTEXT((#10770,#10769,#10768))
REPRESENTATION_CONTEXT('SiPM <1>','COMPONENT_PART')
);
#10653=(
GEOMETRIC_REPRESENTATION_CONTEXT(3)
GLOBAL_UNCERTAINTY_ASSIGNED_CONTEXT((#10719))
GLOBAL_UNIT_ASSIGNED_CONTEXT((#10770,#10769,#10768))
REPRESENTATION_CONTEXT('Block <2>','COMPONENT_PART')
);
#10654=(
GEOMETRIC_REPRESENTATION_CONTEXT(3)
GLOBAL_UNCERTAINTY_ASSIGNED_CONTEXT((#10720))
GLOBAL_UNIT_ASSIGNED_CONTEXT((#10770,#10769,#10768))
REPRESENTATION_CONTEXT('SiPM <1>','COMPONENT_PART')
);
#10655=(
GEOMETRIC_REPRESENTATION_CONTEXT(3)
GLOBAL_UNCERTAINTY_ASSIGNED_CONTEXT((#10721))
GLOBAL_UNIT_ASSIGNED_CONTEXT((#10770,#10769,#10768))
REPRESENTATION_CONTEXT('Block <1>','COMPONENT_PART')
);
#10656=(
GEOMETRIC_REPRESENTATION_CONTEXT(3)
GLOBAL_UNCERTAINTY_ASSIGNED_CONTEXT((#10722))
GLOBAL_UNIT_ASSIGNED_CONTEXT((#10770,#10769,#10768))
REPRESENTATION_CONTEXT('SiPM <1>','COMPONENT_PART')
);
#10657=(
GEOMETRIC_REPRESENTATION_CONTEXT(3)
GLOBAL_UNCERTAINTY_ASSIGNED_CONTEXT((#10723))
GLOBAL_UNIT_ASSIGNED_CONTEXT((#10770,#10769,#10768))
REPRESENTATION_CONTEXT('Unit <4>','COMPONENT_PART')
);
#10658=(
GEOMETRIC_REPRESENTATION_CONTEXT(3)
GLOBAL_UNCERTAINTY_ASSIGNED_CONTEXT((#10724))
GLOBAL_UNIT_ASSIGNED_CONTEXT((#10770,#10769,#10768))
REPRESENTATION_CONTEXT('Block <3>','COMPONENT_PART')
);
#10659=(
GEOMETRIC_REPRESENTATION_CONTEXT(3)
GLOBAL_UNCERTAINTY_ASSIGNED_CONTEXT((#10725))
GLOBAL_UNIT_ASSIGNED_CONTEXT((#10770,#10769,#10768))
REPRESENTATION_CONTEXT('SiPM <1>','COMPONENT_PART')
);
#10660=(
GEOMETRIC_REPRESENTATION_CONTEXT(3)
GLOBAL_UNCERTAINTY_ASSIGNED_CONTEXT((#10726))
GLOBAL_UNIT_ASSIGNED_CONTEXT((#10770,#10769,#10768))
REPRESENTATION_CONTEXT('Block <2>','COMPONENT_PART')
);
#10661=(
GEOMETRIC_REPRESENTATION_CONTEXT(3)
GLOBAL_UNCERTAINTY_ASSIGNED_CONTEXT((#10727))
GLOBAL_UNIT_ASSIGNED_CONTEXT((#10770,#10769,#10768))
REPRESENTATION_CONTEXT('SiPM <1>','COMPONENT_PART')
);
#10662=(
GEOMETRIC_REPRESENTATION_CONTEXT(3)
GLOBAL_UNCERTAINTY_ASSIGNED_CONTEXT((#10728))
GLOBAL_UNIT_ASSIGNED_CONTEXT((#10770,#10769,#10768))
REPRESENTATION_CONTEXT('Block <4>','COMPONENT_PART')
);
#10663=(
GEOMETRIC_REPRESENTATION_CONTEXT(3)
GLOBAL_UNCERTAINTY_ASSIGNED_CONTEXT((#10729))
GLOBAL_UNIT_ASSIGNED_CONTEXT((#10770,#10769,#10768))
REPRESENTATION_CONTEXT('SiPM <1>','COMPONENT_PART')
);
#10664=(
GEOMETRIC_REPRESENTATION_CONTEXT(3)
GLOBAL_UNCERTAINTY_ASSIGNED_CONTEXT((#10730))
GLOBAL_UNIT_ASSIGNED_CONTEXT((#10770,#10769,#10768))
REPRESENTATION_CONTEXT('Block <1>','COMPONENT_PART')
);
#10665=(
GEOMETRIC_REPRESENTATION_CONTEXT(3)
GLOBAL_UNCERTAINTY_ASSIGNED_CONTEXT((#10731))
GLOBAL_UNIT_ASSIGNED_CONTEXT((#10770,#10769,#10768))
REPRESENTATION_CONTEXT('SiPM <1>','COMPONENT_PART')
);
#10666=(
GEOMETRIC_REPRESENTATION_CONTEXT(3)
GLOBAL_UNCERTAINTY_ASSIGNED_CONTEXT((#10732))
GLOBAL_UNIT_ASSIGNED_CONTEXT((#10770,#10769,#10768))
REPRESENTATION_CONTEXT('Unit <5>','COMPONENT_PART')
);
#10667=(
GEOMETRIC_REPRESENTATION_CONTEXT(3)
GLOBAL_UNCERTAINTY_ASSIGNED_CONTEXT((#10733))
GLOBAL_UNIT_ASSIGNED_CONTEXT((#10770,#10769,#10768))
REPRESENTATION_CONTEXT('Block <4>','COMPONENT_PART')
);
#10668=(
GEOMETRIC_REPRESENTATION_CONTEXT(3)
GLOBAL_UNCERTAINTY_ASSIGNED_CONTEXT((#10734))
GLOBAL_UNIT_ASSIGNED_CONTEXT((#10770,#10769,#10768))
REPRESENTATION_CONTEXT('SiPM <1>','COMPONENT_PART')
);
#10669=(
GEOMETRIC_REPRESENTATION_CONTEXT(3)
GLOBAL_UNCERTAINTY_ASSIGNED_CONTEXT((#10735))
GLOBAL_UNIT_ASSIGNED_CONTEXT((#10770,#10769,#10768))
REPRESENTATION_CONTEXT('Block <1>','COMPONENT_PART')
);
#10670=(
GEOMETRIC_REPRESENTATION_CONTEXT(3)
GLOBAL_UNCERTAINTY_ASSIGNED_CONTEXT((#10736))
GLOBAL_UNIT_ASSIGNED_CONTEXT((#10770,#10769,#10768))
REPRESENTATION_CONTEXT('SiPM <1>','COMPONENT_PART')
);
#10671=(
GEOMETRIC_REPRESENTATION_CONTEXT(3)
GLOBAL_UNCERTAINTY_ASSIGNED_CONTEXT((#10737))
GLOBAL_UNIT_ASSIGNED_CONTEXT((#10770,#10769,#10768))
REPRESENTATION_CONTEXT('Block <3>','COMPONENT_PART')
);
#10672=(
GEOMETRIC_REPRESENTATION_CONTEXT(3)
GLOBAL_UNCERTAINTY_ASSIGNED_CONTEXT((#10738))
GLOBAL_UNIT_ASSIGNED_CONTEXT((#10770,#10769,#10768))
REPRESENTATION_CONTEXT('SiPM <1>','COMPONENT_PART')
);
#10673=(
GEOMETRIC_REPRESENTATION_CONTEXT(3)
GLOBAL_UNCERTAINTY_ASSIGNED_CONTEXT((#10739))
GLOBAL_UNIT_ASSIGNED_CONTEXT((#10770,#10769,#10768))
REPRESENTATION_CONTEXT('Block <2>','COMPONENT_PART')
);
#10674=(
GEOMETRIC_REPRESENTATION_CONTEXT(3)
GLOBAL_UNCERTAINTY_ASSIGNED_CONTEXT((#10740))
GLOBAL_UNIT_ASSIGNED_CONTEXT((#10770,#10769,#10768))
REPRESENTATION_CONTEXT('SiPM <1>','COMPONENT_PART')
);
#10675=(
GEOMETRIC_REPRESENTATION_CONTEXT(3)
GLOBAL_UNCERTAINTY_ASSIGNED_CONTEXT((#10741))
GLOBAL_UNIT_ASSIGNED_CONTEXT((#10770,#10769,#10768))
REPRESENTATION_CONTEXT('Unit <3>','COMPONENT_PART')
);
#10676=(
GEOMETRIC_REPRESENTATION_CONTEXT(3)
GLOBAL_UNCERTAINTY_ASSIGNED_CONTEXT((#10742))
GLOBAL_UNIT_ASSIGNED_CONTEXT((#10770,#10769,#10768))
REPRESENTATION_CONTEXT('Block <2>','COMPONENT_PART')
);
#10677=(
GEOMETRIC_REPRESENTATION_CONTEXT(3)
GLOBAL_UNCERTAINTY_ASSIGNED_CONTEXT((#10743))
GLOBAL_UNIT_ASSIGNED_CONTEXT((#10770,#10769,#10768))
REPRESENTATION_CONTEXT('SiPM <1>','COMPONENT_PART')
);
#10678=(
GEOMETRIC_REPRESENTATION_CONTEXT(3)
GLOBAL_UNCERTAINTY_ASSIGNED_CONTEXT((#10744))
GLOBAL_UNIT_ASSIGNED_CONTEXT((#10770,#10769,#10768))
REPRESENTATION_CONTEXT('Block <3>','COMPONENT_PART')
);
#10679=(
GEOMETRIC_REPRESENTATION_CONTEXT(3)
GLOBAL_UNCERTAINTY_ASSIGNED_CONTEXT((#10745))
GLOBAL_UNIT_ASSIGNED_CONTEXT((#10770,#10769,#10768))
REPRESENTATION_CONTEXT('SiPM <1>','COMPONENT_PART')
);
#10680=(
GEOMETRIC_REPRESENTATION_CONTEXT(3)
GLOBAL_UNCERTAINTY_ASSIGNED_CONTEXT((#10746))
GLOBAL_UNIT_ASSIGNED_CONTEXT((#10770,#10769,#10768))
REPRESENTATION_CONTEXT('Block <1>','COMPONENT_PART')
);
#10681=(
GEOMETRIC_REPRESENTATION_CONTEXT(3)
GLOBAL_UNCERTAINTY_ASSIGNED_CONTEXT((#10747))
GLOBAL_UNIT_ASSIGNED_CONTEXT((#10770,#10769,#10768))
REPRESENTATION_CONTEXT('SiPM <1>','COMPONENT_PART')
);
#10682=(
GEOMETRIC_REPRESENTATION_CONTEXT(3)
GLOBAL_UNCERTAINTY_ASSIGNED_CONTEXT((#10748))
GLOBAL_UNIT_ASSIGNED_CONTEXT((#10770,#10769,#10768))
REPRESENTATION_CONTEXT('Block <4>','COMPONENT_PART')
);
#10683=(
GEOMETRIC_REPRESENTATION_CONTEXT(3)
GLOBAL_UNCERTAINTY_ASSIGNED_CONTEXT((#10749))
GLOBAL_UNIT_ASSIGNED_CONTEXT((#10770,#10769,#10768))
REPRESENTATION_CONTEXT('SiPM <1>','COMPONENT_PART')
);
#10684=(
GEOMETRIC_REPRESENTATION_CONTEXT(3)
GLOBAL_UNCERTAINTY_ASSIGNED_CONTEXT((#10750))
GLOBAL_UNIT_ASSIGNED_CONTEXT((#10770,#10769,#10768))
REPRESENTATION_CONTEXT('Unit <2>','COMPONENT_PART')
);
#10685=(
GEOMETRIC_REPRESENTATION_CONTEXT(3)
GLOBAL_UNCERTAINTY_ASSIGNED_CONTEXT((#10751))
GLOBAL_UNIT_ASSIGNED_CONTEXT((#10770,#10769,#10768))
REPRESENTATION_CONTEXT('Block <2>','COMPONENT_PART')
);
#10686=(
GEOMETRIC_REPRESENTATION_CONTEXT(3)
GLOBAL_UNCERTAINTY_ASSIGNED_CONTEXT((#10752))
GLOBAL_UNIT_ASSIGNED_CONTEXT((#10770,#10769,#10768))
REPRESENTATION_CONTEXT('SiPM <1>','COMPONENT_PART')
);
#10687=(
GEOMETRIC_REPRESENTATION_CONTEXT(3)
GLOBAL_UNCERTAINTY_ASSIGNED_CONTEXT((#10753))
GLOBAL_UNIT_ASSIGNED_CONTEXT((#10770,#10769,#10768))
REPRESENTATION_CONTEXT('Block <3>','COMPONENT_PART')
);
#10688=(
GEOMETRIC_REPRESENTATION_CONTEXT(3)
GLOBAL_UNCERTAINTY_ASSIGNED_CONTEXT((#10754))
GLOBAL_UNIT_ASSIGNED_CONTEXT((#10770,#10769,#10768))
REPRESENTATION_CONTEXT('SiPM <1>','COMPONENT_PART')
);
#10689=(
GEOMETRIC_REPRESENTATION_CONTEXT(3)
GLOBAL_UNCERTAINTY_ASSIGNED_CONTEXT((#10755))
GLOBAL_UNIT_ASSIGNED_CONTEXT((#10770,#10769,#10768))
REPRESENTATION_CONTEXT('Block <4>','COMPONENT_PART')
);
#10690=(
GEOMETRIC_REPRESENTATION_CONTEXT(3)
GLOBAL_UNCERTAINTY_ASSIGNED_CONTEXT((#10756))
GLOBAL_UNIT_ASSIGNED_CONTEXT((#10770,#10769,#10768))
REPRESENTATION_CONTEXT('SiPM <1>','COMPONENT_PART')
);
#10691=(
GEOMETRIC_REPRESENTATION_CONTEXT(3)
GLOBAL_UNCERTAINTY_ASSIGNED_CONTEXT((#10757))
GLOBAL_UNIT_ASSIGNED_CONTEXT((#10770,#10769,#10768))
REPRESENTATION_CONTEXT('Block <1>','COMPONENT_PART')
);
#10692=(
GEOMETRIC_REPRESENTATION_CONTEXT(3)
GLOBAL_UNCERTAINTY_ASSIGNED_CONTEXT((#10758))
GLOBAL_UNIT_ASSIGNED_CONTEXT((#10770,#10769,#10768))
REPRESENTATION_CONTEXT('SiPM <1>','COMPONENT_PART')
);
#10693=(
GEOMETRIC_REPRESENTATION_CONTEXT(3)
GLOBAL_UNCERTAINTY_ASSIGNED_CONTEXT((#10759))
GLOBAL_UNIT_ASSIGNED_CONTEXT((#10770,#10769,#10768))
REPRESENTATION_CONTEXT('Unit <1>','COMPONENT_PART')
);
#10694=(
GEOMETRIC_REPRESENTATION_CONTEXT(3)
GLOBAL_UNCERTAINTY_ASSIGNED_CONTEXT((#10760))
GLOBAL_UNIT_ASSIGNED_CONTEXT((#10770,#10769,#10768))
REPRESENTATION_CONTEXT('Block <4>','COMPONENT_PART')
);
#10695=(
GEOMETRIC_REPRESENTATION_CONTEXT(3)
GLOBAL_UNCERTAINTY_ASSIGNED_CONTEXT((#10761))
GLOBAL_UNIT_ASSIGNED_CONTEXT((#10770,#10769,#10768))
REPRESENTATION_CONTEXT('SiPM <1>','COMPONENT_PART')
);
#10696=(
GEOMETRIC_REPRESENTATION_CONTEXT(3)
GLOBAL_UNCERTAINTY_ASSIGNED_CONTEXT((#10762))
GLOBAL_UNIT_ASSIGNED_CONTEXT((#10770,#10769,#10768))
REPRESENTATION_CONTEXT('Block <2>','COMPONENT_PART')
);
#10697=(
GEOMETRIC_REPRESENTATION_CONTEXT(3)
GLOBAL_UNCERTAINTY_ASSIGNED_CONTEXT((#10763))
GLOBAL_UNIT_ASSIGNED_CONTEXT((#10770,#10769,#10768))
REPRESENTATION_CONTEXT('SiPM <1>','COMPONENT_PART')
);
#10698=(
GEOMETRIC_REPRESENTATION_CONTEXT(3)
GLOBAL_UNCERTAINTY_ASSIGNED_CONTEXT((#10764))
GLOBAL_UNIT_ASSIGNED_CONTEXT((#10770,#10769,#10768))
REPRESENTATION_CONTEXT('Block <1>','COMPONENT_PART')
);
#10699=(
GEOMETRIC_REPRESENTATION_CONTEXT(3)
GLOBAL_UNCERTAINTY_ASSIGNED_CONTEXT((#10765))
GLOBAL_UNIT_ASSIGNED_CONTEXT((#10770,#10769,#10768))
REPRESENTATION_CONTEXT('SiPM <1>','COMPONENT_PART')
);
#10700=(
GEOMETRIC_REPRESENTATION_CONTEXT(3)
GLOBAL_UNCERTAINTY_ASSIGNED_CONTEXT((#10766))
GLOBAL_UNIT_ASSIGNED_CONTEXT((#10770,#10769,#10768))
REPRESENTATION_CONTEXT('Block <3>','COMPONENT_PART')
);
#10701=(
GEOMETRIC_REPRESENTATION_CONTEXT(3)
GLOBAL_UNCERTAINTY_ASSIGNED_CONTEXT((#10767))
GLOBAL_UNIT_ASSIGNED_CONTEXT((#10770,#10769,#10768))
REPRESENTATION_CONTEXT('SiPM <1>','COMPONENT_PART')
);
#10702=UNCERTAINTY_MEASURE_WITH_UNIT(LENGTH_MEASURE(1.E-8),#10770,
'DISTANCE_ACCURACY_VALUE','Maximum Tolerance applied to model');
#10703=UNCERTAINTY_MEASURE_WITH_UNIT(LENGTH_MEASURE(1.E-8),#10770,
'DISTANCE_ACCURACY_VALUE','Maximum Tolerance applied to model');
#10704=UNCERTAINTY_MEASURE_WITH_UNIT(LENGTH_MEASURE(1.E-8),#10770,
'DISTANCE_ACCURACY_VALUE','Maximum Tolerance applied to model');
#10705=UNCERTAINTY_MEASURE_WITH_UNIT(LENGTH_MEASURE(1.E-8),#10770,
'DISTANCE_ACCURACY_VALUE','Maximum Tolerance applied to model');
#10706=UNCERTAINTY_MEASURE_WITH_UNIT(LENGTH_MEASURE(1.E-8),#10770,
'DISTANCE_ACCURACY_VALUE','Maximum Tolerance applied to model');
#10707=UNCERTAINTY_MEASURE_WITH_UNIT(LENGTH_MEASURE(1.E-8),#10770,
'DISTANCE_ACCURACY_VALUE','Maximum Tolerance applied to model');
#10708=UNCERTAINTY_MEASURE_WITH_UNIT(LENGTH_MEASURE(1.E-8),#10770,
'DISTANCE_ACCURACY_VALUE','Maximum Tolerance applied to model');
#10709=UNCERTAINTY_MEASURE_WITH_UNIT(LENGTH_MEASURE(1.E-8),#10770,
'DISTANCE_ACCURACY_VALUE','Maximum Tolerance applied to model');
#10710=UNCERTAINTY_MEASURE_WITH_UNIT(LENGTH_MEASURE(1.E-8),#10770,
'DISTANCE_ACCURACY_VALUE','Maximum Tolerance applied to model');
#10711=UNCERTAINTY_MEASURE_WITH_UNIT(LENGTH_MEASURE(1.E-8),#10770,
'DISTANCE_ACCURACY_VALUE','Maximum Tolerance applied to model');
#10712=UNCERTAINTY_MEASURE_WITH_UNIT(LENGTH_MEASURE(1.E-8),#10770,
'DISTANCE_ACCURACY_VALUE','Maximum Tolerance applied to model');
#10713=UNCERTAINTY_MEASURE_WITH_UNIT(LENGTH_MEASURE(1.E-8),#10770,
'DISTANCE_ACCURACY_VALUE','Maximum Tolerance applied to model');
#10714=UNCERTAINTY_MEASURE_WITH_UNIT(LENGTH_MEASURE(1.E-8),#10770,
'DISTANCE_ACCURACY_VALUE','Maximum Tolerance applied to model');
#10715=UNCERTAINTY_MEASURE_WITH_UNIT(LENGTH_MEASURE(1.E-8),#10770,
'DISTANCE_ACCURACY_VALUE','Maximum Tolerance applied to model');
#10716=UNCERTAINTY_MEASURE_WITH_UNIT(LENGTH_MEASURE(1.E-8),#10770,
'DISTANCE_ACCURACY_VALUE','Maximum Tolerance applied to model');
#10717=UNCERTAINTY_MEASURE_WITH_UNIT(LENGTH_MEASURE(1.E-8),#10770,
'DISTANCE_ACCURACY_VALUE','Maximum Tolerance applied to model');
#10718=UNCERTAINTY_MEASURE_WITH_UNIT(LENGTH_MEASURE(1.E-8),#10770,
'DISTANCE_ACCURACY_VALUE','Maximum Tolerance applied to model');
#10719=UNCERTAINTY_MEASURE_WITH_UNIT(LENGTH_MEASURE(1.E-8),#10770,
'DISTANCE_ACCURACY_VALUE','Maximum Tolerance applied to model');
#10720=UNCERTAINTY_MEASURE_WITH_UNIT(LENGTH_MEASURE(1.E-8),#10770,
'DISTANCE_ACCURACY_VALUE','Maximum Tolerance applied to model');
#10721=UNCERTAINTY_MEASURE_WITH_UNIT(LENGTH_MEASURE(1.E-8),#10770,
'DISTANCE_ACCURACY_VALUE','Maximum Tolerance applied to model');
#10722=UNCERTAINTY_MEASURE_WITH_UNIT(LENGTH_MEASURE(1.E-8),#10770,
'DISTANCE_ACCURACY_VALUE','Maximum Tolerance applied to model');
#10723=UNCERTAINTY_MEASURE_WITH_UNIT(LENGTH_MEASURE(1.E-8),#10770,
'DISTANCE_ACCURACY_VALUE','Maximum Tolerance applied to model');
#10724=UNCERTAINTY_MEASURE_WITH_UNIT(LENGTH_MEASURE(1.E-8),#10770,
'DISTANCE_ACCURACY_VALUE','Maximum Tolerance applied to model');
#10725=UNCERTAINTY_MEASURE_WITH_UNIT(LENGTH_MEASURE(1.E-8),#10770,
'DISTANCE_ACCURACY_VALUE','Maximum Tolerance applied to model');
#10726=UNCERTAINTY_MEASURE_WITH_UNIT(LENGTH_MEASURE(1.E-8),#10770,
'DISTANCE_ACCURACY_VALUE','Maximum Tolerance applied to model');
#10727=UNCERTAINTY_MEASURE_WITH_UNIT(LENGTH_MEASURE(1.E-8),#10770,
'DISTANCE_ACCURACY_VALUE','Maximum Tolerance applied to model');
#10728=UNCERTAINTY_MEASURE_WITH_UNIT(LENGTH_MEASURE(1.E-8),#10770,
'DISTANCE_ACCURACY_VALUE','Maximum Tolerance applied to model');
#10729=UNCERTAINTY_MEASURE_WITH_UNIT(LENGTH_MEASURE(1.E-8),#10770,
'DISTANCE_ACCURACY_VALUE','Maximum Tolerance applied to model');
#10730=UNCERTAINTY_MEASURE_WITH_UNIT(LENGTH_MEASURE(1.E-8),#10770,
'DISTANCE_ACCURACY_VALUE','Maximum Tolerance applied to model');
#10731=UNCERTAINTY_MEASURE_WITH_UNIT(LENGTH_MEASURE(1.E-8),#10770,
'DISTANCE_ACCURACY_VALUE','Maximum Tolerance applied to model');
#10732=UNCERTAINTY_MEASURE_WITH_UNIT(LENGTH_MEASURE(1.E-8),#10770,
'DISTANCE_ACCURACY_VALUE','Maximum Tolerance applied to model');
#10733=UNCERTAINTY_MEASURE_WITH_UNIT(LENGTH_MEASURE(1.E-8),#10770,
'DISTANCE_ACCURACY_VALUE','Maximum Tolerance applied to model');
#10734=UNCERTAINTY_MEASURE_WITH_UNIT(LENGTH_MEASURE(1.E-8),#10770,
'DISTANCE_ACCURACY_VALUE','Maximum Tolerance applied to model');
#10735=UNCERTAINTY_MEASURE_WITH_UNIT(LENGTH_MEASURE(1.E-8),#10770,
'DISTANCE_ACCURACY_VALUE','Maximum Tolerance applied to model');
#10736=UNCERTAINTY_MEASURE_WITH_UNIT(LENGTH_MEASURE(1.E-8),#10770,
'DISTANCE_ACCURACY_VALUE','Maximum Tolerance applied to model');
#10737=UNCERTAINTY_MEASURE_WITH_UNIT(LENGTH_MEASURE(1.E-8),#10770,
'DISTANCE_ACCURACY_VALUE','Maximum Tolerance applied to model');
#10738=UNCERTAINTY_MEASURE_WITH_UNIT(LENGTH_MEASURE(1.E-8),#10770,
'DISTANCE_ACCURACY_VALUE','Maximum Tolerance applied to model');
#10739=UNCERTAINTY_MEASURE_WITH_UNIT(LENGTH_MEASURE(1.E-8),#10770,
'DISTANCE_ACCURACY_VALUE','Maximum Tolerance applied to model');
#10740=UNCERTAINTY_MEASURE_WITH_UNIT(LENGTH_MEASURE(1.E-8),#10770,
'DISTANCE_ACCURACY_VALUE','Maximum Tolerance applied to model');
#10741=UNCERTAINTY_MEASURE_WITH_UNIT(LENGTH_MEASURE(1.E-8),#10770,
'DISTANCE_ACCURACY_VALUE','Maximum Tolerance applied to model');
#10742=UNCERTAINTY_MEASURE_WITH_UNIT(LENGTH_MEASURE(1.E-8),#10770,
'DISTANCE_ACCURACY_VALUE','Maximum Tolerance applied to model');
#10743=UNCERTAINTY_MEASURE_WITH_UNIT(LENGTH_MEASURE(1.E-8),#10770,
'DISTANCE_ACCURACY_VALUE','Maximum Tolerance applied to model');
#10744=UNCERTAINTY_MEASURE_WITH_UNIT(LENGTH_MEASURE(1.E-8),#10770,
'DISTANCE_ACCURACY_VALUE','Maximum Tolerance applied to model');
#10745=UNCERTAINTY_MEASURE_WITH_UNIT(LENGTH_MEASURE(1.E-8),#10770,
'DISTANCE_ACCURACY_VALUE','Maximum Tolerance applied to model');
#10746=UNCERTAINTY_MEASURE_WITH_UNIT(LENGTH_MEASURE(1.E-8),#10770,
'DISTANCE_ACCURACY_VALUE','Maximum Tolerance applied to model');
#10747=UNCERTAINTY_MEASURE_WITH_UNIT(LENGTH_MEASURE(1.E-8),#10770,
'DISTANCE_ACCURACY_VALUE','Maximum Tolerance applied to model');
#10748=UNCERTAINTY_MEASURE_WITH_UNIT(LENGTH_MEASURE(1.E-8),#10770,
'DISTANCE_ACCURACY_VALUE','Maximum Tolerance applied to model');
#10749=UNCERTAINTY_MEASURE_WITH_UNIT(LENGTH_MEASURE(1.E-8),#10770,
'DISTANCE_ACCURACY_VALUE','Maximum Tolerance applied to model');
#10750=UNCERTAINTY_MEASURE_WITH_UNIT(LENGTH_MEASURE(1.E-8),#10770,
'DISTANCE_ACCURACY_VALUE','Maximum Tolerance applied to model');
#10751=UNCERTAINTY_MEASURE_WITH_UNIT(LENGTH_MEASURE(1.E-8),#10770,
'DISTANCE_ACCURACY_VALUE','Maximum Tolerance applied to model');
#10752=UNCERTAINTY_MEASURE_WITH_UNIT(LENGTH_MEASURE(1.E-8),#10770,
'DISTANCE_ACCURACY_VALUE','Maximum Tolerance applied to model');
#10753=UNCERTAINTY_MEASURE_WITH_UNIT(LENGTH_MEASURE(1.E-8),#10770,
'DISTANCE_ACCURACY_VALUE','Maximum Tolerance applied to model');
#10754=UNCERTAINTY_MEASURE_WITH_UNIT(LENGTH_MEASURE(1.E-8),#10770,
'DISTANCE_ACCURACY_VALUE','Maximum Tolerance applied to model');
#10755=UNCERTAINTY_MEASURE_WITH_UNIT(LENGTH_MEASURE(1.E-8),#10770,
'DISTANCE_ACCURACY_VALUE','Maximum Tolerance applied to model');
#10756=UNCERTAINTY_MEASURE_WITH_UNIT(LENGTH_MEASURE(1.E-8),#10770,
'DISTANCE_ACCURACY_VALUE','Maximum Tolerance applied to model');
#10757=UNCERTAINTY_MEASURE_WITH_UNIT(LENGTH_MEASURE(1.E-8),#10770,
'DISTANCE_ACCURACY_VALUE','Maximum Tolerance applied to model');
#10758=UNCERTAINTY_MEASURE_WITH_UNIT(LENGTH_MEASURE(1.E-8),#10770,
'DISTANCE_ACCURACY_VALUE','Maximum Tolerance applied to model');
#10759=UNCERTAINTY_MEASURE_WITH_UNIT(LENGTH_MEASURE(1.E-8),#10770,
'DISTANCE_ACCURACY_VALUE','Maximum Tolerance applied to model');
#10760=UNCERTAINTY_MEASURE_WITH_UNIT(LENGTH_MEASURE(1.E-8),#10770,
'DISTANCE_ACCURACY_VALUE','Maximum Tolerance applied to model');
#10761=UNCERTAINTY_MEASURE_WITH_UNIT(LENGTH_MEASURE(1.E-8),#10770,
'DISTANCE_ACCURACY_VALUE','Maximum Tolerance applied to model');
#10762=UNCERTAINTY_MEASURE_WITH_UNIT(LENGTH_MEASURE(1.E-8),#10770,
'DISTANCE_ACCURACY_VALUE','Maximum Tolerance applied to model');
#10763=UNCERTAINTY_MEASURE_WITH_UNIT(LENGTH_MEASURE(1.E-8),#10770,
'DISTANCE_ACCURACY_VALUE','Maximum Tolerance applied to model');
#10764=UNCERTAINTY_MEASURE_WITH_UNIT(LENGTH_MEASURE(1.E-8),#10770,
'DISTANCE_ACCURACY_VALUE','Maximum Tolerance applied to model');
#10765=UNCERTAINTY_MEASURE_WITH_UNIT(LENGTH_MEASURE(1.E-8),#10770,
'DISTANCE_ACCURACY_VALUE','Maximum Tolerance applied to model');
#10766=UNCERTAINTY_MEASURE_WITH_UNIT(LENGTH_MEASURE(1.E-8),#10770,
'DISTANCE_ACCURACY_VALUE','Maximum Tolerance applied to model');
#10767=UNCERTAINTY_MEASURE_WITH_UNIT(LENGTH_MEASURE(1.E-8),#10770,
'DISTANCE_ACCURACY_VALUE','Maximum Tolerance applied to model');
#10768=(
NAMED_UNIT(*)
SI_UNIT($,.STERADIAN.)
SOLID_ANGLE_UNIT()
);
#10769=(
NAMED_UNIT(*)
PLANE_ANGLE_UNIT()
SI_UNIT($,.RADIAN.)
);
#10770=(
LENGTH_UNIT()
NAMED_UNIT(*)
SI_UNIT($,.METRE.)
);
#10771=PRODUCT_DEFINITION_SHAPE('','',#11931);
#10772=PRODUCT_DEFINITION_SHAPE('','',#11932);
#10773=PRODUCT_DEFINITION_SHAPE('','',#11933);
#10774=PRODUCT_DEFINITION_SHAPE(' ','NAUO PRDDFN',#1104);
#10775=PRODUCT_DEFINITION_SHAPE('','',#11934);
#10776=PRODUCT_DEFINITION_SHAPE('','',#11935);
#10777=PRODUCT_DEFINITION_SHAPE(' ','NAUO PRDDFN',#1105);
#10778=PRODUCT_DEFINITION_SHAPE('','',#11936);
#10779=PRODUCT_DEFINITION_SHAPE('','',#11937);
#10780=PRODUCT_DEFINITION_SHAPE(' ','NAUO PRDDFN',#1106);
#10781=PRODUCT_DEFINITION_SHAPE(' ','NAUO PRDDFN',#1107);
#10782=PRODUCT_DEFINITION_SHAPE(' ','NAUO PRDDFN',#1108);
#10783=PRODUCT_DEFINITION_SHAPE(' ','NAUO PRDDFN',#1109);
#10784=PRODUCT_DEFINITION_SHAPE(' ','NAUO PRDDFN',#1110);
#10785=PRODUCT_DEFINITION_SHAPE(' ','NAUO PRDDFN',#1111);
#10786=PRODUCT_DEFINITION_SHAPE(' ','NAUO PRDDFN',#1112);
#10787=PRODUCT_DEFINITION_SHAPE(' ','NAUO PRDDFN',#1113);
#10788=PRODUCT_DEFINITION_SHAPE(' ','NAUO PRDDFN',#1114);
#10789=PRODUCT_DEFINITION_SHAPE(' ','NAUO PRDDFN',#1115);
#10790=PRODUCT_DEFINITION_SHAPE(' ','NAUO PRDDFN',#1116);
#10791=PRODUCT_DEFINITION_SHAPE(' ','NAUO PRDDFN',#1117);
#10792=PRODUCT_DEFINITION_SHAPE(' ','NAUO PRDDFN',#1118);
#10793=PRODUCT_DEFINITION_SHAPE(' ','NAUO PRDDFN',#1119);
#10794=PRODUCT_DEFINITION_SHAPE(' ','NAUO PRDDFN',#1120);
#10795=PRODUCT_DEFINITION_SHAPE(' ','NAUO PRDDFN',#1121);
#10796=PRODUCT_DEFINITION_SHAPE(' ','NAUO PRDDFN',#1122);
#10797=PRODUCT_DEFINITION_SHAPE(' ','NAUO PRDDFN',#1123);
#10798=PRODUCT_DEFINITION_SHAPE(' ','NAUO PRDDFN',#1124);
#10799=PRODUCT_DEFINITION_SHAPE(' ','NAUO PRDDFN',#1125);
#10800=PRODUCT_DEFINITION_SHAPE(' ','NAUO PRDDFN',#1126);
#10801=PRODUCT_DEFINITION_SHAPE(' ','NAUO PRDDFN',#1127);
#10802=PRODUCT_DEFINITION_SHAPE(' ','NAUO PRDDFN',#1128);
#10803=PRODUCT_DEFINITION_SHAPE(' ','NAUO PRDDFN',#1129);
#10804=PRODUCT_DEFINITION_SHAPE(' ','NAUO PRDDFN',#1130);
#10805=PRODUCT_DEFINITION_SHAPE(' ','NAUO PRDDFN',#1131);
#10806=PRODUCT_DEFINITION_SHAPE(' ','NAUO PRDDFN',#1132);
#10807=PRODUCT_DEFINITION_SHAPE(' ','NAUO PRDDFN',#1133);
#10808=PRODUCT_DEFINITION_SHAPE(' ','NAUO PRDDFN',#1134);
#10809=PRODUCT_DEFINITION_SHAPE(' ','NAUO PRDDFN',#1135);
#10810=PRODUCT_DEFINITION_SHAPE(' ','NAUO PRDDFN',#1136);
#10811=PRODUCT_DEFINITION_SHAPE(' ','NAUO PRDDFN',#1137);
#10812=PRODUCT_DEFINITION_SHAPE('','',#11938);
#10813=PRODUCT_DEFINITION_SHAPE('','',#11939);
#10814=PRODUCT_DEFINITION_SHAPE(' ','NAUO PRDDFN',#1138);
#10815=PRODUCT_DEFINITION_SHAPE('','',#11940);
#10816=PRODUCT_DEFINITION_SHAPE(' ','NAUO PRDDFN',#1139);
#10817=PRODUCT_DEFINITION_SHAPE('','',#11941);
#10818=PRODUCT_DEFINITION_SHAPE(' ','NAUO PRDDFN',#1140);
#10819=PRODUCT_DEFINITION_SHAPE('','',#11942);
#10820=PRODUCT_DEFINITION_SHAPE(' ','NAUO PRDDFN',#1141);
#10821=PRODUCT_DEFINITION_SHAPE('','',#11943);
#10822=PRODUCT_DEFINITION_SHAPE(' ','NAUO PRDDFN',#1142);
#10823=PRODUCT_DEFINITION_SHAPE('','',#11944);
#10824=PRODUCT_DEFINITION_SHAPE(' ','NAUO PRDDFN',#1143);
#10825=PRODUCT_DEFINITION_SHAPE('','',#11945);
#10826=PRODUCT_DEFINITION_SHAPE(' ','NAUO PRDDFN',#1144);
#10827=PRODUCT_DEFINITION_SHAPE(' ','NAUO PRDDFN',#1145);
#10828=PRODUCT_DEFINITION_SHAPE(' ','NAUO PRDDFN',#1146);
#10829=PRODUCT_DEFINITION_SHAPE(' ','NAUO PRDDFN',#1147);
#10830=PRODUCT_DEFINITION_SHAPE(' ','NAUO PRDDFN',#1148);
#10831=PRODUCT_DEFINITION_SHAPE(' ','NAUO PRDDFN',#1149);
#10832=PRODUCT_DEFINITION_SHAPE(' ','NAUO PRDDFN',#1150);
#10833=PRODUCT_DEFINITION_SHAPE('','',#11946);
#10834=PRODUCT_DEFINITION_SHAPE(' ','NAUO PRDDFN',#1151);
#10835=PRODUCT_DEFINITION_SHAPE(' ','NAUO PRDDFN',#1152);
#10836=PRODUCT_DEFINITION_SHAPE(' ','NAUO PRDDFN',#1153);
#10837=PRODUCT_DEFINITION_SHAPE(' ','NAUO PRDDFN',#1154);
#10838=PRODUCT_DEFINITION_SHAPE(' ','NAUO PRDDFN',#1155);
#10839=PRODUCT_DEFINITION_SHAPE(' ','NAUO PRDDFN',#1156);
#10840=PRODUCT_DEFINITION_SHAPE(' ','NAUO PRDDFN',#1157);
#10841=PRODUCT_DEFINITION_SHAPE(' ','NAUO PRDDFN',#1158);
#10842=PRODUCT_DEFINITION_SHAPE(' ','NAUO PRDDFN',#1159);
#10843=PRODUCT_DEFINITION_SHAPE(' ','NAUO PRDDFN',#1160);
#10844=PRODUCT_DEFINITION_SHAPE(' ','NAUO PRDDFN',#1161);
#10845=PRODUCT_DEFINITION_SHAPE(' ','NAUO PRDDFN',#1162);
#10846=PRODUCT_DEFINITION_SHAPE(' ','NAUO PRDDFN',#1163);
#10847=PRODUCT_DEFINITION_SHAPE(' ','NAUO PRDDFN',#1164);
#10848=PRODUCT_DEFINITION_SHAPE(' ','NAUO PRDDFN',#1165);
#10849=PRODUCT_DEFINITION_SHAPE(' ','NAUO PRDDFN',#1166);
#10850=PRODUCT_DEFINITION_SHAPE(' ','NAUO PRDDFN',#1167);
#10851=PRODUCT_DEFINITION_SHAPE(' ','NAUO PRDDFN',#1168);
#10852=PRODUCT_DEFINITION_SHAPE(' ','NAUO PRDDFN',#1169);
#10853=PRODUCT_DEFINITION_SHAPE(' ','NAUO PRDDFN',#1170);
#10854=PRODUCT_DEFINITION_SHAPE(' ','NAUO PRDDFN',#1171);
#10855=PRODUCT_DEFINITION_SHAPE(' ','NAUO PRDDFN',#1172);
#10856=PRODUCT_DEFINITION_SHAPE(' ','NAUO PRDDFN',#1173);
#10857=PRODUCT_DEFINITION_SHAPE(' ','NAUO PRDDFN',#1174);
#10858=PRODUCT_DEFINITION_SHAPE(' ','NAUO PRDDFN',#1175);
#10859=PRODUCT_DEFINITION_SHAPE(' ','NAUO PRDDFN',#1176);
#10860=PRODUCT_DEFINITION_SHAPE('','',#11947);
#10861=PRODUCT_DEFINITION_SHAPE(' ','NAUO PRDDFN',#1177);
#10862=PRODUCT_DEFINITION_SHAPE(' ','NAUO PRDDFN',#1178);
#10863=PRODUCT_DEFINITION_SHAPE(' ','NAUO PRDDFN',#1179);
#10864=PRODUCT_DEFINITION_SHAPE(' ','NAUO PRDDFN',#1180);
#10865=PRODUCT_DEFINITION_SHAPE(' ','NAUO PRDDFN',#1181);
#10866=PRODUCT_DEFINITION_SHAPE(' ','NAUO PRDDFN',#1182);
#10867=PRODUCT_DEFINITION_SHAPE(' ','NAUO PRDDFN',#1183);
#10868=PRODUCT_DEFINITION_SHAPE(' ','NAUO PRDDFN',#1184);
#10869=PRODUCT_DEFINITION_SHAPE(' ','NAUO PRDDFN',#1185);
#10870=PRODUCT_DEFINITION_SHAPE(' ','NAUO PRDDFN',#1186);
#10871=PRODUCT_DEFINITION_SHAPE(' ','NAUO PRDDFN',#1187);
#10872=PRODUCT_DEFINITION_SHAPE(' ','NAUO PRDDFN',#1188);
#10873=PRODUCT_DEFINITION_SHAPE(' ','NAUO PRDDFN',#1189);
#10874=PRODUCT_DEFINITION_SHAPE(' ','NAUO PRDDFN',#1190);
#10875=PRODUCT_DEFINITION_SHAPE(' ','NAUO PRDDFN',#1191);
#10876=PRODUCT_DEFINITION_SHAPE(' ','NAUO PRDDFN',#1192);
#10877=PRODUCT_DEFINITION_SHAPE(' ','NAUO PRDDFN',#1193);
#10878=PRODUCT_DEFINITION_SHAPE(' ','NAUO PRDDFN',#1194);
#10879=PRODUCT_DEFINITION_SHAPE(' ','NAUO PRDDFN',#1195);
#10880=PRODUCT_DEFINITION_SHAPE('','',#11948);
#10881=PRODUCT_DEFINITION_SHAPE(' ','NAUO PRDDFN',#1196);
#10882=PRODUCT_DEFINITION_SHAPE(' ','NAUO PRDDFN',#1197);
#10883=PRODUCT_DEFINITION_SHAPE(' ','NAUO PRDDFN',#1198);
#10884=PRODUCT_DEFINITION_SHAPE(' ','NAUO PRDDFN',#1199);
#10885=PRODUCT_DEFINITION_SHAPE(' ','NAUO PRDDFN',#1200);
#10886=PRODUCT_DEFINITION_SHAPE(' ','NAUO PRDDFN',#1201);
#10887=PRODUCT_DEFINITION_SHAPE(' ','NAUO PRDDFN',#1202);
#10888=PRODUCT_DEFINITION_SHAPE(' ','NAUO PRDDFN',#1203);
#10889=PRODUCT_DEFINITION_SHAPE(' ','NAUO PRDDFN',#1204);
#10890=PRODUCT_DEFINITION_SHAPE(' ','NAUO PRDDFN',#1205);
#10891=PRODUCT_DEFINITION_SHAPE(' ','NAUO PRDDFN',#1206);
#10892=PRODUCT_DEFINITION_SHAPE(' ','NAUO PRDDFN',#1207);
#10893=PRODUCT_DEFINITION_SHAPE(' ','NAUO PRDDFN',#1208);
#10894=PRODUCT_DEFINITION_SHAPE(' ','NAUO PRDDFN',#1209);
#10895=PRODUCT_DEFINITION_SHAPE(' ','NAUO PRDDFN',#1210);
#10896=PRODUCT_DEFINITION_SHAPE(' ','NAUO PRDDFN',#1211);
#10897=PRODUCT_DEFINITION_SHAPE(' ','NAUO PRDDFN',#1212);
#10898=PRODUCT_DEFINITION_SHAPE(' ','NAUO PRDDFN',#1213);
#10899=PRODUCT_DEFINITION_SHAPE(' ','NAUO PRDDFN',#1214);
#10900=PRODUCT_DEFINITION_SHAPE(' ','NAUO PRDDFN',#1215);
#10901=PRODUCT_DEFINITION_SHAPE(' ','NAUO PRDDFN',#1216);
#10902=PRODUCT_DEFINITION_SHAPE(' ','NAUO PRDDFN',#1217);
#10903=PRODUCT_DEFINITION_SHAPE(' ','NAUO PRDDFN',#1218);
#10904=PRODUCT_DEFINITION_SHAPE(' ','NAUO PRDDFN',#1219);
#10905=PRODUCT_DEFINITION_SHAPE(' ','NAUO PRDDFN',#1220);
#10906=PRODUCT_DEFINITION_SHAPE(' ','NAUO PRDDFN',#1221);
#10907=PRODUCT_DEFINITION_SHAPE(' ','NAUO PRDDFN',#1222);
#10908=PRODUCT_DEFINITION_SHAPE(' ','NAUO PRDDFN',#1223);
#10909=PRODUCT_DEFINITION_SHAPE(' ','NAUO PRDDFN',#1224);
#10910=PRODUCT_DEFINITION_SHAPE(' ','NAUO PRDDFN',#1225);
#10911=PRODUCT_DEFINITION_SHAPE(' ','NAUO PRDDFN',#1226);
#10912=PRODUCT_DEFINITION_SHAPE(' ','NAUO PRDDFN',#1227);
#10913=PRODUCT_DEFINITION_SHAPE(' ','NAUO PRDDFN',#1228);
#10914=PRODUCT_DEFINITION_SHAPE('','',#11949);
#10915=PRODUCT_DEFINITION_SHAPE(' ','NAUO PRDDFN',#1229);
#10916=PRODUCT_DEFINITION_SHAPE(' ','NAUO PRDDFN',#1230);
#10917=PRODUCT_DEFINITION_SHAPE(' ','NAUO PRDDFN',#1231);
#10918=PRODUCT_DEFINITION_SHAPE(' ','NAUO PRDDFN',#1232);
#10919=PRODUCT_DEFINITION_SHAPE(' ','NAUO PRDDFN',#1233);
#10920=PRODUCT_DEFINITION_SHAPE(' ','NAUO PRDDFN',#1234);
#10921=PRODUCT_DEFINITION_SHAPE(' ','NAUO PRDDFN',#1235);
#10922=PRODUCT_DEFINITION_SHAPE(' ','NAUO PRDDFN',#1236);
#10923=PRODUCT_DEFINITION_SHAPE(' ','NAUO PRDDFN',#1237);
#10924=PRODUCT_DEFINITION_SHAPE(' ','NAUO PRDDFN',#1238);
#10925=PRODUCT_DEFINITION_SHAPE(' ','NAUO PRDDFN',#1239);
#10926=PRODUCT_DEFINITION_SHAPE(' ','NAUO PRDDFN',#1240);
#10927=PRODUCT_DEFINITION_SHAPE('','',#11950);
#10928=PRODUCT_DEFINITION_SHAPE(' ','NAUO PRDDFN',#1241);
#10929=PRODUCT_DEFINITION_SHAPE(' ','NAUO PRDDFN',#1242);
#10930=PRODUCT_DEFINITION_SHAPE(' ','NAUO PRDDFN',#1243);
#10931=PRODUCT_DEFINITION_SHAPE(' ','NAUO PRDDFN',#1244);
#10932=PRODUCT_DEFINITION_SHAPE(' ','NAUO PRDDFN',#1245);
#10933=PRODUCT_DEFINITION_SHAPE(' ','NAUO PRDDFN',#1246);
#10934=PRODUCT_DEFINITION_SHAPE(' ','NAUO PRDDFN',#1247);
#10935=PRODUCT_DEFINITION_SHAPE(' ','NAUO PRDDFN',#1248);
#10936=PRODUCT_DEFINITION_SHAPE(' ','NAUO PRDDFN',#1249);
#10937=PRODUCT_DEFINITION_SHAPE(' ','NAUO PRDDFN',#1250);
#10938=PRODUCT_DEFINITION_SHAPE(' ','NAUO PRDDFN',#1251);
#10939=PRODUCT_DEFINITION_SHAPE(' ','NAUO PRDDFN',#1252);
#10940=PRODUCT_DEFINITION_SHAPE(' ','NAUO PRDDFN',#1253);
#10941=PRODUCT_DEFINITION_SHAPE(' ','NAUO PRDDFN',#1254);
#10942=PRODUCT_DEFINITION_SHAPE(' ','NAUO PRDDFN',#1255);
#10943=PRODUCT_DEFINITION_SHAPE(' ','NAUO PRDDFN',#1256);
#10944=PRODUCT_DEFINITION_SHAPE(' ','NAUO PRDDFN',#1257);
#10945=PRODUCT_DEFINITION_SHAPE(' ','NAUO PRDDFN',#1258);
#10946=PRODUCT_DEFINITION_SHAPE(' ','NAUO PRDDFN',#1259);
#10947=PRODUCT_DEFINITION_SHAPE(' ','NAUO PRDDFN',#1260);
#10948=PRODUCT_DEFINITION_SHAPE(' ','NAUO PRDDFN',#1261);
#10949=PRODUCT_DEFINITION_SHAPE(' ','NAUO PRDDFN',#1262);
#10950=PRODUCT_DEFINITION_SHAPE(' ','NAUO PRDDFN',#1263);
#10951=PRODUCT_DEFINITION_SHAPE(' ','NAUO PRDDFN',#1264);
#10952=PRODUCT_DEFINITION_SHAPE(' ','NAUO PRDDFN',#1265);
#10953=PRODUCT_DEFINITION_SHAPE(' ','NAUO PRDDFN',#1266);
#10954=PRODUCT_DEFINITION_SHAPE(' ','NAUO PRDDFN',#1267);
#10955=PRODUCT_DEFINITION_SHAPE(' ','NAUO PRDDFN',#1268);
#10956=PRODUCT_DEFINITION_SHAPE(' ','NAUO PRDDFN',#1269);
#10957=PRODUCT_DEFINITION_SHAPE(' ','NAUO PRDDFN',#1270);
#10958=PRODUCT_DEFINITION_SHAPE('','',#11951);
#10959=PRODUCT_DEFINITION_SHAPE(' ','NAUO PRDDFN',#1271);
#10960=PRODUCT_DEFINITION_SHAPE(' ','NAUO PRDDFN',#1272);
#10961=PRODUCT_DEFINITION_SHAPE(' ','NAUO PRDDFN',#1273);
#10962=PRODUCT_DEFINITION_SHAPE(' ','NAUO PRDDFN',#1274);
#10963=PRODUCT_DEFINITION_SHAPE(' ','NAUO PRDDFN',#1275);
#10964=PRODUCT_DEFINITION_SHAPE(' ','NAUO PRDDFN',#1276);
#10965=PRODUCT_DEFINITION_SHAPE(' ','NAUO PRDDFN',#1277);
#10966=PRODUCT_DEFINITION_SHAPE(' ','NAUO PRDDFN',#1278);
#10967=PRODUCT_DEFINITION_SHAPE(' ','NAUO PRDDFN',#1279);
#10968=PRODUCT_DEFINITION_SHAPE(' ','NAUO PRDDFN',#1280);
#10969=PRODUCT_DEFINITION_SHAPE(' ','NAUO PRDDFN',#1281);
#10970=PRODUCT_DEFINITION_SHAPE(' ','NAUO PRDDFN',#1282);
#10971=PRODUCT_DEFINITION_SHAPE(' ','NAUO PRDDFN',#1283);
#10972=PRODUCT_DEFINITION_SHAPE(' ','NAUO PRDDFN',#1284);
#10973=PRODUCT_DEFINITION_SHAPE(' ','NAUO PRDDFN',#1285);
#10974=PRODUCT_DEFINITION_SHAPE(' ','NAUO PRDDFN',#1286);
#10975=PRODUCT_DEFINITION_SHAPE('','',#11952);
#10976=PRODUCT_DEFINITION_SHAPE(' ','NAUO PRDDFN',#1287);
#10977=PRODUCT_DEFINITION_SHAPE('','',#11953);
#10978=PRODUCT_DEFINITION_SHAPE(' ','NAUO PRDDFN',#1288);
#10979=PRODUCT_DEFINITION_SHAPE(' ','NAUO PRDDFN',#1289);
#10980=PRODUCT_DEFINITION_SHAPE(' ','NAUO PRDDFN',#1290);
#10981=PRODUCT_DEFINITION_SHAPE(' ','NAUO PRDDFN',#1291);
#10982=PRODUCT_DEFINITION_SHAPE(' ','NAUO PRDDFN',#1292);
#10983=PRODUCT_DEFINITION_SHAPE(' ','NAUO PRDDFN',#1293);
#10984=PRODUCT_DEFINITION_SHAPE(' ','NAUO PRDDFN',#1294);
#10985=PRODUCT_DEFINITION_SHAPE(' ','NAUO PRDDFN',#1295);
#10986=PRODUCT_DEFINITION_SHAPE(' ','NAUO PRDDFN',#1296);
#10987=PRODUCT_DEFINITION_SHAPE(' ','NAUO PRDDFN',#1297);
#10988=PRODUCT_DEFINITION_SHAPE(' ','NAUO PRDDFN',#1298);
#10989=PRODUCT_DEFINITION_SHAPE(' ','NAUO PRDDFN',#1299);
#10990=PRODUCT_DEFINITION_SHAPE(' ','NAUO PRDDFN',#1300);
#10991=PRODUCT_DEFINITION_SHAPE(' ','NAUO PRDDFN',#1301);
#10992=PRODUCT_DEFINITION_SHAPE(' ','NAUO PRDDFN',#1302);
#10993=PRODUCT_DEFINITION_SHAPE(' ','NAUO PRDDFN',#1303);
#10994=PRODUCT_DEFINITION_SHAPE(' ','NAUO PRDDFN',#1304);
#10995=PRODUCT_DEFINITION_SHAPE(' ','NAUO PRDDFN',#1305);
#10996=PRODUCT_DEFINITION_SHAPE(' ','NAUO PRDDFN',#1306);
#10997=PRODUCT_DEFINITION_SHAPE(' ','NAUO PRDDFN',#1307);
#10998=PRODUCT_DEFINITION_SHAPE(' ','NAUO PRDDFN',#1308);
#10999=PRODUCT_DEFINITION_SHAPE(' ','NAUO PRDDFN',#1309);
#11000=PRODUCT_DEFINITION_SHAPE(' ','NAUO PRDDFN',#1310);
#11001=PRODUCT_DEFINITION_SHAPE(' ','NAUO PRDDFN',#1311);
#11002=PRODUCT_DEFINITION_SHAPE(' ','NAUO PRDDFN',#1312);
#11003=PRODUCT_DEFINITION_SHAPE(' ','NAUO PRDDFN',#1313);
#11004=PRODUCT_DEFINITION_SHAPE(' ','NAUO PRDDFN',#1314);
#11005=PRODUCT_DEFINITION_SHAPE(' ','NAUO PRDDFN',#1315);
#11006=PRODUCT_DEFINITION_SHAPE(' ','NAUO PRDDFN',#1316);
#11007=PRODUCT_DEFINITION_SHAPE(' ','NAUO PRDDFN',#1317);
#11008=PRODUCT_DEFINITION_SHAPE(' ','NAUO PRDDFN',#1318);
#11009=PRODUCT_DEFINITION_SHAPE(' ','NAUO PRDDFN',#1319);
#11010=PRODUCT_DEFINITION_SHAPE(' ','NAUO PRDDFN',#1320);
#11011=PRODUCT_DEFINITION_SHAPE(' ','NAUO PRDDFN',#1321);
#11012=PRODUCT_DEFINITION_SHAPE(' ','NAUO PRDDFN',#1322);
#11013=PRODUCT_DEFINITION_SHAPE('','',#11954);
#11014=PRODUCT_DEFINITION_SHAPE(' ','NAUO PRDDFN',#1323);
#11015=PRODUCT_DEFINITION_SHAPE(' ','NAUO PRDDFN',#1324);
#11016=PRODUCT_DEFINITION_SHAPE(' ','NAUO PRDDFN',#1325);
#11017=PRODUCT_DEFINITION_SHAPE(' ','NAUO PRDDFN',#1326);
#11018=PRODUCT_DEFINITION_SHAPE(' ','NAUO PRDDFN',#1327);
#11019=PRODUCT_DEFINITION_SHAPE(' ','NAUO PRDDFN',#1328);
#11020=PRODUCT_DEFINITION_SHAPE(' ','NAUO PRDDFN',#1329);
#11021=PRODUCT_DEFINITION_SHAPE(' ','NAUO PRDDFN',#1330);
#11022=PRODUCT_DEFINITION_SHAPE(' ','NAUO PRDDFN',#1331);
#11023=PRODUCT_DEFINITION_SHAPE(' ','NAUO PRDDFN',#1332);
#11024=PRODUCT_DEFINITION_SHAPE('','',#11955);
#11025=PRODUCT_DEFINITION_SHAPE(' ','NAUO PRDDFN',#1333);
#11026=PRODUCT_DEFINITION_SHAPE(' ','NAUO PRDDFN',#1334);
#11027=PRODUCT_DEFINITION_SHAPE(' ','NAUO PRDDFN',#1335);
#11028=PRODUCT_DEFINITION_SHAPE(' ','NAUO PRDDFN',#1336);
#11029=PRODUCT_DEFINITION_SHAPE(' ','NAUO PRDDFN',#1337);
#11030=PRODUCT_DEFINITION_SHAPE(' ','NAUO PRDDFN',#1338);
#11031=PRODUCT_DEFINITION_SHAPE(' ','NAUO PRDDFN',#1339);
#11032=PRODUCT_DEFINITION_SHAPE(' ','NAUO PRDDFN',#1340);
#11033=PRODUCT_DEFINITION_SHAPE(' ','NAUO PRDDFN',#1341);
#11034=PRODUCT_DEFINITION_SHAPE(' ','NAUO PRDDFN',#1342);
#11035=PRODUCT_DEFINITION_SHAPE(' ','NAUO PRDDFN',#1343);
#11036=PRODUCT_DEFINITION_SHAPE(' ','NAUO PRDDFN',#1344);
#11037=PRODUCT_DEFINITION_SHAPE(' ','NAUO PRDDFN',#1345);
#11038=PRODUCT_DEFINITION_SHAPE(' ','NAUO PRDDFN',#1346);
#11039=PRODUCT_DEFINITION_SHAPE(' ','NAUO PRDDFN',#1347);
#11040=PRODUCT_DEFINITION_SHAPE(' ','NAUO PRDDFN',#1348);
#11041=PRODUCT_DEFINITION_SHAPE(' ','NAUO PRDDFN',#1349);
#11042=PRODUCT_DEFINITION_SHAPE(' ','NAUO PRDDFN',#1350);
#11043=PRODUCT_DEFINITION_SHAPE(' ','NAUO PRDDFN',#1351);
#11044=PRODUCT_DEFINITION_SHAPE(' ','NAUO PRDDFN',#1352);
#11045=PRODUCT_DEFINITION_SHAPE(' ','NAUO PRDDFN',#1353);
#11046=PRODUCT_DEFINITION_SHAPE(' ','NAUO PRDDFN',#1354);
#11047=PRODUCT_DEFINITION_SHAPE(' ','NAUO PRDDFN',#1355);
#11048=PRODUCT_DEFINITION_SHAPE(' ','NAUO PRDDFN',#1356);
#11049=PRODUCT_DEFINITION_SHAPE(' ','NAUO PRDDFN',#1357);
#11050=PRODUCT_DEFINITION_SHAPE(' ','NAUO PRDDFN',#1358);
#11051=PRODUCT_DEFINITION_SHAPE(' ','NAUO PRDDFN',#1359);
#11052=PRODUCT_DEFINITION_SHAPE(' ','NAUO PRDDFN',#1360);
#11053=PRODUCT_DEFINITION_SHAPE(' ','NAUO PRDDFN',#1361);
#11054=PRODUCT_DEFINITION_SHAPE(' ','NAUO PRDDFN',#1362);
#11055=PRODUCT_DEFINITION_SHAPE(' ','NAUO PRDDFN',#1363);
#11056=PRODUCT_DEFINITION_SHAPE(' ','NAUO PRDDFN',#1364);
#11057=PRODUCT_DEFINITION_SHAPE(' ','NAUO PRDDFN',#1365);
#11058=PRODUCT_DEFINITION_SHAPE('','',#11956);
#11059=PRODUCT_DEFINITION_SHAPE(' ','NAUO PRDDFN',#1366);
#11060=PRODUCT_DEFINITION_SHAPE(' ','NAUO PRDDFN',#1367);
#11061=PRODUCT_DEFINITION_SHAPE(' ','NAUO PRDDFN',#1368);
#11062=PRODUCT_DEFINITION_SHAPE(' ','NAUO PRDDFN',#1369);
#11063=PRODUCT_DEFINITION_SHAPE(' ','NAUO PRDDFN',#1370);
#11064=PRODUCT_DEFINITION_SHAPE(' ','NAUO PRDDFN',#1371);
#11065=PRODUCT_DEFINITION_SHAPE(' ','NAUO PRDDFN',#1372);
#11066=PRODUCT_DEFINITION_SHAPE(' ','NAUO PRDDFN',#1373);
#11067=PRODUCT_DEFINITION_SHAPE(' ','NAUO PRDDFN',#1374);
#11068=PRODUCT_DEFINITION_SHAPE(' ','NAUO PRDDFN',#1375);
#11069=PRODUCT_DEFINITION_SHAPE(' ','NAUO PRDDFN',#1376);
#11070=PRODUCT_DEFINITION_SHAPE(' ','NAUO PRDDFN',#1377);
#11071=PRODUCT_DEFINITION_SHAPE('','',#11957);
#11072=PRODUCT_DEFINITION_SHAPE(' ','NAUO PRDDFN',#1378);
#11073=PRODUCT_DEFINITION_SHAPE(' ','NAUO PRDDFN',#1379);
#11074=PRODUCT_DEFINITION_SHAPE(' ','NAUO PRDDFN',#1380);
#11075=PRODUCT_DEFINITION_SHAPE(' ','NAUO PRDDFN',#1381);
#11076=PRODUCT_DEFINITION_SHAPE(' ','NAUO PRDDFN',#1382);
#11077=PRODUCT_DEFINITION_SHAPE(' ','NAUO PRDDFN',#1383);
#11078=PRODUCT_DEFINITION_SHAPE(' ','NAUO PRDDFN',#1384);
#11079=PRODUCT_DEFINITION_SHAPE(' ','NAUO PRDDFN',#1385);
#11080=PRODUCT_DEFINITION_SHAPE(' ','NAUO PRDDFN',#1386);
#11081=PRODUCT_DEFINITION_SHAPE(' ','NAUO PRDDFN',#1387);
#11082=PRODUCT_DEFINITION_SHAPE(' ','NAUO PRDDFN',#1388);
#11083=PRODUCT_DEFINITION_SHAPE(' ','NAUO PRDDFN',#1389);
#11084=PRODUCT_DEFINITION_SHAPE(' ','NAUO PRDDFN',#1390);
#11085=PRODUCT_DEFINITION_SHAPE(' ','NAUO PRDDFN',#1391);
#11086=PRODUCT_DEFINITION_SHAPE(' ','NAUO PRDDFN',#1392);
#11087=PRODUCT_DEFINITION_SHAPE(' ','NAUO PRDDFN',#1393);
#11088=PRODUCT_DEFINITION_SHAPE(' ','NAUO PRDDFN',#1394);
#11089=PRODUCT_DEFINITION_SHAPE(' ','NAUO PRDDFN',#1395);
#11090=PRODUCT_DEFINITION_SHAPE(' ','NAUO PRDDFN',#1396);
#11091=PRODUCT_DEFINITION_SHAPE(' ','NAUO PRDDFN',#1397);
#11092=PRODUCT_DEFINITION_SHAPE(' ','NAUO PRDDFN',#1398);
#11093=PRODUCT_DEFINITION_SHAPE(' ','NAUO PRDDFN',#1399);
#11094=PRODUCT_DEFINITION_SHAPE(' ','NAUO PRDDFN',#1400);
#11095=PRODUCT_DEFINITION_SHAPE(' ','NAUO PRDDFN',#1401);
#11096=PRODUCT_DEFINITION_SHAPE(' ','NAUO PRDDFN',#1402);
#11097=PRODUCT_DEFINITION_SHAPE(' ','NAUO PRDDFN',#1403);
#11098=PRODUCT_DEFINITION_SHAPE(' ','NAUO PRDDFN',#1404);
#11099=PRODUCT_DEFINITION_SHAPE(' ','NAUO PRDDFN',#1405);
#11100=PRODUCT_DEFINITION_SHAPE(' ','NAUO PRDDFN',#1406);
#11101=PRODUCT_DEFINITION_SHAPE(' ','NAUO PRDDFN',#1407);
#11102=PRODUCT_DEFINITION_SHAPE(' ','NAUO PRDDFN',#1408);
#11103=PRODUCT_DEFINITION_SHAPE(' ','NAUO PRDDFN',#1409);
#11104=PRODUCT_DEFINITION_SHAPE(' ','NAUO PRDDFN',#1410);
#11105=PRODUCT_DEFINITION_SHAPE('','',#11958);
#11106=PRODUCT_DEFINITION_SHAPE(' ','NAUO PRDDFN',#1411);
#11107=PRODUCT_DEFINITION_SHAPE(' ','NAUO PRDDFN',#1412);
#11108=PRODUCT_DEFINITION_SHAPE(' ','NAUO PRDDFN',#1413);
#11109=PRODUCT_DEFINITION_SHAPE(' ','NAUO PRDDFN',#1414);
#11110=PRODUCT_DEFINITION_SHAPE(' ','NAUO PRDDFN',#1415);
#11111=PRODUCT_DEFINITION_SHAPE(' ','NAUO PRDDFN',#1416);
#11112=PRODUCT_DEFINITION_SHAPE(' ','NAUO PRDDFN',#1417);
#11113=PRODUCT_DEFINITION_SHAPE(' ','NAUO PRDDFN',#1418);
#11114=PRODUCT_DEFINITION_SHAPE(' ','NAUO PRDDFN',#1419);
#11115=PRODUCT_DEFINITION_SHAPE(' ','NAUO PRDDFN',#1420);
#11116=PRODUCT_DEFINITION_SHAPE(' ','NAUO PRDDFN',#1421);
#11117=PRODUCT_DEFINITION_SHAPE(' ','NAUO PRDDFN',#1422);
#11118=PRODUCT_DEFINITION_SHAPE('','',#11959);
#11119=PRODUCT_DEFINITION_SHAPE(' ','NAUO PRDDFN',#1423);
#11120=PRODUCT_DEFINITION_SHAPE(' ','NAUO PRDDFN',#1424);
#11121=PRODUCT_DEFINITION_SHAPE(' ','NAUO PRDDFN',#1425);
#11122=PRODUCT_DEFINITION_SHAPE(' ','NAUO PRDDFN',#1426);
#11123=PRODUCT_DEFINITION_SHAPE(' ','NAUO PRDDFN',#1427);
#11124=PRODUCT_DEFINITION_SHAPE(' ','NAUO PRDDFN',#1428);
#11125=PRODUCT_DEFINITION_SHAPE(' ','NAUO PRDDFN',#1429);
#11126=PRODUCT_DEFINITION_SHAPE(' ','NAUO PRDDFN',#1430);
#11127=PRODUCT_DEFINITION_SHAPE(' ','NAUO PRDDFN',#1431);
#11128=PRODUCT_DEFINITION_SHAPE(' ','NAUO PRDDFN',#1432);
#11129=PRODUCT_DEFINITION_SHAPE(' ','NAUO PRDDFN',#1433);
#11130=PRODUCT_DEFINITION_SHAPE(' ','NAUO PRDDFN',#1434);
#11131=PRODUCT_DEFINITION_SHAPE(' ','NAUO PRDDFN',#1435);
#11132=PRODUCT_DEFINITION_SHAPE(' ','NAUO PRDDFN',#1436);
#11133=PRODUCT_DEFINITION_SHAPE(' ','NAUO PRDDFN',#1437);
#11134=PRODUCT_DEFINITION_SHAPE(' ','NAUO PRDDFN',#1438);
#11135=PRODUCT_DEFINITION_SHAPE(' ','NAUO PRDDFN',#1439);
#11136=PRODUCT_DEFINITION_SHAPE(' ','NAUO PRDDFN',#1440);
#11137=PRODUCT_DEFINITION_SHAPE(' ','NAUO PRDDFN',#1441);
#11138=PRODUCT_DEFINITION_SHAPE(' ','NAUO PRDDFN',#1442);
#11139=PRODUCT_DEFINITION_SHAPE(' ','NAUO PRDDFN',#1443);
#11140=PRODUCT_DEFINITION_SHAPE(' ','NAUO PRDDFN',#1444);
#11141=PRODUCT_DEFINITION_SHAPE(' ','NAUO PRDDFN',#1445);
#11142=PRODUCT_DEFINITION_SHAPE(' ','NAUO PRDDFN',#1446);
#11143=PRODUCT_DEFINITION_SHAPE(' ','NAUO PRDDFN',#1447);
#11144=PRODUCT_DEFINITION_SHAPE(' ','NAUO PRDDFN',#1448);
#11145=PRODUCT_DEFINITION_SHAPE(' ','NAUO PRDDFN',#1449);
#11146=PRODUCT_DEFINITION_SHAPE(' ','NAUO PRDDFN',#1450);
#11147=PRODUCT_DEFINITION_SHAPE(' ','NAUO PRDDFN',#1451);
#11148=PRODUCT_DEFINITION_SHAPE(' ','NAUO PRDDFN',#1452);
#11149=PRODUCT_DEFINITION_SHAPE(' ','NAUO PRDDFN',#1453);
#11150=PRODUCT_DEFINITION_SHAPE(' ','NAUO PRDDFN',#1454);
#11151=PRODUCT_DEFINITION_SHAPE(' ','NAUO PRDDFN',#1455);
#11152=PRODUCT_DEFINITION_SHAPE(' ','NAUO PRDDFN',#1456);
#11153=PRODUCT_DEFINITION_SHAPE(' ','NAUO PRDDFN',#1457);
#11154=PRODUCT_DEFINITION_SHAPE(' ','NAUO PRDDFN',#1458);
#11155=PRODUCT_DEFINITION_SHAPE('','',#11960);
#11156=PRODUCT_DEFINITION_SHAPE(' ','NAUO PRDDFN',#1459);
#11157=PRODUCT_DEFINITION_SHAPE(' ','NAUO PRDDFN',#1460);
#11158=PRODUCT_DEFINITION_SHAPE(' ','NAUO PRDDFN',#1461);
#11159=PRODUCT_DEFINITION_SHAPE(' ','NAUO PRDDFN',#1462);
#11160=PRODUCT_DEFINITION_SHAPE(' ','NAUO PRDDFN',#1463);
#11161=PRODUCT_DEFINITION_SHAPE(' ','NAUO PRDDFN',#1464);
#11162=PRODUCT_DEFINITION_SHAPE(' ','NAUO PRDDFN',#1465);
#11163=PRODUCT_DEFINITION_SHAPE(' ','NAUO PRDDFN',#1466);
#11164=PRODUCT_DEFINITION_SHAPE(' ','NAUO PRDDFN',#1467);
#11165=PRODUCT_DEFINITION_SHAPE(' ','NAUO PRDDFN',#1468);
#11166=PRODUCT_DEFINITION_SHAPE('','',#11961);
#11167=PRODUCT_DEFINITION_SHAPE(' ','NAUO PRDDFN',#1469);
#11168=PRODUCT_DEFINITION_SHAPE('','',#11962);
#11169=PRODUCT_DEFINITION_SHAPE(' ','NAUO PRDDFN',#1470);
#11170=PRODUCT_DEFINITION_SHAPE(' ','NAUO PRDDFN',#1471);
#11171=PRODUCT_DEFINITION_SHAPE(' ','NAUO PRDDFN',#1472);
#11172=PRODUCT_DEFINITION_SHAPE(' ','NAUO PRDDFN',#1473);
#11173=PRODUCT_DEFINITION_SHAPE(' ','NAUO PRDDFN',#1474);
#11174=PRODUCT_DEFINITION_SHAPE(' ','NAUO PRDDFN',#1475);
#11175=PRODUCT_DEFINITION_SHAPE(' ','NAUO PRDDFN',#1476);
#11176=PRODUCT_DEFINITION_SHAPE(' ','NAUO PRDDFN',#1477);
#11177=PRODUCT_DEFINITION_SHAPE(' ','NAUO PRDDFN',#1478);
#11178=PRODUCT_DEFINITION_SHAPE(' ','NAUO PRDDFN',#1479);
#11179=PRODUCT_DEFINITION_SHAPE(' ','NAUO PRDDFN',#1480);
#11180=PRODUCT_DEFINITION_SHAPE(' ','NAUO PRDDFN',#1481);
#11181=PRODUCT_DEFINITION_SHAPE(' ','NAUO PRDDFN',#1482);
#11182=PRODUCT_DEFINITION_SHAPE(' ','NAUO PRDDFN',#1483);
#11183=PRODUCT_DEFINITION_SHAPE(' ','NAUO PRDDFN',#1484);
#11184=PRODUCT_DEFINITION_SHAPE(' ','NAUO PRDDFN',#1485);
#11185=PRODUCT_DEFINITION_SHAPE(' ','NAUO PRDDFN',#1486);
#11186=PRODUCT_DEFINITION_SHAPE(' ','NAUO PRDDFN',#1487);
#11187=PRODUCT_DEFINITION_SHAPE(' ','NAUO PRDDFN',#1488);
#11188=PRODUCT_DEFINITION_SHAPE(' ','NAUO PRDDFN',#1489);
#11189=PRODUCT_DEFINITION_SHAPE(' ','NAUO PRDDFN',#1490);
#11190=PRODUCT_DEFINITION_SHAPE(' ','NAUO PRDDFN',#1491);
#11191=PRODUCT_DEFINITION_SHAPE(' ','NAUO PRDDFN',#1492);
#11192=PRODUCT_DEFINITION_SHAPE(' ','NAUO PRDDFN',#1493);
#11193=PRODUCT_DEFINITION_SHAPE(' ','NAUO PRDDFN',#1494);
#11194=PRODUCT_DEFINITION_SHAPE(' ','NAUO PRDDFN',#1495);
#11195=PRODUCT_DEFINITION_SHAPE(' ','NAUO PRDDFN',#1496);
#11196=PRODUCT_DEFINITION_SHAPE(' ','NAUO PRDDFN',#1497);
#11197=PRODUCT_DEFINITION_SHAPE(' ','NAUO PRDDFN',#1498);
#11198=PRODUCT_DEFINITION_SHAPE(' ','NAUO PRDDFN',#1499);
#11199=PRODUCT_DEFINITION_SHAPE(' ','NAUO PRDDFN',#1500);
#11200=PRODUCT_DEFINITION_SHAPE(' ','NAUO PRDDFN',#1501);
#11201=PRODUCT_DEFINITION_SHAPE('','',#11963);
#11202=PRODUCT_DEFINITION_SHAPE(' ','NAUO PRDDFN',#1502);
#11203=PRODUCT_DEFINITION_SHAPE(' ','NAUO PRDDFN',#1503);
#11204=PRODUCT_DEFINITION_SHAPE(' ','NAUO PRDDFN',#1504);
#11205=PRODUCT_DEFINITION_SHAPE(' ','NAUO PRDDFN',#1505);
#11206=PRODUCT_DEFINITION_SHAPE(' ','NAUO PRDDFN',#1506);
#11207=PRODUCT_DEFINITION_SHAPE(' ','NAUO PRDDFN',#1507);
#11208=PRODUCT_DEFINITION_SHAPE(' ','NAUO PRDDFN',#1508);
#11209=PRODUCT_DEFINITION_SHAPE(' ','NAUO PRDDFN',#1509);
#11210=PRODUCT_DEFINITION_SHAPE(' ','NAUO PRDDFN',#1510);
#11211=PRODUCT_DEFINITION_SHAPE(' ','NAUO PRDDFN',#1511);
#11212=PRODUCT_DEFINITION_SHAPE(' ','NAUO PRDDFN',#1512);
#11213=PRODUCT_DEFINITION_SHAPE(' ','NAUO PRDDFN',#1513);
#11214=PRODUCT_DEFINITION_SHAPE(' ','NAUO PRDDFN',#1514);
#11215=PRODUCT_DEFINITION_SHAPE('','',#11964);
#11216=PRODUCT_DEFINITION_SHAPE(' ','NAUO PRDDFN',#1515);
#11217=PRODUCT_DEFINITION_SHAPE(' ','NAUO PRDDFN',#1516);
#11218=PRODUCT_DEFINITION_SHAPE(' ','NAUO PRDDFN',#1517);
#11219=PRODUCT_DEFINITION_SHAPE(' ','NAUO PRDDFN',#1518);
#11220=PRODUCT_DEFINITION_SHAPE(' ','NAUO PRDDFN',#1519);
#11221=PRODUCT_DEFINITION_SHAPE(' ','NAUO PRDDFN',#1520);
#11222=PRODUCT_DEFINITION_SHAPE(' ','NAUO PRDDFN',#1521);
#11223=PRODUCT_DEFINITION_SHAPE(' ','NAUO PRDDFN',#1522);
#11224=PRODUCT_DEFINITION_SHAPE(' ','NAUO PRDDFN',#1523);
#11225=PRODUCT_DEFINITION_SHAPE(' ','NAUO PRDDFN',#1524);
#11226=PRODUCT_DEFINITION_SHAPE(' ','NAUO PRDDFN',#1525);
#11227=PRODUCT_DEFINITION_SHAPE(' ','NAUO PRDDFN',#1526);
#11228=PRODUCT_DEFINITION_SHAPE(' ','NAUO PRDDFN',#1527);
#11229=PRODUCT_DEFINITION_SHAPE(' ','NAUO PRDDFN',#1528);
#11230=PRODUCT_DEFINITION_SHAPE(' ','NAUO PRDDFN',#1529);
#11231=PRODUCT_DEFINITION_SHAPE(' ','NAUO PRDDFN',#1530);
#11232=PRODUCT_DEFINITION_SHAPE(' ','NAUO PRDDFN',#1531);
#11233=PRODUCT_DEFINITION_SHAPE(' ','NAUO PRDDFN',#1532);
#11234=PRODUCT_DEFINITION_SHAPE(' ','NAUO PRDDFN',#1533);
#11235=PRODUCT_DEFINITION_SHAPE(' ','NAUO PRDDFN',#1534);
#11236=PRODUCT_DEFINITION_SHAPE(' ','NAUO PRDDFN',#1535);
#11237=PRODUCT_DEFINITION_SHAPE(' ','NAUO PRDDFN',#1536);
#11238=PRODUCT_DEFINITION_SHAPE(' ','NAUO PRDDFN',#1537);
#11239=PRODUCT_DEFINITION_SHAPE(' ','NAUO PRDDFN',#1538);
#11240=PRODUCT_DEFINITION_SHAPE(' ','NAUO PRDDFN',#1539);
#11241=PRODUCT_DEFINITION_SHAPE(' ','NAUO PRDDFN',#1540);
#11242=PRODUCT_DEFINITION_SHAPE(' ','NAUO PRDDFN',#1541);
#11243=PRODUCT_DEFINITION_SHAPE(' ','NAUO PRDDFN',#1542);
#11244=PRODUCT_DEFINITION_SHAPE(' ','NAUO PRDDFN',#1543);
#11245=PRODUCT_DEFINITION_SHAPE(' ','NAUO PRDDFN',#1544);
#11246=PRODUCT_DEFINITION_SHAPE(' ','NAUO PRDDFN',#1545);
#11247=PRODUCT_DEFINITION_SHAPE('','',#11965);
#11248=PRODUCT_DEFINITION_SHAPE(' ','NAUO PRDDFN',#1546);
#11249=PRODUCT_DEFINITION_SHAPE(' ','NAUO PRDDFN',#1547);
#11250=PRODUCT_DEFINITION_SHAPE(' ','NAUO PRDDFN',#1548);
#11251=PRODUCT_DEFINITION_SHAPE(' ','NAUO PRDDFN',#1549);
#11252=PRODUCT_DEFINITION_SHAPE(' ','NAUO PRDDFN',#1550);
#11253=PRODUCT_DEFINITION_SHAPE(' ','NAUO PRDDFN',#1551);
#11254=PRODUCT_DEFINITION_SHAPE(' ','NAUO PRDDFN',#1552);
#11255=PRODUCT_DEFINITION_SHAPE(' ','NAUO PRDDFN',#1553);
#11256=PRODUCT_DEFINITION_SHAPE(' ','NAUO PRDDFN',#1554);
#11257=PRODUCT_DEFINITION_SHAPE(' ','NAUO PRDDFN',#1555);
#11258=PRODUCT_DEFINITION_SHAPE(' ','NAUO PRDDFN',#1556);
#11259=PRODUCT_DEFINITION_SHAPE(' ','NAUO PRDDFN',#1557);
#11260=PRODUCT_DEFINITION_SHAPE(' ','NAUO PRDDFN',#1558);
#11261=PRODUCT_DEFINITION_SHAPE(' ','NAUO PRDDFN',#1559);
#11262=PRODUCT_DEFINITION_SHAPE('','',#11966);
#11263=PRODUCT_DEFINITION_SHAPE(' ','NAUO PRDDFN',#1560);
#11264=PRODUCT_DEFINITION_SHAPE(' ','NAUO PRDDFN',#1561);
#11265=PRODUCT_DEFINITION_SHAPE(' ','NAUO PRDDFN',#1562);
#11266=PRODUCT_DEFINITION_SHAPE(' ','NAUO PRDDFN',#1563);
#11267=PRODUCT_DEFINITION_SHAPE(' ','NAUO PRDDFN',#1564);
#11268=PRODUCT_DEFINITION_SHAPE(' ','NAUO PRDDFN',#1565);
#11269=PRODUCT_DEFINITION_SHAPE(' ','NAUO PRDDFN',#1566);
#11270=PRODUCT_DEFINITION_SHAPE(' ','NAUO PRDDFN',#1567);
#11271=PRODUCT_DEFINITION_SHAPE(' ','NAUO PRDDFN',#1568);
#11272=PRODUCT_DEFINITION_SHAPE(' ','NAUO PRDDFN',#1569);
#11273=PRODUCT_DEFINITION_SHAPE(' ','NAUO PRDDFN',#1570);
#11274=PRODUCT_DEFINITION_SHAPE(' ','NAUO PRDDFN',#1571);
#11275=PRODUCT_DEFINITION_SHAPE(' ','NAUO PRDDFN',#1572);
#11276=PRODUCT_DEFINITION_SHAPE(' ','NAUO PRDDFN',#1573);
#11277=PRODUCT_DEFINITION_SHAPE(' ','NAUO PRDDFN',#1574);
#11278=PRODUCT_DEFINITION_SHAPE(' ','NAUO PRDDFN',#1575);
#11279=PRODUCT_DEFINITION_SHAPE(' ','NAUO PRDDFN',#1576);
#11280=PRODUCT_DEFINITION_SHAPE(' ','NAUO PRDDFN',#1577);
#11281=PRODUCT_DEFINITION_SHAPE(' ','NAUO PRDDFN',#1578);
#11282=PRODUCT_DEFINITION_SHAPE(' ','NAUO PRDDFN',#1579);
#11283=PRODUCT_DEFINITION_SHAPE(' ','NAUO PRDDFN',#1580);
#11284=PRODUCT_DEFINITION_SHAPE(' ','NAUO PRDDFN',#1581);
#11285=PRODUCT_DEFINITION_SHAPE(' ','NAUO PRDDFN',#1582);
#11286=PRODUCT_DEFINITION_SHAPE(' ','NAUO PRDDFN',#1583);
#11287=PRODUCT_DEFINITION_SHAPE(' ','NAUO PRDDFN',#1584);
#11288=PRODUCT_DEFINITION_SHAPE(' ','NAUO PRDDFN',#1585);
#11289=PRODUCT_DEFINITION_SHAPE(' ','NAUO PRDDFN',#1586);
#11290=PRODUCT_DEFINITION_SHAPE(' ','NAUO PRDDFN',#1587);
#11291=PRODUCT_DEFINITION_SHAPE('','',#11967);
#11292=PRODUCT_DEFINITION_SHAPE(' ','NAUO PRDDFN',#1588);
#11293=PRODUCT_DEFINITION_SHAPE(' ','NAUO PRDDFN',#1589);
#11294=PRODUCT_DEFINITION_SHAPE(' ','NAUO PRDDFN',#1590);
#11295=PRODUCT_DEFINITION_SHAPE(' ','NAUO PRDDFN',#1591);
#11296=PRODUCT_DEFINITION_SHAPE(' ','NAUO PRDDFN',#1592);
#11297=PRODUCT_DEFINITION_SHAPE(' ','NAUO PRDDFN',#1593);
#11298=PRODUCT_DEFINITION_SHAPE(' ','NAUO PRDDFN',#1594);
#11299=PRODUCT_DEFINITION_SHAPE(' ','NAUO PRDDFN',#1595);
#11300=PRODUCT_DEFINITION_SHAPE(' ','NAUO PRDDFN',#1596);
#11301=PRODUCT_DEFINITION_SHAPE(' ','NAUO PRDDFN',#1597);
#11302=PRODUCT_DEFINITION_SHAPE(' ','NAUO PRDDFN',#1598);
#11303=PRODUCT_DEFINITION_SHAPE(' ','NAUO PRDDFN',#1599);
#11304=PRODUCT_DEFINITION_SHAPE(' ','NAUO PRDDFN',#1600);
#11305=PRODUCT_DEFINITION_SHAPE(' ','NAUO PRDDFN',#1601);
#11306=PRODUCT_DEFINITION_SHAPE(' ','NAUO PRDDFN',#1602);
#11307=PRODUCT_DEFINITION_SHAPE(' ','NAUO PRDDFN',#1603);
#11308=PRODUCT_DEFINITION_SHAPE(' ','NAUO PRDDFN',#1604);
#11309=PRODUCT_DEFINITION_SHAPE('','',#11968);
#11310=PRODUCT_DEFINITION_SHAPE(' ','NAUO PRDDFN',#1605);
#11311=PRODUCT_DEFINITION_SHAPE(' ','NAUO PRDDFN',#1606);
#11312=PRODUCT_DEFINITION_SHAPE(' ','NAUO PRDDFN',#1607);
#11313=PRODUCT_DEFINITION_SHAPE(' ','NAUO PRDDFN',#1608);
#11314=PRODUCT_DEFINITION_SHAPE(' ','NAUO PRDDFN',#1609);
#11315=PRODUCT_DEFINITION_SHAPE(' ','NAUO PRDDFN',#1610);
#11316=PRODUCT_DEFINITION_SHAPE(' ','NAUO PRDDFN',#1611);
#11317=PRODUCT_DEFINITION_SHAPE(' ','NAUO PRDDFN',#1612);
#11318=PRODUCT_DEFINITION_SHAPE(' ','NAUO PRDDFN',#1613);
#11319=PRODUCT_DEFINITION_SHAPE(' ','NAUO PRDDFN',#1614);
#11320=PRODUCT_DEFINITION_SHAPE(' ','NAUO PRDDFN',#1615);
#11321=PRODUCT_DEFINITION_SHAPE(' ','NAUO PRDDFN',#1616);
#11322=PRODUCT_DEFINITION_SHAPE(' ','NAUO PRDDFN',#1617);
#11323=PRODUCT_DEFINITION_SHAPE(' ','NAUO PRDDFN',#1618);
#11324=PRODUCT_DEFINITION_SHAPE(' ','NAUO PRDDFN',#1619);
#11325=PRODUCT_DEFINITION_SHAPE(' ','NAUO PRDDFN',#1620);
#11326=PRODUCT_DEFINITION_SHAPE(' ','NAUO PRDDFN',#1621);
#11327=PRODUCT_DEFINITION_SHAPE(' ','NAUO PRDDFN',#1622);
#11328=PRODUCT_DEFINITION_SHAPE(' ','NAUO PRDDFN',#1623);
#11329=PRODUCT_DEFINITION_SHAPE(' ','NAUO PRDDFN',#1624);
#11330=PRODUCT_DEFINITION_SHAPE(' ','NAUO PRDDFN',#1625);
#11331=PRODUCT_DEFINITION_SHAPE(' ','NAUO PRDDFN',#1626);
#11332=PRODUCT_DEFINITION_SHAPE(' ','NAUO PRDDFN',#1627);
#11333=PRODUCT_DEFINITION_SHAPE(' ','NAUO PRDDFN',#1628);
#11334=PRODUCT_DEFINITION_SHAPE(' ','NAUO PRDDFN',#1629);
#11335=PRODUCT_DEFINITION_SHAPE(' ','NAUO PRDDFN',#1630);
#11336=PRODUCT_DEFINITION_SHAPE(' ','NAUO PRDDFN',#1631);
#11337=PRODUCT_DEFINITION_SHAPE(' ','NAUO PRDDFN',#1632);
#11338=PRODUCT_DEFINITION_SHAPE(' ','NAUO PRDDFN',#1633);
#11339=PRODUCT_DEFINITION_SHAPE(' ','NAUO PRDDFN',#1634);
#11340=PRODUCT_DEFINITION_SHAPE(' ','NAUO PRDDFN',#1635);
#11341=PRODUCT_DEFINITION_SHAPE(' ','NAUO PRDDFN',#1636);
#11342=PRODUCT_DEFINITION_SHAPE(' ','NAUO PRDDFN',#1637);
#11343=PRODUCT_DEFINITION_SHAPE(' ','NAUO PRDDFN',#1638);
#11344=PRODUCT_DEFINITION_SHAPE('','',#11969);
#11345=PRODUCT_DEFINITION_SHAPE(' ','NAUO PRDDFN',#1639);
#11346=PRODUCT_DEFINITION_SHAPE(' ','NAUO PRDDFN',#1640);
#11347=PRODUCT_DEFINITION_SHAPE(' ','NAUO PRDDFN',#1641);
#11348=PRODUCT_DEFINITION_SHAPE(' ','NAUO PRDDFN',#1642);
#11349=PRODUCT_DEFINITION_SHAPE(' ','NAUO PRDDFN',#1643);
#11350=PRODUCT_DEFINITION_SHAPE(' ','NAUO PRDDFN',#1644);
#11351=PRODUCT_DEFINITION_SHAPE(' ','NAUO PRDDFN',#1645);
#11352=PRODUCT_DEFINITION_SHAPE(' ','NAUO PRDDFN',#1646);
#11353=PRODUCT_DEFINITION_SHAPE(' ','NAUO PRDDFN',#1647);
#11354=PRODUCT_DEFINITION_SHAPE(' ','NAUO PRDDFN',#1648);
#11355=PRODUCT_DEFINITION_SHAPE(' ','NAUO PRDDFN',#1649);
#11356=PRODUCT_DEFINITION_SHAPE(' ','NAUO PRDDFN',#1650);
#11357=PRODUCT_DEFINITION_SHAPE('','',#11970);
#11358=PRODUCT_DEFINITION_SHAPE(' ','NAUO PRDDFN',#1651);
#11359=PRODUCT_DEFINITION_SHAPE('','',#11971);
#11360=PRODUCT_DEFINITION_SHAPE(' ','NAUO PRDDFN',#1652);
#11361=PRODUCT_DEFINITION_SHAPE(' ','NAUO PRDDFN',#1653);
#11362=PRODUCT_DEFINITION_SHAPE(' ','NAUO PRDDFN',#1654);
#11363=PRODUCT_DEFINITION_SHAPE(' ','NAUO PRDDFN',#1655);
#11364=PRODUCT_DEFINITION_SHAPE(' ','NAUO PRDDFN',#1656);
#11365=PRODUCT_DEFINITION_SHAPE(' ','NAUO PRDDFN',#1657);
#11366=PRODUCT_DEFINITION_SHAPE(' ','NAUO PRDDFN',#1658);
#11367=PRODUCT_DEFINITION_SHAPE(' ','NAUO PRDDFN',#1659);
#11368=PRODUCT_DEFINITION_SHAPE(' ','NAUO PRDDFN',#1660);
#11369=PRODUCT_DEFINITION_SHAPE(' ','NAUO PRDDFN',#1661);
#11370=PRODUCT_DEFINITION_SHAPE(' ','NAUO PRDDFN',#1662);
#11371=PRODUCT_DEFINITION_SHAPE(' ','NAUO PRDDFN',#1663);
#11372=PRODUCT_DEFINITION_SHAPE(' ','NAUO PRDDFN',#1664);
#11373=PRODUCT_DEFINITION_SHAPE(' ','NAUO PRDDFN',#1665);
#11374=PRODUCT_DEFINITION_SHAPE(' ','NAUO PRDDFN',#1666);
#11375=PRODUCT_DEFINITION_SHAPE(' ','NAUO PRDDFN',#1667);
#11376=PRODUCT_DEFINITION_SHAPE(' ','NAUO PRDDFN',#1668);
#11377=PRODUCT_DEFINITION_SHAPE(' ','NAUO PRDDFN',#1669);
#11378=PRODUCT_DEFINITION_SHAPE(' ','NAUO PRDDFN',#1670);
#11379=PRODUCT_DEFINITION_SHAPE(' ','NAUO PRDDFN',#1671);
#11380=PRODUCT_DEFINITION_SHAPE(' ','NAUO PRDDFN',#1672);
#11381=PRODUCT_DEFINITION_SHAPE(' ','NAUO PRDDFN',#1673);
#11382=PRODUCT_DEFINITION_SHAPE(' ','NAUO PRDDFN',#1674);
#11383=PRODUCT_DEFINITION_SHAPE(' ','NAUO PRDDFN',#1675);
#11384=PRODUCT_DEFINITION_SHAPE(' ','NAUO PRDDFN',#1676);
#11385=PRODUCT_DEFINITION_SHAPE(' ','NAUO PRDDFN',#1677);
#11386=PRODUCT_DEFINITION_SHAPE(' ','NAUO PRDDFN',#1678);
#11387=PRODUCT_DEFINITION_SHAPE(' ','NAUO PRDDFN',#1679);
#11388=PRODUCT_DEFINITION_SHAPE(' ','NAUO PRDDFN',#1680);
#11389=PRODUCT_DEFINITION_SHAPE(' ','NAUO PRDDFN',#1681);
#11390=PRODUCT_DEFINITION_SHAPE(' ','NAUO PRDDFN',#1682);
#11391=PRODUCT_DEFINITION_SHAPE(' ','NAUO PRDDFN',#1683);
#11392=PRODUCT_DEFINITION_SHAPE(' ','NAUO PRDDFN',#1684);
#11393=PRODUCT_DEFINITION_SHAPE(' ','NAUO PRDDFN',#1685);
#11394=PRODUCT_DEFINITION_SHAPE(' ','NAUO PRDDFN',#1686);
#11395=PRODUCT_DEFINITION_SHAPE(' ','NAUO PRDDFN',#1687);
#11396=PRODUCT_DEFINITION_SHAPE('','',#11972);
#11397=PRODUCT_DEFINITION_SHAPE(' ','NAUO PRDDFN',#1688);
#11398=PRODUCT_DEFINITION_SHAPE(' ','NAUO PRDDFN',#1689);
#11399=PRODUCT_DEFINITION_SHAPE(' ','NAUO PRDDFN',#1690);
#11400=PRODUCT_DEFINITION_SHAPE(' ','NAUO PRDDFN',#1691);
#11401=PRODUCT_DEFINITION_SHAPE(' ','NAUO PRDDFN',#1692);
#11402=PRODUCT_DEFINITION_SHAPE(' ','NAUO PRDDFN',#1693);
#11403=PRODUCT_DEFINITION_SHAPE(' ','NAUO PRDDFN',#1694);
#11404=PRODUCT_DEFINITION_SHAPE(' ','NAUO PRDDFN',#1695);
#11405=PRODUCT_DEFINITION_SHAPE(' ','NAUO PRDDFN',#1696);
#11406=PRODUCT_DEFINITION_SHAPE('','',#11973);
#11407=PRODUCT_DEFINITION_SHAPE(' ','NAUO PRDDFN',#1697);
#11408=PRODUCT_DEFINITION_SHAPE(' ','NAUO PRDDFN',#1698);
#11409=PRODUCT_DEFINITION_SHAPE(' ','NAUO PRDDFN',#1699);
#11410=PRODUCT_DEFINITION_SHAPE(' ','NAUO PRDDFN',#1700);
#11411=PRODUCT_DEFINITION_SHAPE(' ','NAUO PRDDFN',#1701);
#11412=PRODUCT_DEFINITION_SHAPE(' ','NAUO PRDDFN',#1702);
#11413=PRODUCT_DEFINITION_SHAPE(' ','NAUO PRDDFN',#1703);
#11414=PRODUCT_DEFINITION_SHAPE(' ','NAUO PRDDFN',#1704);
#11415=PRODUCT_DEFINITION_SHAPE(' ','NAUO PRDDFN',#1705);
#11416=PRODUCT_DEFINITION_SHAPE(' ','NAUO PRDDFN',#1706);
#11417=PRODUCT_DEFINITION_SHAPE(' ','NAUO PRDDFN',#1707);
#11418=PRODUCT_DEFINITION_SHAPE(' ','NAUO PRDDFN',#1708);
#11419=PRODUCT_DEFINITION_SHAPE(' ','NAUO PRDDFN',#1709);
#11420=PRODUCT_DEFINITION_SHAPE(' ','NAUO PRDDFN',#1710);
#11421=PRODUCT_DEFINITION_SHAPE(' ','NAUO PRDDFN',#1711);
#11422=PRODUCT_DEFINITION_SHAPE(' ','NAUO PRDDFN',#1712);
#11423=PRODUCT_DEFINITION_SHAPE(' ','NAUO PRDDFN',#1713);
#11424=PRODUCT_DEFINITION_SHAPE(' ','NAUO PRDDFN',#1714);
#11425=PRODUCT_DEFINITION_SHAPE(' ','NAUO PRDDFN',#1715);
#11426=PRODUCT_DEFINITION_SHAPE(' ','NAUO PRDDFN',#1716);
#11427=PRODUCT_DEFINITION_SHAPE(' ','NAUO PRDDFN',#1717);
#11428=PRODUCT_DEFINITION_SHAPE(' ','NAUO PRDDFN',#1718);
#11429=PRODUCT_DEFINITION_SHAPE(' ','NAUO PRDDFN',#1719);
#11430=PRODUCT_DEFINITION_SHAPE(' ','NAUO PRDDFN',#1720);
#11431=PRODUCT_DEFINITION_SHAPE(' ','NAUO PRDDFN',#1721);
#11432=PRODUCT_DEFINITION_SHAPE(' ','NAUO PRDDFN',#1722);
#11433=PRODUCT_DEFINITION_SHAPE(' ','NAUO PRDDFN',#1723);
#11434=PRODUCT_DEFINITION_SHAPE(' ','NAUO PRDDFN',#1724);
#11435=PRODUCT_DEFINITION_SHAPE(' ','NAUO PRDDFN',#1725);
#11436=PRODUCT_DEFINITION_SHAPE(' ','NAUO PRDDFN',#1726);
#11437=PRODUCT_DEFINITION_SHAPE(' ','NAUO PRDDFN',#1727);
#11438=PRODUCT_DEFINITION_SHAPE(' ','NAUO PRDDFN',#1728);
#11439=PRODUCT_DEFINITION_SHAPE(' ','NAUO PRDDFN',#1729);
#11440=PRODUCT_DEFINITION_SHAPE('','',#11974);
#11441=PRODUCT_DEFINITION_SHAPE(' ','NAUO PRDDFN',#1730);
#11442=PRODUCT_DEFINITION_SHAPE(' ','NAUO PRDDFN',#1731);
#11443=PRODUCT_DEFINITION_SHAPE(' ','NAUO PRDDFN',#1732);
#11444=PRODUCT_DEFINITION_SHAPE(' ','NAUO PRDDFN',#1733);
#11445=PRODUCT_DEFINITION_SHAPE(' ','NAUO PRDDFN',#1734);
#11446=PRODUCT_DEFINITION_SHAPE(' ','NAUO PRDDFN',#1735);
#11447=PRODUCT_DEFINITION_SHAPE(' ','NAUO PRDDFN',#1736);
#11448=PRODUCT_DEFINITION_SHAPE(' ','NAUO PRDDFN',#1737);
#11449=PRODUCT_DEFINITION_SHAPE(' ','NAUO PRDDFN',#1738);
#11450=PRODUCT_DEFINITION_SHAPE(' ','NAUO PRDDFN',#1739);
#11451=PRODUCT_DEFINITION_SHAPE(' ','NAUO PRDDFN',#1740);
#11452=PRODUCT_DEFINITION_SHAPE(' ','NAUO PRDDFN',#1741);
#11453=PRODUCT_DEFINITION_SHAPE('','',#11975);
#11454=PRODUCT_DEFINITION_SHAPE(' ','NAUO PRDDFN',#1742);
#11455=PRODUCT_DEFINITION_SHAPE(' ','NAUO PRDDFN',#1743);
#11456=PRODUCT_DEFINITION_SHAPE(' ','NAUO PRDDFN',#1744);
#11457=PRODUCT_DEFINITION_SHAPE(' ','NAUO PRDDFN',#1745);
#11458=PRODUCT_DEFINITION_SHAPE(' ','NAUO PRDDFN',#1746);
#11459=PRODUCT_DEFINITION_SHAPE(' ','NAUO PRDDFN',#1747);
#11460=PRODUCT_DEFINITION_SHAPE(' ','NAUO PRDDFN',#1748);
#11461=PRODUCT_DEFINITION_SHAPE(' ','NAUO PRDDFN',#1749);
#11462=PRODUCT_DEFINITION_SHAPE(' ','NAUO PRDDFN',#1750);
#11463=PRODUCT_DEFINITION_SHAPE(' ','NAUO PRDDFN',#1751);
#11464=PRODUCT_DEFINITION_SHAPE(' ','NAUO PRDDFN',#1752);
#11465=PRODUCT_DEFINITION_SHAPE(' ','NAUO PRDDFN',#1753);
#11466=PRODUCT_DEFINITION_SHAPE(' ','NAUO PRDDFN',#1754);
#11467=PRODUCT_DEFINITION_SHAPE(' ','NAUO PRDDFN',#1755);
#11468=PRODUCT_DEFINITION_SHAPE(' ','NAUO PRDDFN',#1756);
#11469=PRODUCT_DEFINITION_SHAPE(' ','NAUO PRDDFN',#1757);
#11470=PRODUCT_DEFINITION_SHAPE(' ','NAUO PRDDFN',#1758);
#11471=PRODUCT_DEFINITION_SHAPE(' ','NAUO PRDDFN',#1759);
#11472=PRODUCT_DEFINITION_SHAPE(' ','NAUO PRDDFN',#1760);
#11473=PRODUCT_DEFINITION_SHAPE(' ','NAUO PRDDFN',#1761);
#11474=PRODUCT_DEFINITION_SHAPE(' ','NAUO PRDDFN',#1762);
#11475=PRODUCT_DEFINITION_SHAPE(' ','NAUO PRDDFN',#1763);
#11476=PRODUCT_DEFINITION_SHAPE(' ','NAUO PRDDFN',#1764);
#11477=PRODUCT_DEFINITION_SHAPE(' ','NAUO PRDDFN',#1765);
#11478=PRODUCT_DEFINITION_SHAPE(' ','NAUO PRDDFN',#1766);
#11479=PRODUCT_DEFINITION_SHAPE(' ','NAUO PRDDFN',#1767);
#11480=PRODUCT_DEFINITION_SHAPE(' ','NAUO PRDDFN',#1768);
#11481=PRODUCT_DEFINITION_SHAPE(' ','NAUO PRDDFN',#1769);
#11482=PRODUCT_DEFINITION_SHAPE(' ','NAUO PRDDFN',#1770);
#11483=PRODUCT_DEFINITION_SHAPE(' ','NAUO PRDDFN',#1771);
#11484=PRODUCT_DEFINITION_SHAPE(' ','NAUO PRDDFN',#1772);
#11485=PRODUCT_DEFINITION_SHAPE(' ','NAUO PRDDFN',#1773);
#11486=PRODUCT_DEFINITION_SHAPE(' ','NAUO PRDDFN',#1774);
#11487=PRODUCT_DEFINITION_SHAPE(' ','NAUO PRDDFN',#1775);
#11488=PRODUCT_DEFINITION_SHAPE(' ','NAUO PRDDFN',#1776);
#11489=PRODUCT_DEFINITION_SHAPE('','',#11976);
#11490=PRODUCT_DEFINITION_SHAPE(' ','NAUO PRDDFN',#1777);
#11491=PRODUCT_DEFINITION_SHAPE(' ','NAUO PRDDFN',#1778);
#11492=PRODUCT_DEFINITION_SHAPE(' ','NAUO PRDDFN',#1779);
#11493=PRODUCT_DEFINITION_SHAPE(' ','NAUO PRDDFN',#1780);
#11494=PRODUCT_DEFINITION_SHAPE(' ','NAUO PRDDFN',#1781);
#11495=PRODUCT_DEFINITION_SHAPE(' ','NAUO PRDDFN',#1782);
#11496=PRODUCT_DEFINITION_SHAPE(' ','NAUO PRDDFN',#1783);
#11497=PRODUCT_DEFINITION_SHAPE(' ','NAUO PRDDFN',#1784);
#11498=PRODUCT_DEFINITION_SHAPE(' ','NAUO PRDDFN',#1785);
#11499=PRODUCT_DEFINITION_SHAPE(' ','NAUO PRDDFN',#1786);
#11500=PRODUCT_DEFINITION_SHAPE('','',#11977);
#11501=PRODUCT_DEFINITION_SHAPE(' ','NAUO PRDDFN',#1787);
#11502=PRODUCT_DEFINITION_SHAPE(' ','NAUO PRDDFN',#1788);
#11503=PRODUCT_DEFINITION_SHAPE(' ','NAUO PRDDFN',#1789);
#11504=PRODUCT_DEFINITION_SHAPE(' ','NAUO PRDDFN',#1790);
#11505=PRODUCT_DEFINITION_SHAPE(' ','NAUO PRDDFN',#1791);
#11506=PRODUCT_DEFINITION_SHAPE(' ','NAUO PRDDFN',#1792);
#11507=PRODUCT_DEFINITION_SHAPE(' ','NAUO PRDDFN',#1793);
#11508=PRODUCT_DEFINITION_SHAPE(' ','NAUO PRDDFN',#1794);
#11509=PRODUCT_DEFINITION_SHAPE(' ','NAUO PRDDFN',#1795);
#11510=PRODUCT_DEFINITION_SHAPE(' ','NAUO PRDDFN',#1796);
#11511=PRODUCT_DEFINITION_SHAPE(' ','NAUO PRDDFN',#1797);
#11512=PRODUCT_DEFINITION_SHAPE(' ','NAUO PRDDFN',#1798);
#11513=PRODUCT_DEFINITION_SHAPE(' ','NAUO PRDDFN',#1799);
#11514=PRODUCT_DEFINITION_SHAPE(' ','NAUO PRDDFN',#1800);
#11515=PRODUCT_DEFINITION_SHAPE(' ','NAUO PRDDFN',#1801);
#11516=PRODUCT_DEFINITION_SHAPE(' ','NAUO PRDDFN',#1802);
#11517=PRODUCT_DEFINITION_SHAPE(' ','NAUO PRDDFN',#1803);
#11518=PRODUCT_DEFINITION_SHAPE(' ','NAUO PRDDFN',#1804);
#11519=PRODUCT_DEFINITION_SHAPE(' ','NAUO PRDDFN',#1805);
#11520=PRODUCT_DEFINITION_SHAPE(' ','NAUO PRDDFN',#1806);
#11521=PRODUCT_DEFINITION_SHAPE(' ','NAUO PRDDFN',#1807);
#11522=PRODUCT_DEFINITION_SHAPE(' ','NAUO PRDDFN',#1808);
#11523=PRODUCT_DEFINITION_SHAPE(' ','NAUO PRDDFN',#1809);
#11524=PRODUCT_DEFINITION_SHAPE(' ','NAUO PRDDFN',#1810);
#11525=PRODUCT_DEFINITION_SHAPE(' ','NAUO PRDDFN',#1811);
#11526=PRODUCT_DEFINITION_SHAPE(' ','NAUO PRDDFN',#1812);
#11527=PRODUCT_DEFINITION_SHAPE(' ','NAUO PRDDFN',#1813);
#11528=PRODUCT_DEFINITION_SHAPE(' ','NAUO PRDDFN',#1814);
#11529=PRODUCT_DEFINITION_SHAPE(' ','NAUO PRDDFN',#1815);
#11530=PRODUCT_DEFINITION_SHAPE(' ','NAUO PRDDFN',#1816);
#11531=PRODUCT_DEFINITION_SHAPE(' ','NAUO PRDDFN',#1817);
#11532=PRODUCT_DEFINITION_SHAPE(' ','NAUO PRDDFN',#1818);
#11533=PRODUCT_DEFINITION_SHAPE(' ','NAUO PRDDFN',#1819);
#11534=PRODUCT_DEFINITION_SHAPE(' ','NAUO PRDDFN',#1820);
#11535=PRODUCT_DEFINITION_SHAPE(' ','NAUO PRDDFN',#1821);
#11536=PRODUCT_DEFINITION_SHAPE(' ','NAUO PRDDFN',#1822);
#11537=PRODUCT_DEFINITION_SHAPE('','',#11978);
#11538=PRODUCT_DEFINITION_SHAPE(' ','NAUO PRDDFN',#1823);
#11539=PRODUCT_DEFINITION_SHAPE(' ','NAUO PRDDFN',#1824);
#11540=PRODUCT_DEFINITION_SHAPE(' ','NAUO PRDDFN',#1825);
#11541=PRODUCT_DEFINITION_SHAPE(' ','NAUO PRDDFN',#1826);
#11542=PRODUCT_DEFINITION_SHAPE(' ','NAUO PRDDFN',#1827);
#11543=PRODUCT_DEFINITION_SHAPE(' ','NAUO PRDDFN',#1828);
#11544=PRODUCT_DEFINITION_SHAPE(' ','NAUO PRDDFN',#1829);
#11545=PRODUCT_DEFINITION_SHAPE(' ','NAUO PRDDFN',#1830);
#11546=PRODUCT_DEFINITION_SHAPE(' ','NAUO PRDDFN',#1831);
#11547=PRODUCT_DEFINITION_SHAPE(' ','NAUO PRDDFN',#1832);
#11548=PRODUCT_DEFINITION_SHAPE('','',#11979);
#11549=PRODUCT_DEFINITION_SHAPE(' ','NAUO PRDDFN',#1833);
#11550=PRODUCT_DEFINITION_SHAPE('','',#11980);
#11551=PRODUCT_DEFINITION_SHAPE(' ','NAUO PRDDFN',#1834);
#11552=PRODUCT_DEFINITION_SHAPE(' ','NAUO PRDDFN',#1835);
#11553=PRODUCT_DEFINITION_SHAPE(' ','NAUO PRDDFN',#1836);
#11554=PRODUCT_DEFINITION_SHAPE(' ','NAUO PRDDFN',#1837);
#11555=PRODUCT_DEFINITION_SHAPE(' ','NAUO PRDDFN',#1838);
#11556=PRODUCT_DEFINITION_SHAPE(' ','NAUO PRDDFN',#1839);
#11557=PRODUCT_DEFINITION_SHAPE(' ','NAUO PRDDFN',#1840);
#11558=PRODUCT_DEFINITION_SHAPE(' ','NAUO PRDDFN',#1841);
#11559=PRODUCT_DEFINITION_SHAPE(' ','NAUO PRDDFN',#1842);
#11560=PRODUCT_DEFINITION_SHAPE(' ','NAUO PRDDFN',#1843);
#11561=PRODUCT_DEFINITION_SHAPE(' ','NAUO PRDDFN',#1844);
#11562=PRODUCT_DEFINITION_SHAPE(' ','NAUO PRDDFN',#1845);
#11563=PRODUCT_DEFINITION_SHAPE(' ','NAUO PRDDFN',#1846);
#11564=PRODUCT_DEFINITION_SHAPE(' ','NAUO PRDDFN',#1847);
#11565=PRODUCT_DEFINITION_SHAPE(' ','NAUO PRDDFN',#1848);
#11566=PRODUCT_DEFINITION_SHAPE(' ','NAUO PRDDFN',#1849);
#11567=PRODUCT_DEFINITION_SHAPE(' ','NAUO PRDDFN',#1850);
#11568=PRODUCT_DEFINITION_SHAPE(' ','NAUO PRDDFN',#1851);
#11569=PRODUCT_DEFINITION_SHAPE(' ','NAUO PRDDFN',#1852);
#11570=PRODUCT_DEFINITION_SHAPE(' ','NAUO PRDDFN',#1853);
#11571=PRODUCT_DEFINITION_SHAPE(' ','NAUO PRDDFN',#1854);
#11572=PRODUCT_DEFINITION_SHAPE(' ','NAUO PRDDFN',#1855);
#11573=PRODUCT_DEFINITION_SHAPE(' ','NAUO PRDDFN',#1856);
#11574=PRODUCT_DEFINITION_SHAPE(' ','NAUO PRDDFN',#1857);
#11575=PRODUCT_DEFINITION_SHAPE(' ','NAUO PRDDFN',#1858);
#11576=PRODUCT_DEFINITION_SHAPE('','',#11981);
#11577=PRODUCT_DEFINITION_SHAPE(' ','NAUO PRDDFN',#1859);
#11578=PRODUCT_DEFINITION_SHAPE(' ','NAUO PRDDFN',#1860);
#11579=PRODUCT_DEFINITION_SHAPE(' ','NAUO PRDDFN',#1861);
#11580=PRODUCT_DEFINITION_SHAPE(' ','NAUO PRDDFN',#1862);
#11581=PRODUCT_DEFINITION_SHAPE(' ','NAUO PRDDFN',#1863);
#11582=PRODUCT_DEFINITION_SHAPE(' ','NAUO PRDDFN',#1864);
#11583=PRODUCT_DEFINITION_SHAPE(' ','NAUO PRDDFN',#1865);
#11584=PRODUCT_DEFINITION_SHAPE(' ','NAUO PRDDFN',#1866);
#11585=PRODUCT_DEFINITION_SHAPE(' ','NAUO PRDDFN',#1867);
#11586=PRODUCT_DEFINITION_SHAPE(' ','NAUO PRDDFN',#1868);
#11587=PRODUCT_DEFINITION_SHAPE(' ','NAUO PRDDFN',#1869);
#11588=PRODUCT_DEFINITION_SHAPE(' ','NAUO PRDDFN',#1870);
#11589=PRODUCT_DEFINITION_SHAPE(' ','NAUO PRDDFN',#1871);
#11590=PRODUCT_DEFINITION_SHAPE(' ','NAUO PRDDFN',#1872);
#11591=PRODUCT_DEFINITION_SHAPE(' ','NAUO PRDDFN',#1873);
#11592=PRODUCT_DEFINITION_SHAPE(' ','NAUO PRDDFN',#1874);
#11593=PRODUCT_DEFINITION_SHAPE(' ','NAUO PRDDFN',#1875);
#11594=PRODUCT_DEFINITION_SHAPE(' ','NAUO PRDDFN',#1876);
#11595=PRODUCT_DEFINITION_SHAPE(' ','NAUO PRDDFN',#1877);
#11596=PRODUCT_DEFINITION_SHAPE(' ','NAUO PRDDFN',#1878);
#11597=PRODUCT_DEFINITION_SHAPE('','',#11982);
#11598=PRODUCT_DEFINITION_SHAPE(' ','NAUO PRDDFN',#1879);
#11599=PRODUCT_DEFINITION_SHAPE(' ','NAUO PRDDFN',#1880);
#11600=PRODUCT_DEFINITION_SHAPE(' ','NAUO PRDDFN',#1881);
#11601=PRODUCT_DEFINITION_SHAPE(' ','NAUO PRDDFN',#1882);
#11602=PRODUCT_DEFINITION_SHAPE(' ','NAUO PRDDFN',#1883);
#11603=PRODUCT_DEFINITION_SHAPE(' ','NAUO PRDDFN',#1884);
#11604=PRODUCT_DEFINITION_SHAPE(' ','NAUO PRDDFN',#1885);
#11605=PRODUCT_DEFINITION_SHAPE(' ','NAUO PRDDFN',#1886);
#11606=PRODUCT_DEFINITION_SHAPE(' ','NAUO PRDDFN',#1887);
#11607=PRODUCT_DEFINITION_SHAPE(' ','NAUO PRDDFN',#1888);
#11608=PRODUCT_DEFINITION_SHAPE(' ','NAUO PRDDFN',#1889);
#11609=PRODUCT_DEFINITION_SHAPE(' ','NAUO PRDDFN',#1890);
#11610=PRODUCT_DEFINITION_SHAPE(' ','NAUO PRDDFN',#1891);
#11611=PRODUCT_DEFINITION_SHAPE(' ','NAUO PRDDFN',#1892);
#11612=PRODUCT_DEFINITION_SHAPE(' ','NAUO PRDDFN',#1893);
#11613=PRODUCT_DEFINITION_SHAPE(' ','NAUO PRDDFN',#1894);
#11614=PRODUCT_DEFINITION_SHAPE(' ','NAUO PRDDFN',#1895);
#11615=PRODUCT_DEFINITION_SHAPE(' ','NAUO PRDDFN',#1896);
#11616=PRODUCT_DEFINITION_SHAPE(' ','NAUO PRDDFN',#1897);
#11617=PRODUCT_DEFINITION_SHAPE(' ','NAUO PRDDFN',#1898);
#11618=PRODUCT_DEFINITION_SHAPE(' ','NAUO PRDDFN',#1899);
#11619=PRODUCT_DEFINITION_SHAPE(' ','NAUO PRDDFN',#1900);
#11620=PRODUCT_DEFINITION_SHAPE(' ','NAUO PRDDFN',#1901);
#11621=PRODUCT_DEFINITION_SHAPE(' ','NAUO PRDDFN',#1902);
#11622=PRODUCT_DEFINITION_SHAPE(' ','NAUO PRDDFN',#1903);
#11623=PRODUCT_DEFINITION_SHAPE(' ','NAUO PRDDFN',#1904);
#11624=PRODUCT_DEFINITION_SHAPE(' ','NAUO PRDDFN',#1905);
#11625=PRODUCT_DEFINITION_SHAPE(' ','NAUO PRDDFN',#1906);
#11626=PRODUCT_DEFINITION_SHAPE(' ','NAUO PRDDFN',#1907);
#11627=PRODUCT_DEFINITION_SHAPE(' ','NAUO PRDDFN',#1908);
#11628=PRODUCT_DEFINITION_SHAPE(' ','NAUO PRDDFN',#1909);
#11629=PRODUCT_DEFINITION_SHAPE(' ','NAUO PRDDFN',#1910);
#11630=PRODUCT_DEFINITION_SHAPE(' ','NAUO PRDDFN',#1911);
#11631=PRODUCT_DEFINITION_SHAPE('','',#11983);
#11632=PRODUCT_DEFINITION_SHAPE(' ','NAUO PRDDFN',#1912);
#11633=PRODUCT_DEFINITION_SHAPE(' ','NAUO PRDDFN',#1913);
#11634=PRODUCT_DEFINITION_SHAPE(' ','NAUO PRDDFN',#1914);
#11635=PRODUCT_DEFINITION_SHAPE(' ','NAUO PRDDFN',#1915);
#11636=PRODUCT_DEFINITION_SHAPE(' ','NAUO PRDDFN',#1916);
#11637=PRODUCT_DEFINITION_SHAPE(' ','NAUO PRDDFN',#1917);
#11638=PRODUCT_DEFINITION_SHAPE(' ','NAUO PRDDFN',#1918);
#11639=PRODUCT_DEFINITION_SHAPE(' ','NAUO PRDDFN',#1919);
#11640=PRODUCT_DEFINITION_SHAPE(' ','NAUO PRDDFN',#1920);
#11641=PRODUCT_DEFINITION_SHAPE(' ','NAUO PRDDFN',#1921);
#11642=PRODUCT_DEFINITION_SHAPE(' ','NAUO PRDDFN',#1922);
#11643=PRODUCT_DEFINITION_SHAPE(' ','NAUO PRDDFN',#1923);
#11644=PRODUCT_DEFINITION_SHAPE('','',#11984);
#11645=PRODUCT_DEFINITION_SHAPE(' ','NAUO PRDDFN',#1924);
#11646=PRODUCT_DEFINITION_SHAPE(' ','NAUO PRDDFN',#1925);
#11647=PRODUCT_DEFINITION_SHAPE(' ','NAUO PRDDFN',#1926);
#11648=PRODUCT_DEFINITION_SHAPE(' ','NAUO PRDDFN',#1927);
#11649=PRODUCT_DEFINITION_SHAPE(' ','NAUO PRDDFN',#1928);
#11650=PRODUCT_DEFINITION_SHAPE(' ','NAUO PRDDFN',#1929);
#11651=PRODUCT_DEFINITION_SHAPE(' ','NAUO PRDDFN',#1930);
#11652=PRODUCT_DEFINITION_SHAPE(' ','NAUO PRDDFN',#1931);
#11653=PRODUCT_DEFINITION_SHAPE(' ','NAUO PRDDFN',#1932);
#11654=PRODUCT_DEFINITION_SHAPE(' ','NAUO PRDDFN',#1933);
#11655=PRODUCT_DEFINITION_SHAPE(' ','NAUO PRDDFN',#1934);
#11656=PRODUCT_DEFINITION_SHAPE(' ','NAUO PRDDFN',#1935);
#11657=PRODUCT_DEFINITION_SHAPE(' ','NAUO PRDDFN',#1936);
#11658=PRODUCT_DEFINITION_SHAPE(' ','NAUO PRDDFN',#1937);
#11659=PRODUCT_DEFINITION_SHAPE(' ','NAUO PRDDFN',#1938);
#11660=PRODUCT_DEFINITION_SHAPE(' ','NAUO PRDDFN',#1939);
#11661=PRODUCT_DEFINITION_SHAPE(' ','NAUO PRDDFN',#1940);
#11662=PRODUCT_DEFINITION_SHAPE(' ','NAUO PRDDFN',#1941);
#11663=PRODUCT_DEFINITION_SHAPE(' ','NAUO PRDDFN',#1942);
#11664=PRODUCT_DEFINITION_SHAPE(' ','NAUO PRDDFN',#1943);
#11665=PRODUCT_DEFINITION_SHAPE(' ','NAUO PRDDFN',#1944);
#11666=PRODUCT_DEFINITION_SHAPE(' ','NAUO PRDDFN',#1945);
#11667=PRODUCT_DEFINITION_SHAPE(' ','NAUO PRDDFN',#1946);
#11668=PRODUCT_DEFINITION_SHAPE(' ','NAUO PRDDFN',#1947);
#11669=PRODUCT_DEFINITION_SHAPE(' ','NAUO PRDDFN',#1948);
#11670=PRODUCT_DEFINITION_SHAPE(' ','NAUO PRDDFN',#1949);
#11671=PRODUCT_DEFINITION_SHAPE(' ','NAUO PRDDFN',#1950);
#11672=PRODUCT_DEFINITION_SHAPE(' ','NAUO PRDDFN',#1951);
#11673=PRODUCT_DEFINITION_SHAPE(' ','NAUO PRDDFN',#1952);
#11674=PRODUCT_DEFINITION_SHAPE(' ','NAUO PRDDFN',#1953);
#11675=PRODUCT_DEFINITION_SHAPE(' ','NAUO PRDDFN',#1954);
#11676=PRODUCT_DEFINITION_SHAPE(' ','NAUO PRDDFN',#1955);
#11677=PRODUCT_DEFINITION_SHAPE('','',#11985);
#11678=PRODUCT_DEFINITION_SHAPE(' ','NAUO PRDDFN',#1956);
#11679=PRODUCT_DEFINITION_SHAPE(' ','NAUO PRDDFN',#1957);
#11680=PRODUCT_DEFINITION_SHAPE(' ','NAUO PRDDFN',#1958);
#11681=PRODUCT_DEFINITION_SHAPE(' ','NAUO PRDDFN',#1959);
#11682=PRODUCT_DEFINITION_SHAPE(' ','NAUO PRDDFN',#1960);
#11683=PRODUCT_DEFINITION_SHAPE(' ','NAUO PRDDFN',#1961);
#11684=PRODUCT_DEFINITION_SHAPE(' ','NAUO PRDDFN',#1962);
#11685=PRODUCT_DEFINITION_SHAPE(' ','NAUO PRDDFN',#1963);
#11686=PRODUCT_DEFINITION_SHAPE(' ','NAUO PRDDFN',#1964);
#11687=PRODUCT_DEFINITION_SHAPE(' ','NAUO PRDDFN',#1965);
#11688=PRODUCT_DEFINITION_SHAPE(' ','NAUO PRDDFN',#1966);
#11689=PRODUCT_DEFINITION_SHAPE(' ','NAUO PRDDFN',#1967);
#11690=PRODUCT_DEFINITION_SHAPE(' ','NAUO PRDDFN',#1968);
#11691=PRODUCT_DEFINITION_SHAPE('','',#11986);
#11692=PRODUCT_DEFINITION_SHAPE(' ','NAUO PRDDFN',#1969);
#11693=PRODUCT_DEFINITION_SHAPE(' ','NAUO PRDDFN',#1970);
#11694=PRODUCT_DEFINITION_SHAPE(' ','NAUO PRDDFN',#1971);
#11695=PRODUCT_DEFINITION_SHAPE(' ','NAUO PRDDFN',#1972);
#11696=PRODUCT_DEFINITION_SHAPE(' ','NAUO PRDDFN',#1973);
#11697=PRODUCT_DEFINITION_SHAPE(' ','NAUO PRDDFN',#1974);
#11698=PRODUCT_DEFINITION_SHAPE(' ','NAUO PRDDFN',#1975);
#11699=PRODUCT_DEFINITION_SHAPE(' ','NAUO PRDDFN',#1976);
#11700=PRODUCT_DEFINITION_SHAPE(' ','NAUO PRDDFN',#1977);
#11701=PRODUCT_DEFINITION_SHAPE(' ','NAUO PRDDFN',#1978);
#11702=PRODUCT_DEFINITION_SHAPE(' ','NAUO PRDDFN',#1979);
#11703=PRODUCT_DEFINITION_SHAPE(' ','NAUO PRDDFN',#1980);
#11704=PRODUCT_DEFINITION_SHAPE(' ','NAUO PRDDFN',#1981);
#11705=PRODUCT_DEFINITION_SHAPE(' ','NAUO PRDDFN',#1982);
#11706=PRODUCT_DEFINITION_SHAPE(' ','NAUO PRDDFN',#1983);
#11707=PRODUCT_DEFINITION_SHAPE(' ','NAUO PRDDFN',#1984);
#11708=PRODUCT_DEFINITION_SHAPE(' ','NAUO PRDDFN',#1985);
#11709=PRODUCT_DEFINITION_SHAPE(' ','NAUO PRDDFN',#1986);
#11710=PRODUCT_DEFINITION_SHAPE(' ','NAUO PRDDFN',#1987);
#11711=PRODUCT_DEFINITION_SHAPE(' ','NAUO PRDDFN',#1988);
#11712=PRODUCT_DEFINITION_SHAPE(' ','NAUO PRDDFN',#1989);
#11713=PRODUCT_DEFINITION_SHAPE(' ','NAUO PRDDFN',#1990);
#11714=PRODUCT_DEFINITION_SHAPE(' ','NAUO PRDDFN',#1991);
#11715=PRODUCT_DEFINITION_SHAPE(' ','NAUO PRDDFN',#1992);
#11716=PRODUCT_DEFINITION_SHAPE(' ','NAUO PRDDFN',#1993);
#11717=PRODUCT_DEFINITION_SHAPE(' ','NAUO PRDDFN',#1994);
#11718=PRODUCT_DEFINITION_SHAPE(' ','NAUO PRDDFN',#1995);
#11719=PRODUCT_DEFINITION_SHAPE('','',#11987);
#11720=PRODUCT_DEFINITION_SHAPE(' ','NAUO PRDDFN',#1996);
#11721=PRODUCT_DEFINITION_SHAPE(' ','NAUO PRDDFN',#1997);
#11722=PRODUCT_DEFINITION_SHAPE(' ','NAUO PRDDFN',#1998);
#11723=PRODUCT_DEFINITION_SHAPE(' ','NAUO PRDDFN',#1999);
#11724=PRODUCT_DEFINITION_SHAPE(' ','NAUO PRDDFN',#2000);
#11725=PRODUCT_DEFINITION_SHAPE(' ','NAUO PRDDFN',#2001);
#11726=PRODUCT_DEFINITION_SHAPE(' ','NAUO PRDDFN',#2002);
#11727=PRODUCT_DEFINITION_SHAPE(' ','NAUO PRDDFN',#2003);
#11728=PRODUCT_DEFINITION_SHAPE(' ','NAUO PRDDFN',#2004);
#11729=PRODUCT_DEFINITION_SHAPE(' ','NAUO PRDDFN',#2005);
#11730=PRODUCT_DEFINITION_SHAPE(' ','NAUO PRDDFN',#2006);
#11731=PRODUCT_DEFINITION_SHAPE(' ','NAUO PRDDFN',#2007);
#11732=PRODUCT_DEFINITION_SHAPE(' ','NAUO PRDDFN',#2008);
#11733=PRODUCT_DEFINITION_SHAPE(' ','NAUO PRDDFN',#2009);
#11734=PRODUCT_DEFINITION_SHAPE(' ','NAUO PRDDFN',#2010);
#11735=PRODUCT_DEFINITION_SHAPE(' ','NAUO PRDDFN',#2011);
#11736=PRODUCT_DEFINITION_SHAPE(' ','NAUO PRDDFN',#2012);
#11737=PRODUCT_DEFINITION_SHAPE(' ','NAUO PRDDFN',#2013);
#11738=PRODUCT_DEFINITION_SHAPE(' ','NAUO PRDDFN',#2014);
#11739=PRODUCT_DEFINITION_SHAPE('','',#11988);
#11740=PRODUCT_DEFINITION_SHAPE(' ','NAUO PRDDFN',#2015);
#11741=PRODUCT_DEFINITION_SHAPE('','',#11989);
#11742=PRODUCT_DEFINITION_SHAPE(' ','NAUO PRDDFN',#2016);
#11743=PRODUCT_DEFINITION_SHAPE(' ','NAUO PRDDFN',#2017);
#11744=PRODUCT_DEFINITION_SHAPE(' ','NAUO PRDDFN',#2018);
#11745=PRODUCT_DEFINITION_SHAPE(' ','NAUO PRDDFN',#2019);
#11746=PRODUCT_DEFINITION_SHAPE(' ','NAUO PRDDFN',#2020);
#11747=PRODUCT_DEFINITION_SHAPE(' ','NAUO PRDDFN',#2021);
#11748=PRODUCT_DEFINITION_SHAPE(' ','NAUO PRDDFN',#2022);
#11749=PRODUCT_DEFINITION_SHAPE(' ','NAUO PRDDFN',#2023);
#11750=PRODUCT_DEFINITION_SHAPE(' ','NAUO PRDDFN',#2024);
#11751=PRODUCT_DEFINITION_SHAPE(' ','NAUO PRDDFN',#2025);
#11752=PRODUCT_DEFINITION_SHAPE(' ','NAUO PRDDFN',#2026);
#11753=PRODUCT_DEFINITION_SHAPE(' ','NAUO PRDDFN',#2027);
#11754=PRODUCT_DEFINITION_SHAPE(' ','NAUO PRDDFN',#2028);
#11755=PRODUCT_DEFINITION_SHAPE(' ','NAUO PRDDFN',#2029);
#11756=PRODUCT_DEFINITION_SHAPE(' ','NAUO PRDDFN',#2030);
#11757=PRODUCT_DEFINITION_SHAPE(' ','NAUO PRDDFN',#2031);
#11758=PRODUCT_DEFINITION_SHAPE(' ','NAUO PRDDFN',#2032);
#11759=PRODUCT_DEFINITION_SHAPE(' ','NAUO PRDDFN',#2033);
#11760=PRODUCT_DEFINITION_SHAPE(' ','NAUO PRDDFN',#2034);
#11761=PRODUCT_DEFINITION_SHAPE(' ','NAUO PRDDFN',#2035);
#11762=PRODUCT_DEFINITION_SHAPE(' ','NAUO PRDDFN',#2036);
#11763=PRODUCT_DEFINITION_SHAPE(' ','NAUO PRDDFN',#2037);
#11764=PRODUCT_DEFINITION_SHAPE(' ','NAUO PRDDFN',#2038);
#11765=PRODUCT_DEFINITION_SHAPE(' ','NAUO PRDDFN',#2039);
#11766=PRODUCT_DEFINITION_SHAPE(' ','NAUO PRDDFN',#2040);
#11767=PRODUCT_DEFINITION_SHAPE(' ','NAUO PRDDFN',#2041);
#11768=PRODUCT_DEFINITION_SHAPE(' ','NAUO PRDDFN',#2042);
#11769=PRODUCT_DEFINITION_SHAPE(' ','NAUO PRDDFN',#2043);
#11770=PRODUCT_DEFINITION_SHAPE(' ','NAUO PRDDFN',#2044);
#11771=PRODUCT_DEFINITION_SHAPE(' ','NAUO PRDDFN',#2045);
#11772=PRODUCT_DEFINITION_SHAPE(' ','NAUO PRDDFN',#2046);
#11773=PRODUCT_DEFINITION_SHAPE(' ','NAUO PRDDFN',#2047);
#11774=PRODUCT_DEFINITION_SHAPE(' ','NAUO PRDDFN',#2048);
#11775=PRODUCT_DEFINITION_SHAPE(' ','NAUO PRDDFN',#2049);
#11776=PRODUCT_DEFINITION_SHAPE(' ','NAUO PRDDFN',#2050);
#11777=PRODUCT_DEFINITION_SHAPE(' ','NAUO PRDDFN',#2051);
#11778=PRODUCT_DEFINITION_SHAPE('','',#11990);
#11779=PRODUCT_DEFINITION_SHAPE(' ','NAUO PRDDFN',#2052);
#11780=PRODUCT_DEFINITION_SHAPE(' ','NAUO PRDDFN',#2053);
#11781=PRODUCT_DEFINITION_SHAPE(' ','NAUO PRDDFN',#2054);
#11782=PRODUCT_DEFINITION_SHAPE(' ','NAUO PRDDFN',#2055);
#11783=PRODUCT_DEFINITION_SHAPE(' ','NAUO PRDDFN',#2056);
#11784=PRODUCT_DEFINITION_SHAPE(' ','NAUO PRDDFN',#2057);
#11785=PRODUCT_DEFINITION_SHAPE(' ','NAUO PRDDFN',#2058);
#11786=PRODUCT_DEFINITION_SHAPE(' ','NAUO PRDDFN',#2059);
#11787=PRODUCT_DEFINITION_SHAPE(' ','NAUO PRDDFN',#2060);
#11788=PRODUCT_DEFINITION_SHAPE('','',#11991);
#11789=PRODUCT_DEFINITION_SHAPE(' ','NAUO PRDDFN',#2061);
#11790=PRODUCT_DEFINITION_SHAPE(' ','NAUO PRDDFN',#2062);
#11791=PRODUCT_DEFINITION_SHAPE(' ','NAUO PRDDFN',#2063);
#11792=PRODUCT_DEFINITION_SHAPE(' ','NAUO PRDDFN',#2064);
#11793=PRODUCT_DEFINITION_SHAPE(' ','NAUO PRDDFN',#2065);
#11794=PRODUCT_DEFINITION_SHAPE(' ','NAUO PRDDFN',#2066);
#11795=PRODUCT_DEFINITION_SHAPE(' ','NAUO PRDDFN',#2067);
#11796=PRODUCT_DEFINITION_SHAPE(' ','NAUO PRDDFN',#2068);
#11797=PRODUCT_DEFINITION_SHAPE(' ','NAUO PRDDFN',#2069);
#11798=PRODUCT_DEFINITION_SHAPE(' ','NAUO PRDDFN',#2070);
#11799=PRODUCT_DEFINITION_SHAPE(' ','NAUO PRDDFN',#2071);
#11800=PRODUCT_DEFINITION_SHAPE(' ','NAUO PRDDFN',#2072);
#11801=PRODUCT_DEFINITION_SHAPE(' ','NAUO PRDDFN',#2073);
#11802=PRODUCT_DEFINITION_SHAPE(' ','NAUO PRDDFN',#2074);
#11803=PRODUCT_DEFINITION_SHAPE(' ','NAUO PRDDFN',#2075);
#11804=PRODUCT_DEFINITION_SHAPE(' ','NAUO PRDDFN',#2076);
#11805=PRODUCT_DEFINITION_SHAPE(' ','NAUO PRDDFN',#2077);
#11806=PRODUCT_DEFINITION_SHAPE(' ','NAUO PRDDFN',#2078);
#11807=PRODUCT_DEFINITION_SHAPE(' ','NAUO PRDDFN',#2079);
#11808=PRODUCT_DEFINITION_SHAPE(' ','NAUO PRDDFN',#2080);
#11809=PRODUCT_DEFINITION_SHAPE(' ','NAUO PRDDFN',#2081);
#11810=PRODUCT_DEFINITION_SHAPE(' ','NAUO PRDDFN',#2082);
#11811=PRODUCT_DEFINITION_SHAPE(' ','NAUO PRDDFN',#2083);
#11812=PRODUCT_DEFINITION_SHAPE(' ','NAUO PRDDFN',#2084);
#11813=PRODUCT_DEFINITION_SHAPE(' ','NAUO PRDDFN',#2085);
#11814=PRODUCT_DEFINITION_SHAPE(' ','NAUO PRDDFN',#2086);
#11815=PRODUCT_DEFINITION_SHAPE(' ','NAUO PRDDFN',#2087);
#11816=PRODUCT_DEFINITION_SHAPE(' ','NAUO PRDDFN',#2088);
#11817=PRODUCT_DEFINITION_SHAPE('','',#11992);
#11818=PRODUCT_DEFINITION_SHAPE(' ','NAUO PRDDFN',#2089);
#11819=PRODUCT_DEFINITION_SHAPE(' ','NAUO PRDDFN',#2090);
#11820=PRODUCT_DEFINITION_SHAPE(' ','NAUO PRDDFN',#2091);
#11821=PRODUCT_DEFINITION_SHAPE(' ','NAUO PRDDFN',#2092);
#11822=PRODUCT_DEFINITION_SHAPE(' ','NAUO PRDDFN',#2093);
#11823=PRODUCT_DEFINITION_SHAPE(' ','NAUO PRDDFN',#2094);
#11824=PRODUCT_DEFINITION_SHAPE(' ','NAUO PRDDFN',#2095);
#11825=PRODUCT_DEFINITION_SHAPE(' ','NAUO PRDDFN',#2096);
#11826=PRODUCT_DEFINITION_SHAPE(' ','NAUO PRDDFN',#2097);
#11827=PRODUCT_DEFINITION_SHAPE(' ','NAUO PRDDFN',#2098);
#11828=PRODUCT_DEFINITION_SHAPE(' ','NAUO PRDDFN',#2099);
#11829=PRODUCT_DEFINITION_SHAPE(' ','NAUO PRDDFN',#2100);
#11830=PRODUCT_DEFINITION_SHAPE(' ','NAUO PRDDFN',#2101);
#11831=PRODUCT_DEFINITION_SHAPE(' ','NAUO PRDDFN',#2102);
#11832=PRODUCT_DEFINITION_SHAPE(' ','NAUO PRDDFN',#2103);
#11833=PRODUCT_DEFINITION_SHAPE(' ','NAUO PRDDFN',#2104);
#11834=PRODUCT_DEFINITION_SHAPE(' ','NAUO PRDDFN',#2105);
#11835=PRODUCT_DEFINITION_SHAPE('','',#11993);
#11836=PRODUCT_DEFINITION_SHAPE(' ','NAUO PRDDFN',#2106);
#11837=PRODUCT_DEFINITION_SHAPE(' ','NAUO PRDDFN',#2107);
#11838=PRODUCT_DEFINITION_SHAPE(' ','NAUO PRDDFN',#2108);
#11839=PRODUCT_DEFINITION_SHAPE(' ','NAUO PRDDFN',#2109);
#11840=PRODUCT_DEFINITION_SHAPE(' ','NAUO PRDDFN',#2110);
#11841=PRODUCT_DEFINITION_SHAPE(' ','NAUO PRDDFN',#2111);
#11842=PRODUCT_DEFINITION_SHAPE(' ','NAUO PRDDFN',#2112);
#11843=PRODUCT_DEFINITION_SHAPE(' ','NAUO PRDDFN',#2113);
#11844=PRODUCT_DEFINITION_SHAPE(' ','NAUO PRDDFN',#2114);
#11845=PRODUCT_DEFINITION_SHAPE(' ','NAUO PRDDFN',#2115);
#11846=PRODUCT_DEFINITION_SHAPE(' ','NAUO PRDDFN',#2116);
#11847=PRODUCT_DEFINITION_SHAPE(' ','NAUO PRDDFN',#2117);
#11848=PRODUCT_DEFINITION_SHAPE(' ','NAUO PRDDFN',#2118);
#11849=PRODUCT_DEFINITION_SHAPE(' ','NAUO PRDDFN',#2119);
#11850=PRODUCT_DEFINITION_SHAPE(' ','NAUO PRDDFN',#2120);
#11851=PRODUCT_DEFINITION_SHAPE(' ','NAUO PRDDFN',#2121);
#11852=PRODUCT_DEFINITION_SHAPE(' ','NAUO PRDDFN',#2122);
#11853=PRODUCT_DEFINITION_SHAPE(' ','NAUO PRDDFN',#2123);
#11854=PRODUCT_DEFINITION_SHAPE(' ','NAUO PRDDFN',#2124);
#11855=PRODUCT_DEFINITION_SHAPE(' ','NAUO PRDDFN',#2125);
#11856=PRODUCT_DEFINITION_SHAPE(' ','NAUO PRDDFN',#2126);
#11857=PRODUCT_DEFINITION_SHAPE(' ','NAUO PRDDFN',#2127);
#11858=PRODUCT_DEFINITION_SHAPE(' ','NAUO PRDDFN',#2128);
#11859=PRODUCT_DEFINITION_SHAPE(' ','NAUO PRDDFN',#2129);
#11860=PRODUCT_DEFINITION_SHAPE(' ','NAUO PRDDFN',#2130);
#11861=PRODUCT_DEFINITION_SHAPE(' ','NAUO PRDDFN',#2131);
#11862=PRODUCT_DEFINITION_SHAPE(' ','NAUO PRDDFN',#2132);
#11863=PRODUCT_DEFINITION_SHAPE(' ','NAUO PRDDFN',#2133);
#11864=PRODUCT_DEFINITION_SHAPE(' ','NAUO PRDDFN',#2134);
#11865=PRODUCT_DEFINITION_SHAPE(' ','NAUO PRDDFN',#2135);
#11866=PRODUCT_DEFINITION_SHAPE(' ','NAUO PRDDFN',#2136);
#11867=PRODUCT_DEFINITION_SHAPE(' ','NAUO PRDDFN',#2137);
#11868=PRODUCT_DEFINITION_SHAPE(' ','NAUO PRDDFN',#2138);
#11869=PRODUCT_DEFINITION_SHAPE('','',#11994);
#11870=PRODUCT_DEFINITION_SHAPE(' ','NAUO PRDDFN',#2139);
#11871=PRODUCT_DEFINITION_SHAPE(' ','NAUO PRDDFN',#2140);
#11872=PRODUCT_DEFINITION_SHAPE(' ','NAUO PRDDFN',#2141);
#11873=PRODUCT_DEFINITION_SHAPE(' ','NAUO PRDDFN',#2142);
#11874=PRODUCT_DEFINITION_SHAPE(' ','NAUO PRDDFN',#2143);
#11875=PRODUCT_DEFINITION_SHAPE(' ','NAUO PRDDFN',#2144);
#11876=PRODUCT_DEFINITION_SHAPE(' ','NAUO PRDDFN',#2145);
#11877=PRODUCT_DEFINITION_SHAPE(' ','NAUO PRDDFN',#2146);
#11878=PRODUCT_DEFINITION_SHAPE(' ','NAUO PRDDFN',#2147);
#11879=PRODUCT_DEFINITION_SHAPE(' ','NAUO PRDDFN',#2148);
#11880=PRODUCT_DEFINITION_SHAPE(' ','NAUO PRDDFN',#2149);
#11881=PRODUCT_DEFINITION_SHAPE(' ','NAUO PRDDFN',#2150);
#11882=PRODUCT_DEFINITION_SHAPE('','',#11995);
#11883=PRODUCT_DEFINITION_SHAPE(' ','NAUO PRDDFN',#2151);
#11884=PRODUCT_DEFINITION_SHAPE(' ','NAUO PRDDFN',#2152);
#11885=PRODUCT_DEFINITION_SHAPE(' ','NAUO PRDDFN',#2153);
#11886=PRODUCT_DEFINITION_SHAPE(' ','NAUO PRDDFN',#2154);
#11887=PRODUCT_DEFINITION_SHAPE(' ','NAUO PRDDFN',#2155);
#11888=PRODUCT_DEFINITION_SHAPE(' ','NAUO PRDDFN',#2156);
#11889=PRODUCT_DEFINITION_SHAPE(' ','NAUO PRDDFN',#2157);
#11890=PRODUCT_DEFINITION_SHAPE(' ','NAUO PRDDFN',#2158);
#11891=PRODUCT_DEFINITION_SHAPE(' ','NAUO PRDDFN',#2159);
#11892=PRODUCT_DEFINITION_SHAPE(' ','NAUO PRDDFN',#2160);
#11893=PRODUCT_DEFINITION_SHAPE(' ','NAUO PRDDFN',#2161);
#11894=PRODUCT_DEFINITION_SHAPE(' ','NAUO PRDDFN',#2162);
#11895=PRODUCT_DEFINITION_SHAPE(' ','NAUO PRDDFN',#2163);
#11896=PRODUCT_DEFINITION_SHAPE(' ','NAUO PRDDFN',#2164);
#11897=PRODUCT_DEFINITION_SHAPE(' ','NAUO PRDDFN',#2165);
#11898=PRODUCT_DEFINITION_SHAPE(' ','NAUO PRDDFN',#2166);
#11899=PRODUCT_DEFINITION_SHAPE(' ','NAUO PRDDFN',#2167);
#11900=PRODUCT_DEFINITION_SHAPE(' ','NAUO PRDDFN',#2168);
#11901=PRODUCT_DEFINITION_SHAPE(' ','NAUO PRDDFN',#2169);
#11902=PRODUCT_DEFINITION_SHAPE(' ','NAUO PRDDFN',#2170);
#11903=PRODUCT_DEFINITION_SHAPE(' ','NAUO PRDDFN',#2171);
#11904=PRODUCT_DEFINITION_SHAPE(' ','NAUO PRDDFN',#2172);
#11905=PRODUCT_DEFINITION_SHAPE(' ','NAUO PRDDFN',#2173);
#11906=PRODUCT_DEFINITION_SHAPE(' ','NAUO PRDDFN',#2174);
#11907=PRODUCT_DEFINITION_SHAPE(' ','NAUO PRDDFN',#2175);
#11908=PRODUCT_DEFINITION_SHAPE(' ','NAUO PRDDFN',#2176);
#11909=PRODUCT_DEFINITION_SHAPE(' ','NAUO PRDDFN',#2177);
#11910=PRODUCT_DEFINITION_SHAPE(' ','NAUO PRDDFN',#2178);
#11911=PRODUCT_DEFINITION_SHAPE(' ','NAUO PRDDFN',#2179);
#11912=PRODUCT_DEFINITION_SHAPE(' ','NAUO PRDDFN',#2180);
#11913=PRODUCT_DEFINITION_SHAPE(' ','NAUO PRDDFN',#2181);
#11914=PRODUCT_DEFINITION_SHAPE(' ','NAUO PRDDFN',#2182);
#11915=PRODUCT_DEFINITION_SHAPE(' ','NAUO PRDDFN',#2183);
#11916=PRODUCT_DEFINITION_SHAPE(' ','NAUO PRDDFN',#2184);
#11917=PRODUCT_DEFINITION_SHAPE(' ','NAUO PRDDFN',#2185);
#11918=PRODUCT_DEFINITION_SHAPE(' ','NAUO PRDDFN',#2186);
#11919=PRODUCT_DEFINITION_SHAPE('','',#11996);
#11920=PRODUCT_DEFINITION_SHAPE(' ','NAUO PRDDFN',#2187);
#11921=PRODUCT_DEFINITION_SHAPE(' ','NAUO PRDDFN',#2188);
#11922=PRODUCT_DEFINITION_SHAPE(' ','NAUO PRDDFN',#2189);
#11923=PRODUCT_DEFINITION_SHAPE(' ','NAUO PRDDFN',#2190);
#11924=PRODUCT_DEFINITION_SHAPE(' ','NAUO PRDDFN',#2191);
#11925=PRODUCT_DEFINITION_SHAPE(' ','NAUO PRDDFN',#2192);
#11926=PRODUCT_DEFINITION_SHAPE(' ','NAUO PRDDFN',#2193);
#11927=PRODUCT_DEFINITION_SHAPE(' ','NAUO PRDDFN',#2194);
#11928=PRODUCT_DEFINITION_SHAPE(' ','NAUO PRDDFN',#2195);
#11929=PRODUCT_DEFINITION_SHAPE(' ','NAUO PRDDFN',#2196);
#11930=PRODUCT_DEFINITION_SHAPE(' ','NAUO PRDDFN',#2197);
#11931=PRODUCT_DEFINITION('','',#12063,#11997);
#11932=PRODUCT_DEFINITION('','',#12064,#11998);
#11933=PRODUCT_DEFINITION('','',#12065,#11999);
#11934=PRODUCT_DEFINITION('','',#12066,#12000);
#11935=PRODUCT_DEFINITION('','',#12067,#12001);
#11936=PRODUCT_DEFINITION('','',#12068,#12002);
#11937=PRODUCT_DEFINITION('','',#12069,#12003);
#11938=PRODUCT_DEFINITION('','',#12070,#12004);
#11939=PRODUCT_DEFINITION('','',#12071,#12005);
#11940=PRODUCT_DEFINITION('','',#12072,#12006);
#11941=PRODUCT_DEFINITION('','',#12073,#12007);
#11942=PRODUCT_DEFINITION('','',#12074,#12008);
#11943=PRODUCT_DEFINITION('','',#12075,#12009);
#11944=PRODUCT_DEFINITION('','',#12076,#12010);
#11945=PRODUCT_DEFINITION('','',#12077,#12011);
#11946=PRODUCT_DEFINITION('','',#12078,#12012);
#11947=PRODUCT_DEFINITION('','',#12079,#12013);
#11948=PRODUCT_DEFINITION('','',#12080,#12014);
#11949=PRODUCT_DEFINITION('','',#12081,#12015);
#11950=PRODUCT_DEFINITION('','',#12082,#12016);
#11951=PRODUCT_DEFINITION('','',#12083,#12017);
#11952=PRODUCT_DEFINITION('','',#12084,#12018);
#11953=PRODUCT_DEFINITION('','',#12085,#12019);
#11954=PRODUCT_DEFINITION('','',#12086,#12020);
#11955=PRODUCT_DEFINITION('','',#12087,#12021);
#11956=PRODUCT_DEFINITION('','',#12088,#12022);
#11957=PRODUCT_DEFINITION('','',#12089,#12023);
#11958=PRODUCT_DEFINITION('','',#12090,#12024);
#11959=PRODUCT_DEFINITION('','',#12091,#12025);
#11960=PRODUCT_DEFINITION('','',#12092,#12026);
#11961=PRODUCT_DEFINITION('','',#12093,#12027);
#11962=PRODUCT_DEFINITION('','',#12094,#12028);
#11963=PRODUCT_DEFINITION('','',#12095,#12029);
#11964=PRODUCT_DEFINITION('','',#12096,#12030);
#11965=PRODUCT_DEFINITION('','',#12097,#12031);
#11966=PRODUCT_DEFINITION('','',#12098,#12032);
#11967=PRODUCT_DEFINITION('','',#12099,#12033);
#11968=PRODUCT_DEFINITION('','',#12100,#12034);
#11969=PRODUCT_DEFINITION('','',#12101,#12035);
#11970=PRODUCT_DEFINITION('','',#12102,#12036);
#11971=PRODUCT_DEFINITION('','',#12103,#12037);
#11972=PRODUCT_DEFINITION('','',#12104,#12038);
#11973=PRODUCT_DEFINITION('','',#12105,#12039);
#11974=PRODUCT_DEFINITION('','',#12106,#12040);
#11975=PRODUCT_DEFINITION('','',#12107,#12041);
#11976=PRODUCT_DEFINITION('','',#12108,#12042);
#11977=PRODUCT_DEFINITION('','',#12109,#12043);
#11978=PRODUCT_DEFINITION('','',#12110,#12044);
#11979=PRODUCT_DEFINITION('','',#12111,#12045);
#11980=PRODUCT_DEFINITION('','',#12112,#12046);
#11981=PRODUCT_DEFINITION('','',#12113,#12047);
#11982=PRODUCT_DEFINITION('','',#12114,#12048);
#11983=PRODUCT_DEFINITION('','',#12115,#12049);
#11984=PRODUCT_DEFINITION('','',#12116,#12050);
#11985=PRODUCT_DEFINITION('','',#12117,#12051);
#11986=PRODUCT_DEFINITION('','',#12118,#12052);
#11987=PRODUCT_DEFINITION('','',#12119,#12053);
#11988=PRODUCT_DEFINITION('','',#12120,#12054);
#11989=PRODUCT_DEFINITION('','',#12121,#12055);
#11990=PRODUCT_DEFINITION('','',#12122,#12056);
#11991=PRODUCT_DEFINITION('','',#12123,#12057);
#11992=PRODUCT_DEFINITION('','',#12124,#12058);
#11993=PRODUCT_DEFINITION('','',#12125,#12059);
#11994=PRODUCT_DEFINITION('','',#12126,#12060);
#11995=PRODUCT_DEFINITION('','',#12127,#12061);
#11996=PRODUCT_DEFINITION('','',#12128,#12062);
#11997=PRODUCT_DEFINITION_CONTEXT('',#12394,'design');
#11998=PRODUCT_DEFINITION_CONTEXT('',#12394,'design');
#11999=PRODUCT_DEFINITION_CONTEXT('',#12394,'design');
#12000=PRODUCT_DEFINITION_CONTEXT('',#12394,'design');
#12001=PRODUCT_DEFINITION_CONTEXT('',#12394,'design');
#12002=PRODUCT_DEFINITION_CONTEXT('',#12394,'design');
#12003=PRODUCT_DEFINITION_CONTEXT('',#12394,'design');
#12004=PRODUCT_DEFINITION_CONTEXT('',#12394,'design');
#12005=PRODUCT_DEFINITION_CONTEXT('',#12394,'design');
#12006=PRODUCT_DEFINITION_CONTEXT('',#12394,'design');
#12007=PRODUCT_DEFINITION_CONTEXT('',#12394,'design');
#12008=PRODUCT_DEFINITION_CONTEXT('',#12394,'design');
#12009=PRODUCT_DEFINITION_CONTEXT('',#12394,'design');
#12010=PRODUCT_DEFINITION_CONTEXT('',#12394,'design');
#12011=PRODUCT_DEFINITION_CONTEXT('',#12394,'design');
#12012=PRODUCT_DEFINITION_CONTEXT('',#12394,'design');
#12013=PRODUCT_DEFINITION_CONTEXT('',#12394,'design');
#12014=PRODUCT_DEFINITION_CONTEXT('',#12394,'design');
#12015=PRODUCT_DEFINITION_CONTEXT('',#12394,'design');
#12016=PRODUCT_DEFINITION_CONTEXT('',#12394,'design');
#12017=PRODUCT_DEFINITION_CONTEXT('',#12394,'design');
#12018=PRODUCT_DEFINITION_CONTEXT('',#12394,'design');
#12019=PRODUCT_DEFINITION_CONTEXT('',#12394,'design');
#12020=PRODUCT_DEFINITION_CONTEXT('',#12394,'design');
#12021=PRODUCT_DEFINITION_CONTEXT('',#12394,'design');
#12022=PRODUCT_DEFINITION_CONTEXT('',#12394,'design');
#12023=PRODUCT_DEFINITION_CONTEXT('',#12394,'design');
#12024=PRODUCT_DEFINITION_CONTEXT('',#12394,'design');
#12025=PRODUCT_DEFINITION_CONTEXT('',#12394,'design');
#12026=PRODUCT_DEFINITION_CONTEXT('',#12394,'design');
#12027=PRODUCT_DEFINITION_CONTEXT('',#12394,'design');
#12028=PRODUCT_DEFINITION_CONTEXT('',#12394,'design');
#12029=PRODUCT_DEFINITION_CONTEXT('',#12394,'design');
#12030=PRODUCT_DEFINITION_CONTEXT('',#12394,'design');
#12031=PRODUCT_DEFINITION_CONTEXT('',#12394,'design');
#12032=PRODUCT_DEFINITION_CONTEXT('',#12394,'design');
#12033=PRODUCT_DEFINITION_CONTEXT('',#12394,'design');
#12034=PRODUCT_DEFINITION_CONTEXT('',#12394,'design');
#12035=PRODUCT_DEFINITION_CONTEXT('',#12394,'design');
#12036=PRODUCT_DEFINITION_CONTEXT('',#12394,'design');
#12037=PRODUCT_DEFINITION_CONTEXT('',#12394,'design');
#12038=PRODUCT_DEFINITION_CONTEXT('',#12394,'design');
#12039=PRODUCT_DEFINITION_CONTEXT('',#12394,'design');
#12040=PRODUCT_DEFINITION_CONTEXT('',#12394,'design');
#12041=PRODUCT_DEFINITION_CONTEXT('',#12394,'design');
#12042=PRODUCT_DEFINITION_CONTEXT('',#12394,'design');
#12043=PRODUCT_DEFINITION_CONTEXT('',#12394,'design');
#12044=PRODUCT_DEFINITION_CONTEXT('',#12394,'design');
#12045=PRODUCT_DEFINITION_CONTEXT('',#12394,'design');
#12046=PRODUCT_DEFINITION_CONTEXT('',#12394,'design');
#12047=PRODUCT_DEFINITION_CONTEXT('',#12394,'design');
#12048=PRODUCT_DEFINITION_CONTEXT('',#12394,'design');
#12049=PRODUCT_DEFINITION_CONTEXT('',#12394,'design');
#12050=PRODUCT_DEFINITION_CONTEXT('',#12394,'design');
#12051=PRODUCT_DEFINITION_CONTEXT('',#12394,'design');
#12052=PRODUCT_DEFINITION_CONTEXT('',#12394,'design');
#12053=PRODUCT_DEFINITION_CONTEXT('',#12394,'design');
#12054=PRODUCT_DEFINITION_CONTEXT('',#12394,'design');
#12055=PRODUCT_DEFINITION_CONTEXT('',#12394,'design');
#12056=PRODUCT_DEFINITION_CONTEXT('',#12394,'design');
#12057=PRODUCT_DEFINITION_CONTEXT('',#12394,'design');
#12058=PRODUCT_DEFINITION_CONTEXT('',#12394,'design');
#12059=PRODUCT_DEFINITION_CONTEXT('',#12394,'design');
#12060=PRODUCT_DEFINITION_CONTEXT('',#12394,'design');
#12061=PRODUCT_DEFINITION_CONTEXT('',#12394,'design');
#12062=PRODUCT_DEFINITION_CONTEXT('',#12394,'design');
#12063=PRODUCT_DEFINITION_FORMATION_WITH_SPECIFIED_SOURCE('','',#12195,
 .NOT_KNOWN.);
#12064=PRODUCT_DEFINITION_FORMATION_WITH_SPECIFIED_SOURCE('','',#12196,
 .NOT_KNOWN.);
#12065=PRODUCT_DEFINITION_FORMATION_WITH_SPECIFIED_SOURCE('','',#12197,
 .NOT_KNOWN.);
#12066=PRODUCT_DEFINITION_FORMATION_WITH_SPECIFIED_SOURCE('','',#12198,
 .NOT_KNOWN.);
#12067=PRODUCT_DEFINITION_FORMATION_WITH_SPECIFIED_SOURCE('','',#12199,
 .NOT_KNOWN.);
#12068=PRODUCT_DEFINITION_FORMATION_WITH_SPECIFIED_SOURCE('','',#12200,
 .NOT_KNOWN.);
#12069=PRODUCT_DEFINITION_FORMATION_WITH_SPECIFIED_SOURCE('','',#12201,
 .NOT_KNOWN.);
#12070=PRODUCT_DEFINITION_FORMATION_WITH_SPECIFIED_SOURCE('','',#12202,
 .NOT_KNOWN.);
#12071=PRODUCT_DEFINITION_FORMATION_WITH_SPECIFIED_SOURCE('','',#12203,
 .NOT_KNOWN.);
#12072=PRODUCT_DEFINITION_FORMATION_WITH_SPECIFIED_SOURCE('','',#12204,
 .NOT_KNOWN.);
#12073=PRODUCT_DEFINITION_FORMATION_WITH_SPECIFIED_SOURCE('','',#12205,
 .NOT_KNOWN.);
#12074=PRODUCT_DEFINITION_FORMATION_WITH_SPECIFIED_SOURCE('','',#12206,
 .NOT_KNOWN.);
#12075=PRODUCT_DEFINITION_FORMATION_WITH_SPECIFIED_SOURCE('','',#12207,
 .NOT_KNOWN.);
#12076=PRODUCT_DEFINITION_FORMATION_WITH_SPECIFIED_SOURCE('','',#12208,
 .NOT_KNOWN.);
#12077=PRODUCT_DEFINITION_FORMATION_WITH_SPECIFIED_SOURCE('','',#12209,
 .NOT_KNOWN.);
#12078=PRODUCT_DEFINITION_FORMATION_WITH_SPECIFIED_SOURCE('','',#12210,
 .NOT_KNOWN.);
#12079=PRODUCT_DEFINITION_FORMATION_WITH_SPECIFIED_SOURCE('','',#12211,
 .NOT_KNOWN.);
#12080=PRODUCT_DEFINITION_FORMATION_WITH_SPECIFIED_SOURCE('','',#12212,
 .NOT_KNOWN.);
#12081=PRODUCT_DEFINITION_FORMATION_WITH_SPECIFIED_SOURCE('','',#12213,
 .NOT_KNOWN.);
#12082=PRODUCT_DEFINITION_FORMATION_WITH_SPECIFIED_SOURCE('','',#12214,
 .NOT_KNOWN.);
#12083=PRODUCT_DEFINITION_FORMATION_WITH_SPECIFIED_SOURCE('','',#12215,
 .NOT_KNOWN.);
#12084=PRODUCT_DEFINITION_FORMATION_WITH_SPECIFIED_SOURCE('','',#12216,
 .NOT_KNOWN.);
#12085=PRODUCT_DEFINITION_FORMATION_WITH_SPECIFIED_SOURCE('','',#12217,
 .NOT_KNOWN.);
#12086=PRODUCT_DEFINITION_FORMATION_WITH_SPECIFIED_SOURCE('','',#12218,
 .NOT_KNOWN.);
#12087=PRODUCT_DEFINITION_FORMATION_WITH_SPECIFIED_SOURCE('','',#12219,
 .NOT_KNOWN.);
#12088=PRODUCT_DEFINITION_FORMATION_WITH_SPECIFIED_SOURCE('','',#12220,
 .NOT_KNOWN.);
#12089=PRODUCT_DEFINITION_FORMATION_WITH_SPECIFIED_SOURCE('','',#12221,
 .NOT_KNOWN.);
#12090=PRODUCT_DEFINITION_FORMATION_WITH_SPECIFIED_SOURCE('','',#12222,
 .NOT_KNOWN.);
#12091=PRODUCT_DEFINITION_FORMATION_WITH_SPECIFIED_SOURCE('','',#12223,
 .NOT_KNOWN.);
#12092=PRODUCT_DEFINITION_FORMATION_WITH_SPECIFIED_SOURCE('','',#12224,
 .NOT_KNOWN.);
#12093=PRODUCT_DEFINITION_FORMATION_WITH_SPECIFIED_SOURCE('','',#12225,
 .NOT_KNOWN.);
#12094=PRODUCT_DEFINITION_FORMATION_WITH_SPECIFIED_SOURCE('','',#12226,
 .NOT_KNOWN.);
#12095=PRODUCT_DEFINITION_FORMATION_WITH_SPECIFIED_SOURCE('','',#12227,
 .NOT_KNOWN.);
#12096=PRODUCT_DEFINITION_FORMATION_WITH_SPECIFIED_SOURCE('','',#12228,
 .NOT_KNOWN.);
#12097=PRODUCT_DEFINITION_FORMATION_WITH_SPECIFIED_SOURCE('','',#12229,
 .NOT_KNOWN.);
#12098=PRODUCT_DEFINITION_FORMATION_WITH_SPECIFIED_SOURCE('','',#12230,
 .NOT_KNOWN.);
#12099=PRODUCT_DEFINITION_FORMATION_WITH_SPECIFIED_SOURCE('','',#12231,
 .NOT_KNOWN.);
#12100=PRODUCT_DEFINITION_FORMATION_WITH_SPECIFIED_SOURCE('','',#12232,
 .NOT_KNOWN.);
#12101=PRODUCT_DEFINITION_FORMATION_WITH_SPECIFIED_SOURCE('','',#12233,
 .NOT_KNOWN.);
#12102=PRODUCT_DEFINITION_FORMATION_WITH_SPECIFIED_SOURCE('','',#12234,
 .NOT_KNOWN.);
#12103=PRODUCT_DEFINITION_FORMATION_WITH_SPECIFIED_SOURCE('','',#12235,
 .NOT_KNOWN.);
#12104=PRODUCT_DEFINITION_FORMATION_WITH_SPECIFIED_SOURCE('','',#12236,
 .NOT_KNOWN.);
#12105=PRODUCT_DEFINITION_FORMATION_WITH_SPECIFIED_SOURCE('','',#12237,
 .NOT_KNOWN.);
#12106=PRODUCT_DEFINITION_FORMATION_WITH_SPECIFIED_SOURCE('','',#12238,
 .NOT_KNOWN.);
#12107=PRODUCT_DEFINITION_FORMATION_WITH_SPECIFIED_SOURCE('','',#12239,
 .NOT_KNOWN.);
#12108=PRODUCT_DEFINITION_FORMATION_WITH_SPECIFIED_SOURCE('','',#12240,
 .NOT_KNOWN.);
#12109=PRODUCT_DEFINITION_FORMATION_WITH_SPECIFIED_SOURCE('','',#12241,
 .NOT_KNOWN.);
#12110=PRODUCT_DEFINITION_FORMATION_WITH_SPECIFIED_SOURCE('','',#12242,
 .NOT_KNOWN.);
#12111=PRODUCT_DEFINITION_FORMATION_WITH_SPECIFIED_SOURCE('','',#12243,
 .NOT_KNOWN.);
#12112=PRODUCT_DEFINITION_FORMATION_WITH_SPECIFIED_SOURCE('','',#12244,
 .NOT_KNOWN.);
#12113=PRODUCT_DEFINITION_FORMATION_WITH_SPECIFIED_SOURCE('','',#12245,
 .NOT_KNOWN.);
#12114=PRODUCT_DEFINITION_FORMATION_WITH_SPECIFIED_SOURCE('','',#12246,
 .NOT_KNOWN.);
#12115=PRODUCT_DEFINITION_FORMATION_WITH_SPECIFIED_SOURCE('','',#12247,
 .NOT_KNOWN.);
#12116=PRODUCT_DEFINITION_FORMATION_WITH_SPECIFIED_SOURCE('','',#12248,
 .NOT_KNOWN.);
#12117=PRODUCT_DEFINITION_FORMATION_WITH_SPECIFIED_SOURCE('','',#12249,
 .NOT_KNOWN.);
#12118=PRODUCT_DEFINITION_FORMATION_WITH_SPECIFIED_SOURCE('','',#12250,
 .NOT_KNOWN.);
#12119=PRODUCT_DEFINITION_FORMATION_WITH_SPECIFIED_SOURCE('','',#12251,
 .NOT_KNOWN.);
#12120=PRODUCT_DEFINITION_FORMATION_WITH_SPECIFIED_SOURCE('','',#12252,
 .NOT_KNOWN.);
#12121=PRODUCT_DEFINITION_FORMATION_WITH_SPECIFIED_SOURCE('','',#12253,
 .NOT_KNOWN.);
#12122=PRODUCT_DEFINITION_FORMATION_WITH_SPECIFIED_SOURCE('','',#12254,
 .NOT_KNOWN.);
#12123=PRODUCT_DEFINITION_FORMATION_WITH_SPECIFIED_SOURCE('','',#12255,
 .NOT_KNOWN.);
#12124=PRODUCT_DEFINITION_FORMATION_WITH_SPECIFIED_SOURCE('','',#12256,
 .NOT_KNOWN.);
#12125=PRODUCT_DEFINITION_FORMATION_WITH_SPECIFIED_SOURCE('','',#12257,
 .NOT_KNOWN.);
#12126=PRODUCT_DEFINITION_FORMATION_WITH_SPECIFIED_SOURCE('','',#12258,
 .NOT_KNOWN.);
#12127=PRODUCT_DEFINITION_FORMATION_WITH_SPECIFIED_SOURCE('','',#12259,
 .NOT_KNOWN.);
#12128=PRODUCT_DEFINITION_FORMATION_WITH_SPECIFIED_SOURCE('','',#12260,
 .NOT_KNOWN.);
#12129=PRODUCT_RELATED_PRODUCT_CATEGORY('','',(#12195));
#12130=PRODUCT_RELATED_PRODUCT_CATEGORY('','',(#12196));
#12131=PRODUCT_RELATED_PRODUCT_CATEGORY('','',(#12197));
#12132=PRODUCT_RELATED_PRODUCT_CATEGORY('','',(#12198));
#12133=PRODUCT_RELATED_PRODUCT_CATEGORY('','',(#12199));
#12134=PRODUCT_RELATED_PRODUCT_CATEGORY('','',(#12200));
#12135=PRODUCT_RELATED_PRODUCT_CATEGORY('','',(#12201));
#12136=PRODUCT_RELATED_PRODUCT_CATEGORY('','',(#12202));
#12137=PRODUCT_RELATED_PRODUCT_CATEGORY('','',(#12203));
#12138=PRODUCT_RELATED_PRODUCT_CATEGORY('','',(#12204));
#12139=PRODUCT_RELATED_PRODUCT_CATEGORY('','',(#12205));
#12140=PRODUCT_RELATED_PRODUCT_CATEGORY('','',(#12206));
#12141=PRODUCT_RELATED_PRODUCT_CATEGORY('','',(#12207));
#12142=PRODUCT_RELATED_PRODUCT_CATEGORY('','',(#12208));
#12143=PRODUCT_RELATED_PRODUCT_CATEGORY('','',(#12209));
#12144=PRODUCT_RELATED_PRODUCT_CATEGORY('','',(#12210));
#12145=PRODUCT_RELATED_PRODUCT_CATEGORY('','',(#12211));
#12146=PRODUCT_RELATED_PRODUCT_CATEGORY('','',(#12212));
#12147=PRODUCT_RELATED_PRODUCT_CATEGORY('','',(#12213));
#12148=PRODUCT_RELATED_PRODUCT_CATEGORY('','',(#12214));
#12149=PRODUCT_RELATED_PRODUCT_CATEGORY('','',(#12215));
#12150=PRODUCT_RELATED_PRODUCT_CATEGORY('','',(#12216));
#12151=PRODUCT_RELATED_PRODUCT_CATEGORY('','',(#12217));
#12152=PRODUCT_RELATED_PRODUCT_CATEGORY('','',(#12218));
#12153=PRODUCT_RELATED_PRODUCT_CATEGORY('','',(#12219));
#12154=PRODUCT_RELATED_PRODUCT_CATEGORY('','',(#12220));
#12155=PRODUCT_RELATED_PRODUCT_CATEGORY('','',(#12221));
#12156=PRODUCT_RELATED_PRODUCT_CATEGORY('','',(#12222));
#12157=PRODUCT_RELATED_PRODUCT_CATEGORY('','',(#12223));
#12158=PRODUCT_RELATED_PRODUCT_CATEGORY('','',(#12224));
#12159=PRODUCT_RELATED_PRODUCT_CATEGORY('','',(#12225));
#12160=PRODUCT_RELATED_PRODUCT_CATEGORY('','',(#12226));
#12161=PRODUCT_RELATED_PRODUCT_CATEGORY('','',(#12227));
#12162=PRODUCT_RELATED_PRODUCT_CATEGORY('','',(#12228));
#12163=PRODUCT_RELATED_PRODUCT_CATEGORY('','',(#12229));
#12164=PRODUCT_RELATED_PRODUCT_CATEGORY('','',(#12230));
#12165=PRODUCT_RELATED_PRODUCT_CATEGORY('','',(#12231));
#12166=PRODUCT_RELATED_PRODUCT_CATEGORY('','',(#12232));
#12167=PRODUCT_RELATED_PRODUCT_CATEGORY('','',(#12233));
#12168=PRODUCT_RELATED_PRODUCT_CATEGORY('','',(#12234));
#12169=PRODUCT_RELATED_PRODUCT_CATEGORY('','',(#12235));
#12170=PRODUCT_RELATED_PRODUCT_CATEGORY('','',(#12236));
#12171=PRODUCT_RELATED_PRODUCT_CATEGORY('','',(#12237));
#12172=PRODUCT_RELATED_PRODUCT_CATEGORY('','',(#12238));
#12173=PRODUCT_RELATED_PRODUCT_CATEGORY('','',(#12239));
#12174=PRODUCT_RELATED_PRODUCT_CATEGORY('','',(#12240));
#12175=PRODUCT_RELATED_PRODUCT_CATEGORY('','',(#12241));
#12176=PRODUCT_RELATED_PRODUCT_CATEGORY('','',(#12242));
#12177=PRODUCT_RELATED_PRODUCT_CATEGORY('','',(#12243));
#12178=PRODUCT_RELATED_PRODUCT_CATEGORY('','',(#12244));
#12179=PRODUCT_RELATED_PRODUCT_CATEGORY('','',(#12245));
#12180=PRODUCT_RELATED_PRODUCT_CATEGORY('','',(#12246));
#12181=PRODUCT_RELATED_PRODUCT_CATEGORY('','',(#12247));
#12182=PRODUCT_RELATED_PRODUCT_CATEGORY('','',(#12248));
#12183=PRODUCT_RELATED_PRODUCT_CATEGORY('','',(#12249));
#12184=PRODUCT_RELATED_PRODUCT_CATEGORY('','',(#12250));
#12185=PRODUCT_RELATED_PRODUCT_CATEGORY('','',(#12251));
#12186=PRODUCT_RELATED_PRODUCT_CATEGORY('','',(#12252));
#12187=PRODUCT_RELATED_PRODUCT_CATEGORY('','',(#12253));
#12188=PRODUCT_RELATED_PRODUCT_CATEGORY('','',(#12254));
#12189=PRODUCT_RELATED_PRODUCT_CATEGORY('','',(#12255));
#12190=PRODUCT_RELATED_PRODUCT_CATEGORY('','',(#12256));
#12191=PRODUCT_RELATED_PRODUCT_CATEGORY('','',(#12257));
#12192=PRODUCT_RELATED_PRODUCT_CATEGORY('','',(#12258));
#12193=PRODUCT_RELATED_PRODUCT_CATEGORY('','',(#12259));
#12194=PRODUCT_RELATED_PRODUCT_CATEGORY('','',(#12260));
#12195=PRODUCT('Ring','Ring','Ring',(#12327));
#12196=PRODUCT('dmod <1>','dmod <1>','dmod <1>',(#12328));
#12197=PRODUCT('Part 1','Part 1','Part 1',(#12329));
#12198=PRODUCT('Unit <6>','Unit <6>','Unit <6>',(#12330));
#12199=PRODUCT('Part 1','Part 1','Part 1',(#12331));
#12200=PRODUCT('Block <4>','Block <4>','Block <4>',(#12332));
#12201=PRODUCT('Part 1','Part 1','Part 1',(#12333));
#12202=PRODUCT('SiPM <1>','SiPM <1>','SiPM <1>',(#12334));
#12203=PRODUCT('Part 2','Part 2','Part 2',(#12335));
#12204=PRODUCT('Part 4','Part 4','Part 4',(#12336));
#12205=PRODUCT('Part 6','Part 6','Part 6',(#12337));
#12206=PRODUCT('Part 7','Part 7','Part 7',(#12338));
#12207=PRODUCT('Part 5','Part 5','Part 5',(#12339));
#12208=PRODUCT('Part 3','Part 3','Part 3',(#12340));
#12209=PRODUCT('Part 1','Part 1','Part 1',(#12341));
#12210=PRODUCT('Block <3>','Block <3>','Block <3>',(#12342));
#12211=PRODUCT('SiPM <1>','SiPM <1>','SiPM <1>',(#12343));
#12212=PRODUCT('Block <2>','Block <2>','Block <2>',(#12344));
#12213=PRODUCT('SiPM <1>','SiPM <1>','SiPM <1>',(#12345));
#12214=PRODUCT('Block <1>','Block <1>','Block <1>',(#12346));
#12215=PRODUCT('SiPM <1>','SiPM <1>','SiPM <1>',(#12347));
#12216=PRODUCT('Unit <4>','Unit <4>','Unit <4>',(#12348));
#12217=PRODUCT('Block <3>','Block <3>','Block <3>',(#12349));
#12218=PRODUCT('SiPM <1>','SiPM <1>','SiPM <1>',(#12350));
#12219=PRODUCT('Block <2>','Block <2>','Block <2>',(#12351));
#12220=PRODUCT('SiPM <1>','SiPM <1>','SiPM <1>',(#12352));
#12221=PRODUCT('Block <4>','Block <4>','Block <4>',(#12353));
#12222=PRODUCT('SiPM <1>','SiPM <1>','SiPM <1>',(#12354));
#12223=PRODUCT('Block <1>','Block <1>','Block <1>',(#12355));
#12224=PRODUCT('SiPM <1>','SiPM <1>','SiPM <1>',(#12356));
#12225=PRODUCT('Unit <5>','Unit <5>','Unit <5>',(#12357));
#12226=PRODUCT('Block <4>','Block <4>','Block <4>',(#12358));
#12227=PRODUCT('SiPM <1>','SiPM <1>','SiPM <1>',(#12359));
#12228=PRODUCT('Block <1>','Block <1>','Block <1>',(#12360));
#12229=PRODUCT('SiPM <1>','SiPM <1>','SiPM <1>',(#12361));
#12230=PRODUCT('Block <3>','Block <3>','Block <3>',(#12362));
#12231=PRODUCT('SiPM <1>','SiPM <1>','SiPM <1>',(#12363));
#12232=PRODUCT('Block <2>','Block <2>','Block <2>',(#12364));
#12233=PRODUCT('SiPM <1>','SiPM <1>','SiPM <1>',(#12365));
#12234=PRODUCT('Unit <3>','Unit <3>','Unit <3>',(#12366));
#12235=PRODUCT('Block <2>','Block <2>','Block <2>',(#12367));
#12236=PRODUCT('SiPM <1>','SiPM <1>','SiPM <1>',(#12368));
#12237=PRODUCT('Block <3>','Block <3>','Block <3>',(#12369));
#12238=PRODUCT('SiPM <1>','SiPM <1>','SiPM <1>',(#12370));
#12239=PRODUCT('Block <1>','Block <1>','Block <1>',(#12371));
#12240=PRODUCT('SiPM <1>','SiPM <1>','SiPM <1>',(#12372));
#12241=PRODUCT('Block <4>','Block <4>','Block <4>',(#12373));
#12242=PRODUCT('SiPM <1>','SiPM <1>','SiPM <1>',(#12374));
#12243=PRODUCT('Unit <2>','Unit <2>','Unit <2>',(#12375));
#12244=PRODUCT('Block <2>','Block <2>','Block <2>',(#12376));
#12245=PRODUCT('SiPM <1>','SiPM <1>','SiPM <1>',(#12377));
#12246=PRODUCT('Block <3>','Block <3>','Block <3>',(#12378));
#12247=PRODUCT('SiPM <1>','SiPM <1>','SiPM <1>',(#12379));
#12248=PRODUCT('Block <4>','Block <4>','Block <4>',(#12380));
#12249=PRODUCT('SiPM <1>','SiPM <1>','SiPM <1>',(#12381));
#12250=PRODUCT('Block <1>','Block <1>','Block <1>',(#12382));
#12251=PRODUCT('SiPM <1>','SiPM <1>','SiPM <1>',(#12383));
#12252=PRODUCT('Unit <1>','Unit <1>','Unit <1>',(#12384));
#12253=PRODUCT('Block <4>','Block <4>','Block <4>',(#12385));
#12254=PRODUCT('SiPM <1>','SiPM <1>','SiPM <1>',(#12386));
#12255=PRODUCT('Block <2>','Block <2>','Block <2>',(#12387));
#12256=PRODUCT('SiPM <1>','SiPM <1>','SiPM <1>',(#12388));
#12257=PRODUCT('Block <1>','Block <1>','Block <1>',(#12389));
#12258=PRODUCT('SiPM <1>','SiPM <1>','SiPM <1>',(#12390));
#12259=PRODUCT('Block <3>','Block <3>','Block <3>',(#12391));
#12260=PRODUCT('SiPM <1>','SiPM <1>','SiPM <1>',(#12392));
#12261=PRODUCT_CATEGORY('','');
#12262=PRODUCT_CATEGORY('','');
#12263=PRODUCT_CATEGORY('','');
#12264=PRODUCT_CATEGORY('','');
#12265=PRODUCT_CATEGORY('','');
#12266=PRODUCT_CATEGORY('','');
#12267=PRODUCT_CATEGORY('','');
#12268=PRODUCT_CATEGORY('','');
#12269=PRODUCT_CATEGORY('','');
#12270=PRODUCT_CATEGORY('','');
#12271=PRODUCT_CATEGORY('','');
#12272=PRODUCT_CATEGORY('','');
#12273=PRODUCT_CATEGORY('','');
#12274=PRODUCT_CATEGORY('','');
#12275=PRODUCT_CATEGORY('','');
#12276=PRODUCT_CATEGORY('','');
#12277=PRODUCT_CATEGORY('','');
#12278=PRODUCT_CATEGORY('','');
#12279=PRODUCT_CATEGORY('','');
#12280=PRODUCT_CATEGORY('','');
#12281=PRODUCT_CATEGORY('','');
#12282=PRODUCT_CATEGORY('','');
#12283=PRODUCT_CATEGORY('','');
#12284=PRODUCT_CATEGORY('','');
#12285=PRODUCT_CATEGORY('','');
#12286=PRODUCT_CATEGORY('','');
#12287=PRODUCT_CATEGORY('','');
#12288=PRODUCT_CATEGORY('','');
#12289=PRODUCT_CATEGORY('','');
#12290=PRODUCT_CATEGORY('','');
#12291=PRODUCT_CATEGORY('','');
#12292=PRODUCT_CATEGORY('','');
#12293=PRODUCT_CATEGORY('','');
#12294=PRODUCT_CATEGORY('','');
#12295=PRODUCT_CATEGORY('','');
#12296=PRODUCT_CATEGORY('','');
#12297=PRODUCT_CATEGORY('','');
#12298=PRODUCT_CATEGORY('','');
#12299=PRODUCT_CATEGORY('','');
#12300=PRODUCT_CATEGORY('','');
#12301=PRODUCT_CATEGORY('','');
#12302=PRODUCT_CATEGORY('','');
#12303=PRODUCT_CATEGORY('','');
#12304=PRODUCT_CATEGORY('','');
#12305=PRODUCT_CATEGORY('','');
#12306=PRODUCT_CATEGORY('','');
#12307=PRODUCT_CATEGORY('','');
#12308=PRODUCT_CATEGORY('','');
#12309=PRODUCT_CATEGORY('','');
#12310=PRODUCT_CATEGORY('','');
#12311=PRODUCT_CATEGORY('','');
#12312=PRODUCT_CATEGORY('','');
#12313=PRODUCT_CATEGORY('','');
#12314=PRODUCT_CATEGORY('','');
#12315=PRODUCT_CATEGORY('','');
#12316=PRODUCT_CATEGORY('','');
#12317=PRODUCT_CATEGORY('','');
#12318=PRODUCT_CATEGORY('','');
#12319=PRODUCT_CATEGORY('','');
#12320=PRODUCT_CATEGORY('','');
#12321=PRODUCT_CATEGORY('','');
#12322=PRODUCT_CATEGORY('','');
#12323=PRODUCT_CATEGORY('','');
#12324=PRODUCT_CATEGORY('','');
#12325=PRODUCT_CATEGORY('','');
#12326=PRODUCT_CATEGORY('','');
#12327=PRODUCT_CONTEXT('',#12394,'mechanical');
#12328=PRODUCT_CONTEXT('',#12394,'mechanical');
#12329=PRODUCT_CONTEXT('',#12394,'mechanical');
#12330=PRODUCT_CONTEXT('',#12394,'mechanical');
#12331=PRODUCT_CONTEXT('',#12394,'mechanical');
#12332=PRODUCT_CONTEXT('',#12394,'mechanical');
#12333=PRODUCT_CONTEXT('',#12394,'mechanical');
#12334=PRODUCT_CONTEXT('',#12394,'mechanical');
#12335=PRODUCT_CONTEXT('',#12394,'mechanical');
#12336=PRODUCT_CONTEXT('',#12394,'mechanical');
#12337=PRODUCT_CONTEXT('',#12394,'mechanical');
#12338=PRODUCT_CONTEXT('',#12394,'mechanical');
#12339=PRODUCT_CONTEXT('',#12394,'mechanical');
#12340=PRODUCT_CONTEXT('',#12394,'mechanical');
#12341=PRODUCT_CONTEXT('',#12394,'mechanical');
#12342=PRODUCT_CONTEXT('',#12394,'mechanical');
#12343=PRODUCT_CONTEXT('',#12394,'mechanical');
#12344=PRODUCT_CONTEXT('',#12394,'mechanical');
#12345=PRODUCT_CONTEXT('',#12394,'mechanical');
#12346=PRODUCT_CONTEXT('',#12394,'mechanical');
#12347=PRODUCT_CONTEXT('',#12394,'mechanical');
#12348=PRODUCT_CONTEXT('',#12394,'mechanical');
#12349=PRODUCT_CONTEXT('',#12394,'mechanical');
#12350=PRODUCT_CONTEXT('',#12394,'mechanical');
#12351=PRODUCT_CONTEXT('',#12394,'mechanical');
#12352=PRODUCT_CONTEXT('',#12394,'mechanical');
#12353=PRODUCT_CONTEXT('',#12394,'mechanical');
#12354=PRODUCT_CONTEXT('',#12394,'mechanical');
#12355=PRODUCT_CONTEXT('',#12394,'mechanical');
#12356=PRODUCT_CONTEXT('',#12394,'mechanical');
#12357=PRODUCT_CONTEXT('',#12394,'mechanical');
#12358=PRODUCT_CONTEXT('',#12394,'mechanical');
#12359=PRODUCT_CONTEXT('',#12394,'mechanical');
#12360=PRODUCT_CONTEXT('',#12394,'mechanical');
#12361=PRODUCT_CONTEXT('',#12394,'mechanical');
#12362=PRODUCT_CONTEXT('',#12394,'mechanical');
#12363=PRODUCT_CONTEXT('',#12394,'mechanical');
#12364=PRODUCT_CONTEXT('',#12394,'mechanical');
#12365=PRODUCT_CONTEXT('',#12394,'mechanical');
#12366=PRODUCT_CONTEXT('',#12394,'mechanical');
#12367=PRODUCT_CONTEXT('',#12394,'mechanical');
#12368=PRODUCT_CONTEXT('',#12394,'mechanical');
#12369=PRODUCT_CONTEXT('',#12394,'mechanical');
#12370=PRODUCT_CONTEXT('',#12394,'mechanical');
#12371=PRODUCT_CONTEXT('',#12394,'mechanical');
#12372=PRODUCT_CONTEXT('',#12394,'mechanical');
#12373=PRODUCT_CONTEXT('',#12394,'mechanical');
#12374=PRODUCT_CONTEXT('',#12394,'mechanical');
#12375=PRODUCT_CONTEXT('',#12394,'mechanical');
#12376=PRODUCT_CONTEXT('',#12394,'mechanical');
#12377=PRODUCT_CONTEXT('',#12394,'mechanical');
#12378=PRODUCT_CONTEXT('',#12394,'mechanical');
#12379=PRODUCT_CONTEXT('',#12394,'mechanical');
#12380=PRODUCT_CONTEXT('',#12394,'mechanical');
#12381=PRODUCT_CONTEXT('',#12394,'mechanical');
#12382=PRODUCT_CONTEXT('',#12394,'mechanical');
#12383=PRODUCT_CONTEXT('',#12394,'mechanical');
#12384=PRODUCT_CONTEXT('',#12394,'mechanical');
#12385=PRODUCT_CONTEXT('',#12394,'mechanical');
#12386=PRODUCT_CONTEXT('',#12394,'mechanical');
#12387=PRODUCT_CONTEXT('',#12394,'mechanical');
#12388=PRODUCT_CONTEXT('',#12394,'mechanical');
#12389=PRODUCT_CONTEXT('',#12394,'mechanical');
#12390=PRODUCT_CONTEXT('',#12394,'mechanical');
#12391=PRODUCT_CONTEXT('',#12394,'mechanical');
#12392=PRODUCT_CONTEXT('',#12394,'mechanical');
#12393=APPLICATION_PROTOCOL_DEFINITION('international standard',
'ap242_managed_model_based_3d_engineering',2011,#12394);
#12394=APPLICATION_CONTEXT('managed model based 3d engineering');
ENDSEC;
END-ISO-10303-21;
